countyfp,src_vtd,dst_countyfp,dst_vtd,weight,method
001,000010,001,000010,1.000000000000,census_block_relationship_count
001,000020,001,000020,1.000000000000,census_block_relationship_count
001,000030,001,000030,1.000000000000,census_block_relationship_count
001,000040,001,000010,0.003582063786,census_block_relationship_count
001,000040,001,000040,0.996417936214,census_block_relationship_count
001,000050,001,000050,1.000000000000,census_block_relationship_count
001,000060,001,000060,1.000000000000,census_block_relationship_count
001,000070,001,000070,1.000000000000,census_block_relationship_count
001,000080,001,000082,1.000000000000,census_block_relationship_count
001,000090,001,000090,1.000000000000,census_block_relationship_count
001,000100,001,000090,0.201834862385,census_block_relationship_count
001,000100,001,000100,0.798165137615,census_block_relationship_count
001,000110,001,000110,1.000000000000,census_block_relationship_count
001,000120,001,000120,1.000000000000,census_block_relationship_count
001,000130,001,000130,0.853658536586,census_block_relationship_count
001,000130,001,000140,0.146341463414,census_block_relationship_count
001,000140,001,000140,1.000000000000,census_block_relationship_count
001,000150,001,000150,1.000000000000,census_block_relationship_count
001,000160,001,000160,1.000000000000,census_block_relationship_count
001,000170,001,000170,1.000000000000,census_block_relationship_count
001,000180,001,000180,1.000000000000,census_block_relationship_count
001,000190,001,000190,1.000000000000,census_block_relationship_count
001,000200,001,000200,1.000000000000,census_block_relationship_count
001,000220,001,000210,1.000000000000,census_block_relationship_count
001,000230,001,000230,1.000000000000,census_block_relationship_count
001,000240,001,000240,1.000000000000,census_block_relationship_count
001,000260,001,000150,0.002914986507,census_block_relationship_count
001,000260,001,000260,0.997085013493,census_block_relationship_count
001,000270,001,000160,0.006557778298,census_block_relationship_count
001,000270,001,000270,0.993442221702,census_block_relationship_count
001,000280,001,000280,1.000000000000,census_block_relationship_count
001,000290,001,000290,0.974412534409,census_block_relationship_count
001,000290,001,000310,0.019298157415,census_block_relationship_count
001,000290,001,000460,0.006289308176,census_block_relationship_count
001,000310,001,000310,1.000000000000,census_block_relationship_count
001,000320,001,000320,1.000000000000,census_block_relationship_count
001,000330,001,000330,1.000000000000,census_block_relationship_count
001,000340,001,000340,1.000000000000,census_block_relationship_count
001,000350,001,000350,1.000000000000,census_block_relationship_count
001,000360,001,000360,1.000000000000,census_block_relationship_count
001,000370,001,000370,1.000000000000,census_block_relationship_count
001,000380,001,000380,1.000000000000,census_block_relationship_count
001,000385,001,000385,1.000000000000,census_block_relationship_count
001,000390,001,000380,0.015374538068,census_block_relationship_count
001,000390,001,000390,0.984625461932,census_block_relationship_count
001,000400,001,000400,0.958977300170,census_block_relationship_count
001,000400,001,000425,0.041022699830,census_block_relationship_count
001,000410,001,000410,1.000000000000,census_block_relationship_count
001,000425,001,000425,1.000000000000,census_block_relationship_count
001,000427,001,000427,1.000000000000,census_block_relationship_count
001,000430,001,000310,0.009373368903,census_block_relationship_count
001,000430,001,000432,0.534090909091,census_block_relationship_count
001,000430,001,000436,0.456535722006,census_block_relationship_count
001,000435,001,000432,0.367346938775,census_block_relationship_count
001,000435,001,000434,0.632653061225,census_block_relationship_count
001,000440,001,000380,0.001954724727,census_block_relationship_count
001,000440,001,000390,0.000000001003,census_block_relationship_count
001,000440,001,000440,0.998045274269,census_block_relationship_count
001,000450,001,000450,1.000000000000,census_block_relationship_count
001,000460,001,000460,1.000000000000,census_block_relationship_count
001,000480,001,000480,1.000000000000,census_block_relationship_count
001,000490,001,000310,0.044844419550,census_block_relationship_count
001,000490,001,000490,0.955155580450,census_block_relationship_count
001,000690,001,000010,0.500000000000,census_block_relationship_count
001,000690,001,000040,0.500000000000,census_block_relationship_count
001,00080A,001,000078,0.986111111111,census_block_relationship_count
001,00080A,001,000082,0.013888888889,census_block_relationship_count
003,000010,003,000010,1.000000000000,census_block_relationship_count
003,000021,003,000021,1.000000000000,census_block_relationship_count
003,000031,003,000031,1.000000000000,census_block_relationship_count
003,000050,003,000050,1.000000000000,census_block_relationship_count
003,000061,003,000061,1.000000000000,census_block_relationship_count
003,000081,003,000081,1.000000000000,census_block_relationship_count
003,000091,003,000091,1.000000000000,census_block_relationship_count
003,000101,003,000101,1.000000000000,census_block_relationship_count
003,000111,003,000111,1.000000000000,census_block_relationship_count
003,000121,003,000121,1.000000000000,census_block_relationship_count
003,000130,003,000130,1.000000000000,census_block_relationship_count
003,000140,003,000140,0.990886913011,census_block_relationship_count
003,000140,003,004640,0.009113086989,census_block_relationship_count
003,000151,003,000151,1.000000000000,census_block_relationship_count
003,000161,003,000161,1.000000000000,census_block_relationship_count
003,000171,003,000171,1.000000000000,census_block_relationship_count
003,000181,003,000181,1.000000000000,census_block_relationship_count
003,000191,003,000191,1.000000000000,census_block_relationship_count
003,000201,003,000201,1.000000000000,census_block_relationship_count
003,000211,003,000211,1.000000000000,census_block_relationship_count
003,000221,003,000221,1.000000000000,census_block_relationship_count
003,000225,003,000225,0.998631255808,census_block_relationship_count
003,000225,003,000235,0.001368744192,census_block_relationship_count
003,000231,003,000231,0.999999321833,census_block_relationship_count
003,000231,003,00G580,0.000000678167,census_block_relationship_count
003,000235,003,000235,1.000000000000,census_block_relationship_count
003,000261,003,000171,0.002419394147,census_block_relationship_count
003,000261,003,000261,0.997580605853,census_block_relationship_count
003,000271,003,000271,1.000000000000,census_block_relationship_count
003,000281,003,000281,1.000000000000,census_block_relationship_count
003,000291,003,000291,1.000000000000,census_block_relationship_count
003,000295,003,000295,1.000000000000,census_block_relationship_count
003,000301,003,000301,1.000000000000,census_block_relationship_count
003,000305,003,000305,1.000000000000,census_block_relationship_count
003,000310,003,000310,0.999998986697,census_block_relationship_count
003,000310,003,002350,0.000001013303,census_block_relationship_count
003,000321,003,000321,1.000000000000,census_block_relationship_count
003,000331,003,000331,1.000000000000,census_block_relationship_count
003,000351,003,000351,1.000000000000,census_block_relationship_count
003,000361,003,000361,1.000000000000,census_block_relationship_count
003,000371,003,000371,1.000000000000,census_block_relationship_count
003,000381,003,000381,1.000000000000,census_block_relationship_count
003,000400,003,000400,1.000000000000,census_block_relationship_count
003,000411,003,000411,1.000000000000,census_block_relationship_count
003,000430,003,000430,1.000000000000,census_block_relationship_count
003,000441,003,000441,0.846153846154,census_block_relationship_count
003,000441,003,000522,0.115384615385,census_block_relationship_count
003,000441,003,000551,0.038461538462,census_block_relationship_count
003,000446,003,000446,0.945377515927,census_block_relationship_count
003,000446,003,000562,0.054622484073,census_block_relationship_count
003,000452,003,000452,1.000000000000,census_block_relationship_count
003,000461,003,000461,1.000000000000,census_block_relationship_count
003,000466,003,000466,0.705882352941,census_block_relationship_count
003,000466,003,000551,0.294117647059,census_block_relationship_count
003,000472,003,000472,1.000000000000,census_block_relationship_count
003,000481,003,000481,1.000000000000,census_block_relationship_count
003,000486,003,000486,1.000000000000,census_block_relationship_count
003,000493,003,000493,1.000000000000,census_block_relationship_count
003,000501,003,000501,1.000000000000,census_block_relationship_count
003,000511,003,000511,0.909090909091,census_block_relationship_count
003,000511,003,000603,0.090909090909,census_block_relationship_count
003,000522,003,000522,0.812500000000,census_block_relationship_count
003,000522,003,000603,0.187500000000,census_block_relationship_count
003,000530,003,000530,1.000000000000,census_block_relationship_count
003,000540,003,000540,1.000000000000,census_block_relationship_count
003,000542,003,000542,1.000000000000,census_block_relationship_count
003,000551,003,000551,1.000000000000,census_block_relationship_count
003,000562,003,000562,1.000000000000,census_block_relationship_count
003,000565,003,000493,0.005050505050,census_block_relationship_count
003,000565,003,000565,0.994949494950,census_block_relationship_count
003,000571,003,000571,1.000000000000,census_block_relationship_count
003,000576,003,000576,1.000000000000,census_block_relationship_count
003,000582,003,000582,1.000000000000,census_block_relationship_count
003,000591,003,000542,0.066666666667,census_block_relationship_count
003,000591,003,000591,0.933333333333,census_block_relationship_count
003,000596,003,000596,1.000000000000,census_block_relationship_count
003,000602,003,000602,1.000000000000,census_block_relationship_count
003,000603,003,000603,1.000000000000,census_block_relationship_count
003,000623,003,000486,0.347571412540,census_block_relationship_count
003,000623,003,000623,0.652428587460,census_block_relationship_count
003,000624,003,000486,0.222222222222,census_block_relationship_count
003,000624,003,000624,0.777777777778,census_block_relationship_count
003,000625,003,000472,0.077211628462,census_block_relationship_count
003,000625,003,000625,0.922788371538,census_block_relationship_count
003,000631,003,000631,1.000000000000,census_block_relationship_count
003,000650,003,000650,1.000000000000,census_block_relationship_count
003,000660,003,000660,1.000000000000,census_block_relationship_count
003,000670,003,000670,1.000000000000,census_block_relationship_count
003,000711,003,000711,1.000000000000,census_block_relationship_count
003,000720,003,000720,1.000000000000,census_block_relationship_count
003,000721,003,000721,1.000000000000,census_block_relationship_count
003,000750,003,000750,1.000000000000,census_block_relationship_count
003,000760,003,000760,1.000000000000,census_block_relationship_count
003,000770,003,000770,0.999885330203,census_block_relationship_count
003,000770,003,003238,0.000114669797,census_block_relationship_count
003,000781,003,000781,1.000000000000,census_block_relationship_count
003,000791,003,000791,1.000000000000,census_block_relationship_count
003,000801,003,000801,1.000000000000,census_block_relationship_count
003,000811,003,000811,1.000000000000,census_block_relationship_count
003,000821,003,000821,1.000000000000,census_block_relationship_count
003,000831,003,000831,1.000000000000,census_block_relationship_count
003,000841,003,000841,1.000000000000,census_block_relationship_count
003,000851,003,000851,1.000000000000,census_block_relationship_count
003,000861,003,000861,1.000000000000,census_block_relationship_count
003,000865,003,000865,1.000000000000,census_block_relationship_count
003,000871,003,000871,1.000000000000,census_block_relationship_count
003,000881,003,000881,1.000000000000,census_block_relationship_count
003,000891,003,000891,0.937500000000,census_block_relationship_count
003,000891,003,000901,0.062500000000,census_block_relationship_count
003,000901,003,000901,1.000000000000,census_block_relationship_count
003,000920,003,000920,1.000000000000,census_block_relationship_count
003,000930,003,000930,1.000000000000,census_block_relationship_count
003,000940,003,000940,1.000000000000,census_block_relationship_count
003,000950,003,000950,1.000000000000,census_block_relationship_count
003,000961,003,000961,1.000000000000,census_block_relationship_count
003,000980,003,000980,1.000000000000,census_block_relationship_count
003,000990,003,000990,1.000000000000,census_block_relationship_count
003,001000,003,001000,1.000000000000,census_block_relationship_count
003,001011,003,001011,1.000000000000,census_block_relationship_count
003,001021,003,001021,1.000000000000,census_block_relationship_count
003,001031,003,001031,0.999125809656,census_block_relationship_count
003,001031,003,001073,0.000874190344,census_block_relationship_count
003,001040,003,002180,1.000000000000,census_block_relationship_count
003,001041,003,001041,1.000000000000,census_block_relationship_count
003,001051,003,001011,0.041666666667,census_block_relationship_count
003,001051,003,001051,0.958333333333,census_block_relationship_count
003,001061,003,001061,1.000000000000,census_block_relationship_count
003,001068,003,001021,0.066666666667,census_block_relationship_count
003,001068,003,001068,0.933333333333,census_block_relationship_count
003,001073,003,001073,1.000000000000,census_block_relationship_count
003,001080,003,001080,0.988147550943,census_block_relationship_count
003,001080,003,004971,0.011852449057,census_block_relationship_count
003,001091,003,001091,1.000000000000,census_block_relationship_count
003,001101,003,001101,1.000000000000,census_block_relationship_count
003,001110,003,001110,0.978260869565,census_block_relationship_count
003,001110,003,001120,0.021739130435,census_block_relationship_count
003,001120,003,001120,1.000000000000,census_block_relationship_count
003,001130,003,001130,1.000000000000,census_block_relationship_count
003,001140,003,001110,0.047619047619,census_block_relationship_count
003,001140,003,001140,0.951656926300,census_block_relationship_count
003,001140,003,00G871,0.000724026081,census_block_relationship_count
003,001150,003,001150,0.955343174255,census_block_relationship_count
003,001150,003,003031,0.044656825745,census_block_relationship_count
003,001160,003,001160,1.000000000000,census_block_relationship_count
003,001170,003,001170,1.000000000000,census_block_relationship_count
003,001180,003,001180,1.000000000000,census_block_relationship_count
003,001187,003,005795,1.000000000000,census_block_relationship_count
003,001188,003,005812,1.000000000000,census_block_relationship_count
003,001189,003,005805,1.000000000000,census_block_relationship_count
003,001190,003,001190,1.000000000000,census_block_relationship_count
003,001191,003,005815,1.000000000000,census_block_relationship_count
003,001200,003,001200,1.000000000000,census_block_relationship_count
003,001210,003,001210,1.000000000000,census_block_relationship_count
003,001220,003,001220,0.999677666560,census_block_relationship_count
003,001220,003,003010,0.000322333440,census_block_relationship_count
003,001230,003,001230,1.000000000000,census_block_relationship_count
003,001240,003,001240,0.880060728746,census_block_relationship_count
003,001240,003,001250,0.119939271254,census_block_relationship_count
003,001250,003,001250,1.000000000000,census_block_relationship_count
003,001260,003,001260,1.000000000000,census_block_relationship_count
003,001281,003,001282,0.190137480535,census_block_relationship_count
003,001281,003,001322,0.133928571429,census_block_relationship_count
003,001281,003,001324,0.182309297597,census_block_relationship_count
003,001281,003,001326,0.473214285714,census_block_relationship_count
003,001281,003,00F398,0.000047896854,census_block_relationship_count
003,001281,003,00F399,0.006243194039,census_block_relationship_count
003,001281,003,00F437,0.014119273831,census_block_relationship_count
003,001290,003,001282,0.174648576544,census_block_relationship_count
003,001290,003,001292,0.642327683694,census_block_relationship_count
003,001290,003,001302,0.095238095238,census_block_relationship_count
003,001290,003,001324,0.031746031746,census_block_relationship_count
003,001290,003,001326,0.031746031746,census_block_relationship_count
003,001290,003,00E376,0.024293581032,census_block_relationship_count
003,001300,003,000930,0.000247492138,census_block_relationship_count
003,001300,003,001302,0.676470588233,census_block_relationship_count
003,001300,003,001326,0.323281919628,census_block_relationship_count
003,001320,003,001322,0.978723404255,census_block_relationship_count
003,001320,003,001324,0.021276595745,census_block_relationship_count
003,001331,003,001331,0.966666666667,census_block_relationship_count
003,001331,003,004245,0.033333333333,census_block_relationship_count
003,001341,003,001341,1.000000000000,census_block_relationship_count
003,001351,003,001351,1.000000000000,census_block_relationship_count
003,001371,003,001371,1.000000000000,census_block_relationship_count
003,001381,003,001381,1.000000000000,census_block_relationship_count
003,001390,003,001390,1.000000000000,census_block_relationship_count
003,001400,003,001400,1.000000000000,census_block_relationship_count
003,001411,003,001411,0.972972972973,census_block_relationship_count
003,001411,003,001420,0.027027027027,census_block_relationship_count
003,001420,003,001420,1.000000000000,census_block_relationship_count
003,001440,003,001440,1.000000000000,census_block_relationship_count
003,001451,003,001440,0.011053926812,census_block_relationship_count
003,001451,003,001451,0.918235086381,census_block_relationship_count
003,001451,003,001471,0.062500000000,census_block_relationship_count
003,001451,003,002981,0.008210986806,census_block_relationship_count
003,001471,003,001411,0.026636425688,census_block_relationship_count
003,001471,003,001451,0.000166968084,census_block_relationship_count
003,001471,003,001471,0.973143314330,census_block_relationship_count
003,001471,003,00E342,0.000053291898,census_block_relationship_count
003,001490,003,001490,1.000000000000,census_block_relationship_count
003,001500,003,001500,0.986637625121,census_block_relationship_count
003,001500,003,003161,0.009730542643,census_block_relationship_count
003,001500,003,004311,0.003631832236,census_block_relationship_count
003,001510,003,001500,0.000582253300,census_block_relationship_count
003,001510,003,001510,0.985796542230,census_block_relationship_count
003,001510,003,003161,0.013621204470,census_block_relationship_count
003,001520,003,001520,1.000000000000,census_block_relationship_count
003,001541,003,001541,1.000000000000,census_block_relationship_count
003,001550,003,001550,1.000000000000,census_block_relationship_count
003,001561,003,001561,1.000000000000,census_block_relationship_count
003,001570,003,001570,1.000000000000,census_block_relationship_count
003,001580,003,001580,1.000000000000,census_block_relationship_count
003,001590,003,001590,1.000000000000,census_block_relationship_count
003,001600,003,001600,1.000000000000,census_block_relationship_count
003,001610,003,001610,1.000000000000,census_block_relationship_count
003,001630,003,001630,1.000000000000,census_block_relationship_count
003,001641,003,001641,1.000000000000,census_block_relationship_count
003,001660,003,001660,1.000000000000,census_block_relationship_count
003,001670,003,001670,1.000000000000,census_block_relationship_count
003,001680,003,001680,1.000000000000,census_block_relationship_count
003,001690,003,001690,1.000000000000,census_block_relationship_count
003,001700,003,001700,0.913043478261,census_block_relationship_count
003,001700,003,001730,0.086956521739,census_block_relationship_count
003,001710,003,001710,1.000000000000,census_block_relationship_count
003,001730,003,001730,0.996743531200,census_block_relationship_count
003,001730,003,001770,0.003256468800,census_block_relationship_count
003,001740,003,001740,1.000000000000,census_block_relationship_count
003,001750,003,001710,0.037037037037,census_block_relationship_count
003,001750,003,001750,0.962962962963,census_block_relationship_count
003,001760,003,003051,1.000000000000,census_block_relationship_count
003,001770,003,001730,0.021592446457,census_block_relationship_count
003,001770,003,001770,0.978407553543,census_block_relationship_count
003,001780,003,001780,1.000000000000,census_block_relationship_count
003,001790,003,001790,0.952428542631,census_block_relationship_count
003,001790,003,00F528,0.028571428571,census_block_relationship_count
003,001790,003,00G460,0.019000028797,census_block_relationship_count
003,001811,003,001811,1.000000000000,census_block_relationship_count
003,001831,003,001831,1.000000000000,census_block_relationship_count
003,001850,003,001850,0.961538461538,census_block_relationship_count
003,001850,003,001860,0.038461538462,census_block_relationship_count
003,001860,003,001860,1.000000000000,census_block_relationship_count
003,001870,003,001870,1.000000000000,census_block_relationship_count
003,001880,003,001880,1.000000000000,census_block_relationship_count
003,001890,003,001890,1.000000000000,census_block_relationship_count
003,001901,003,001901,0.999696366478,census_block_relationship_count
003,001901,003,004971,0.000303633522,census_block_relationship_count
003,001921,003,001921,1.000000000000,census_block_relationship_count
003,001931,003,001931,1.000000000000,census_block_relationship_count
003,001941,003,001941,1.000000000000,census_block_relationship_count
003,001960,003,001960,1.000000000000,census_block_relationship_count
003,001970,003,001970,0.993448900058,census_block_relationship_count
003,001970,003,004311,0.006551099942,census_block_relationship_count
003,001980,003,001980,1.000000000000,census_block_relationship_count
003,001981,003,002043,1.000000000000,census_block_relationship_count
003,001990,003,002025,1.000000000000,census_block_relationship_count
003,002001,003,001998,1.000000000000,census_block_relationship_count
003,002010,003,002010,1.000000000000,census_block_relationship_count
003,002011,003,002011,1.000000000000,census_block_relationship_count
003,002020,003,002022,1.000000000000,census_block_relationship_count
003,002030,003,001990,0.926960784315,census_block_relationship_count
003,002030,003,002022,0.014215686274,census_block_relationship_count
003,002030,003,002025,0.029411764706,census_block_relationship_count
003,002030,003,00F530,0.029411764706,census_block_relationship_count
003,002040,003,001981,1.000000000000,census_block_relationship_count
003,002050,003,002032,1.000000000000,census_block_relationship_count
003,002051,003,002035,1.000000000000,census_block_relationship_count
003,002060,003,002043,1.000000000000,census_block_relationship_count
003,002071,003,002071,1.000000000000,census_block_relationship_count
003,002090,003,002090,1.000000000000,census_block_relationship_count
003,002091,003,003232,1.000000000000,census_block_relationship_count
003,002100,003,002100,1.000000000000,census_block_relationship_count
003,002111,003,002111,1.000000000000,census_block_relationship_count
003,002131,003,002131,1.000000000000,census_block_relationship_count
003,002150,003,002150,1.000000000000,census_block_relationship_count
003,002160,003,002160,1.000000000000,census_block_relationship_count
003,002170,003,002170,1.000000000000,census_block_relationship_count
003,002180,003,002180,1.000000000000,census_block_relationship_count
003,002190,003,002190,0.996369934885,census_block_relationship_count
003,002190,003,005081,0.003630065115,census_block_relationship_count
003,002200,003,002200,0.970405567979,census_block_relationship_count
003,002200,003,004271,0.029594432021,census_block_relationship_count
003,002211,003,002211,1.000000000000,census_block_relationship_count
003,002221,003,002221,1.000000000000,census_block_relationship_count
003,002231,003,002231,1.000000000000,census_block_relationship_count
003,002240,003,002240,1.000000000000,census_block_relationship_count
003,002251,003,002251,1.000000000000,census_block_relationship_count
003,002261,003,002261,1.000000000000,census_block_relationship_count
003,002268,003,002268,1.000000000000,census_block_relationship_count
003,002274,003,002274,1.000000000000,census_block_relationship_count
003,002280,003,002280,1.000000000000,census_block_relationship_count
003,002291,003,002291,1.000000000000,census_block_relationship_count
003,002300,003,002300,1.000000000000,census_block_relationship_count
003,002305,003,002291,0.031250000000,census_block_relationship_count
003,002305,003,002305,0.968750000000,census_block_relationship_count
003,002310,003,002310,1.000000000000,census_block_relationship_count
003,002321,003,002321,1.000000000000,census_block_relationship_count
003,002331,003,002331,1.000000000000,census_block_relationship_count
003,002338,003,002338,1.000000000000,census_block_relationship_count
003,002344,003,002344,1.000000000000,census_block_relationship_count
003,002350,003,002350,0.775861748337,census_block_relationship_count
003,002350,003,002351,0.155172635767,census_block_relationship_count
003,002350,003,002360,0.068965615896,census_block_relationship_count
003,002351,003,002350,0.086956521739,census_block_relationship_count
003,002351,003,002351,0.565217391304,census_block_relationship_count
003,002351,003,002352,0.347826086957,census_block_relationship_count
003,002352,003,002352,0.352941176471,census_block_relationship_count
003,002352,003,002370,0.647058823529,census_block_relationship_count
003,002360,003,002350,0.062500000000,census_block_relationship_count
003,002360,003,002360,0.437500000000,census_block_relationship_count
003,002360,003,002362,0.281250000000,census_block_relationship_count
003,002360,003,002369,0.187500000000,census_block_relationship_count
003,002360,003,002372,0.031250000000,census_block_relationship_count
003,002361,003,002369,0.933333333333,census_block_relationship_count
003,002361,003,002372,0.066666666667,census_block_relationship_count
003,002370,003,002370,0.625000000000,census_block_relationship_count
003,002370,003,002371,0.375000000000,census_block_relationship_count
003,002371,003,002371,0.307692307692,census_block_relationship_count
003,002371,003,002372,0.692307692308,census_block_relationship_count
003,002372,003,002372,1.000000000000,census_block_relationship_count
003,002381,003,001831,0.000134005050,census_block_relationship_count
003,002381,003,002381,0.999865994950,census_block_relationship_count
003,002400,003,002400,1.000000000000,census_block_relationship_count
003,002411,003,002411,1.000000000000,census_block_relationship_count
003,002421,003,002421,1.000000000000,census_block_relationship_count
003,002430,003,002430,1.000000000000,census_block_relationship_count
003,002440,003,002440,1.000000000000,census_block_relationship_count
003,002470,003,002470,1.000000000000,census_block_relationship_count
003,002480,003,002480,1.000000000000,census_block_relationship_count
003,002491,003,002491,1.000000000000,census_block_relationship_count
003,002501,003,002501,1.000000000000,census_block_relationship_count
003,002510,003,002510,1.000000000000,census_block_relationship_count
003,002521,003,002521,1.000000000000,census_block_relationship_count
003,002541,003,002541,1.000000000000,census_block_relationship_count
003,002550,003,002550,0.950000000000,census_block_relationship_count
003,002550,003,002630,0.050000000000,census_block_relationship_count
003,002560,003,002560,1.000000000000,census_block_relationship_count
003,002571,003,002571,1.000000000000,census_block_relationship_count
003,002576,003,002576,1.000000000000,census_block_relationship_count
003,002581,003,002581,1.000000000000,census_block_relationship_count
003,002586,003,002586,1.000000000000,census_block_relationship_count
003,002591,003,002591,1.000000000000,census_block_relationship_count
003,002620,003,002620,1.000000000000,census_block_relationship_count
003,002625,003,002625,1.000000000000,census_block_relationship_count
003,002630,003,002620,0.027777777778,census_block_relationship_count
003,002630,003,002630,0.972222222222,census_block_relationship_count
003,002631,003,002631,1.000000000000,census_block_relationship_count
003,002640,003,002640,1.000000000000,census_block_relationship_count
003,002641,003,002641,1.000000000000,census_block_relationship_count
003,002650,003,002650,1.000000000000,census_block_relationship_count
003,002660,003,002660,1.000000000000,census_block_relationship_count
003,002670,003,002660,0.004494843594,census_block_relationship_count
003,002670,003,002670,0.995505156406,census_block_relationship_count
003,002680,003,002680,1.000000000000,census_block_relationship_count
003,002690,003,002690,1.000000000000,census_block_relationship_count
003,002700,003,002700,1.000000000000,census_block_relationship_count
003,002710,003,000650,0.000019370989,census_block_relationship_count
003,002710,003,002710,0.999980629011,census_block_relationship_count
003,002730,003,002730,0.979170460601,census_block_relationship_count
003,002730,003,00F970,0.020829539399,census_block_relationship_count
003,002740,003,002740,1.000000000000,census_block_relationship_count
003,002750,003,002750,1.000000000000,census_block_relationship_count
003,002760,003,002760,1.000000000000,census_block_relationship_count
003,002770,003,002770,1.000000000000,census_block_relationship_count
003,002780,003,002780,1.000000000000,census_block_relationship_count
003,002790,003,002790,1.000000000000,census_block_relationship_count
003,002801,003,002801,1.000000000000,census_block_relationship_count
003,002821,003,002821,1.000000000000,census_block_relationship_count
003,002830,003,002830,1.000000000000,census_block_relationship_count
003,002851,003,002851,1.000000000000,census_block_relationship_count
003,002870,003,002870,1.000000000000,census_block_relationship_count
003,002881,003,002881,1.000000000000,census_block_relationship_count
003,002900,003,002900,1.000000000000,census_block_relationship_count
003,002910,003,002591,0.024390243902,census_block_relationship_count
003,002910,003,002910,0.974471869746,census_block_relationship_count
003,002910,003,00G320,0.001137886351,census_block_relationship_count
003,002920,003,002920,1.000000000000,census_block_relationship_count
003,002930,003,002930,0.972451437914,census_block_relationship_count
003,002930,003,00G291,0.027533854419,census_block_relationship_count
003,002930,003,00G320,0.000014707668,census_block_relationship_count
003,002940,003,002940,1.000000000000,census_block_relationship_count
003,002950,003,002920,0.038461538462,census_block_relationship_count
003,002950,003,002950,0.961538461538,census_block_relationship_count
003,002961,003,002961,1.000000000000,census_block_relationship_count
003,002971,003,002971,1.000000000000,census_block_relationship_count
003,002981,003,002971,0.043478260870,census_block_relationship_count
003,002981,003,002981,0.956521739130,census_block_relationship_count
003,003000,003,003000,0.999938161414,census_block_relationship_count
003,003000,003,003080,0.000061838586,census_block_relationship_count
003,003010,003,003010,1.000000000000,census_block_relationship_count
003,003021,003,003021,1.000000000000,census_block_relationship_count
003,003031,003,001150,0.001171189833,census_block_relationship_count
003,003031,003,001160,0.002541403444,census_block_relationship_count
003,003031,003,003031,0.996287406722,census_block_relationship_count
003,003051,003,002305,0.000378566969,census_block_relationship_count
003,003051,003,003051,0.984696059897,census_block_relationship_count
003,003051,003,00G330,0.014925373134,census_block_relationship_count
003,003060,003,003060,1.000000000000,census_block_relationship_count
003,003070,003,003070,1.000000000000,census_block_relationship_count
003,003080,003,003000,0.000003683557,census_block_relationship_count
003,003080,003,003080,0.999996316443,census_block_relationship_count
003,003091,003,003091,1.000000000000,census_block_relationship_count
003,003095,003,003095,1.000000000000,census_block_relationship_count
003,003101,003,003101,1.000000000000,census_block_relationship_count
003,003120,003,003120,1.000000000000,census_block_relationship_count
003,003125,003,003101,0.038461538462,census_block_relationship_count
003,003125,003,003125,0.961538461538,census_block_relationship_count
003,003131,003,003131,0.998499748215,census_block_relationship_count
003,003131,003,00E356,0.001500251785,census_block_relationship_count
003,003135,003,003135,1.000000000000,census_block_relationship_count
003,003140,003,003140,1.000000000000,census_block_relationship_count
003,003150,003,003150,1.000000000000,census_block_relationship_count
003,003151,003,003151,1.000000000000,census_block_relationship_count
003,003155,003,003310,1.000000000000,census_block_relationship_count
003,003161,003,003161,1.000000000000,census_block_relationship_count
003,003181,003,003181,1.000000000000,census_block_relationship_count
003,003191,003,003191,1.000000000000,census_block_relationship_count
003,003210,003,003210,1.000000000000,census_block_relationship_count
003,003221,003,003237,1.000000000000,census_block_relationship_count
003,003225,003,000770,0.002339849600,census_block_relationship_count
003,003225,003,003221,0.018518518519,census_block_relationship_count
003,003225,003,003236,0.296296296296,census_block_relationship_count
003,003225,003,003238,0.682845335586,census_block_relationship_count
003,003231,003,003225,1.000000000000,census_block_relationship_count
003,003240,003,003240,1.000000000000,census_block_relationship_count
003,003250,003,003250,1.000000000000,census_block_relationship_count
003,003260,003,003260,1.000000000000,census_block_relationship_count
003,003270,003,003270,1.000000000000,census_block_relationship_count
003,003280,003,003280,1.000000000000,census_block_relationship_count
003,003290,003,003290,1.000000000000,census_block_relationship_count
003,003300,003,003300,1.000000000000,census_block_relationship_count
003,003310,003,003390,1.000000000000,census_block_relationship_count
003,003320,003,003280,0.055555555556,census_block_relationship_count
003,003320,003,003320,0.944444444444,census_block_relationship_count
003,003330,003,003330,1.000000000000,census_block_relationship_count
003,003340,003,003340,1.000000000000,census_block_relationship_count
003,003350,003,003350,1.000000000000,census_block_relationship_count
003,003360,003,003360,1.000000000000,census_block_relationship_count
003,003370,003,003370,1.000000000000,census_block_relationship_count
003,003380,003,003380,1.000000000000,census_block_relationship_count
003,003390,003,003370,1.000000000000,census_block_relationship_count
003,003400,003,003400,1.000000000000,census_block_relationship_count
003,003410,003,003410,1.000000000000,census_block_relationship_count
003,003420,003,003420,1.000000000000,census_block_relationship_count
003,003430,003,003430,1.000000000000,census_block_relationship_count
003,003440,003,003440,1.000000000000,census_block_relationship_count
003,003450,003,003450,1.000000000000,census_block_relationship_count
003,003460,003,003460,1.000000000000,census_block_relationship_count
003,003471,003,003471,1.000000000000,census_block_relationship_count
003,003491,003,003491,1.000000000000,census_block_relationship_count
003,003511,003,003511,1.000000000000,census_block_relationship_count
003,003530,003,003530,1.000000000000,census_block_relationship_count
003,003540,003,003540,1.000000000000,census_block_relationship_count
003,003551,003,003551,1.000000000000,census_block_relationship_count
003,003570,003,003570,1.000000000000,census_block_relationship_count
003,003580,003,003580,1.000000000000,census_block_relationship_count
003,003590,003,003590,1.000000000000,census_block_relationship_count
003,003600,003,003600,1.000000000000,census_block_relationship_count
003,003620,003,003620,1.000000000000,census_block_relationship_count
003,003630,003,003630,1.000000000000,census_block_relationship_count
003,003640,003,003640,1.000000000000,census_block_relationship_count
003,003650,003,003650,1.000000000000,census_block_relationship_count
003,003670,003,003670,1.000000000000,census_block_relationship_count
003,003680,003,003680,1.000000000000,census_block_relationship_count
003,003690,003,003690,1.000000000000,census_block_relationship_count
003,003700,003,003730,1.000000000000,census_block_relationship_count
003,003710,003,003700,1.000000000000,census_block_relationship_count
003,003720,003,003710,1.000000000000,census_block_relationship_count
003,003730,003,003720,1.000000000000,census_block_relationship_count
003,003770,003,003650,0.018804310818,census_block_relationship_count
003,003770,003,003770,0.981195689182,census_block_relationship_count
003,003780,003,003780,1.000000000000,census_block_relationship_count
003,003790,003,003790,1.000000000000,census_block_relationship_count
003,003800,003,003800,1.000000000000,census_block_relationship_count
003,003810,003,003810,1.000000000000,census_block_relationship_count
003,003820,003,003820,1.000000000000,census_block_relationship_count
003,003840,003,003840,1.000000000000,census_block_relationship_count
003,003850,003,003850,1.000000000000,census_block_relationship_count
003,003860,003,003860,1.000000000000,census_block_relationship_count
003,003870,003,003870,1.000000000000,census_block_relationship_count
003,003880,003,003880,1.000000000000,census_block_relationship_count
003,003900,003,003900,1.000000000000,census_block_relationship_count
003,003910,003,003910,1.000000000000,census_block_relationship_count
003,003920,003,003920,1.000000000000,census_block_relationship_count
003,003930,003,003930,1.000000000000,census_block_relationship_count
003,003940,003,003940,1.000000000000,census_block_relationship_count
003,003941,003,003941,1.000000000000,census_block_relationship_count
003,003950,003,003950,0.994017094018,census_block_relationship_count
003,003950,003,00E260,0.005982905982,census_block_relationship_count
003,003970,003,003970,1.000000000000,census_block_relationship_count
003,003975,003,003975,0.923076923077,census_block_relationship_count
003,003975,003,004180,0.076923076923,census_block_relationship_count
003,003980,003,003980,1.000000000000,census_block_relationship_count
003,003990,003,003990,1.000000000000,census_block_relationship_count
003,004000,003,004000,1.000000000000,census_block_relationship_count
003,004010,003,004010,1.000000000000,census_block_relationship_count
003,004020,003,004020,0.962771692593,census_block_relationship_count
003,004020,003,00F970,0.037228307407,census_block_relationship_count
003,004030,003,004020,0.045905581025,census_block_relationship_count
003,004030,003,004030,0.907640758375,census_block_relationship_count
003,004030,003,00F970,0.046453660600,census_block_relationship_count
003,004031,003,004031,1.000000000000,census_block_relationship_count
003,004040,003,004040,1.000000000000,census_block_relationship_count
003,004050,003,004050,1.000000000000,census_block_relationship_count
003,004060,003,004060,1.000000000000,census_block_relationship_count
003,004070,003,004070,0.869565217391,census_block_relationship_count
003,004070,003,004080,0.130434782609,census_block_relationship_count
003,004080,003,004080,1.000000000000,census_block_relationship_count
003,004090,003,004090,1.000000000000,census_block_relationship_count
003,004100,003,004100,1.000000000000,census_block_relationship_count
003,004110,003,004060,0.043478260870,census_block_relationship_count
003,004110,003,004110,0.913043478261,census_block_relationship_count
003,004110,003,004120,0.043478260870,census_block_relationship_count
003,004120,003,004060,0.043478260870,census_block_relationship_count
003,004120,003,004120,0.956521739130,census_block_relationship_count
003,004130,003,004130,1.000000000000,census_block_relationship_count
003,004140,003,004140,1.000000000000,census_block_relationship_count
003,004150,003,004150,1.000000000000,census_block_relationship_count
003,004160,003,004060,0.031250000000,census_block_relationship_count
003,004160,003,004160,0.968750000000,census_block_relationship_count
003,004170,003,004170,1.000000000000,census_block_relationship_count
003,004180,003,004180,1.000000000000,census_block_relationship_count
003,004190,003,004180,0.043478260870,census_block_relationship_count
003,004190,003,004190,0.782608695652,census_block_relationship_count
003,004190,003,004191,0.043478260870,census_block_relationship_count
003,004190,003,004220,0.130434782609,census_block_relationship_count
003,004191,003,004191,0.983105623860,census_block_relationship_count
003,004191,003,004220,0.016894376140,census_block_relationship_count
003,004200,003,004200,1.000000000000,census_block_relationship_count
003,004210,003,004210,1.000000000000,census_block_relationship_count
003,004220,003,004220,1.000000000000,census_block_relationship_count
003,004241,003,004241,1.000000000000,census_block_relationship_count
003,004245,003,001341,0.000202948491,census_block_relationship_count
003,004245,003,004245,0.999797051509,census_block_relationship_count
003,004251,003,004251,1.000000000000,census_block_relationship_count
003,004255,003,002180,0.060767751653,census_block_relationship_count
003,004255,003,004255,0.939232248347,census_block_relationship_count
003,004261,003,002180,0.083606128308,census_block_relationship_count
003,004261,003,004261,0.916393871692,census_block_relationship_count
003,004271,003,002200,0.012048192771,census_block_relationship_count
003,004271,003,004271,0.987867038329,census_block_relationship_count
003,004271,003,005091,0.000084768900,census_block_relationship_count
003,004281,003,004271,0.045454545455,census_block_relationship_count
003,004281,003,004281,0.954545454545,census_block_relationship_count
003,004291,003,004291,1.000000000000,census_block_relationship_count
003,004301,003,002180,0.005847101314,census_block_relationship_count
003,004301,003,004301,0.994152898686,census_block_relationship_count
003,004311,003,004311,1.000000000000,census_block_relationship_count
003,004330,003,004330,1.000000000000,census_block_relationship_count
003,004331,003,004331,1.000000000000,census_block_relationship_count
003,004341,003,004341,1.000000000000,census_block_relationship_count
003,004350,003,004350,1.000000000000,census_block_relationship_count
003,004361,003,004361,1.000000000000,census_block_relationship_count
003,004371,003,004371,1.000000000000,census_block_relationship_count
003,004380,003,004380,1.000000000000,census_block_relationship_count
003,004391,003,004391,1.000000000000,census_block_relationship_count
003,004400,003,004400,1.000000000000,census_block_relationship_count
003,004410,003,004410,1.000000000000,census_block_relationship_count
003,004420,003,004420,1.000000000000,census_block_relationship_count
003,004430,003,004420,0.125000000000,census_block_relationship_count
003,004430,003,004430,0.875000000000,census_block_relationship_count
003,004440,003,004440,1.000000000000,census_block_relationship_count
003,004451,003,004451,1.000000000000,census_block_relationship_count
003,004461,003,004451,0.111111111111,census_block_relationship_count
003,004461,003,004461,0.888888888889,census_block_relationship_count
003,004470,003,004470,1.000000000000,census_block_relationship_count
003,004480,003,004461,0.001522013114,census_block_relationship_count
003,004480,003,004480,0.998477986886,census_block_relationship_count
003,004490,003,004490,1.000000000000,census_block_relationship_count
003,004500,003,004500,1.000000000000,census_block_relationship_count
003,004510,003,001041,0.004270878969,census_block_relationship_count
003,004510,003,004510,0.995729121031,census_block_relationship_count
003,004520,003,004520,1.000000000000,census_block_relationship_count
003,004530,003,004530,1.000000000000,census_block_relationship_count
003,004540,003,004540,1.000000000000,census_block_relationship_count
003,004550,003,004550,1.000000000000,census_block_relationship_count
003,004560,003,004560,1.000000000000,census_block_relationship_count
003,004570,003,004570,1.000000000000,census_block_relationship_count
003,004580,003,004580,1.000000000000,census_block_relationship_count
003,004590,003,004590,1.000000000000,census_block_relationship_count
003,004600,003,004600,1.000000000000,census_block_relationship_count
003,004610,003,004610,1.000000000000,census_block_relationship_count
003,004620,003,004620,1.000000000000,census_block_relationship_count
003,004630,003,004630,1.000000000000,census_block_relationship_count
003,004640,003,004640,1.000000000000,census_block_relationship_count
003,004650,003,004650,1.000000000000,census_block_relationship_count
003,004670,003,004670,1.000000000000,census_block_relationship_count
003,004680,003,004680,1.000000000000,census_block_relationship_count
003,004690,003,004690,1.000000000000,census_block_relationship_count
003,004700,003,004700,1.000000000000,census_block_relationship_count
003,004710,003,004710,1.000000000000,census_block_relationship_count
003,004721,003,004721,1.000000000000,census_block_relationship_count
003,004730,003,004730,1.000000000000,census_block_relationship_count
003,004741,003,004741,1.000000000000,census_block_relationship_count
003,004751,003,004751,1.000000000000,census_block_relationship_count
003,004780,003,004780,0.999700778704,census_block_relationship_count
003,004780,003,00D480,0.000299221296,census_block_relationship_count
003,004790,003,004790,1.000000000000,census_block_relationship_count
003,004800,003,004800,0.967741935484,census_block_relationship_count
003,004800,003,004880,0.032258064516,census_block_relationship_count
003,004810,003,004810,1.000000000000,census_block_relationship_count
003,004820,003,004820,1.000000000000,census_block_relationship_count
003,004830,003,004830,0.964285714286,census_block_relationship_count
003,004830,003,004840,0.035714285714,census_block_relationship_count
003,004840,003,004840,0.964285714286,census_block_relationship_count
003,004840,003,00G390,0.035714285714,census_block_relationship_count
003,004850,003,004850,1.000000000000,census_block_relationship_count
003,004860,003,004860,0.976190476190,census_block_relationship_count
003,004860,003,00G390,0.023809523810,census_block_relationship_count
003,004870,003,004870,1.000000000000,census_block_relationship_count
003,004880,003,004880,1.000000000000,census_block_relationship_count
003,004890,003,004890,1.000000000000,census_block_relationship_count
003,004900,003,004900,0.999970570906,census_block_relationship_count
003,004900,003,00D770,0.000029429094,census_block_relationship_count
003,004910,003,004910,1.000000000000,census_block_relationship_count
003,004920,003,004920,1.000000000000,census_block_relationship_count
003,004930,003,004930,1.000000000000,census_block_relationship_count
003,004940,003,004940,1.000000000000,census_block_relationship_count
003,004950,003,004950,1.000000000000,census_block_relationship_count
003,004960,003,004960,1.000000000000,census_block_relationship_count
003,004971,003,004971,1.000000000000,census_block_relationship_count
003,004991,003,004991,1.000000000000,census_block_relationship_count
003,005001,003,005001,1.000000000000,census_block_relationship_count
003,005030,003,004991,0.032514975542,census_block_relationship_count
003,005030,003,005030,0.967485024458,census_block_relationship_count
003,005041,003,005041,1.000000000000,census_block_relationship_count
003,005060,003,005060,1.000000000000,census_block_relationship_count
003,005071,003,002200,0.038461538462,census_block_relationship_count
003,005071,003,005071,0.961538461538,census_block_relationship_count
003,005076,003,005076,1.000000000000,census_block_relationship_count
003,005081,003,005081,1.000000000000,census_block_relationship_count
003,005091,003,004271,0.000312048860,census_block_relationship_count
003,005091,003,005071,0.030303030303,census_block_relationship_count
003,005091,003,005076,0.010101010101,census_block_relationship_count
003,005091,003,005091,0.959283910736,census_block_relationship_count
003,005100,003,005100,1.000000000000,census_block_relationship_count
003,005101,003,001850,0.001521194970,census_block_relationship_count
003,005101,003,005101,0.998478805030,census_block_relationship_count
003,005110,003,005110,1.000000000000,census_block_relationship_count
003,005120,003,005110,0.062500000000,census_block_relationship_count
003,005120,003,005120,0.937500000000,census_block_relationship_count
003,005130,003,005130,1.000000000000,census_block_relationship_count
003,005131,003,005131,1.000000000000,census_block_relationship_count
003,005140,003,005140,1.000000000000,census_block_relationship_count
003,005141,003,005141,1.000000000000,census_block_relationship_count
003,005150,003,005150,1.000000000000,census_block_relationship_count
003,005151,003,005151,1.000000000000,census_block_relationship_count
003,005160,003,005160,1.000000000000,census_block_relationship_count
003,005161,003,005161,0.904524282133,census_block_relationship_count
003,005161,003,00G720,0.095475717867,census_block_relationship_count
003,005170,003,005170,1.000000000000,census_block_relationship_count
003,005181,003,005181,0.925373134328,census_block_relationship_count
003,005181,003,005281,0.074626865672,census_block_relationship_count
003,005191,003,005191,1.000000000000,census_block_relationship_count
003,005201,003,005201,1.000000000000,census_block_relationship_count
003,005210,003,005210,1.000000000000,census_block_relationship_count
003,005225,003,005225,1.000000000000,census_block_relationship_count
003,005230,003,005230,1.000000000000,census_block_relationship_count
003,005241,003,000031,0.001373218412,census_block_relationship_count
003,005241,003,005241,0.998626781588,census_block_relationship_count
003,005261,003,005181,0.222222222222,census_block_relationship_count
003,005261,003,005261,0.777777777778,census_block_relationship_count
003,005271,003,005271,1.000000000000,census_block_relationship_count
003,005281,003,005281,1.000000000000,census_block_relationship_count
003,005291,003,005291,1.000000000000,census_block_relationship_count
003,005301,003,005301,1.000000000000,census_block_relationship_count
003,005310,003,005310,1.000000000000,census_block_relationship_count
003,005321,003,005321,1.000000000000,census_block_relationship_count
003,005331,003,005331,1.000000000000,census_block_relationship_count
003,005341,003,005341,1.000000000000,census_block_relationship_count
003,005351,003,005351,1.000000000000,census_block_relationship_count
003,005370,003,005370,0.999857877336,census_block_relationship_count
003,005370,003,00G210,0.000142122664,census_block_relationship_count
003,005381,003,005378,1.000000000000,census_block_relationship_count
003,005385,003,005382,0.999847002329,census_block_relationship_count
003,005385,003,005386,0.000152997671,census_block_relationship_count
003,005390,003,005390,1.000000000000,census_block_relationship_count
003,005400,003,005400,1.000000000000,census_block_relationship_count
003,005410,003,005410,1.000000000000,census_block_relationship_count
003,005420,003,005420,1.000000000000,census_block_relationship_count
003,005430,003,005420,0.034482758621,census_block_relationship_count
003,005430,003,005430,0.965517241379,census_block_relationship_count
003,005440,003,005440,1.000000000000,census_block_relationship_count
003,005450,003,005450,1.000000000000,census_block_relationship_count
003,005460,003,005460,1.000000000000,census_block_relationship_count
003,005470,003,005470,1.000000000000,census_block_relationship_count
003,005480,003,005480,1.000000000000,census_block_relationship_count
003,005490,003,005490,1.000000000000,census_block_relationship_count
003,005500,003,005500,1.000000000000,census_block_relationship_count
003,005510,003,005510,1.000000000000,census_block_relationship_count
003,005520,003,005520,1.000000000000,census_block_relationship_count
003,005521,003,005521,1.000000000000,census_block_relationship_count
003,005522,003,005522,0.769230769231,census_block_relationship_count
003,005522,003,005641,0.230769230769,census_block_relationship_count
003,005530,003,005530,1.000000000000,census_block_relationship_count
003,005540,003,005540,1.000000000000,census_block_relationship_count
003,005550,003,005550,1.000000000000,census_block_relationship_count
003,005560,003,005560,1.000000000000,census_block_relationship_count
003,005561,003,005561,1.000000000000,census_block_relationship_count
003,005570,003,005570,1.000000000000,census_block_relationship_count
003,005580,003,005580,1.000000000000,census_block_relationship_count
003,005590,003,005590,1.000000000000,census_block_relationship_count
003,005600,003,005600,1.000000000000,census_block_relationship_count
003,005601,003,005601,1.000000000000,census_block_relationship_count
003,005602,003,005602,1.000000000000,census_block_relationship_count
003,005610,003,005610,1.000000000000,census_block_relationship_count
003,005620,003,005620,1.000000000000,census_block_relationship_count
003,005630,003,005630,1.000000000000,census_block_relationship_count
003,005640,003,005640,1.000000000000,census_block_relationship_count
003,005641,003,005641,1.000000000000,census_block_relationship_count
003,005642,003,005642,1.000000000000,census_block_relationship_count
003,005650,003,005650,1.000000000000,census_block_relationship_count
003,005660,003,005660,1.000000000000,census_block_relationship_count
003,005670,003,005670,1.000000000000,census_block_relationship_count
003,005680,003,005680,1.000000000000,census_block_relationship_count
003,005681,003,005681,1.000000000000,census_block_relationship_count
003,005682,003,005682,1.000000000000,census_block_relationship_count
003,005683,003,005683,1.000000000000,census_block_relationship_count
003,005690,003,005690,1.000000000000,census_block_relationship_count
003,005700,003,005700,0.998307840895,census_block_relationship_count
003,005700,003,005722,0.001692159105,census_block_relationship_count
003,005710,003,005710,1.000000000000,census_block_relationship_count
003,005720,003,005720,1.000000000000,census_block_relationship_count
003,005721,003,005721,0.999887563442,census_block_relationship_count
003,005721,003,00E050,0.000112436558,census_block_relationship_count
003,005722,003,005700,0.326876355307,census_block_relationship_count
003,005722,003,005710,0.142857142857,census_block_relationship_count
003,005722,003,005722,0.530266501836,census_block_relationship_count
003,005730,003,005730,1.000000000000,census_block_relationship_count
003,005740,003,005740,1.000000000000,census_block_relationship_count
003,005750,003,005750,1.000000000000,census_block_relationship_count
003,005760,003,005760,1.000000000000,census_block_relationship_count
003,005770,003,005181,0.006683096211,census_block_relationship_count
003,005770,003,005770,0.993316903789,census_block_relationship_count
003,005780,003,005780,1.000000000000,census_block_relationship_count
003,005790,003,005785,0.999717824746,census_block_relationship_count
003,005790,003,005788,0.000282175254,census_block_relationship_count
003,005800,003,005788,1.000000000000,census_block_relationship_count
003,005810,003,005791,1.000000000000,census_block_relationship_count
003,005821,003,005821,1.000000000000,census_block_relationship_count
003,005830,003,005830,1.000000000000,census_block_relationship_count
003,005840,003,005840,1.000000000000,census_block_relationship_count
003,005870,003,005870,0.975609756098,census_block_relationship_count
003,005870,003,005880,0.008130081301,census_block_relationship_count
003,005870,003,005920,0.008130081301,census_block_relationship_count
003,005870,003,00A870,0.008130081301,census_block_relationship_count
003,005880,003,005880,1.000000000000,census_block_relationship_count
003,005920,003,005920,0.991150442478,census_block_relationship_count
003,005920,003,005940,0.008849557522,census_block_relationship_count
003,005940,003,005940,0.999635132390,census_block_relationship_count
003,005940,003,006860,0.000364867610,census_block_relationship_count
003,005960,003,005960,1.000000000000,census_block_relationship_count
003,005970,003,005970,1.000000000000,census_block_relationship_count
003,005980,003,005980,1.000000000000,census_block_relationship_count
003,006000,003,005920,0.028015673103,census_block_relationship_count
003,006000,003,005940,0.083333333333,census_block_relationship_count
003,006000,003,006000,0.888650993564,census_block_relationship_count
003,006020,003,006020,1.000000000000,census_block_relationship_count
003,006090,003,006090,0.977272727273,census_block_relationship_count
003,006090,003,006740,0.022727272727,census_block_relationship_count
003,006110,003,006110,1.000000000000,census_block_relationship_count
003,006130,003,006130,0.909090909091,census_block_relationship_count
003,006130,003,006150,0.090909090909,census_block_relationship_count
003,006150,003,006150,1.000000000000,census_block_relationship_count
003,006170,003,006170,1.000000000000,census_block_relationship_count
003,006190,003,006190,1.000000000000,census_block_relationship_count
003,006210,003,006210,1.000000000000,census_block_relationship_count
003,006230,003,006230,1.000000000000,census_block_relationship_count
003,006250,003,006250,1.000000000000,census_block_relationship_count
003,006270,003,006270,1.000000000000,census_block_relationship_count
003,006290,003,006290,0.869969229900,census_block_relationship_count
003,006290,003,007000,0.130030770100,census_block_relationship_count
003,006310,003,006310,1.000000000000,census_block_relationship_count
003,006330,003,006330,1.000000000000,census_block_relationship_count
003,006350,003,006350,1.000000000000,census_block_relationship_count
003,006370,003,006370,1.000000000000,census_block_relationship_count
003,006390,003,006390,1.000000000000,census_block_relationship_count
003,006400,003,006400,1.000000000000,census_block_relationship_count
003,006410,003,006410,1.000000000000,census_block_relationship_count
003,006420,003,006090,0.133333333333,census_block_relationship_count
003,006420,003,006420,0.866666666667,census_block_relationship_count
003,006440,003,006440,1.000000000000,census_block_relationship_count
003,006460,003,006460,1.000000000000,census_block_relationship_count
003,006480,003,006480,1.000000000000,census_block_relationship_count
003,006500,003,006500,1.000000000000,census_block_relationship_count
003,006520,003,006520,1.000000000000,census_block_relationship_count
003,006540,003,006540,1.000000000000,census_block_relationship_count
003,006560,003,006560,1.000000000000,census_block_relationship_count
003,006580,003,006580,1.000000000000,census_block_relationship_count
003,006600,003,006600,1.000000000000,census_block_relationship_count
003,006620,003,006620,1.000000000000,census_block_relationship_count
003,006640,003,006640,1.000000000000,census_block_relationship_count
003,006660,003,006660,1.000000000000,census_block_relationship_count
003,006665,003,006665,1.000000000000,census_block_relationship_count
003,006675,003,006675,1.000000000000,census_block_relationship_count
003,006680,003,006680,1.000000000000,census_block_relationship_count
003,006685,003,006685,1.000000000000,census_block_relationship_count
003,006700,003,006700,1.000000000000,census_block_relationship_count
003,006715,003,006715,1.000000000000,census_block_relationship_count
003,006720,003,006720,1.000000000000,census_block_relationship_count
003,006740,003,006740,1.000000000000,census_block_relationship_count
003,006760,003,006760,1.000000000000,census_block_relationship_count
003,006780,003,006780,1.000000000000,census_block_relationship_count
003,006860,003,006860,1.000000000000,census_block_relationship_count
003,006870,003,006870,1.000000000000,census_block_relationship_count
003,006880,003,006870,0.000960450411,census_block_relationship_count
003,006880,003,006880,0.999039549589,census_block_relationship_count
003,006900,003,006900,1.000000000000,census_block_relationship_count
003,006920,003,006920,1.000000000000,census_block_relationship_count
003,007000,003,007000,1.000000000000,census_block_relationship_count
003,007020,003,007020,1.000000000000,census_block_relationship_count
003,007040,003,007040,1.000000000000,census_block_relationship_count
003,007060,003,007060,1.000000000000,census_block_relationship_count
003,007080,003,007080,1.000000000000,census_block_relationship_count
003,007100,003,007100,1.000000000000,census_block_relationship_count
003,007120,003,007120,1.000000000000,census_block_relationship_count
003,007140,003,007140,1.000000000000,census_block_relationship_count
003,007160,003,007160,1.000000000000,census_block_relationship_count
003,007180,003,007180,1.000000000000,census_block_relationship_count
003,007200,003,007200,1.000000000000,census_block_relationship_count
003,007220,003,007220,1.000000000000,census_block_relationship_count
003,007240,003,007240,1.000000000000,census_block_relationship_count
003,007250,003,007250,1.000000000000,census_block_relationship_count
003,007270,003,007270,1.000000000000,census_block_relationship_count
003,007290,003,007290,1.000000000000,census_block_relationship_count
003,007310,003,007310,1.000000000000,census_block_relationship_count
003,007330,003,007330,1.000000000000,census_block_relationship_count
003,007350,003,007350,1.000000000000,census_block_relationship_count
003,007370,003,007370,1.000000000000,census_block_relationship_count
003,007390,003,007390,1.000000000000,census_block_relationship_count
003,007410,003,007410,1.000000000000,census_block_relationship_count
003,007430,003,007430,1.000000000000,census_block_relationship_count
003,007450,003,007450,1.000000000000,census_block_relationship_count
003,007470,003,007470,1.000000000000,census_block_relationship_count
003,007490,003,007490,1.000000000000,census_block_relationship_count
003,007510,003,007510,1.000000000000,census_block_relationship_count
003,007540,003,007540,1.000000000000,census_block_relationship_count
003,007560,003,007560,1.000000000000,census_block_relationship_count
003,007580,003,007580,1.000000000000,census_block_relationship_count
003,007600,003,007600,1.000000000000,census_block_relationship_count
003,007620,003,007620,1.000000000000,census_block_relationship_count
003,007640,003,007640,1.000000000000,census_block_relationship_count
003,007660,003,007660,1.000000000000,census_block_relationship_count
003,007680,003,007680,1.000000000000,census_block_relationship_count
003,007700,003,007700,1.000000000000,census_block_relationship_count
003,007810,003,007810,1.000000000000,census_block_relationship_count
003,007830,003,007830,1.000000000000,census_block_relationship_count
003,007870,003,007870,1.000000000000,census_block_relationship_count
003,007890,003,007890,1.000000000000,census_block_relationship_count
003,007910,003,007910,1.000000000000,census_block_relationship_count
003,007930,003,007930,1.000000000000,census_block_relationship_count
003,007950,003,007930,0.000054973929,census_block_relationship_count
003,007950,003,007950,0.999945026071,census_block_relationship_count
003,007970,003,007970,1.000000000000,census_block_relationship_count
003,007990,003,007990,1.000000000000,census_block_relationship_count
003,008010,003,008010,1.000000000000,census_block_relationship_count
003,008030,003,008030,1.000000000000,census_block_relationship_count
003,008050,003,008050,1.000000000000,census_block_relationship_count
003,008070,003,008070,1.000000000000,census_block_relationship_count
003,008090,003,008090,1.000000000000,census_block_relationship_count
003,008100,003,008100,1.000000000000,census_block_relationship_count
003,008110,003,008110,1.000000000000,census_block_relationship_count
003,008120,003,008120,1.000000000000,census_block_relationship_count
003,008140,003,007200,0.052631578947,census_block_relationship_count
003,008140,003,008140,0.947368421053,census_block_relationship_count
003,008160,003,008160,1.000000000000,census_block_relationship_count
003,008180,003,008180,1.000000000000,census_block_relationship_count
003,008200,003,008200,1.000000000000,census_block_relationship_count
003,008210,003,008210,1.000000000000,census_block_relationship_count
003,008240,003,008240,1.000000000000,census_block_relationship_count
003,008260,003,008260,1.000000000000,census_block_relationship_count
003,008280,003,008280,1.000000000000,census_block_relationship_count
003,008300,003,008300,1.000000000000,census_block_relationship_count
003,008320,003,008320,1.000000000000,census_block_relationship_count
003,008340,003,008340,1.000000000000,census_block_relationship_count
003,008360,003,008360,1.000000000000,census_block_relationship_count
003,008370,003,008370,1.000000000000,census_block_relationship_count
003,008390,003,008390,1.000000000000,census_block_relationship_count
003,008410,003,008410,1.000000000000,census_block_relationship_count
003,008430,003,008430,1.000000000000,census_block_relationship_count
003,008450,003,008450,1.000000000000,census_block_relationship_count
003,008470,003,008470,1.000000000000,census_block_relationship_count
003,008490,003,008490,1.000000000000,census_block_relationship_count
003,008510,003,008510,1.000000000000,census_block_relationship_count
003,008530,003,008530,1.000000000000,census_block_relationship_count
003,008550,003,008550,1.000000000000,census_block_relationship_count
003,008570,003,008570,1.000000000000,census_block_relationship_count
003,008590,003,008590,1.000000000000,census_block_relationship_count
003,008610,003,008610,1.000000000000,census_block_relationship_count
003,008630,003,008630,1.000000000000,census_block_relationship_count
003,008650,003,008650,1.000000000000,census_block_relationship_count
003,008670,003,000021,0.000658487810,census_block_relationship_count
003,008670,003,005181,0.000250565914,census_block_relationship_count
003,008670,003,008670,0.979483103139,census_block_relationship_count
003,008670,003,008730,0.019607843137,census_block_relationship_count
003,008690,003,008690,0.981833526467,census_block_relationship_count
003,008690,003,008730,0.018166473533,census_block_relationship_count
003,008710,003,008710,1.000000000000,census_block_relationship_count
003,008720,003,008720,1.000000000000,census_block_relationship_count
003,008730,003,008730,1.000000000000,census_block_relationship_count
003,008750,003,008750,1.000000000000,census_block_relationship_count
003,008770,003,008770,1.000000000000,census_block_relationship_count
003,008790,003,008790,1.000000000000,census_block_relationship_count
003,008810,003,008810,1.000000000000,census_block_relationship_count
003,008830,003,008830,1.000000000000,census_block_relationship_count
003,008850,003,008850,1.000000000000,census_block_relationship_count
003,008870,003,008870,1.000000000000,census_block_relationship_count
003,008890,003,008890,1.000000000000,census_block_relationship_count
003,008910,003,008910,1.000000000000,census_block_relationship_count
003,008930,003,008930,1.000000000000,census_block_relationship_count
003,008950,003,008950,1.000000000000,census_block_relationship_count
003,008970,003,008970,1.000000000000,census_block_relationship_count
003,008990,003,008990,1.000000000000,census_block_relationship_count
003,009010,003,009010,1.000000000000,census_block_relationship_count
003,009030,003,009030,1.000000000000,census_block_relationship_count
003,009050,003,009050,1.000000000000,census_block_relationship_count
003,009070,003,009070,1.000000000000,census_block_relationship_count
003,009080,003,009080,1.000000000000,census_block_relationship_count
003,009090,003,009090,1.000000000000,census_block_relationship_count
003,009110,003,009110,1.000000000000,census_block_relationship_count
003,009130,003,006330,0.019122095733,census_block_relationship_count
003,009130,003,009130,0.980877904267,census_block_relationship_count
003,009150,003,009150,1.000000000000,census_block_relationship_count
003,009170,003,009170,1.000000000000,census_block_relationship_count
003,009190,003,009190,1.000000000000,census_block_relationship_count
003,009210,003,009210,1.000000000000,census_block_relationship_count
003,009230,003,009230,1.000000000000,census_block_relationship_count
003,009250,003,009250,1.000000000000,census_block_relationship_count
003,009270,003,009270,1.000000000000,census_block_relationship_count
003,009290,003,009290,1.000000000000,census_block_relationship_count
003,009310,003,009310,1.000000000000,census_block_relationship_count
003,009330,003,009330,1.000000000000,census_block_relationship_count
003,009350,003,009350,1.000000000000,census_block_relationship_count
003,009370,003,009370,1.000000000000,census_block_relationship_count
003,009390,003,009390,1.000000000000,census_block_relationship_count
003,009410,003,009410,1.000000000000,census_block_relationship_count
003,009430,003,009310,0.019607843137,census_block_relationship_count
003,009430,003,009370,0.019607843137,census_block_relationship_count
003,009430,003,009430,0.960784313725,census_block_relationship_count
003,009450,003,009450,1.000000000000,census_block_relationship_count
003,009470,003,009470,0.970588235294,census_block_relationship_count
003,009470,003,009610,0.029411764706,census_block_relationship_count
003,009490,003,009490,1.000000000000,census_block_relationship_count
003,009510,003,009510,1.000000000000,census_block_relationship_count
003,009530,003,009530,1.000000000000,census_block_relationship_count
003,009550,003,009550,1.000000000000,census_block_relationship_count
003,009570,003,009570,1.000000000000,census_block_relationship_count
003,009590,003,009590,1.000000000000,census_block_relationship_count
003,009610,003,009610,1.000000000000,census_block_relationship_count
003,009630,003,009630,1.000000000000,census_block_relationship_count
003,009650,003,009650,1.000000000000,census_block_relationship_count
003,009670,003,009670,1.000000000000,census_block_relationship_count
003,009690,003,009690,1.000000000000,census_block_relationship_count
003,009710,003,009710,1.000000000000,census_block_relationship_count
003,009730,003,009730,1.000000000000,census_block_relationship_count
003,009740,003,009740,1.000000000000,census_block_relationship_count
003,009750,003,009750,1.000000000000,census_block_relationship_count
003,009760,003,009760,1.000000000000,census_block_relationship_count
003,009770,003,009770,1.000000000000,census_block_relationship_count
003,009780,003,009780,1.000000000000,census_block_relationship_count
003,009790,003,009230,0.002676492500,census_block_relationship_count
003,009790,003,009790,0.997239628500,census_block_relationship_count
003,009790,003,009820,0.000083879000,census_block_relationship_count
003,009800,003,009800,1.000000000000,census_block_relationship_count
003,009810,003,009810,1.000000000000,census_block_relationship_count
003,009820,003,009230,0.025763247027,census_block_relationship_count
003,009820,003,009820,0.974051416170,census_block_relationship_count
003,009820,003,009980,0.000151028127,census_block_relationship_count
003,009820,003,00A000,0.000034308676,census_block_relationship_count
003,009840,003,009840,1.000000000000,census_block_relationship_count
003,009860,003,009860,1.000000000000,census_block_relationship_count
003,009880,003,009840,0.052631578947,census_block_relationship_count
003,009880,003,009880,0.947368421053,census_block_relationship_count
003,009900,003,009900,1.000000000000,census_block_relationship_count
003,009920,003,009780,0.111111111111,census_block_relationship_count
003,009920,003,009920,0.888888888889,census_block_relationship_count
003,009940,003,009940,1.000000000000,census_block_relationship_count
003,009960,003,009960,1.000000000000,census_block_relationship_count
003,009980,003,009980,0.999686046861,census_block_relationship_count
003,009980,003,00A000,0.000313953139,census_block_relationship_count
003,00A000,003,00A000,1.000000000000,census_block_relationship_count
003,00A020,003,00A020,1.000000000000,census_block_relationship_count
003,00A040,003,00A040,0.920000000000,census_block_relationship_count
003,00A040,003,00A150,0.080000000000,census_block_relationship_count
003,00A060,003,00A060,1.000000000000,census_block_relationship_count
003,00A080,003,00A080,0.928571428571,census_block_relationship_count
003,00A080,003,00A120,0.071428571429,census_block_relationship_count
003,00A100,003,00A100,1.000000000000,census_block_relationship_count
003,00A120,003,00A120,1.000000000000,census_block_relationship_count
003,00A130,003,009840,0.052631578947,census_block_relationship_count
003,00A130,003,00A130,0.947368421053,census_block_relationship_count
003,00A150,003,00A150,1.000000000000,census_block_relationship_count
003,00A170,003,00A170,1.000000000000,census_block_relationship_count
003,00A190,003,009840,0.071428571429,census_block_relationship_count
003,00A190,003,00A190,0.928571428571,census_block_relationship_count
003,00A210,003,00A210,1.000000000000,census_block_relationship_count
003,00A230,003,00A210,0.031250000000,census_block_relationship_count
003,00A230,003,00A230,0.968750000000,census_block_relationship_count
003,00A250,003,00A230,0.000327276384,census_block_relationship_count
003,00A250,003,00A250,0.999672723616,census_block_relationship_count
003,00A270,003,00A270,1.000000000000,census_block_relationship_count
003,00A290,003,00A290,1.000000000000,census_block_relationship_count
003,00A310,003,00A310,1.000000000000,census_block_relationship_count
003,00A330,003,00A330,0.944444444444,census_block_relationship_count
003,00A330,003,00A580,0.055555555556,census_block_relationship_count
003,00A350,003,00A350,1.000000000000,census_block_relationship_count
003,00A370,003,00A375,1.000000000000,census_block_relationship_count
003,00A390,003,00A390,1.000000000000,census_block_relationship_count
003,00A410,003,00A375,1.000000000000,census_block_relationship_count
003,00A430,003,00A375,1.000000000000,census_block_relationship_count
003,00A440,003,00A415,1.000000000000,census_block_relationship_count
003,00A480,003,00A480,1.000000000000,census_block_relationship_count
003,00A500,003,00A500,1.000000000000,census_block_relationship_count
003,00A520,003,00A520,1.000000000000,census_block_relationship_count
003,00A540,003,00A540,1.000000000000,census_block_relationship_count
003,00A560,003,00A560,1.000000000000,census_block_relationship_count
003,00A580,003,00A580,1.000000000000,census_block_relationship_count
003,00A600,003,00A600,0.954545454545,census_block_relationship_count
003,00A600,003,00A620,0.045454545455,census_block_relationship_count
003,00A620,003,00A620,1.000000000000,census_block_relationship_count
003,00A660,003,00A660,0.967741935484,census_block_relationship_count
003,00A660,003,00B490,0.005174617542,census_block_relationship_count
003,00A660,003,00B520,0.027083446974,census_block_relationship_count
003,00A680,003,00A680,0.878048780488,census_block_relationship_count
003,00A680,003,00B130,0.048780487805,census_block_relationship_count
003,00A680,003,00B520,0.073170731707,census_block_relationship_count
003,00A700,003,00A700,1.000000000000,census_block_relationship_count
003,00A720,003,00A720,1.000000000000,census_block_relationship_count
003,00A740,003,00A740,1.000000000000,census_block_relationship_count
003,00A760,003,00A760,1.000000000000,census_block_relationship_count
003,00A780,003,00A780,1.000000000000,census_block_relationship_count
003,00A800,003,00A800,1.000000000000,census_block_relationship_count
003,00A820,003,00A820,1.000000000000,census_block_relationship_count
003,00A840,003,00A480,0.041666666667,census_block_relationship_count
003,00A840,003,00A840,0.958333333333,census_block_relationship_count
003,00A860,003,00A860,1.000000000000,census_block_relationship_count
003,00A870,003,00A480,0.009746354024,census_block_relationship_count
003,00A870,003,00A840,0.014063169786,census_block_relationship_count
003,00A870,003,00A870,0.934457218300,census_block_relationship_count
003,00A870,003,00A930,0.012158542210,census_block_relationship_count
003,00A870,003,00A950,0.005765191871,census_block_relationship_count
003,00A870,003,00A970,0.023809523810,census_block_relationship_count
003,00A890,003,00A890,1.000000000000,census_block_relationship_count
003,00A910,003,00A910,1.000000000000,census_block_relationship_count
003,00A930,003,00A930,1.000000000000,census_block_relationship_count
003,00A950,003,00A950,1.000000000000,census_block_relationship_count
003,00A970,003,00A970,1.000000000000,census_block_relationship_count
003,00A990,003,00A990,1.000000000000,census_block_relationship_count
003,00B010,003,00B010,0.959787449392,census_block_relationship_count
003,00B010,003,00B030,0.040000000000,census_block_relationship_count
003,00B010,003,00B110,0.000212550608,census_block_relationship_count
003,00B030,003,00B030,1.000000000000,census_block_relationship_count
003,00B050,003,00B050,1.000000000000,census_block_relationship_count
003,00B070,003,00B070,1.000000000000,census_block_relationship_count
003,00B090,003,00B090,0.941176470588,census_block_relationship_count
003,00B090,003,00B110,0.018248627865,census_block_relationship_count
003,00B090,003,00B130,0.040574901547,census_block_relationship_count
003,00B110,003,00B110,1.000000000000,census_block_relationship_count
003,00B130,003,00A680,0.022222222222,census_block_relationship_count
003,00B130,003,00B130,0.977777777778,census_block_relationship_count
003,00B150,003,00B150,1.000000000000,census_block_relationship_count
003,00B170,003,00B170,1.000000000000,census_block_relationship_count
003,00B190,003,00B190,1.000000000000,census_block_relationship_count
003,00B210,003,00B210,0.931917665807,census_block_relationship_count
003,00B210,003,00B560,0.068082334193,census_block_relationship_count
003,00B230,003,00B230,1.000000000000,census_block_relationship_count
003,00B250,003,00B250,1.000000000000,census_block_relationship_count
003,00B270,003,00B270,1.000000000000,census_block_relationship_count
003,00B290,003,00B290,1.000000000000,census_block_relationship_count
003,00B310,003,00B310,1.000000000000,census_block_relationship_count
003,00B330,003,00B330,1.000000000000,census_block_relationship_count
003,00B350,003,00B350,1.000000000000,census_block_relationship_count
003,00B370,003,00B370,1.000000000000,census_block_relationship_count
003,00B390,003,00B390,0.875000000000,census_block_relationship_count
003,00B390,003,00D970,0.125000000000,census_block_relationship_count
003,00B410,003,00B410,1.000000000000,census_block_relationship_count
003,00B430,003,00B430,1.000000000000,census_block_relationship_count
003,00B450,003,00B450,1.000000000000,census_block_relationship_count
003,00B470,003,00B470,1.000000000000,census_block_relationship_count
003,00B480,003,00B480,1.000000000000,census_block_relationship_count
003,00B490,003,00B490,1.000000000000,census_block_relationship_count
003,00B500,003,00B500,1.000000000000,census_block_relationship_count
003,00B510,003,00B510,1.000000000000,census_block_relationship_count
003,00B520,003,00B520,1.000000000000,census_block_relationship_count
003,00B530,003,00B530,1.000000000000,census_block_relationship_count
003,00B540,003,00B540,1.000000000000,census_block_relationship_count
003,00B560,003,00B210,0.055250741028,census_block_relationship_count
003,00B560,003,00B270,0.039091609233,census_block_relationship_count
003,00B560,003,00B560,0.905657649739,census_block_relationship_count
003,00B580,003,00B110,0.200000000000,census_block_relationship_count
003,00B580,003,00B580,0.800000000000,census_block_relationship_count
003,00B600,003,00B010,0.013698630137,census_block_relationship_count
003,00B600,003,00B600,0.972602739726,census_block_relationship_count
003,00B600,003,00D180,0.013698630137,census_block_relationship_count
003,00B620,003,00A870,0.034482758621,census_block_relationship_count
003,00B620,003,00B620,0.965517241379,census_block_relationship_count
003,00B640,003,00B640,1.000000000000,census_block_relationship_count
003,00B660,003,00B660,1.000000000000,census_block_relationship_count
003,00B680,003,00B680,1.000000000000,census_block_relationship_count
003,00B700,003,00B680,0.052631578947,census_block_relationship_count
003,00B700,003,00B700,0.947368421053,census_block_relationship_count
003,00B720,003,00B720,1.000000000000,census_block_relationship_count
003,00B740,003,00B740,1.000000000000,census_block_relationship_count
003,00B760,003,00B760,1.000000000000,census_block_relationship_count
003,00B780,003,00B780,1.000000000000,census_block_relationship_count
003,00B800,003,00B800,1.000000000000,census_block_relationship_count
003,00B820,003,00B800,0.023742725423,census_block_relationship_count
003,00B820,003,00B820,0.976257274577,census_block_relationship_count
003,00B840,003,00B090,0.005027345629,census_block_relationship_count
003,00B840,003,00B840,0.994972654371,census_block_relationship_count
003,00B860,003,00B860,1.000000000000,census_block_relationship_count
003,00B880,003,00B880,1.000000000000,census_block_relationship_count
003,00B900,003,001610,0.000004867862,census_block_relationship_count
003,00B900,003,00B900,0.999995132138,census_block_relationship_count
003,00B920,003,00B920,0.979231533251,census_block_relationship_count
003,00B920,003,00D090,0.020768466749,census_block_relationship_count
003,00B940,003,00B940,1.000000000000,census_block_relationship_count
003,00B960,003,00B960,1.000000000000,census_block_relationship_count
003,00B980,003,00B940,0.013698630137,census_block_relationship_count
003,00B980,003,00B980,0.986301369863,census_block_relationship_count
003,00C040,003,00C040,1.000000000000,census_block_relationship_count
003,00C050,003,00C050,1.000000000000,census_block_relationship_count
003,00C070,003,00C070,1.000000000000,census_block_relationship_count
003,00C080,003,00C080,1.000000000000,census_block_relationship_count
003,00C120,003,00C120,1.000000000000,census_block_relationship_count
003,00C140,003,00C140,1.000000000000,census_block_relationship_count
003,00C160,003,00C160,1.000000000000,census_block_relationship_count
003,00C220,003,00C220,1.000000000000,census_block_relationship_count
003,00C240,003,00C240,1.000000000000,census_block_relationship_count
003,00C260,003,00C260,1.000000000000,census_block_relationship_count
003,00C280,003,00C280,1.000000000000,census_block_relationship_count
003,00C300,003,00C300,1.000000000000,census_block_relationship_count
003,00C320,003,00C320,1.000000000000,census_block_relationship_count
003,00C360,003,00C360,1.000000000000,census_block_relationship_count
003,00C380,003,00C380,1.000000000000,census_block_relationship_count
003,00C400,003,00C400,1.000000000000,census_block_relationship_count
003,00C420,003,00C420,1.000000000000,census_block_relationship_count
003,00C440,003,00C440,0.992028134153,census_block_relationship_count
003,00C440,003,00C460,0.007971865847,census_block_relationship_count
003,00C460,003,00C460,1.000000000000,census_block_relationship_count
003,00C480,003,00C480,1.000000000000,census_block_relationship_count
003,00C540,003,00C540,1.000000000000,census_block_relationship_count
003,00C560,003,00C560,1.000000000000,census_block_relationship_count
003,00C580,003,00C580,1.000000000000,census_block_relationship_count
003,00C600,003,00C600,1.000000000000,census_block_relationship_count
003,00C620,003,00C600,0.050000000000,census_block_relationship_count
003,00C620,003,00C620,0.850000000000,census_block_relationship_count
003,00C620,003,00C790,0.100000000000,census_block_relationship_count
003,00C640,003,00C640,1.000000000000,census_block_relationship_count
003,00C660,003,00C660,1.000000000000,census_block_relationship_count
003,00C680,003,00C680,1.000000000000,census_block_relationship_count
003,00C700,003,00C640,0.006940180565,census_block_relationship_count
003,00C700,003,00C700,0.993059819435,census_block_relationship_count
003,00C720,003,00C720,1.000000000000,census_block_relationship_count
003,00C740,003,00C740,1.000000000000,census_block_relationship_count
003,00C750,003,00C750,1.000000000000,census_block_relationship_count
003,00C770,003,00C750,0.047619047619,census_block_relationship_count
003,00C770,003,00C770,0.952380952381,census_block_relationship_count
003,00C790,003,00C790,1.000000000000,census_block_relationship_count
003,00C810,003,00C790,0.030303030303,census_block_relationship_count
003,00C810,003,00C810,0.969696969697,census_block_relationship_count
003,00C830,003,00C830,1.000000000000,census_block_relationship_count
003,00C840,003,00C840,1.000000000000,census_block_relationship_count
003,00C860,003,00C860,1.000000000000,census_block_relationship_count
003,00C880,003,00C880,1.000000000000,census_block_relationship_count
003,00C900,003,00C900,1.000000000000,census_block_relationship_count
003,00C920,003,000321,0.037037037037,census_block_relationship_count
003,00C920,003,00C920,0.962962962963,census_block_relationship_count
003,00C940,003,00C860,0.050000000000,census_block_relationship_count
003,00C940,003,00C940,0.950000000000,census_block_relationship_count
003,00C960,003,00C960,1.000000000000,census_block_relationship_count
003,00C980,003,00C980,1.000000000000,census_block_relationship_count
003,00C990,003,00C990,1.000000000000,census_block_relationship_count
003,00D010,003,00D010,1.000000000000,census_block_relationship_count
003,00D030,003,00D030,1.000000000000,census_block_relationship_count
003,00D050,003,00D050,1.000000000000,census_block_relationship_count
003,00D070,003,00D070,1.000000000000,census_block_relationship_count
003,00D090,003,00D090,1.000000000000,census_block_relationship_count
003,00D140,003,00D140,1.000000000000,census_block_relationship_count
003,00D160,003,00D160,1.000000000000,census_block_relationship_count
003,00D180,003,00D180,1.000000000000,census_block_relationship_count
003,00D200,003,00D200,1.000000000000,census_block_relationship_count
003,00D220,003,00D220,1.000000000000,census_block_relationship_count
003,00D240,003,00D240,1.000000000000,census_block_relationship_count
003,00D260,003,00D260,1.000000000000,census_block_relationship_count
003,00D280,003,00D280,1.000000000000,census_block_relationship_count
003,00D300,003,00D300,1.000000000000,census_block_relationship_count
003,00D310,003,00D310,1.000000000000,census_block_relationship_count
003,00D320,003,00D320,0.999926086371,census_block_relationship_count
003,00D320,003,00E356,0.000073913629,census_block_relationship_count
003,00D340,003,00D340,1.000000000000,census_block_relationship_count
003,00D360,003,00D360,1.000000000000,census_block_relationship_count
003,00D380,003,00D380,1.000000000000,census_block_relationship_count
003,00D400,003,00D400,1.000000000000,census_block_relationship_count
003,00D420,003,00D420,1.000000000000,census_block_relationship_count
003,00D440,003,00D440,1.000000000000,census_block_relationship_count
003,00D460,003,00D460,1.000000000000,census_block_relationship_count
003,00D480,003,004780,0.000510095093,census_block_relationship_count
003,00D480,003,00D480,0.999489904907,census_block_relationship_count
003,00D500,003,00D500,1.000000000000,census_block_relationship_count
003,00D520,003,00D520,1.000000000000,census_block_relationship_count
003,00D540,003,00D540,1.000000000000,census_block_relationship_count
003,00D560,003,00D560,1.000000000000,census_block_relationship_count
003,00D580,003,00D580,1.000000000000,census_block_relationship_count
003,00D600,003,00D600,1.000000000000,census_block_relationship_count
003,00D620,003,00D620,1.000000000000,census_block_relationship_count
003,00D640,003,00D640,1.000000000000,census_block_relationship_count
003,00D660,003,00D660,1.000000000000,census_block_relationship_count
003,00D690,003,00D690,1.000000000000,census_block_relationship_count
003,00D710,003,00D710,1.000000000000,census_block_relationship_count
003,00D730,003,00D730,1.000000000000,census_block_relationship_count
003,00D750,003,00D750,1.000000000000,census_block_relationship_count
003,00D770,003,004900,0.002738936842,census_block_relationship_count
003,00D770,003,00D710,0.000514129396,census_block_relationship_count
003,00D770,003,00D770,0.996746933763,census_block_relationship_count
003,00D790,003,00D790,1.000000000000,census_block_relationship_count
003,00D810,003,00D810,1.000000000000,census_block_relationship_count
003,00D830,003,00D830,1.000000000000,census_block_relationship_count
003,00D850,003,000831,0.004245675214,census_block_relationship_count
003,00D850,003,00D850,0.995754324786,census_block_relationship_count
003,00D870,003,00D870,1.000000000000,census_block_relationship_count
003,00D890,003,00D890,1.000000000000,census_block_relationship_count
003,00D910,003,00D910,1.000000000000,census_block_relationship_count
003,00D930,003,00D930,1.000000000000,census_block_relationship_count
003,00D950,003,00D950,1.000000000000,census_block_relationship_count
003,00D970,003,00B390,0.090909090909,census_block_relationship_count
003,00D970,003,00D970,0.909090909091,census_block_relationship_count
003,00D980,003,000235,0.000208279813,census_block_relationship_count
003,00D980,003,00D980,0.999791720187,census_block_relationship_count
003,00D990,003,000235,0.100000000000,census_block_relationship_count
003,00D990,003,00D990,0.900000000000,census_block_relationship_count
003,00E000,003,00E000,0.996934225192,census_block_relationship_count
003,00E000,003,00E020,0.003065774808,census_block_relationship_count
003,00E010,003,00E010,1.000000000000,census_block_relationship_count
003,00E020,003,00E000,0.017301776992,census_block_relationship_count
003,00E020,003,00E020,0.982698223008,census_block_relationship_count
003,00E030,003,00E030,1.000000000000,census_block_relationship_count
003,00E032,003,00E032,1.000000000000,census_block_relationship_count
003,00E034,003,00E030,0.000944052150,census_block_relationship_count
003,00E034,003,00E034,0.999055947850,census_block_relationship_count
003,00E036,003,00E036,1.000000000000,census_block_relationship_count
003,00E038,003,00E038,1.000000000000,census_block_relationship_count
003,00E040,003,00E040,1.000000000000,census_block_relationship_count
003,00E045,003,00E045,1.000000000000,census_block_relationship_count
003,00E050,003,00E050,1.000000000000,census_block_relationship_count
003,00E055,003,00E055,0.750000000000,census_block_relationship_count
003,00E055,003,00E125,0.250000000000,census_block_relationship_count
003,00E060,003,00E060,0.937500000000,census_block_relationship_count
003,00E060,003,00E070,0.062500000000,census_block_relationship_count
003,00E065,003,00E065,1.000000000000,census_block_relationship_count
003,00E070,003,00E070,1.000000000000,census_block_relationship_count
003,00E075,003,00E075,1.000000000000,census_block_relationship_count
003,00E080,003,00E080,1.000000000000,census_block_relationship_count
003,00E085,003,00E085,1.000000000000,census_block_relationship_count
003,00E090,003,00E090,1.000000000000,census_block_relationship_count
003,00E100,003,00E100,1.000000000000,census_block_relationship_count
003,00E105,003,00E105,1.000000000000,census_block_relationship_count
003,00E110,003,00E110,1.000000000000,census_block_relationship_count
003,00E115,003,00E115,1.000000000000,census_block_relationship_count
003,00E120,003,00E120,1.000000000000,census_block_relationship_count
003,00E125,003,00E125,1.000000000000,census_block_relationship_count
003,00E130,003,00E130,1.000000000000,census_block_relationship_count
003,00E135,003,005683,0.032113269919,census_block_relationship_count
003,00E135,003,00E130,0.027777777778,census_block_relationship_count
003,00E135,003,00E135,0.940108952303,census_block_relationship_count
003,00E140,003,00E140,1.000000000000,census_block_relationship_count
003,00E145,003,00E045,0.066666666667,census_block_relationship_count
003,00E145,003,00E145,0.933333333333,census_block_relationship_count
003,00E151,003,00E151,1.000000000000,census_block_relationship_count
003,00E181,003,003580,0.016393442623,census_block_relationship_count
003,00E181,003,003880,0.016573304320,census_block_relationship_count
003,00E181,003,00E181,0.967033253057,census_block_relationship_count
003,00E190,003,00E190,1.000000000000,census_block_relationship_count
003,00E200,003,00E181,0.002532669467,census_block_relationship_count
003,00E200,003,00E200,0.997467330533,census_block_relationship_count
003,00E210,003,00E210,1.000000000000,census_block_relationship_count
003,00E220,003,00E220,0.991815490986,census_block_relationship_count
003,00E220,003,00F740,0.008184509014,census_block_relationship_count
003,00E230,003,00E230,0.999172586919,census_block_relationship_count
003,00E230,003,00F740,0.000827413081,census_block_relationship_count
003,00E260,003,003950,0.001994564679,census_block_relationship_count
003,00E260,003,00E260,0.998005435321,census_block_relationship_count
003,00E270,003,00E270,1.000000000000,census_block_relationship_count
003,00E280,003,003990,0.000176921335,census_block_relationship_count
003,00E280,003,00E270,0.050000000000,census_block_relationship_count
003,00E280,003,00E280,0.949823078665,census_block_relationship_count
003,00E290,003,00E290,1.000000000000,census_block_relationship_count
003,00E300,003,00E334,1.000000000000,census_block_relationship_count
003,00E310,003,00E331,0.050000000000,census_block_relationship_count
003,00E310,003,00E333,0.800000000000,census_block_relationship_count
003,00E310,003,00E334,0.150000000000,census_block_relationship_count
003,00E320,003,00E300,0.609756097561,census_block_relationship_count
003,00E320,003,00E310,0.170731707317,census_block_relationship_count
003,00E320,003,00E331,0.121951219512,census_block_relationship_count
003,00E320,003,00E334,0.097560975610,census_block_relationship_count
003,00E330,003,00E310,0.392857142855,census_block_relationship_count
003,00E330,003,00E320,0.285714285715,census_block_relationship_count
003,00E330,003,00E331,0.321428571430,census_block_relationship_count
003,00E331,003,00E320,0.736842105263,census_block_relationship_count
003,00E331,003,00E330,0.263157894737,census_block_relationship_count
003,00E332,003,00E330,0.269230769231,census_block_relationship_count
003,00E332,003,00E331,0.307692307692,census_block_relationship_count
003,00E332,003,00E332,0.423076923077,census_block_relationship_count
003,00E333,003,00E332,0.800000000000,census_block_relationship_count
003,00E333,003,00E333,0.200000000000,census_block_relationship_count
003,00E334,003,00E333,1.000000000000,census_block_relationship_count
003,00E342,003,000930,0.020833333333,census_block_relationship_count
003,00E342,003,001302,0.000008676223,census_block_relationship_count
003,00E342,003,00E342,0.979157990444,census_block_relationship_count
003,00E346,003,00E346,1.000000000000,census_block_relationship_count
003,00E351,003,00E351,1.000000000000,census_block_relationship_count
003,00E356,003,00E356,1.000000000000,census_block_relationship_count
003,00E361,003,00E351,0.090909090909,census_block_relationship_count
003,00E361,003,00E361,0.909090909091,census_block_relationship_count
003,00E366,003,005091,0.000136467937,census_block_relationship_count
003,00E366,003,00E366,0.999863532063,census_block_relationship_count
003,00E371,003,00E371,1.000000000000,census_block_relationship_count
003,00E376,003,00E366,0.095238095238,census_block_relationship_count
003,00E376,003,00E376,0.904761904762,census_block_relationship_count
003,00E381,003,00E381,1.000000000000,census_block_relationship_count
003,00E425,003,00E425,0.947368421053,census_block_relationship_count
003,00E425,003,00E435,0.052631578947,census_block_relationship_count
003,00E435,003,00E435,1.000000000000,census_block_relationship_count
003,00E445,003,00E445,1.000000000000,census_block_relationship_count
003,00E455,003,00E455,1.000000000000,census_block_relationship_count
003,00E465,003,00E465,1.000000000000,census_block_relationship_count
003,00E475,003,00E475,1.000000000000,census_block_relationship_count
003,00E485,003,00E485,1.000000000000,census_block_relationship_count
003,00E495,003,00E495,1.000000000000,census_block_relationship_count
003,00E505,003,00E505,1.000000000000,census_block_relationship_count
003,00E515,003,00E515,1.000000000000,census_block_relationship_count
003,00E525,003,00E525,1.000000000000,census_block_relationship_count
003,00E535,003,00E535,1.000000000000,census_block_relationship_count
003,00E545,003,00E545,1.000000000000,census_block_relationship_count
003,00E555,003,00E555,1.000000000000,census_block_relationship_count
003,00E565,003,00E565,1.000000000000,census_block_relationship_count
003,00E575,003,00E575,1.000000000000,census_block_relationship_count
003,00E585,003,00E585,0.900000000000,census_block_relationship_count
003,00E585,003,00E695,0.100000000000,census_block_relationship_count
003,00E595,003,00E595,1.000000000000,census_block_relationship_count
003,00E605,003,00E605,1.000000000000,census_block_relationship_count
003,00E615,003,00E615,1.000000000000,census_block_relationship_count
003,00E625,003,00E625,1.000000000000,census_block_relationship_count
003,00E635,003,00E615,0.047619047619,census_block_relationship_count
003,00E635,003,00E635,0.952380952381,census_block_relationship_count
003,00E645,003,00E635,0.058823529412,census_block_relationship_count
003,00E645,003,00E645,0.941176470588,census_block_relationship_count
003,00E655,003,00C790,0.003327868894,census_block_relationship_count
003,00E655,003,00E655,0.996672131106,census_block_relationship_count
003,00E665,003,00C810,0.003660122365,census_block_relationship_count
003,00E665,003,00E665,0.996339877635,census_block_relationship_count
003,00E675,003,00E675,1.000000000000,census_block_relationship_count
003,00E685,003,00E685,1.000000000000,census_block_relationship_count
003,00E695,003,00E695,0.933333333333,census_block_relationship_count
003,00E695,003,00E705,0.066666666667,census_block_relationship_count
003,00E705,003,00E705,1.000000000000,census_block_relationship_count
003,00E715,003,00E715,1.000000000000,census_block_relationship_count
003,00E725,003,00E725,1.000000000000,census_block_relationship_count
003,00E735,003,00E735,1.000000000000,census_block_relationship_count
003,00E745,003,00E745,1.000000000000,census_block_relationship_count
003,00E770,003,00E770,1.000000000000,census_block_relationship_count
003,00E780,003,00E780,0.971428571429,census_block_relationship_count
003,00E780,003,00E791,0.028571428571,census_block_relationship_count
003,00E791,003,000950,0.005484217841,census_block_relationship_count
003,00E791,003,00E791,0.994515782159,census_block_relationship_count
003,00E810,003,00E810,1.000000000000,census_block_relationship_count
003,00E815,003,00E815,1.000000000000,census_block_relationship_count
003,00E841,003,00E841,1.000000000000,census_block_relationship_count
003,00E850,003,00E850,1.000000000000,census_block_relationship_count
003,00E870,003,00E870,1.000000000000,census_block_relationship_count
003,00E880,003,00E880,1.000000000000,census_block_relationship_count
003,00E891,003,001322,0.045052765804,census_block_relationship_count
003,00E891,003,00E815,0.037037037037,census_block_relationship_count
003,00E891,003,00E891,0.917910197160,census_block_relationship_count
003,00E901,003,00E901,1.000000000000,census_block_relationship_count
003,00E931,003,00E931,1.000000000000,census_block_relationship_count
003,00E940,003,00E940,1.000000000000,census_block_relationship_count
003,00E950,003,00E950,1.000000000000,census_block_relationship_count
003,00E960,003,00E901,0.066666666667,census_block_relationship_count
003,00E960,003,00E960,0.933333333333,census_block_relationship_count
003,00E970,003,004400,0.000839225217,census_block_relationship_count
003,00E970,003,00E970,0.999160774783,census_block_relationship_count
003,00E980,003,00E980,1.000000000000,census_block_relationship_count
003,00E990,003,00E990,1.000000000000,census_block_relationship_count
003,00F000,003,00F000,1.000000000000,census_block_relationship_count
003,00F010,003,00F010,1.000000000000,census_block_relationship_count
003,00F020,003,00F020,1.000000000000,census_block_relationship_count
003,00F030,003,00F030,1.000000000000,census_block_relationship_count
003,00F041,003,00F041,1.000000000000,census_block_relationship_count
003,00F060,003,000010,0.000376917843,census_block_relationship_count
003,00F060,003,00F060,0.999623082157,census_block_relationship_count
003,00F070,003,005378,0.026578553466,census_block_relationship_count
003,00F070,003,00F070,0.973421446534,census_block_relationship_count
003,00F080,003,00F080,1.000000000000,census_block_relationship_count
003,00F090,003,002111,0.062500000000,census_block_relationship_count
003,00F090,003,00F090,0.937500000000,census_block_relationship_count
003,00F100,003,00F100,1.000000000000,census_block_relationship_count
003,00F101,003,00F101,1.000000000000,census_block_relationship_count
003,00F102,003,00F090,0.090909090909,census_block_relationship_count
003,00F102,003,00F102,0.909090909091,census_block_relationship_count
003,00F110,003,00F110,1.000000000000,census_block_relationship_count
003,00F120,003,00F120,1.000000000000,census_block_relationship_count
003,00F130,003,00F130,1.000000000000,census_block_relationship_count
003,00F140,003,00F140,1.000000000000,census_block_relationship_count
003,00F141,003,00F141,1.000000000000,census_block_relationship_count
003,00F142,003,00F150,1.000000000000,census_block_relationship_count
003,00F160,003,00F160,1.000000000000,census_block_relationship_count
003,00F170,003,00F170,1.000000000000,census_block_relationship_count
003,00F171,003,00F171,1.000000000000,census_block_relationship_count
003,00F172,003,00F172,1.000000000000,census_block_relationship_count
003,00F180,003,00F180,1.000000000000,census_block_relationship_count
003,00F190,003,00F190,1.000000000000,census_block_relationship_count
003,00F200,003,00F200,1.000000000000,census_block_relationship_count
003,00F201,003,00F201,1.000000000000,census_block_relationship_count
003,00F202,003,00F202,1.000000000000,census_block_relationship_count
003,00F210,003,00F210,1.000000000000,census_block_relationship_count
003,00F220,003,00F220,1.000000000000,census_block_relationship_count
003,00F230,003,00F230,1.000000000000,census_block_relationship_count
003,00F240,003,00F110,0.125000000000,census_block_relationship_count
003,00F240,003,00F240,0.875000000000,census_block_relationship_count
003,00F241,003,00F241,1.000000000000,census_block_relationship_count
003,00F250,003,00F250,1.000000000000,census_block_relationship_count
003,00F260,003,00F260,1.000000000000,census_block_relationship_count
003,00F270,003,00F270,1.000000000000,census_block_relationship_count
003,00F280,003,00F280,1.000000000000,census_block_relationship_count
003,00F281,003,002576,0.001841947883,census_block_relationship_count
003,00F281,003,00F281,0.998158052117,census_block_relationship_count
003,00F290,003,00F290,0.996638655465,census_block_relationship_count
003,00F290,003,00F331,0.003361344535,census_block_relationship_count
003,00F300,003,00F300,1.000000000000,census_block_relationship_count
003,00F310,003,00F310,1.000000000000,census_block_relationship_count
003,00F320,003,00F150,0.002518615967,census_block_relationship_count
003,00F320,003,00F320,0.997481384033,census_block_relationship_count
003,00F331,003,002131,0.091383716809,census_block_relationship_count
003,00F331,003,005230,0.008667301761,census_block_relationship_count
003,00F331,003,00F290,0.009189841096,census_block_relationship_count
003,00F331,003,00F331,0.890759140334,census_block_relationship_count
003,00F351,003,00F351,1.000000000000,census_block_relationship_count
003,00F371,003,00F371,1.000000000000,census_block_relationship_count
003,00F391,003,00F392,1.000000000000,census_block_relationship_count
003,00F401,003,00F395,1.000000000000,census_block_relationship_count
003,00F411,003,00F398,0.842105263157,census_block_relationship_count
003,00F411,003,00F399,0.157894736843,census_block_relationship_count
003,00F421,003,00F405,1.000000000000,census_block_relationship_count
003,00F431,003,00F398,0.021276595745,census_block_relationship_count
003,00F431,003,00F409,0.872340425532,census_block_relationship_count
003,00F431,003,00F412,0.106382978723,census_block_relationship_count
003,00F441,003,00F415,1.000000000000,census_block_relationship_count
003,00F442,003,00F435,1.000000000000,census_block_relationship_count
003,00F460,003,00F462,0.075062182696,census_block_relationship_count
003,00F460,003,00F464,0.842783806281,census_block_relationship_count
003,00F460,003,00F520,0.037037037037,census_block_relationship_count
003,00F460,003,00F526,0.045116973985,census_block_relationship_count
003,00F470,003,00F470,1.000000000000,census_block_relationship_count
003,00F480,003,00F480,0.999308740885,census_block_relationship_count
003,00F480,003,00F528,0.000691259115,census_block_relationship_count
003,00F490,003,00F490,1.000000000000,census_block_relationship_count
003,00F500,003,00F500,0.926955878600,census_block_relationship_count
003,00F500,003,00F522,0.073044121400,census_block_relationship_count
003,00F510,003,00F510,0.904761904762,census_block_relationship_count
003,00F510,003,00F529,0.095238095238,census_block_relationship_count
003,00F520,003,00F520,1.000000000000,census_block_relationship_count
003,00F522,003,00F522,0.957438541912,census_block_relationship_count
003,00F522,003,00F524,0.042561458088,census_block_relationship_count
003,00F524,003,00F524,1.000000000000,census_block_relationship_count
003,00F526,003,00F464,0.083333333333,census_block_relationship_count
003,00F526,003,00F526,0.916666666667,census_block_relationship_count
003,00F528,003,00F490,0.025107536996,census_block_relationship_count
003,00F528,003,00F528,0.974892463004,census_block_relationship_count
003,00F529,003,00F529,1.000000000000,census_block_relationship_count
003,00F530,003,00F530,1.000000000000,census_block_relationship_count
003,00F561,003,00F561,1.000000000000,census_block_relationship_count
003,00F570,003,00F570,1.000000000000,census_block_relationship_count
003,00F580,003,00F580,1.000000000000,census_block_relationship_count
003,00F585,003,00F585,1.000000000000,census_block_relationship_count
003,00F600,003,00F600,1.000000000000,census_block_relationship_count
003,00F610,003,00F610,1.000000000000,census_block_relationship_count
003,00F620,003,00F620,1.000000000000,census_block_relationship_count
003,00F630,003,00F630,1.000000000000,census_block_relationship_count
003,00F641,003,00F641,1.000000000000,census_block_relationship_count
003,00F661,003,00F661,1.000000000000,census_block_relationship_count
003,00F680,003,00F680,1.000000000000,census_block_relationship_count
003,00F690,003,00F690,1.000000000000,census_block_relationship_count
003,00F700,003,00F700,1.000000000000,census_block_relationship_count
003,00F710,003,00F710,1.000000000000,census_block_relationship_count
003,00F720,003,00F720,1.000000000000,census_block_relationship_count
003,00F730,003,00F730,1.000000000000,census_block_relationship_count
003,00F740,003,00F740,1.000000000000,census_block_relationship_count
003,00F750,003,00F750,1.000000000000,census_block_relationship_count
003,00F760,003,00F760,0.969696969697,census_block_relationship_count
003,00F760,003,00F810,0.030303030303,census_block_relationship_count
003,00F770,003,00F770,1.000000000000,census_block_relationship_count
003,00F780,003,001921,0.051900772542,census_block_relationship_count
003,00F780,003,00F780,0.948099227458,census_block_relationship_count
003,00F790,003,00F790,1.000000000000,census_block_relationship_count
003,00F800,003,00F800,1.000000000000,census_block_relationship_count
003,00F810,003,00F810,1.000000000000,census_block_relationship_count
003,00F820,003,00F820,1.000000000000,census_block_relationship_count
003,00F830,003,00F830,1.000000000000,census_block_relationship_count
003,00F840,003,00F810,0.029411764706,census_block_relationship_count
003,00F840,003,00F840,0.970588235294,census_block_relationship_count
003,00F891,003,00F891,1.000000000000,census_block_relationship_count
003,00F900,003,00F900,1.000000000000,census_block_relationship_count
003,00F921,003,00F921,1.000000000000,census_block_relationship_count
003,00F940,003,00F940,1.000000000000,census_block_relationship_count
003,00F950,003,002170,0.000001452735,census_block_relationship_count
003,00F950,003,00F891,0.019607843137,census_block_relationship_count
003,00F950,003,00F950,0.980390704127,census_block_relationship_count
003,00F960,003,00E342,0.055555555556,census_block_relationship_count
003,00F960,003,00F960,0.944444444444,census_block_relationship_count
003,00F970,003,00F970,1.000000000000,census_block_relationship_count
003,00F981,003,00F981,1.000000000000,census_block_relationship_count
003,00G000,003,00G000,1.000000000000,census_block_relationship_count
003,00G011,003,00G011,1.000000000000,census_block_relationship_count
003,00G030,003,00G030,1.000000000000,census_block_relationship_count
003,00G041,003,00G011,0.020833333333,census_block_relationship_count
003,00G041,003,00G041,0.979166666667,census_block_relationship_count
003,00G060,003,00G060,1.000000000000,census_block_relationship_count
003,00G070,003,00G070,1.000000000000,census_block_relationship_count
003,00G080,003,00G080,0.700000000000,census_block_relationship_count
003,00G080,003,00G150,0.300000000000,census_block_relationship_count
003,00G081,003,00G081,0.851154172783,census_block_relationship_count
003,00G081,003,00G110,0.142339544511,census_block_relationship_count
003,00G081,003,00G111,0.006506282706,census_block_relationship_count
003,00G082,003,00G081,0.088507787689,census_block_relationship_count
003,00G082,003,00G082,0.911492212311,census_block_relationship_count
003,00G090,003,00G090,0.869565217391,census_block_relationship_count
003,00G090,003,00G120,0.130434782609,census_block_relationship_count
003,00G100,003,00G100,1.000000000000,census_block_relationship_count
003,00G110,003,00G110,1.000000000000,census_block_relationship_count
003,00G111,003,00G081,0.024487465389,census_block_relationship_count
003,00G111,003,00G111,0.975512534611,census_block_relationship_count
003,00G120,003,000486,0.000013908524,census_block_relationship_count
003,00G120,003,000571,0.000028024764,census_block_relationship_count
003,00G120,003,00G120,0.999958066712,census_block_relationship_count
003,00G130,003,000486,0.058939766541,census_block_relationship_count
003,00G130,003,00G130,0.919584004653,census_block_relationship_count
003,00G130,003,00G190,0.021476228806,census_block_relationship_count
003,00G140,003,00G140,0.789473684211,census_block_relationship_count
003,00G140,003,00G171,0.210526315789,census_block_relationship_count
003,00G150,003,00G150,1.000000000000,census_block_relationship_count
003,00G160,003,00G160,1.000000000000,census_block_relationship_count
003,00G170,003,00G170,1.000000000000,census_block_relationship_count
003,00G171,003,00G150,0.040004403088,census_block_relationship_count
003,00G171,003,00G171,0.959995596912,census_block_relationship_count
003,00G180,003,00G180,1.000000000000,census_block_relationship_count
003,00G190,003,00G130,0.016853058500,census_block_relationship_count
003,00G190,003,00G190,0.983146941500,census_block_relationship_count
003,00G200,003,00G200,1.000000000000,census_block_relationship_count
003,00G210,003,005710,0.000182078324,census_block_relationship_count
003,00G210,003,00G210,0.999817921676,census_block_relationship_count
003,00G220,003,005710,0.038740766180,census_block_relationship_count
003,00G220,003,00G220,0.961259233820,census_block_relationship_count
003,00G230,003,00G230,1.000000000000,census_block_relationship_count
003,00G240,003,00G240,1.000000000000,census_block_relationship_count
003,00G250,003,003930,0.000132966744,census_block_relationship_count
003,00G250,003,00G250,0.999867033256,census_block_relationship_count
003,00G260,003,00G260,1.000000000000,census_block_relationship_count
003,00G271,003,00G271,1.000000000000,census_block_relationship_count
003,00G281,003,00G281,1.000000000000,census_block_relationship_count
003,00G291,003,00G291,1.000000000000,census_block_relationship_count
003,00G301,003,00G301,1.000000000000,census_block_relationship_count
003,00G311,003,00G311,1.000000000000,census_block_relationship_count
003,00G320,003,00G320,1.000000000000,census_block_relationship_count
003,00G323,003,00G323,1.000000000000,census_block_relationship_count
003,00G325,003,00G325,1.000000000000,census_block_relationship_count
003,00G330,003,003010,0.016266787385,census_block_relationship_count
003,00G330,003,003051,0.006410256410,census_block_relationship_count
003,00G330,003,00G330,0.977322956204,census_block_relationship_count
003,00G341,003,00G341,1.000000000000,census_block_relationship_count
003,00G360,003,00G360,1.000000000000,census_block_relationship_count
003,00G370,003,00G370,1.000000000000,census_block_relationship_count
003,00G380,003,00G380,0.972972972973,census_block_relationship_count
003,00G380,003,00G390,0.027027027027,census_block_relationship_count
003,00G390,003,00G390,1.000000000000,census_block_relationship_count
003,00G400,003,00G400,1.000000000000,census_block_relationship_count
003,00G410,003,00G410,1.000000000000,census_block_relationship_count
003,00G420,003,00G420,1.000000000000,census_block_relationship_count
003,00G430,003,00G430,1.000000000000,census_block_relationship_count
003,00G440,003,00G440,1.000000000000,census_block_relationship_count
003,00G450,003,00G450,1.000000000000,census_block_relationship_count
003,00G460,003,001750,0.002669887626,census_block_relationship_count
003,00G460,003,00G460,0.997330112374,census_block_relationship_count
003,00G470,003,00G470,1.000000000000,census_block_relationship_count
003,00G480,003,00D790,0.023267258421,census_block_relationship_count
003,00G480,003,00G480,0.976732741579,census_block_relationship_count
003,00G490,003,00G490,1.000000000000,census_block_relationship_count
003,00G500,003,00G500,1.000000000000,census_block_relationship_count
003,00G510,003,00G510,1.000000000000,census_block_relationship_count
003,00G520,003,00G520,1.000000000000,census_block_relationship_count
003,00G530,003,003021,0.000853840817,census_block_relationship_count
003,00G530,003,003080,0.000261949100,census_block_relationship_count
003,00G530,003,00E020,0.015384615385,census_block_relationship_count
003,00G530,003,00G530,0.983499594698,census_block_relationship_count
003,00G540,003,00G540,1.000000000000,census_block_relationship_count
003,00G550,003,00G500,0.072290088457,census_block_relationship_count
003,00G550,003,00G550,0.927709911543,census_block_relationship_count
003,00G560,003,00G560,1.000000000000,census_block_relationship_count
003,00G570,003,00G570,1.000000000000,census_block_relationship_count
003,00G580,003,00G580,1.000000000000,census_block_relationship_count
003,00G590,003,00G590,1.000000000000,census_block_relationship_count
003,00G600,003,00G600,1.000000000000,census_block_relationship_count
003,00G611,003,00G611,0.891583693555,census_block_relationship_count
003,00G611,003,00G645,0.108416306445,census_block_relationship_count
003,00G621,003,00G621,1.000000000000,census_block_relationship_count
003,00G630,003,00G630,1.000000000000,census_block_relationship_count
003,00G640,003,00G640,1.000000000000,census_block_relationship_count
003,00G645,003,00G645,1.000000000000,census_block_relationship_count
003,00G650,003,00G650,1.000000000000,census_block_relationship_count
003,00G660,003,00G660,1.000000000000,census_block_relationship_count
003,00G670,003,00G670,1.000000000000,census_block_relationship_count
003,00G680,003,00G680,1.000000000000,census_block_relationship_count
003,00G690,003,00G690,1.000000000000,census_block_relationship_count
003,00G700,003,00G700,0.999917189581,census_block_relationship_count
003,00G700,003,00G730,0.000082810419,census_block_relationship_count
003,00G710,003,00G710,1.000000000000,census_block_relationship_count
003,00G720,003,00G720,1.000000000000,census_block_relationship_count
003,00G730,003,003941,0.031250000000,census_block_relationship_count
003,00G730,003,00G730,0.968750000000,census_block_relationship_count
003,00G740,003,00G740,1.000000000000,census_block_relationship_count
003,00G750,003,00G750,1.000000000000,census_block_relationship_count
003,00G760,003,00G760,1.000000000000,census_block_relationship_count
003,00G770,003,00G770,1.000000000000,census_block_relationship_count
003,00G780,003,00G780,1.000000000000,census_block_relationship_count
003,00G790,003,00G790,1.000000000000,census_block_relationship_count
003,00G800,003,00G800,1.000000000000,census_block_relationship_count
003,00G810,003,00G810,1.000000000000,census_block_relationship_count
003,00G820,003,00G820,1.000000000000,census_block_relationship_count
003,00G830,003,00G830,1.000000000000,census_block_relationship_count
003,00G840,003,00G840,1.000000000000,census_block_relationship_count
003,00G850,003,00G850,1.000000000000,census_block_relationship_count
003,00G852,003,00G852,1.000000000000,census_block_relationship_count
003,00G854,003,00G854,1.000000000000,census_block_relationship_count
003,00G856,003,00G854,0.000137610333,census_block_relationship_count
003,00G856,003,00G856,0.999862389667,census_block_relationship_count
003,00G858,003,00G858,1.000000000000,census_block_relationship_count
003,00G860,003,00G041,0.043478260869,census_block_relationship_count
003,00G860,003,00G860,0.956521739131,census_block_relationship_count
003,00G871,003,001140,0.060193968112,census_block_relationship_count
003,00G871,003,00G871,0.939806031888,census_block_relationship_count
003,00G881,003,00G881,0.939393939394,census_block_relationship_count
003,00G881,003,00G891,0.060606060606,census_block_relationship_count
003,00G891,003,00G891,1.000000000000,census_block_relationship_count
003,00G901,003,00G891,0.083333333333,census_block_relationship_count
003,00G901,003,00G901,0.916666666667,census_block_relationship_count
003,00G910,003,00G910,1.000000000000,census_block_relationship_count
003,00G920,003,00G920,1.000000000000,census_block_relationship_count
003,00G931,003,00G931,1.000000000000,census_block_relationship_count
003,00G940,003,00G940,1.000000000000,census_block_relationship_count
003,00G951,003,00G951,1.000000000000,census_block_relationship_count
003,00G960,003,00G960,1.000000000000,census_block_relationship_count
003,00G970,003,00G970,1.000000000000,census_block_relationship_count
003,00G981,003,00G981,1.000000000000,census_block_relationship_count
003,00G991,003,00G991,0.999458615576,census_block_relationship_count
003,00G991,003,00H021,0.000541384424,census_block_relationship_count
003,00H011,003,00H011,1.000000000000,census_block_relationship_count
003,00H021,003,00G991,0.041666666667,census_block_relationship_count
003,00H021,003,00H021,0.958333333333,census_block_relationship_count
003,00H031,003,00H031,1.000000000000,census_block_relationship_count
003,00H051,003,00H051,1.000000000000,census_block_relationship_count
003,00H070,003,00H070,1.000000000000,census_block_relationship_count
003,00H080,003,00H080,1.000000000000,census_block_relationship_count
003,00H091,003,00H091,1.000000000000,census_block_relationship_count
003,00H101,003,00H101,1.000000000000,census_block_relationship_count
003,00H111,003,00H111,1.000000000000,census_block_relationship_count
003,00H121,003,00H111,0.043478260870,census_block_relationship_count
003,00H121,003,00H121,0.956521739130,census_block_relationship_count
003,00H135,003,00H135,1.000000000000,census_block_relationship_count
003,00H155,003,00H155,1.000000000000,census_block_relationship_count
003,PN1190,003,005808,1.000000000000,census_block_relationship_count
003,PR1310,003,003233,0.909090909091,census_block_relationship_count
003,PR1310,003,003238,0.090909090909,census_block_relationship_count
003,PR1311,003,003221,0.981743235683,census_block_relationship_count
003,PR1311,003,003238,0.018256764317,census_block_relationship_count
003,PR1312,003,005386,1.000000000000,census_block_relationship_count
003,PR1318,003,00F437,1.000000000000,census_block_relationship_count
003,PR1319,003,001282,0.105978601696,census_block_relationship_count
003,PR1319,003,005060,0.000164982388,census_block_relationship_count
003,PR1319,003,00F417,0.893856415917,census_block_relationship_count
003,PR1320,003,00F445,1.000000000000,census_block_relationship_count
003,PR1321,003,00F427,1.000000000000,census_block_relationship_count
003,PR1330,003,00F425,0.857142857143,census_block_relationship_count
003,PR1330,003,00F437,0.142857142857,census_block_relationship_count
005,000010,005,000015,1.000000000000,census_block_relationship_count
005,000020,005,000015,1.000000000000,census_block_relationship_count
005,000030,005,000030,1.000000000000,census_block_relationship_count
005,000040,005,000040,1.000000000000,census_block_relationship_count
005,000050,005,000050,1.000000000000,census_block_relationship_count
005,000060,005,000060,1.000000000000,census_block_relationship_count
005,000070,005,000075,1.000000000000,census_block_relationship_count
005,000080,005,000075,1.000000000000,census_block_relationship_count
005,000090,005,000090,1.000000000000,census_block_relationship_count
005,000100,005,000100,1.000000000000,census_block_relationship_count
005,000110,005,000112,0.963768115942,census_block_relationship_count
005,000110,005,000130,0.036231884058,census_block_relationship_count
005,000120,005,000112,1.000000000000,census_block_relationship_count
005,000130,005,000112,0.052511449213,census_block_relationship_count
005,000130,005,000130,0.947488550787,census_block_relationship_count
005,000140,005,000140,1.000000000000,census_block_relationship_count
005,000150,005,000150,1.000000000000,census_block_relationship_count
005,000160,005,000160,1.000000000000,census_block_relationship_count
005,000170,005,000170,1.000000000000,census_block_relationship_count
005,000180,005,000180,1.000000000000,census_block_relationship_count
005,000190,005,000192,1.000000000000,census_block_relationship_count
005,000200,005,000202,1.000000000000,census_block_relationship_count
005,000210,005,000192,1.000000000000,census_block_relationship_count
005,000220,005,000202,1.000000000000,census_block_relationship_count
005,000230,005,000230,1.000000000000,census_block_relationship_count
005,000240,005,000242,1.000000000000,census_block_relationship_count
005,000250,005,000242,1.000000000000,census_block_relationship_count
005,000260,005,000265,1.000000000000,census_block_relationship_count
005,000270,005,000270,1.000000000000,census_block_relationship_count
005,000280,005,000265,1.000000000000,census_block_relationship_count
005,000290,005,000290,1.000000000000,census_block_relationship_count
005,000300,005,000300,1.000000000000,census_block_relationship_count
005,000310,005,000310,1.000000000000,census_block_relationship_count
005,000320,005,000320,1.000000000000,census_block_relationship_count
005,000330,005,000330,1.000000000000,census_block_relationship_count
005,000340,005,000340,1.000000000000,census_block_relationship_count
005,000350,005,000350,1.000000000000,census_block_relationship_count
005,000360,005,000360,1.000000000000,census_block_relationship_count
005,000370,005,000370,1.000000000000,census_block_relationship_count
005,000380,005,000380,1.000000000000,census_block_relationship_count
005,000390,005,000392,1.000000000000,census_block_relationship_count
005,000400,005,000392,1.000000000000,census_block_relationship_count
005,000410,005,000410,1.000000000000,census_block_relationship_count
005,000420,005,000425,1.000000000000,census_block_relationship_count
005,000430,005,000425,1.000000000000,census_block_relationship_count
005,000440,005,000440,1.000000000000,census_block_relationship_count
005,000450,005,000450,1.000000000000,census_block_relationship_count
005,000460,005,000460,1.000000000000,census_block_relationship_count
005,000470,005,000470,1.000000000000,census_block_relationship_count
005,000480,005,000480,1.000000000000,census_block_relationship_count
005,000490,005,000490,1.000000000000,census_block_relationship_count
005,000500,005,000500,1.000000000000,census_block_relationship_count
005,000510,005,000510,1.000000000000,census_block_relationship_count
005,000520,005,000520,1.000000000000,census_block_relationship_count
005,000530,005,000532,1.000000000000,census_block_relationship_count
005,000540,005,000532,1.000000000000,census_block_relationship_count
005,000550,005,000265,0.000259257871,census_block_relationship_count
005,000550,005,000550,0.999740742129,census_block_relationship_count
005,000560,005,000560,1.000000000000,census_block_relationship_count
005,000570,005,000570,1.000000000000,census_block_relationship_count
005,000580,005,000580,1.000000000000,census_block_relationship_count
005,000590,005,000590,1.000000000000,census_block_relationship_count
005,000600,005,000605,1.000000000000,census_block_relationship_count
005,000610,005,000605,1.000000000000,census_block_relationship_count
005,000620,005,000620,1.000000000000,census_block_relationship_count
005,000630,005,000630,1.000000000000,census_block_relationship_count
005,000640,005,000640,1.000000000000,census_block_relationship_count
005,000650,005,000650,1.000000000000,census_block_relationship_count
005,000660,005,000660,1.000000000000,census_block_relationship_count
005,000670,005,000670,1.000000000000,census_block_relationship_count
005,000680,005,000680,1.000000000000,census_block_relationship_count
005,000690,005,000695,1.000000000000,census_block_relationship_count
005,000700,005,000695,1.000000000000,census_block_relationship_count
005,000710,005,000710,1.000000000000,census_block_relationship_count
005,000720,005,000720,1.000000000000,census_block_relationship_count
005,000730,005,000730,1.000000000000,census_block_relationship_count
005,000740,005,000740,1.000000000000,census_block_relationship_count
005,000760,005,000500,0.666666666667,census_block_relationship_count
005,000760,005,000660,0.333333333333,census_block_relationship_count
007,000005,007,000005,1.000000000000,census_block_relationship_count
007,000015,007,000015,1.000000000000,census_block_relationship_count
007,000016,007,000015,0.453913039436,census_block_relationship_count
007,000016,007,000036,0.546086960564,census_block_relationship_count
007,000026,007,000015,0.187500000000,census_block_relationship_count
007,000026,007,000026,0.441432735834,census_block_relationship_count
007,000026,007,000036,0.031250000000,census_block_relationship_count
007,000026,007,000095,0.339817264166,census_block_relationship_count
007,000036,007,000036,1.000000000000,census_block_relationship_count
007,000045,007,000045,0.699323504694,census_block_relationship_count
007,000045,007,000055,0.166666666667,census_block_relationship_count
007,000045,007,000095,0.134009828639,census_block_relationship_count
007,000055,007,000055,0.938775510204,census_block_relationship_count
007,000055,007,000095,0.061224489796,census_block_relationship_count
007,000056,007,000036,0.375000000000,census_block_relationship_count
007,000056,007,000055,0.073090719512,census_block_relationship_count
007,000056,007,000095,0.551909280487,census_block_relationship_count
007,000065,007,000065,1.000000000000,census_block_relationship_count
007,000075,007,000055,0.025000000000,census_block_relationship_count
007,000075,007,000065,0.025000000000,census_block_relationship_count
007,000075,007,000075,0.950000000000,census_block_relationship_count
007,000155,007,000155,1.000000000000,census_block_relationship_count
007,000165,007,000165,1.000000000000,census_block_relationship_count
007,000175,007,000175,1.000000000000,census_block_relationship_count
007,000185,007,000185,1.000000000000,census_block_relationship_count
007,000195,007,000185,0.032786885246,census_block_relationship_count
007,000195,007,000195,0.967213114754,census_block_relationship_count
007,000250,007,000250,1.000000000000,census_block_relationship_count
007,000265,007,000265,1.000000000000,census_block_relationship_count
007,000275,007,000275,1.000000000000,census_block_relationship_count
007,000290,007,000290,1.000000000000,census_block_relationship_count
007,000300,007,000300,1.000000000000,census_block_relationship_count
007,000310,007,000300,0.013888888889,census_block_relationship_count
007,000310,007,000310,0.986111111111,census_block_relationship_count
007,000325,007,000325,1.000000000000,census_block_relationship_count
007,000335,007,000335,1.000000000000,census_block_relationship_count
007,000345,007,000345,1.000000000000,census_block_relationship_count
007,000355,007,000355,1.000000000000,census_block_relationship_count
007,000365,007,000365,1.000000000000,census_block_relationship_count
007,000375,007,000375,1.000000000000,census_block_relationship_count
007,000405,007,000405,1.000000000000,census_block_relationship_count
007,000420,007,000420,1.000000000000,census_block_relationship_count
007,000435,007,000435,0.999952794379,census_block_relationship_count
007,000435,007,001360,0.000047205621,census_block_relationship_count
007,000440,007,000440,1.000000000000,census_block_relationship_count
007,000450,007,000450,1.000000000000,census_block_relationship_count
007,000460,007,000460,1.000000000000,census_block_relationship_count
007,000465,007,000465,0.999742237169,census_block_relationship_count
007,000465,007,001360,0.000257762831,census_block_relationship_count
007,000490,007,000490,0.878048780488,census_block_relationship_count
007,000490,007,000520,0.121951219512,census_block_relationship_count
007,000500,007,000500,1.000000000000,census_block_relationship_count
007,000510,007,000510,1.000000000000,census_block_relationship_count
007,000520,007,000520,1.000000000000,census_block_relationship_count
007,000530,007,000530,1.000000000000,census_block_relationship_count
007,000540,007,000540,1.000000000000,census_block_relationship_count
007,000550,007,000550,1.000000000000,census_block_relationship_count
007,000560,007,000550,0.040000000000,census_block_relationship_count
007,000560,007,000560,0.960000000000,census_block_relationship_count
007,000570,007,000570,1.000000000000,census_block_relationship_count
007,000580,007,000580,1.000000000000,census_block_relationship_count
007,000590,007,000590,1.000000000000,census_block_relationship_count
007,000600,007,000600,1.000000000000,census_block_relationship_count
007,000610,007,000610,1.000000000000,census_block_relationship_count
007,000620,007,000610,0.333333333333,census_block_relationship_count
007,000620,007,000620,0.666666666667,census_block_relationship_count
007,000630,007,000630,0.993134151024,census_block_relationship_count
007,000630,007,000640,0.006865848976,census_block_relationship_count
007,000640,007,000630,0.002777136200,census_block_relationship_count
007,000640,007,000640,0.997222863800,census_block_relationship_count
007,000650,007,000650,1.000000000000,census_block_relationship_count
007,000660,007,000660,1.000000000000,census_block_relationship_count
007,000670,007,000670,1.000000000000,census_block_relationship_count
007,000680,007,000680,1.000000000000,census_block_relationship_count
007,000695,007,000695,1.000000000000,census_block_relationship_count
007,000705,007,000705,1.000000000000,census_block_relationship_count
007,000710,007,000710,1.000000000000,census_block_relationship_count
007,000720,007,000720,1.000000000000,census_block_relationship_count
007,000735,007,000735,1.000000000000,census_block_relationship_count
007,000750,007,000750,1.000000000000,census_block_relationship_count
007,000760,007,000760,1.000000000000,census_block_relationship_count
007,000770,007,000770,1.000000000000,census_block_relationship_count
007,000780,007,000780,1.000000000000,census_block_relationship_count
007,000808,007,000808,1.000000000000,census_block_relationship_count
007,000820,007,000820,1.000000000000,census_block_relationship_count
007,000830,007,000830,1.000000000000,census_block_relationship_count
007,000840,007,000840,1.000000000000,census_block_relationship_count
007,000850,007,000850,1.000000000000,census_block_relationship_count
007,000860,007,000860,1.000000000000,census_block_relationship_count
007,000875,007,000875,1.000000000000,census_block_relationship_count
007,000885,007,000875,0.111111111111,census_block_relationship_count
007,000885,007,000885,0.888888888889,census_block_relationship_count
007,000905,007,000905,1.000000000000,census_block_relationship_count
007,000920,007,000920,1.000000000000,census_block_relationship_count
007,000930,007,000930,1.000000000000,census_block_relationship_count
007,000940,007,000940,1.000000000000,census_block_relationship_count
007,000950,007,000950,0.945945945946,census_block_relationship_count
007,000950,007,000960,0.054054054054,census_block_relationship_count
007,000960,007,000950,0.133333333333,census_block_relationship_count
007,000960,007,000960,0.777777777778,census_block_relationship_count
007,000960,007,000975,0.088888888889,census_block_relationship_count
007,000975,007,000975,1.000000000000,census_block_relationship_count
007,000985,007,000985,1.000000000000,census_block_relationship_count
007,000995,007,000960,0.037037037037,census_block_relationship_count
007,000995,007,000995,0.962962962963,census_block_relationship_count
007,001005,007,000960,0.083333333333,census_block_relationship_count
007,001005,007,001005,0.888888888889,census_block_relationship_count
007,001005,007,001025,0.027777777778,census_block_relationship_count
007,001015,007,001015,1.000000000000,census_block_relationship_count
007,001025,007,001025,1.000000000000,census_block_relationship_count
007,001040,007,001040,1.000000000000,census_block_relationship_count
007,001055,007,001055,1.000000000000,census_block_relationship_count
007,001070,007,001070,1.000000000000,census_block_relationship_count
007,001080,007,000770,0.060227604350,census_block_relationship_count
007,001080,007,000780,0.009867130484,census_block_relationship_count
007,001080,007,001080,0.929905265166,census_block_relationship_count
007,001095,007,001095,1.000000000000,census_block_relationship_count
007,001115,007,001115,1.000000000000,census_block_relationship_count
007,001125,007,001125,1.000000000000,census_block_relationship_count
007,001148,007,001148,1.000000000000,census_block_relationship_count
007,001165,007,001165,1.000000000000,census_block_relationship_count
007,001175,007,001175,1.000000000000,census_block_relationship_count
007,001185,007,001185,1.000000000000,census_block_relationship_count
007,001195,007,001195,1.000000000000,census_block_relationship_count
007,001200,007,001200,1.000000000000,census_block_relationship_count
007,001210,007,001210,1.000000000000,census_block_relationship_count
007,001220,007,001220,1.000000000000,census_block_relationship_count
007,001230,007,001230,1.000000000000,census_block_relationship_count
007,001240,007,001240,1.000000000000,census_block_relationship_count
007,001250,007,001250,1.000000000000,census_block_relationship_count
007,001260,007,001260,1.000000000000,census_block_relationship_count
007,001270,007,001260,0.076736420197,census_block_relationship_count
007,001270,007,001270,0.923263579803,census_block_relationship_count
007,001280,007,001280,1.000000000000,census_block_relationship_count
007,001290,007,000780,0.005033846789,census_block_relationship_count
007,001290,007,001290,0.994966153211,census_block_relationship_count
007,001300,007,000780,0.023670118157,census_block_relationship_count
007,001300,007,001300,0.976329881843,census_block_relationship_count
007,001310,007,001310,1.000000000000,census_block_relationship_count
007,001320,007,001320,1.000000000000,census_block_relationship_count
007,001330,007,001330,1.000000000000,census_block_relationship_count
007,001340,007,001340,0.960000000000,census_block_relationship_count
007,001340,007,001350,0.040000000000,census_block_relationship_count
007,001350,007,001350,1.000000000000,census_block_relationship_count
007,001360,007,000590,0.015625000000,census_block_relationship_count
007,001360,007,001360,0.984375000000,census_block_relationship_count
007,001370,007,000335,0.007465339455,census_block_relationship_count
007,001370,007,000355,0.030901953855,census_block_relationship_count
007,001370,007,000590,0.018867924528,census_block_relationship_count
007,001370,007,001370,0.942764782162,census_block_relationship_count
007,001380,007,001360,0.051282051282,census_block_relationship_count
007,001380,007,001380,0.948717948718,census_block_relationship_count
007,001390,007,001390,1.000000000000,census_block_relationship_count
007,001400,007,001400,1.000000000000,census_block_relationship_count
007,001410,007,001410,0.952329408510,census_block_relationship_count
007,001410,007,001500,0.047670591490,census_block_relationship_count
007,001420,007,001420,1.000000000000,census_block_relationship_count
007,001430,007,001430,1.000000000000,census_block_relationship_count
007,001445,007,001445,1.000000000000,census_block_relationship_count
007,001460,007,001460,1.000000000000,census_block_relationship_count
007,001470,007,001470,1.000000000000,census_block_relationship_count
007,001480,007,001480,1.000000000000,census_block_relationship_count
007,001490,007,001490,1.000000000000,census_block_relationship_count
007,001500,007,001500,1.000000000000,census_block_relationship_count
007,001510,007,001510,1.000000000000,census_block_relationship_count
007,001520,007,001520,1.000000000000,census_block_relationship_count
007,001535,007,001535,1.000000000000,census_block_relationship_count
007,001550,007,001550,1.000000000000,census_block_relationship_count
007,001560,007,001560,1.000000000000,census_block_relationship_count
009,000010,009,000010,1.000000000000,census_block_relationship_count
009,000020,009,000020,1.000000000000,census_block_relationship_count
009,000030,009,000030,1.000000000000,census_block_relationship_count
009,000040,009,000040,1.000000000000,census_block_relationship_count
009,000050,009,000050,1.000000000000,census_block_relationship_count
009,000060,009,000065,1.000000000000,census_block_relationship_count
009,000070,009,000065,1.000000000000,census_block_relationship_count
009,000080,009,000080,1.000000000000,census_block_relationship_count
009,000090,009,000090,1.000000000000,census_block_relationship_count
009,000100,009,000100,1.000000000000,census_block_relationship_count
009,000110,009,000110,1.000000000000,census_block_relationship_count
009,000120,009,000120,1.000000000000,census_block_relationship_count
009,000130,009,000130,1.000000000000,census_block_relationship_count
009,000140,009,000140,1.000000000000,census_block_relationship_count
009,000150,009,000150,1.000000000000,census_block_relationship_count
009,000160,009,000160,1.000000000000,census_block_relationship_count
009,000170,009,000170,1.000000000000,census_block_relationship_count
009,000180,009,000180,1.000000000000,census_block_relationship_count
009,000190,009,000190,1.000000000000,census_block_relationship_count
009,000200,009,000200,1.000000000000,census_block_relationship_count
009,000210,009,000210,1.000000000000,census_block_relationship_count
009,000220,009,000220,1.000000000000,census_block_relationship_count
009,000230,009,000230,1.000000000000,census_block_relationship_count
009,000240,009,000240,1.000000000000,census_block_relationship_count
009,000250,009,000250,1.000000000000,census_block_relationship_count
009,000260,009,000260,0.986235551622,census_block_relationship_count
009,000260,009,000390,0.013764448378,census_block_relationship_count
009,000270,009,000270,1.000000000000,census_block_relationship_count
009,000280,009,000280,1.000000000000,census_block_relationship_count
009,000290,009,000290,1.000000000000,census_block_relationship_count
009,000300,009,000300,1.000000000000,census_block_relationship_count
009,000310,009,000310,1.000000000000,census_block_relationship_count
009,000320,009,000320,1.000000000000,census_block_relationship_count
009,000330,009,000330,1.000000000000,census_block_relationship_count
009,000340,009,000340,1.000000000000,census_block_relationship_count
009,000350,009,000355,1.000000000000,census_block_relationship_count
009,000360,009,000355,1.000000000000,census_block_relationship_count
009,000370,009,000370,1.000000000000,census_block_relationship_count
009,000380,009,000380,1.000000000000,census_block_relationship_count
009,000390,009,000390,1.000000000000,census_block_relationship_count
009,000400,009,000400,1.000000000000,census_block_relationship_count
009,000410,009,000410,1.000000000000,census_block_relationship_count
009,000420,009,000420,1.000000000000,census_block_relationship_count
011,000020,011,000020,1.000000000000,census_block_relationship_count
011,000030,011,000032,0.627272727274,census_block_relationship_count
011,000030,011,000034,0.372727272726,census_block_relationship_count
011,000040,011,000040,1.000000000000,census_block_relationship_count
011,000050,011,000051,0.944444444445,census_block_relationship_count
011,000050,011,000058,0.027777777778,census_block_relationship_count
011,000050,011,000320,0.027777777778,census_block_relationship_count
011,000060,011,000060,0.964285714286,census_block_relationship_count
011,000060,011,001692,0.035714285714,census_block_relationship_count
011,000070,011,000070,1.000000000000,census_block_relationship_count
011,000080,011,000080,1.000000000000,census_block_relationship_count
011,000090,011,000090,0.979162369906,census_block_relationship_count
011,000090,011,000545,0.020837630094,census_block_relationship_count
011,000100,011,000100,1.000000000000,census_block_relationship_count
011,000110,011,000110,1.000000000000,census_block_relationship_count
011,000120,011,000120,1.000000000000,census_block_relationship_count
011,000130,011,000130,1.000000000000,census_block_relationship_count
011,000140,011,000140,0.998984574648,census_block_relationship_count
011,000140,011,001660,0.001015425352,census_block_relationship_count
011,000150,011,000150,0.970843607821,census_block_relationship_count
011,000150,011,000220,0.021978021978,census_block_relationship_count
011,000150,011,000230,0.007178370201,census_block_relationship_count
011,000160,011,000150,0.005845127270,census_block_relationship_count
011,000160,011,000160,0.979797607831,census_block_relationship_count
011,000160,011,000230,0.014357264899,census_block_relationship_count
011,000170,011,000170,1.000000000000,census_block_relationship_count
011,000180,011,000180,1.000000000000,census_block_relationship_count
011,000190,011,000188,1.000000000000,census_block_relationship_count
011,000195,011,000192,0.971379267983,census_block_relationship_count
011,000195,011,000785,0.028620732017,census_block_relationship_count
011,000200,011,000200,0.800516864714,census_block_relationship_count
011,000200,011,000212,0.199483135286,census_block_relationship_count
011,000210,011,000200,0.028892447990,census_block_relationship_count
011,000210,011,000212,0.971107552010,census_block_relationship_count
011,000220,011,000070,0.000584037325,census_block_relationship_count
011,000220,011,000160,0.003313006499,census_block_relationship_count
011,000220,011,000220,0.996102956175,census_block_relationship_count
011,000230,011,000230,1.000000000000,census_block_relationship_count
011,000240,011,000240,0.963188853812,census_block_relationship_count
011,000240,011,000860,0.002758757906,census_block_relationship_count
011,000240,011,001360,0.017533232691,census_block_relationship_count
011,000240,011,001715,0.016519155590,census_block_relationship_count
011,000250,011,000240,0.023255813954,census_block_relationship_count
011,000250,011,000250,0.976744186046,census_block_relationship_count
011,000260,011,000260,0.979743315805,census_block_relationship_count
011,000260,011,000280,0.010204081633,census_block_relationship_count
011,000260,011,000710,0.010052602562,census_block_relationship_count
011,000263,011,000295,1.000000000000,census_block_relationship_count
011,000270,011,000240,0.000031063988,census_block_relationship_count
011,000270,011,000270,0.999968936012,census_block_relationship_count
011,000280,011,000260,0.013698630137,census_block_relationship_count
011,000280,011,000280,0.972602739726,census_block_relationship_count
011,000280,011,001460,0.013698630137,census_block_relationship_count
011,000290,011,000292,0.997614250286,census_block_relationship_count
011,000290,011,001470,0.002385749714,census_block_relationship_count
011,000300,011,000299,0.052631578947,census_block_relationship_count
011,000300,011,000301,0.947368421053,census_block_relationship_count
011,000310,011,000310,1.000000000000,census_block_relationship_count
011,000320,011,000320,1.000000000000,census_block_relationship_count
011,000330,011,000330,1.000000000000,census_block_relationship_count
011,000340,011,000330,0.012048192771,census_block_relationship_count
011,000340,011,000340,0.987951807229,census_block_relationship_count
011,000350,011,000397,1.000000000000,census_block_relationship_count
011,000355,011,000355,0.999498872462,census_block_relationship_count
011,000355,011,000610,0.000501127538,census_block_relationship_count
011,000360,011,000399,1.000000000000,census_block_relationship_count
011,000362,011,000358,1.000000000000,census_block_relationship_count
011,000365,011,000365,0.876923076923,census_block_relationship_count
011,000365,011,000388,0.123076923077,census_block_relationship_count
011,000380,011,000380,0.999857231598,census_block_relationship_count
011,000380,011,000384,0.000142768402,census_block_relationship_count
011,000385,011,000395,1.000000000000,census_block_relationship_count
011,000386,011,000380,0.000030693585,census_block_relationship_count
011,000386,011,000384,0.993133545907,census_block_relationship_count
011,000386,011,000395,0.006835760507,census_block_relationship_count
011,000387,011,000380,0.057509451149,census_block_relationship_count
011,000387,011,000388,0.378378378378,census_block_relationship_count
011,000387,011,000392,0.564112170473,census_block_relationship_count
011,000390,011,000391,0.586095514184,census_block_relationship_count
011,000390,011,000393,0.395043301848,census_block_relationship_count
011,000390,011,000610,0.018861183967,census_block_relationship_count
011,000400,011,000402,1.000000000000,census_block_relationship_count
011,00040A,011,000054,1.000000000000,census_block_relationship_count
011,00040B,011,000051,0.044444444445,census_block_relationship_count
011,00040B,011,000058,0.955555555555,census_block_relationship_count
011,000410,011,000410,0.966059686864,census_block_relationship_count
011,000410,011,000570,0.033940313136,census_block_relationship_count
011,000420,011,000410,0.273684210526,census_block_relationship_count
011,000420,011,000420,0.726315789474,census_block_relationship_count
011,000430,011,000430,1.000000000000,census_block_relationship_count
011,000440,011,000440,0.986301369863,census_block_relationship_count
011,000440,011,001750,0.013698630137,census_block_relationship_count
011,000450,011,000450,0.978574211349,census_block_relationship_count
011,000450,011,000670,0.002907270132,census_block_relationship_count
011,000450,011,001760,0.018518518519,census_block_relationship_count
011,000460,011,000301,0.063644706980,census_block_relationship_count
011,000460,011,000460,0.936355293020,census_block_relationship_count
011,000470,011,000470,1.000000000000,census_block_relationship_count
011,000480,011,000480,1.000000000000,census_block_relationship_count
011,000490,011,000490,0.987500000000,census_block_relationship_count
011,000490,011,000500,0.012500000000,census_block_relationship_count
011,000500,011,000500,1.000000000000,census_block_relationship_count
011,00050A,011,000056,0.998954119903,census_block_relationship_count
011,00050A,011,000310,0.000384563126,census_block_relationship_count
011,00050A,011,001650,0.000661316971,census_block_relationship_count
011,00050B,011,000052,0.967741935484,census_block_relationship_count
011,00050B,011,000056,0.032258064516,census_block_relationship_count
011,000510,011,000510,0.978342635846,census_block_relationship_count
011,000510,011,000700,0.021657364154,census_block_relationship_count
011,000520,011,000520,0.995395417975,census_block_relationship_count
011,000520,011,000700,0.004604582025,census_block_relationship_count
011,000530,011,000530,0.996658386053,census_block_relationship_count
011,000530,011,000742,0.000670888419,census_block_relationship_count
011,000530,011,000760,0.002670725528,census_block_relationship_count
011,000540,011,000540,0.992164225191,census_block_relationship_count
011,000540,011,000782,0.007835774809,census_block_relationship_count
011,000545,011,000090,0.000751503592,census_block_relationship_count
011,000545,011,000545,0.998913538801,census_block_relationship_count
011,000545,011,000820,0.000334957606,census_block_relationship_count
011,000570,011,000410,0.026621014340,census_block_relationship_count
011,000570,011,000570,0.973378985660,census_block_relationship_count
011,000580,011,000580,0.889198584769,census_block_relationship_count
011,000580,011,000680,0.060524341480,census_block_relationship_count
011,000580,011,000690,0.044500623741,census_block_relationship_count
011,000580,011,001620,0.005776450010,census_block_relationship_count
011,000590,011,000590,1.000000000000,census_block_relationship_count
011,000600,011,000600,0.987500000000,census_block_relationship_count
011,000600,011,001240,0.012500000000,census_block_relationship_count
011,000610,011,000610,0.999461713868,census_block_relationship_count
011,000610,011,001240,0.000538286132,census_block_relationship_count
011,000620,011,000618,0.928571428571,census_block_relationship_count
011,000620,011,001487,0.071428571429,census_block_relationship_count
011,000625,011,000623,0.006986543706,census_block_relationship_count
011,000625,011,000628,0.993013456294,census_block_relationship_count
011,000630,011,000623,1.000000000000,census_block_relationship_count
011,000635,011,000646,0.970347133014,census_block_relationship_count
011,000635,011,001390,0.029652866986,census_block_relationship_count
011,000640,011,000640,1.000000000000,census_block_relationship_count
011,000645,011,000652,0.978867288355,census_block_relationship_count
011,000645,011,000662,0.018181818182,census_block_relationship_count
011,000645,011,001390,0.002950893464,census_block_relationship_count
011,000655,011,000646,0.010107418926,census_block_relationship_count
011,000655,011,000654,0.971733885063,census_block_relationship_count
011,000655,011,001390,0.018158696011,census_block_relationship_count
011,000665,011,000662,1.000000000000,census_block_relationship_count
011,000670,011,000450,0.009804700155,census_block_relationship_count
011,000670,011,000670,0.990195299845,census_block_relationship_count
011,000680,011,000580,0.012871085404,census_block_relationship_count
011,000680,011,000680,0.987128914596,census_block_relationship_count
011,000690,011,000690,1.000000000000,census_block_relationship_count
011,000700,011,000510,0.014511186126,census_block_relationship_count
011,000700,011,000700,0.985488813874,census_block_relationship_count
011,000710,011,000260,0.000029525349,census_block_relationship_count
011,000710,011,000280,0.009908166587,census_block_relationship_count
011,000710,011,000710,0.990062308064,census_block_relationship_count
011,000720,011,000600,0.036405732947,census_block_relationship_count
011,000720,011,000720,0.963594267053,census_block_relationship_count
011,000730,011,000730,0.987804878049,census_block_relationship_count
011,000730,011,001285,0.012195121951,census_block_relationship_count
011,000740,011,000530,0.017873260403,census_block_relationship_count
011,000740,011,000540,0.000384754514,census_block_relationship_count
011,000740,011,000742,0.552302178194,census_block_relationship_count
011,000740,011,000750,0.008771929825,census_block_relationship_count
011,000740,011,000782,0.420667877065,census_block_relationship_count
011,000750,011,000750,0.991935483871,census_block_relationship_count
011,000750,011,001185,0.008064516129,census_block_relationship_count
011,000760,011,000530,0.000164105312,census_block_relationship_count
011,000760,011,000760,0.999835894688,census_block_relationship_count
011,000767,011,000767,0.942020046621,census_block_relationship_count
011,000767,011,001185,0.057979953379,census_block_relationship_count
011,000768,011,000779,1.000000000000,census_block_relationship_count
011,000770,011,000750,0.032576645589,census_block_relationship_count
011,000770,011,000770,0.967423354411,census_block_relationship_count
011,000773,011,000776,1.000000000000,census_block_relationship_count
011,000774,011,000771,1.000000000000,census_block_relationship_count
011,000785,011,000192,0.016240667928,census_block_relationship_count
011,000785,011,000785,0.943759332072,census_block_relationship_count
011,000785,011,001398,0.040000000000,census_block_relationship_count
011,000790,011,000450,0.000754408495,census_block_relationship_count
011,000790,011,000790,0.999245591505,census_block_relationship_count
011,000800,011,000800,0.633091665261,census_block_relationship_count
011,000800,011,000810,0.366908334739,census_block_relationship_count
011,000810,011,000810,1.000000000000,census_block_relationship_count
011,000820,011,000545,0.017267951142,census_block_relationship_count
011,000820,011,000652,0.000000187703,census_block_relationship_count
011,000820,011,000820,0.982731861154,census_block_relationship_count
011,000830,011,000790,0.009708737864,census_block_relationship_count
011,000830,011,000830,0.990291262136,census_block_relationship_count
011,000840,011,000840,0.988485820865,census_block_relationship_count
011,000840,011,001480,0.010725008757,census_block_relationship_count
011,000840,011,001750,0.000789170378,census_block_relationship_count
011,000850,011,000850,1.000000000000,census_block_relationship_count
011,000860,011,000860,1.000000000000,census_block_relationship_count
011,000880,011,000880,1.000000000000,census_block_relationship_count
011,000885,011,000885,1.000000000000,census_block_relationship_count
011,000910,011,000910,1.000000000000,census_block_relationship_count
011,000920,011,000920,1.000000000000,census_block_relationship_count
011,000930,011,000930,1.000000000000,census_block_relationship_count
011,000940,011,000940,1.000000000000,census_block_relationship_count
011,000960,011,000960,1.000000000000,census_block_relationship_count
011,000970,011,000970,1.000000000000,census_block_relationship_count
011,000980,011,000980,1.000000000000,census_block_relationship_count
011,000990,011,000990,1.000000000000,census_block_relationship_count
011,001000,011,001000,1.000000000000,census_block_relationship_count
011,001010,011,001010,1.000000000000,census_block_relationship_count
011,001020,011,001020,1.000000000000,census_block_relationship_count
011,001030,011,001030,1.000000000000,census_block_relationship_count
011,001040,011,001040,1.000000000000,census_block_relationship_count
011,001050,011,001050,1.000000000000,census_block_relationship_count
011,001060,011,001060,1.000000000000,census_block_relationship_count
011,001070,011,001070,1.000000000000,census_block_relationship_count
011,001080,011,001080,1.000000000000,census_block_relationship_count
011,001090,011,001095,1.000000000000,census_block_relationship_count
011,001100,011,001095,1.000000000000,census_block_relationship_count
011,001110,011,001110,1.000000000000,census_block_relationship_count
011,001120,011,001120,1.000000000000,census_block_relationship_count
011,001130,011,001130,1.000000000000,census_block_relationship_count
011,001140,011,001140,1.000000000000,census_block_relationship_count
011,001145,011,001145,1.000000000000,census_block_relationship_count
011,001160,011,001160,1.000000000000,census_block_relationship_count
011,001170,011,001170,0.913043478261,census_block_relationship_count
011,001170,011,001185,0.086956521739,census_block_relationship_count
011,001180,011,001185,1.000000000000,census_block_relationship_count
011,001200,011,000750,0.010036639969,census_block_relationship_count
011,001200,011,000767,0.014084507042,census_block_relationship_count
011,001200,011,001185,0.975878852989,census_block_relationship_count
011,001210,011,001210,1.000000000000,census_block_relationship_count
011,001220,011,001220,1.000000000000,census_block_relationship_count
011,001230,011,000600,0.011235955056,census_block_relationship_count
011,001230,011,001230,0.988764044944,census_block_relationship_count
011,001240,011,000610,0.015912484825,census_block_relationship_count
011,001240,011,001240,0.984087515175,census_block_relationship_count
011,001250,011,001250,1.000000000000,census_block_relationship_count
011,001260,011,001260,1.000000000000,census_block_relationship_count
011,001280,011,000730,0.027777777778,census_block_relationship_count
011,001280,011,001285,0.972222222222,census_block_relationship_count
011,001290,011,001285,1.000000000000,census_block_relationship_count
011,001300,011,001305,1.000000000000,census_block_relationship_count
011,001310,011,000610,0.018867924528,census_block_relationship_count
011,001310,011,001310,0.981132075472,census_block_relationship_count
011,001320,011,001305,1.000000000000,census_block_relationship_count
011,001330,011,001330,1.000000000000,census_block_relationship_count
011,001340,011,001340,1.000000000000,census_block_relationship_count
011,001350,011,001350,1.000000000000,census_block_relationship_count
011,001360,011,001360,1.000000000000,census_block_relationship_count
011,001370,011,001370,1.000000000000,census_block_relationship_count
011,001380,011,001380,1.000000000000,census_block_relationship_count
011,001390,011,000402,0.023857698775,census_block_relationship_count
011,001390,011,000406,0.000004614149,census_block_relationship_count
011,001390,011,001390,0.976137687076,census_block_relationship_count
011,001400,011,000785,0.063499173503,census_block_relationship_count
011,001400,011,001398,0.920601746548,census_block_relationship_count
011,001400,011,001418,0.015899079949,census_block_relationship_count
011,001405,011,001418,1.000000000000,census_block_relationship_count
011,001410,011,000140,0.015592082350,census_block_relationship_count
011,001410,011,001405,0.941550774793,census_block_relationship_count
011,001410,011,001412,0.028571428571,census_block_relationship_count
011,001410,011,001418,0.014285714286,census_block_relationship_count
011,001420,011,000188,0.027044557997,census_block_relationship_count
011,001420,011,001405,0.108108108108,census_block_relationship_count
011,001420,011,001412,0.851333820381,census_block_relationship_count
011,001420,011,001418,0.013513513514,census_block_relationship_count
011,001430,011,001430,1.000000000000,census_block_relationship_count
011,001440,011,000690,0.000822516611,census_block_relationship_count
011,001440,011,001438,0.999177483389,census_block_relationship_count
011,001450,011,000406,0.003290965991,census_block_relationship_count
011,001450,011,001390,0.037912194315,census_block_relationship_count
011,001450,011,001452,0.958796839694,census_block_relationship_count
011,001460,011,000280,0.006896551724,census_block_relationship_count
011,001460,011,000295,0.000277203376,census_block_relationship_count
011,001460,011,001460,0.992826244900,census_block_relationship_count
011,001470,011,000295,0.000257975801,census_block_relationship_count
011,001470,011,001470,0.999742024199,census_block_relationship_count
011,001475,011,001477,1.000000000000,census_block_relationship_count
011,001480,011,000840,0.000640854055,census_block_relationship_count
011,001480,011,001480,0.999359145945,census_block_relationship_count
011,001485,011,001485,0.999959415788,census_block_relationship_count
011,001485,011,001700,0.000040584212,census_block_relationship_count
011,001490,011,001502,1.000000000000,census_block_relationship_count
011,001495,011,001487,1.000000000000,census_block_relationship_count
011,001510,011,001510,1.000000000000,census_block_relationship_count
011,001511,011,001576,1.000000000000,census_block_relationship_count
011,001512,011,001578,0.966292134831,census_block_relationship_count
011,001512,011,1578P1,0.033707865169,census_block_relationship_count
011,001520,011,001520,0.957232338616,census_block_relationship_count
011,001520,011,001775,0.021491065639,census_block_relationship_count
011,001520,011,001795,0.021276595745,census_block_relationship_count
011,001530,011,001530,0.992315680167,census_block_relationship_count
011,001530,011,001572,0.007684319833,census_block_relationship_count
011,001540,011,000260,0.119565217391,census_block_relationship_count
011,001540,011,001540,0.858695652174,census_block_relationship_count
011,001540,011,001560,0.021739130435,census_block_relationship_count
011,001550,011,001550,1.000000000000,census_block_relationship_count
011,001555,011,001558,0.536693052488,census_block_relationship_count
011,001555,011,001571,0.141273049207,census_block_relationship_count
011,001555,011,001579,0.322033898305,census_block_relationship_count
011,001560,011,001560,1.000000000000,census_block_relationship_count
011,001570,011,001571,0.800000000000,census_block_relationship_count
011,001570,011,001579,0.200000000000,census_block_relationship_count
011,001580,011,001580,1.000000000000,census_block_relationship_count
011,001590,011,001680,1.000000000000,census_block_relationship_count
011,001610,011,000212,0.002955572615,census_block_relationship_count
011,001610,011,000430,0.001270936624,census_block_relationship_count
011,001610,011,001610,0.995773490761,census_block_relationship_count
011,001620,011,000580,0.010731049887,census_block_relationship_count
011,001620,011,001620,0.989268950113,census_block_relationship_count
011,001630,011,001630,1.000000000000,census_block_relationship_count
011,001640,011,001640,1.000000000000,census_block_relationship_count
011,001650,011,001650,1.000000000000,census_block_relationship_count
011,001660,011,001660,1.000000000000,census_block_relationship_count
011,001670,011,001670,1.000000000000,census_block_relationship_count
011,001680,011,000120,0.000039574855,census_block_relationship_count
011,001680,011,001680,0.999960425145,census_block_relationship_count
011,001690,011,000070,0.056446002830,census_block_relationship_count
011,001690,011,000220,0.008771929825,census_block_relationship_count
011,001690,011,001692,0.535087719298,census_block_relationship_count
011,001690,011,001694,0.399694348048,census_block_relationship_count
011,001700,011,000618,0.000004194362,census_block_relationship_count
011,001700,011,001700,0.999995805638,census_block_relationship_count
011,001705,011,001705,1.000000000000,census_block_relationship_count
011,001710,011,001530,0.010869565217,census_block_relationship_count
011,001710,011,001572,0.989130434783,census_block_relationship_count
011,001715,011,001715,1.000000000000,census_block_relationship_count
011,001750,011,000430,0.025747278865,census_block_relationship_count
011,001750,011,000440,0.000863027871,census_block_relationship_count
011,001750,011,001750,0.973389693264,census_block_relationship_count
011,001760,011,000450,0.013634659786,census_block_relationship_count
011,001760,011,000670,0.001372720885,census_block_relationship_count
011,001760,011,001760,0.984992619328,census_block_relationship_count
011,001770,011,001780,1.000000000000,census_block_relationship_count
011,001775,011,001775,1.000000000000,census_block_relationship_count
011,001780,011,001770,1.000000000000,census_block_relationship_count
011,001790,011,000295,0.005684431586,census_block_relationship_count
011,001790,011,001790,0.994315568414,census_block_relationship_count
011,001800,011,001571,0.044294488769,census_block_relationship_count
011,001800,011,001572,0.044117647059,census_block_relationship_count
011,001800,011,001795,0.911587864172,census_block_relationship_count
011,00210A,011,000208,1.000000000000,census_block_relationship_count
011,002121,011,001495,0.983333333333,census_block_relationship_count
011,002121,011,001574,0.016666666667,census_block_relationship_count
011,00400A,011,000406,0.999290580746,census_block_relationship_count
011,00400A,011,001390,0.000709419254,census_block_relationship_count
011,01140B,011,001442,1.000000000000,census_block_relationship_count
011,01450A,011,000402,0.000650608573,census_block_relationship_count
011,01450A,011,001448,0.932682724760,census_block_relationship_count
011,01450A,011,001452,0.066666666667,census_block_relationship_count
011,01510B,011,001574,1.000000000000,census_block_relationship_count
013,000010,013,000010,1.000000000000,census_block_relationship_count
013,000020,013,000020,1.000000000000,census_block_relationship_count
013,000030,013,000030,1.000000000000,census_block_relationship_count
013,000040,013,000040,0.831775696016,census_block_relationship_count
013,000040,013,0040P1,0.168224303984,census_block_relationship_count
013,000050,013,000051,1.000000000000,census_block_relationship_count
013,000060,013,000051,1.000000000000,census_block_relationship_count
013,000070,013,000070,1.000000000000,census_block_relationship_count
013,000080,013,000080,1.000000000000,census_block_relationship_count
013,000090,013,000090,1.000000000000,census_block_relationship_count
013,000100,013,000100,0.884563228212,census_block_relationship_count
013,000100,013,000760,0.115436771788,census_block_relationship_count
013,000110,013,000110,1.000000000000,census_block_relationship_count
013,000120,013,000120,1.000000000000,census_block_relationship_count
013,000130,013,000150,1.000000000000,census_block_relationship_count
013,000140,013,000140,1.000000000000,census_block_relationship_count
013,000150,013,000130,0.681592039800,census_block_relationship_count
013,000150,013,000760,0.318407960200,census_block_relationship_count
013,000160,013,000161,1.000000000000,census_block_relationship_count
013,000170,013,000161,0.190476190476,census_block_relationship_count
013,000170,013,000171,0.809523809524,census_block_relationship_count
013,000180,013,000171,0.804878048780,census_block_relationship_count
013,000180,013,000181,0.195121951220,census_block_relationship_count
013,000190,013,000181,0.980000000000,census_block_relationship_count
013,000190,013,000421,0.020000000000,census_block_relationship_count
013,000200,013,000191,1.000000000000,census_block_relationship_count
013,000210,013,000051,0.029411764706,census_block_relationship_count
013,000210,013,000210,0.970588235294,census_block_relationship_count
013,000220,013,000220,1.000000000000,census_block_relationship_count
013,000230,013,000230,1.000000000000,census_block_relationship_count
013,000240,013,000240,1.000000000000,census_block_relationship_count
013,000250,013,000251,1.000000000000,census_block_relationship_count
013,000260,013,000251,1.000000000000,census_block_relationship_count
013,000270,013,000251,0.518518518519,census_block_relationship_count
013,000270,013,000261,0.481481481481,census_block_relationship_count
013,000280,013,000261,1.000000000000,census_block_relationship_count
013,000290,013,000291,1.000000000000,census_block_relationship_count
013,000300,013,000051,0.027777777778,census_block_relationship_count
013,000300,013,000291,0.500000000000,census_block_relationship_count
013,000300,013,000301,0.472222222222,census_block_relationship_count
013,000310,013,000301,1.000000000000,census_block_relationship_count
013,000320,013,000321,1.000000000000,census_block_relationship_count
013,000330,013,000330,1.000000000000,census_block_relationship_count
013,000340,013,000340,1.000000000000,census_block_relationship_count
013,000350,013,000350,1.000000000000,census_block_relationship_count
013,000360,013,000321,1.000000000000,census_block_relationship_count
013,000370,013,000370,1.000000000000,census_block_relationship_count
013,000380,013,000380,1.000000000000,census_block_relationship_count
013,000390,013,000390,1.000000000000,census_block_relationship_count
013,000400,013,000400,1.000000000000,census_block_relationship_count
013,000410,013,000191,0.156250000000,census_block_relationship_count
013,000410,013,000411,0.843750000000,census_block_relationship_count
013,000420,013,000411,0.768019295186,census_block_relationship_count
013,000420,013,000421,0.214123561957,census_block_relationship_count
013,000420,013,000710,0.017857142857,census_block_relationship_count
013,000430,013,000421,1.000000000000,census_block_relationship_count
013,000440,013,000431,1.000000000000,census_block_relationship_count
013,000450,013,000450,0.810201671687,census_block_relationship_count
013,000450,013,000480,0.189798328313,census_block_relationship_count
013,000460,013,000460,1.000000000000,census_block_relationship_count
013,000470,013,000470,0.899747386210,census_block_relationship_count
013,000470,013,000480,0.100252613790,census_block_relationship_count
013,000480,013,000450,0.034860643621,census_block_relationship_count
013,000480,013,000470,0.029726381504,census_block_relationship_count
013,000480,013,000480,0.935412974875,census_block_relationship_count
013,000490,013,000494,0.528571428572,census_block_relationship_count
013,000490,013,000496,0.471428571428,census_block_relationship_count
013,000500,013,000492,0.488509626096,census_block_relationship_count
013,000500,013,000494,0.160377358491,census_block_relationship_count
013,000500,013,000496,0.330188679245,census_block_relationship_count
013,000500,013,000660,0.020924336168,census_block_relationship_count
013,000510,013,000510,0.940969207473,census_block_relationship_count
013,000510,013,000960,0.009765179886,census_block_relationship_count
013,000510,013,000970,0.049265612641,census_block_relationship_count
013,000520,013,000520,1.000000000000,census_block_relationship_count
013,000530,013,000532,1.000000000000,census_block_relationship_count
013,000540,013,000532,0.244680851063,census_block_relationship_count
013,000540,013,000554,0.212765957448,census_block_relationship_count
013,000540,013,000556,0.542553191489,census_block_relationship_count
013,000550,013,000542,0.465753424658,census_block_relationship_count
013,000550,013,000552,0.369863013699,census_block_relationship_count
013,000550,013,000554,0.164383561644,census_block_relationship_count
013,000560,013,000560,1.000000000000,census_block_relationship_count
013,000570,013,000570,1.000000000000,census_block_relationship_count
013,000580,013,000580,1.000000000000,census_block_relationship_count
013,000590,013,000590,1.000000000000,census_block_relationship_count
013,000600,013,000600,1.000000000000,census_block_relationship_count
013,000610,013,000610,0.904761904762,census_block_relationship_count
013,000610,013,000630,0.095238095238,census_block_relationship_count
013,000620,013,000030,0.046898408268,census_block_relationship_count
013,000620,013,000620,0.862192500823,census_block_relationship_count
013,000620,013,000650,0.090909090909,census_block_relationship_count
013,000630,013,000620,0.040816326531,census_block_relationship_count
013,000630,013,000630,0.714285714286,census_block_relationship_count
013,000630,013,000640,0.224489795918,census_block_relationship_count
013,000630,013,000650,0.020408163265,census_block_relationship_count
013,000640,013,000640,1.000000000000,census_block_relationship_count
013,000650,013,000650,1.000000000000,census_block_relationship_count
013,000660,013,000494,0.009857418495,census_block_relationship_count
013,000660,013,000630,0.426040017403,census_block_relationship_count
013,000660,013,000660,0.564102564103,census_block_relationship_count
013,000670,013,000492,0.050000000000,census_block_relationship_count
013,000670,013,000670,0.950000000000,census_block_relationship_count
013,000680,013,000680,1.000000000000,census_block_relationship_count
013,000690,013,000690,1.000000000000,census_block_relationship_count
013,000700,013,000700,1.000000000000,census_block_relationship_count
013,000710,013,000411,0.006711409396,census_block_relationship_count
013,000710,013,000710,0.993288590604,census_block_relationship_count
013,000720,013,000720,1.000000000000,census_block_relationship_count
013,000730,013,000730,1.000000000000,census_block_relationship_count
013,000740,013,000740,1.000000000000,census_block_relationship_count
013,000750,013,000750,1.000000000000,census_block_relationship_count
013,000760,013,000760,1.000000000000,census_block_relationship_count
013,000770,013,000770,1.000000000000,census_block_relationship_count
013,000780,013,000780,1.000000000000,census_block_relationship_count
013,000790,013,000790,1.000000000000,census_block_relationship_count
013,000800,013,000780,0.045891579440,census_block_relationship_count
013,000800,013,000800,0.954108420560,census_block_relationship_count
013,000810,013,000810,1.000000000000,census_block_relationship_count
013,000820,013,000820,1.000000000000,census_block_relationship_count
013,000830,013,000830,1.000000000000,census_block_relationship_count
013,000840,013,000840,1.000000000000,census_block_relationship_count
013,000850,013,000850,1.000000000000,census_block_relationship_count
013,000860,013,000860,1.000000000000,census_block_relationship_count
013,000870,013,000870,1.000000000000,census_block_relationship_count
013,000880,013,000880,1.000000000000,census_block_relationship_count
013,000890,013,000890,1.000000000000,census_block_relationship_count
013,000900,013,000900,1.000000000000,census_block_relationship_count
013,000910,013,000910,1.000000000000,census_block_relationship_count
013,000920,013,000920,1.000000000000,census_block_relationship_count
013,000930,013,000930,1.000000000000,census_block_relationship_count
013,000940,013,000940,1.000000000000,census_block_relationship_count
013,000950,013,000950,1.000000000000,census_block_relationship_count
013,000960,013,000960,0.977500370645,census_block_relationship_count
013,000960,013,000970,0.022499629355,census_block_relationship_count
013,000970,013,000960,0.072933047850,census_block_relationship_count
013,000970,013,000970,0.927066952150,census_block_relationship_count
015,000010,015,000010,1.000000000000,census_block_relationship_count
015,000020,015,000020,1.000000000000,census_block_relationship_count
015,000030,015,000030,1.000000000000,census_block_relationship_count
015,000040,015,000040,1.000000000000,census_block_relationship_count
015,000050,015,000050,0.999999007747,census_block_relationship_count
015,000050,015,000060,0.000000992253,census_block_relationship_count
015,000060,015,000060,1.000000000000,census_block_relationship_count
015,000070,015,000070,1.000000000000,census_block_relationship_count
015,000080,015,000080,1.000000000000,census_block_relationship_count
015,000090,015,000090,1.000000000000,census_block_relationship_count
015,000100,015,000100,1.000000000000,census_block_relationship_count
015,000110,015,000110,1.000000000000,census_block_relationship_count
015,000120,015,000120,1.000000000000,census_block_relationship_count
015,000130,015,000130,1.000000000000,census_block_relationship_count
015,000140,015,000140,1.000000000000,census_block_relationship_count
015,000150,015,000150,1.000000000000,census_block_relationship_count
015,000160,015,000160,1.000000000000,census_block_relationship_count
015,000170,015,000170,1.000000000000,census_block_relationship_count
015,000180,015,000180,1.000000000000,census_block_relationship_count
015,000190,015,000190,1.000000000000,census_block_relationship_count
015,000200,015,000200,1.000000000000,census_block_relationship_count
015,000210,015,000210,1.000000000000,census_block_relationship_count
015,000220,015,000220,1.000000000000,census_block_relationship_count
015,000230,015,000230,1.000000000000,census_block_relationship_count
015,000240,015,000240,1.000000000000,census_block_relationship_count
015,000250,015,000250,1.000000000000,census_block_relationship_count
015,000260,015,000260,1.000000000000,census_block_relationship_count
015,000270,015,000270,1.000000000000,census_block_relationship_count
015,000280,015,000280,1.000000000000,census_block_relationship_count
015,000290,015,000290,1.000000000000,census_block_relationship_count
015,000300,015,000300,1.000000000000,census_block_relationship_count
015,000310,015,000310,1.000000000000,census_block_relationship_count
015,000320,015,000320,1.000000000000,census_block_relationship_count
015,000330,015,000330,1.000000000000,census_block_relationship_count
015,000340,015,000340,1.000000000000,census_block_relationship_count
015,000350,015,000350,1.000000000000,census_block_relationship_count
015,000360,015,000360,1.000000000000,census_block_relationship_count
015,000370,015,000370,1.000000000000,census_block_relationship_count
015,000380,015,000380,1.000000000000,census_block_relationship_count
015,000390,015,000390,1.000000000000,census_block_relationship_count
015,000400,015,000400,1.000000000000,census_block_relationship_count
015,000410,015,000410,1.000000000000,census_block_relationship_count
015,000420,015,000420,1.000000000000,census_block_relationship_count
015,000430,015,000430,1.000000000000,census_block_relationship_count
015,000440,015,000440,1.000000000000,census_block_relationship_count
015,000450,015,000450,1.000000000000,census_block_relationship_count
015,000460,015,000460,1.000000000000,census_block_relationship_count
015,000470,015,000470,1.000000000000,census_block_relationship_count
015,000480,015,000480,0.972222222222,census_block_relationship_count
015,000480,015,000490,0.027777777778,census_block_relationship_count
015,000490,015,000490,1.000000000000,census_block_relationship_count
015,000500,015,000500,1.000000000000,census_block_relationship_count
015,000510,015,000510,1.000000000000,census_block_relationship_count
015,000520,015,000520,1.000000000000,census_block_relationship_count
015,000530,015,000530,1.000000000000,census_block_relationship_count
015,000540,015,000540,1.000000000000,census_block_relationship_count
015,000550,015,000550,1.000000000000,census_block_relationship_count
015,000560,015,000560,1.000000000000,census_block_relationship_count
015,000570,015,000570,1.000000000000,census_block_relationship_count
015,000580,015,000580,1.000000000000,census_block_relationship_count
015,000590,015,000590,1.000000000000,census_block_relationship_count
015,000600,015,000600,1.000000000000,census_block_relationship_count
015,000610,015,000610,1.000000000000,census_block_relationship_count
017,000010,017,000010,1.000000000000,census_block_relationship_count
017,000020,017,000010,0.116504854369,census_block_relationship_count
017,000020,017,000020,0.883495145631,census_block_relationship_count
017,000030,017,000030,1.000000000000,census_block_relationship_count
017,000040,017,000040,1.000000000000,census_block_relationship_count
017,000050,017,000050,1.000000000000,census_block_relationship_count
017,000060,017,000060,1.000000000000,census_block_relationship_count
017,000070,017,000070,1.000000000000,census_block_relationship_count
017,000080,017,000080,1.000000000000,census_block_relationship_count
017,000090,017,000090,1.000000000000,census_block_relationship_count
017,000100,017,000100,1.000000000000,census_block_relationship_count
017,000110,017,000110,1.000000000000,census_block_relationship_count
017,000120,017,000040,0.020000000000,census_block_relationship_count
017,000120,017,000120,0.980000000000,census_block_relationship_count
017,000130,017,000130,1.000000000000,census_block_relationship_count
017,000140,017,000140,1.000000000000,census_block_relationship_count
017,000150,017,000150,1.000000000000,census_block_relationship_count
017,000160,017,000165,1.000000000000,census_block_relationship_count
017,000180,017,000180,1.000000000000,census_block_relationship_count
017,000190,017,000190,1.000000000000,census_block_relationship_count
017,000200,017,000200,1.000000000000,census_block_relationship_count
017,000210,017,000210,1.000000000000,census_block_relationship_count
017,000220,017,000220,1.000000000000,census_block_relationship_count
017,000230,017,000230,1.000000000000,census_block_relationship_count
017,000240,017,000240,1.000000000000,census_block_relationship_count
017,000250,017,000250,1.000000000000,census_block_relationship_count
017,000260,017,000260,1.000000000000,census_block_relationship_count
017,000270,017,000270,1.000000000000,census_block_relationship_count
017,000280,017,000280,1.000000000000,census_block_relationship_count
017,000285,017,000285,1.000000000000,census_block_relationship_count
017,000290,017,000290,1.000000000000,census_block_relationship_count
017,000300,017,000300,1.000000000000,census_block_relationship_count
017,000310,017,000310,0.972600585196,census_block_relationship_count
017,000310,017,000740,0.027399414804,census_block_relationship_count
017,000320,017,000320,1.000000000000,census_block_relationship_count
017,000330,017,000330,1.000000000000,census_block_relationship_count
017,000340,017,000340,0.999605189370,census_block_relationship_count
017,000340,017,000390,0.000394810630,census_block_relationship_count
017,000350,017,000350,0.923076923077,census_block_relationship_count
017,000350,017,000360,0.076923076923,census_block_relationship_count
017,000360,017,000360,1.000000000000,census_block_relationship_count
017,000370,017,000370,1.000000000000,census_block_relationship_count
017,000380,017,000380,1.000000000000,census_block_relationship_count
017,000390,017,000340,0.000044956866,census_block_relationship_count
017,000390,017,000390,0.999955043134,census_block_relationship_count
017,000400,017,000400,1.000000000000,census_block_relationship_count
017,000410,017,000410,1.000000000000,census_block_relationship_count
017,000420,017,000420,1.000000000000,census_block_relationship_count
017,000430,017,000435,1.000000000000,census_block_relationship_count
017,000440,017,000445,1.000000000000,census_block_relationship_count
017,000470,017,000470,1.000000000000,census_block_relationship_count
017,000480,017,000480,1.000000000000,census_block_relationship_count
017,000490,017,000490,1.000000000000,census_block_relationship_count
017,000500,017,000505,1.000000000000,census_block_relationship_count
017,000510,017,000515,1.000000000000,census_block_relationship_count
017,000530,017,000535,1.000000000000,census_block_relationship_count
017,000540,017,000545,1.000000000000,census_block_relationship_count
017,000570,017,000575,1.000000000000,census_block_relationship_count
017,000580,017,000585,1.000000000000,census_block_relationship_count
017,000590,017,000598,1.000000000000,census_block_relationship_count
017,000610,017,000610,1.000000000000,census_block_relationship_count
017,000620,017,000620,1.000000000000,census_block_relationship_count
017,000630,017,000630,1.000000000000,census_block_relationship_count
017,000640,017,000575,0.032258064516,census_block_relationship_count
017,000640,017,000645,0.967741935484,census_block_relationship_count
017,000650,017,000655,1.000000000000,census_block_relationship_count
017,000670,017,000670,0.973684210526,census_block_relationship_count
017,000670,017,000730,0.026315789474,census_block_relationship_count
017,000680,017,000680,1.000000000000,census_block_relationship_count
017,000690,017,000690,1.000000000000,census_block_relationship_count
017,000700,017,000700,1.000000000000,census_block_relationship_count
017,000710,017,000710,1.000000000000,census_block_relationship_count
017,000720,017,000720,1.000000000000,census_block_relationship_count
017,000730,017,000730,1.000000000000,census_block_relationship_count
017,000740,017,000740,1.000000000000,census_block_relationship_count
017,000750,017,000750,1.000000000000,census_block_relationship_count
017,000760,017,000760,1.000000000000,census_block_relationship_count
017,000765,017,000765,1.000000000000,census_block_relationship_count
017,000775,017,000775,1.000000000000,census_block_relationship_count
017,000780,017,000780,1.000000000000,census_block_relationship_count
017,000790,017,000790,1.000000000000,census_block_relationship_count
017,000805,017,000805,1.000000000000,census_block_relationship_count
017,000810,017,000810,1.000000000000,census_block_relationship_count
017,000815,017,000813,1.000000000000,census_block_relationship_count
017,000818,017,000817,1.000000000000,census_block_relationship_count
017,000820,017,000820,1.000000000000,census_block_relationship_count
017,000830,017,000832,1.000000000000,census_block_relationship_count
017,000840,017,000840,1.000000000000,census_block_relationship_count
017,000850,017,000850,1.000000000000,census_block_relationship_count
017,000860,017,000860,0.966666666667,census_block_relationship_count
017,000860,017,000885,0.033333333333,census_block_relationship_count
017,000870,017,000870,1.000000000000,census_block_relationship_count
017,000880,017,000880,1.000000000000,census_block_relationship_count
017,000885,017,000885,1.000000000000,census_block_relationship_count
017,000890,017,000890,1.000000000000,census_block_relationship_count
017,000900,017,000900,1.000000000000,census_block_relationship_count
017,000910,017,000910,1.000000000000,census_block_relationship_count
017,000920,017,000920,1.000000000000,census_block_relationship_count
017,000930,017,000930,1.000000000000,census_block_relationship_count
017,000940,017,000940,1.000000000000,census_block_relationship_count
017,000950,017,000950,1.000000000000,census_block_relationship_count
017,000960,017,000960,1.000000000000,census_block_relationship_count
017,000980,017,000980,1.000000000000,census_block_relationship_count
017,000985,017,000985,1.000000000000,census_block_relationship_count
017,000990,017,000990,0.993710691824,census_block_relationship_count
017,000990,017,001000,0.006289308176,census_block_relationship_count
017,001000,017,001000,1.000000000000,census_block_relationship_count
017,001010,017,001010,1.000000000000,census_block_relationship_count
017,001020,017,001020,1.000000000000,census_block_relationship_count
017,001030,017,001030,1.000000000000,census_block_relationship_count
017,001040,017,001040,1.000000000000,census_block_relationship_count
017,001050,017,000990,0.003496503497,census_block_relationship_count
017,001050,017,001050,0.996503496503,census_block_relationship_count
017,001060,017,001060,1.000000000000,census_block_relationship_count
017,001070,017,001070,1.000000000000,census_block_relationship_count
017,001080,017,001080,1.000000000000,census_block_relationship_count
017,001090,017,001090,1.000000000000,census_block_relationship_count
017,001100,017,001100,1.000000000000,census_block_relationship_count
017,001110,017,001110,1.000000000000,census_block_relationship_count
017,001120,017,001120,1.000000000000,census_block_relationship_count
017,001130,017,001130,1.000000000000,census_block_relationship_count
017,001140,017,001140,1.000000000000,census_block_relationship_count
017,001150,017,001150,1.000000000000,census_block_relationship_count
017,001160,017,001160,1.000000000000,census_block_relationship_count
017,001170,017,001170,1.000000000000,census_block_relationship_count
017,001180,017,001180,1.000000000000,census_block_relationship_count
017,001185,017,001184,1.000000000000,census_block_relationship_count
017,001190,017,001190,1.000000000000,census_block_relationship_count
017,001200,017,001200,1.000000000000,census_block_relationship_count
017,001210,017,001210,1.000000000000,census_block_relationship_count
017,001220,017,001220,1.000000000000,census_block_relationship_count
017,001230,017,001230,1.000000000000,census_block_relationship_count
017,001240,017,001240,1.000000000000,census_block_relationship_count
017,001250,017,001250,1.000000000000,census_block_relationship_count
017,001260,017,001260,1.000000000000,census_block_relationship_count
017,001270,017,001270,1.000000000000,census_block_relationship_count
017,001280,017,001280,1.000000000000,census_block_relationship_count
017,001290,017,001290,1.000000000000,census_block_relationship_count
017,001300,017,001300,0.993150420273,census_block_relationship_count
017,001300,017,001305,0.006849579727,census_block_relationship_count
017,001305,017,001300,0.121222947616,census_block_relationship_count
017,001305,017,001305,0.878777052384,census_block_relationship_count
017,001310,017,001310,1.000000000000,census_block_relationship_count
017,001320,017,001320,1.000000000000,census_block_relationship_count
017,001330,017,001330,1.000000000000,census_block_relationship_count
017,001340,017,001340,1.000000000000,census_block_relationship_count
017,001350,017,001350,1.000000000000,census_block_relationship_count
017,001360,017,001360,1.000000000000,census_block_relationship_count
017,001370,017,001370,1.000000000000,census_block_relationship_count
017,001380,017,001380,1.000000000000,census_block_relationship_count
017,001390,017,001305,0.030303030303,census_block_relationship_count
017,001390,017,001390,0.969696969697,census_block_relationship_count
017,001400,017,001400,1.000000000000,census_block_relationship_count
017,001410,017,001410,1.000000000000,census_block_relationship_count
017,001420,017,001420,1.000000000000,census_block_relationship_count
017,001430,017,001430,1.000000000000,census_block_relationship_count
017,001440,017,001400,0.028571428571,census_block_relationship_count
017,001440,017,001440,0.971428571429,census_block_relationship_count
017,001450,017,001450,1.000000000000,census_block_relationship_count
017,001460,017,001460,1.000000000000,census_block_relationship_count
017,001470,017,001470,1.000000000000,census_block_relationship_count
017,001480,017,001480,0.944444444444,census_block_relationship_count
017,001480,017,001490,0.055555555556,census_block_relationship_count
017,001490,017,001480,0.095238095238,census_block_relationship_count
017,001490,017,001490,0.904761904762,census_block_relationship_count
017,001500,017,001500,1.000000000000,census_block_relationship_count
017,001510,017,001510,1.000000000000,census_block_relationship_count
017,001520,017,001520,1.000000000000,census_block_relationship_count
017,001530,017,001530,1.000000000000,census_block_relationship_count
017,001540,017,001540,1.000000000000,census_block_relationship_count
017,001550,017,001550,1.000000000000,census_block_relationship_count
017,001560,017,001560,1.000000000000,census_block_relationship_count
017,001570,017,001570,1.000000000000,census_block_relationship_count
017,001580,017,001580,1.000000000000,census_block_relationship_count
017,001590,017,001590,1.000000000000,census_block_relationship_count
017,001600,017,000545,0.049321692335,census_block_relationship_count
017,001600,017,001600,0.950678307665,census_block_relationship_count
017,001610,017,001610,1.000000000000,census_block_relationship_count
017,001620,017,001620,1.000000000000,census_block_relationship_count
017,001630,017,001630,1.000000000000,census_block_relationship_count
017,001640,017,001640,1.000000000000,census_block_relationship_count
017,001650,017,001652,0.960396039604,census_block_relationship_count
017,001650,017,001670,0.019801980198,census_block_relationship_count
017,001650,017,001690,0.019801980198,census_block_relationship_count
017,001660,017,001660,1.000000000000,census_block_relationship_count
017,001670,017,001670,1.000000000000,census_block_relationship_count
017,001680,017,001680,1.000000000000,census_block_relationship_count
017,001690,017,001690,1.000000000000,census_block_relationship_count
017,001700,017,001700,1.000000000000,census_block_relationship_count
017,001703,017,001703,1.000000000000,census_block_relationship_count
017,001706,017,001706,1.000000000000,census_block_relationship_count
017,001707,017,001708,1.000000000000,census_block_relationship_count
017,001710,017,001710,1.000000000000,census_block_relationship_count
017,001720,017,001720,1.000000000000,census_block_relationship_count
017,001730,017,001730,1.000000000000,census_block_relationship_count
017,001740,017,001740,0.987500000000,census_block_relationship_count
017,001740,017,002820,0.012500000000,census_block_relationship_count
017,001755,017,001755,1.000000000000,census_block_relationship_count
017,001765,017,001765,1.000000000000,census_block_relationship_count
017,001775,017,001775,1.000000000000,census_block_relationship_count
017,001785,017,001010,0.000698181518,census_block_relationship_count
017,001785,017,001320,0.035016104196,census_block_relationship_count
017,001785,017,001785,0.964285714286,census_block_relationship_count
017,001790,017,001790,1.000000000000,census_block_relationship_count
017,001800,017,001800,1.000000000000,census_block_relationship_count
017,001810,017,001810,1.000000000000,census_block_relationship_count
017,001820,017,001820,1.000000000000,census_block_relationship_count
017,001825,017,001825,1.000000000000,census_block_relationship_count
017,001830,017,001830,1.000000000000,census_block_relationship_count
017,001840,017,001840,0.984098437208,census_block_relationship_count
017,001840,017,002323,0.015901562792,census_block_relationship_count
017,001850,017,001850,1.000000000000,census_block_relationship_count
017,001860,017,001860,1.000000000000,census_block_relationship_count
017,001870,017,001870,1.000000000000,census_block_relationship_count
017,001880,017,001880,1.000000000000,census_block_relationship_count
017,001890,017,001890,1.000000000000,census_block_relationship_count
017,001900,017,001900,0.999135822898,census_block_relationship_count
017,001900,017,001910,0.000864177102,census_block_relationship_count
017,001905,017,001905,1.000000000000,census_block_relationship_count
017,001910,017,001910,1.000000000000,census_block_relationship_count
017,001915,017,001915,1.000000000000,census_block_relationship_count
017,001920,017,001920,1.000000000000,census_block_relationship_count
017,001930,017,001930,1.000000000000,census_block_relationship_count
017,001940,017,001940,1.000000000000,census_block_relationship_count
017,001950,017,001950,1.000000000000,census_block_relationship_count
017,001960,017,001960,1.000000000000,census_block_relationship_count
017,001970,017,001970,1.000000000000,census_block_relationship_count
017,001980,017,001980,1.000000000000,census_block_relationship_count
017,001990,017,001990,1.000000000000,census_block_relationship_count
017,002000,017,002000,1.000000000000,census_block_relationship_count
017,002010,017,002010,1.000000000000,census_block_relationship_count
017,002020,017,002025,0.976744186047,census_block_relationship_count
017,002020,017,002115,0.023255813953,census_block_relationship_count
017,002030,017,002030,1.000000000000,census_block_relationship_count
017,002040,017,002040,1.000000000000,census_block_relationship_count
017,002050,017,002050,1.000000000000,census_block_relationship_count
017,002060,017,002060,1.000000000000,census_block_relationship_count
017,002070,017,002070,1.000000000000,census_block_relationship_count
017,002080,017,002080,1.000000000000,census_block_relationship_count
017,002090,017,002090,1.000000000000,census_block_relationship_count
017,002100,017,002100,1.000000000000,census_block_relationship_count
017,002110,017,002110,1.000000000000,census_block_relationship_count
017,002112,017,002115,1.000000000000,census_block_relationship_count
017,002120,017,002120,1.000000000000,census_block_relationship_count
017,002130,017,002130,1.000000000000,census_block_relationship_count
017,002140,017,002140,1.000000000000,census_block_relationship_count
017,002150,017,002150,1.000000000000,census_block_relationship_count
017,002165,017,002165,1.000000000000,census_block_relationship_count
017,002175,017,002173,1.000000000000,census_block_relationship_count
017,002185,017,002183,1.000000000000,census_block_relationship_count
017,002190,017,002190,1.000000000000,census_block_relationship_count
017,002195,017,002195,1.000000000000,census_block_relationship_count
017,002196,017,002198,1.000000000000,census_block_relationship_count
017,002200,017,002200,1.000000000000,census_block_relationship_count
017,002202,017,000887,1.000000000000,census_block_relationship_count
017,002203,017,001187,1.000000000000,census_block_relationship_count
017,002210,017,002210,1.000000000000,census_block_relationship_count
017,002220,017,002220,1.000000000000,census_block_relationship_count
017,002230,017,002230,1.000000000000,census_block_relationship_count
017,002240,017,001740,0.000000042070,census_block_relationship_count
017,002240,017,002235,0.630434782609,census_block_relationship_count
017,002240,017,002255,0.369565175321,census_block_relationship_count
017,002250,017,002237,0.627329192546,census_block_relationship_count
017,002250,017,002245,0.372670807454,census_block_relationship_count
017,002260,017,002260,1.000000000000,census_block_relationship_count
017,002270,017,002270,1.000000000000,census_block_relationship_count
017,002280,017,002280,1.000000000000,census_block_relationship_count
017,002290,017,002290,1.000000000000,census_block_relationship_count
017,002300,017,002300,1.000000000000,census_block_relationship_count
017,002310,017,002310,1.000000000000,census_block_relationship_count
017,002320,017,001840,0.000400012560,census_block_relationship_count
017,002320,017,002323,0.971028558869,census_block_relationship_count
017,002320,017,002330,0.028571428571,census_block_relationship_count
017,002325,017,002327,1.000000000000,census_block_relationship_count
017,002330,017,002330,1.000000000000,census_block_relationship_count
017,002340,017,002340,1.000000000000,census_block_relationship_count
017,002350,017,002350,1.000000000000,census_block_relationship_count
017,002360,017,002360,1.000000000000,census_block_relationship_count
017,002370,017,002237,0.000110171244,census_block_relationship_count
017,002370,017,002370,0.999889828756,census_block_relationship_count
017,002380,017,002380,0.999721833544,census_block_relationship_count
017,002380,017,002830,0.000278166456,census_block_relationship_count
017,002390,017,002390,1.000000000000,census_block_relationship_count
017,002400,017,002400,1.000000000000,census_block_relationship_count
017,002410,017,002410,1.000000000000,census_block_relationship_count
017,002420,017,002420,1.000000000000,census_block_relationship_count
017,002430,017,002430,1.000000000000,census_block_relationship_count
017,002440,017,002440,1.000000000000,census_block_relationship_count
017,002450,017,002450,1.000000000000,census_block_relationship_count
017,002460,017,002440,0.025316455696,census_block_relationship_count
017,002460,017,002460,0.974683544304,census_block_relationship_count
017,002465,017,002465,1.000000000000,census_block_relationship_count
017,002470,017,002470,1.000000000000,census_block_relationship_count
017,002480,017,002480,1.000000000000,census_block_relationship_count
017,002490,017,002490,1.000000000000,census_block_relationship_count
017,002500,017,002500,1.000000000000,census_block_relationship_count
017,002510,017,002510,1.000000000000,census_block_relationship_count
017,002520,017,002520,1.000000000000,census_block_relationship_count
017,002530,017,002530,1.000000000000,census_block_relationship_count
017,002540,017,002540,1.000000000000,census_block_relationship_count
017,002550,017,002550,1.000000000000,census_block_relationship_count
017,002560,017,002560,1.000000000000,census_block_relationship_count
017,002570,017,002570,1.000000000000,census_block_relationship_count
017,002580,017,002580,1.000000000000,census_block_relationship_count
017,002590,017,002590,1.000000000000,census_block_relationship_count
017,002600,017,002600,1.000000000000,census_block_relationship_count
017,002610,017,002610,1.000000000000,census_block_relationship_count
017,002620,017,002620,0.807692307692,census_block_relationship_count
017,002620,017,002805,0.192307692308,census_block_relationship_count
017,002630,017,002630,1.000000000000,census_block_relationship_count
017,002640,017,002640,1.000000000000,census_block_relationship_count
017,002650,017,002650,1.000000000000,census_block_relationship_count
017,002660,017,002660,1.000000000000,census_block_relationship_count
017,002670,017,002670,1.000000000000,census_block_relationship_count
017,002680,017,002680,1.000000000000,census_block_relationship_count
017,002690,017,002690,1.000000000000,census_block_relationship_count
017,002700,017,002700,1.000000000000,census_block_relationship_count
017,002710,017,002710,1.000000000000,census_block_relationship_count
017,002720,017,002720,1.000000000000,census_block_relationship_count
017,002730,017,002730,1.000000000000,census_block_relationship_count
017,002740,017,002742,1.000000000000,census_block_relationship_count
017,002750,017,002750,0.973684210526,census_block_relationship_count
017,002750,017,002783,0.026315789474,census_block_relationship_count
017,002760,017,002760,1.000000000000,census_block_relationship_count
017,002770,017,002770,1.000000000000,census_block_relationship_count
017,002780,017,002780,1.000000000000,census_block_relationship_count
017,002782,017,002783,1.000000000000,census_block_relationship_count
017,002784,017,002785,1.000000000000,census_block_relationship_count
017,002786,017,002787,1.000000000000,census_block_relationship_count
017,002800,017,002800,1.000000000000,census_block_relationship_count
017,002801,017,002827,1.000000000000,census_block_relationship_count
017,002805,017,002805,1.000000000000,census_block_relationship_count
017,002815,017,002812,1.000000000000,census_block_relationship_count
017,002820,017,001740,0.016666666667,census_block_relationship_count
017,002820,017,002820,0.983333333333,census_block_relationship_count
017,002825,017,002805,0.025641025641,census_block_relationship_count
017,002825,017,002825,0.974358974359,census_block_relationship_count
017,002830,017,002830,1.000000000000,census_block_relationship_count
017,002840,017,002840,1.000000000000,census_block_relationship_count
017,002850,017,002850,1.000000000000,census_block_relationship_count
019,000020,019,000020,1.000000000000,census_block_relationship_count
019,000030,019,000030,0.903022169238,census_block_relationship_count
019,000030,019,000670,0.096977830762,census_block_relationship_count
019,000040,019,000040,1.000000000000,census_block_relationship_count
019,000050,019,000050,1.000000000000,census_block_relationship_count
019,000051,019,000060,1.000000000000,census_block_relationship_count
019,000052,019,000065,1.000000000000,census_block_relationship_count
019,000080,019,000075,0.990037962135,census_block_relationship_count
019,000080,019,000090,0.009962037865,census_block_relationship_count
019,000090,019,000090,1.000000000000,census_block_relationship_count
019,000100,019,000100,1.000000000000,census_block_relationship_count
019,000110,019,000110,1.000000000000,census_block_relationship_count
019,000120,019,000090,0.052631578947,census_block_relationship_count
019,000120,019,000110,0.184210526316,census_block_relationship_count
019,000120,019,000120,0.763157894737,census_block_relationship_count
019,000130,019,000135,1.000000000000,census_block_relationship_count
019,000150,019,000150,0.968750000000,census_block_relationship_count
019,000150,019,000170,0.031250000000,census_block_relationship_count
019,000160,019,000160,1.000000000000,census_block_relationship_count
019,000170,019,000170,1.000000000000,census_block_relationship_count
019,000180,019,000180,1.000000000000,census_block_relationship_count
019,000190,019,000190,1.000000000000,census_block_relationship_count
019,000200,019,000200,1.000000000000,census_block_relationship_count
019,000210,019,000210,1.000000000000,census_block_relationship_count
019,000220,019,000220,1.000000000000,census_block_relationship_count
019,000230,019,000230,1.000000000000,census_block_relationship_count
019,000240,019,000242,1.000000000000,census_block_relationship_count
019,000250,019,000242,0.037037037037,census_block_relationship_count
019,000250,019,000248,0.962962962963,census_block_relationship_count
019,000255,019,000254,1.000000000000,census_block_relationship_count
019,000260,019,000260,1.000000000000,census_block_relationship_count
019,000270,019,000270,1.000000000000,census_block_relationship_count
019,000280,019,000280,1.000000000000,census_block_relationship_count
019,000290,019,000290,1.000000000000,census_block_relationship_count
019,000300,019,000300,1.000000000000,census_block_relationship_count
019,000310,019,000310,1.000000000000,census_block_relationship_count
019,000320,019,000320,1.000000000000,census_block_relationship_count
019,000330,019,000330,0.999947022096,census_block_relationship_count
019,000330,019,000340,0.000052977904,census_block_relationship_count
019,000340,019,000340,1.000000000000,census_block_relationship_count
019,000351,019,000351,1.000000000000,census_block_relationship_count
019,000355,019,000353,0.625000000000,census_block_relationship_count
019,000355,019,000354,0.375000000000,census_block_relationship_count
019,000356,019,000354,0.022222222222,census_block_relationship_count
019,000356,019,000358,0.222222222222,census_block_relationship_count
019,000356,019,000359,0.755555555556,census_block_relationship_count
019,000360,019,000362,0.926829268293,census_block_relationship_count
019,000360,019,000363,0.073170731707,census_block_relationship_count
019,000365,019,000366,0.600000000000,census_block_relationship_count
019,000365,019,000367,0.400000000000,census_block_relationship_count
019,000371,019,000371,1.000000000000,census_block_relationship_count
019,000375,019,000375,1.000000000000,census_block_relationship_count
019,000376,019,000377,1.000000000000,census_block_relationship_count
019,000377,019,000379,1.000000000000,census_block_relationship_count
019,000380,019,000280,0.010101010101,census_block_relationship_count
019,000380,019,000380,0.989898989899,census_block_relationship_count
019,000390,019,000390,1.000000000000,census_block_relationship_count
019,000400,019,000400,1.000000000000,census_block_relationship_count
019,000410,019,000410,1.000000000000,census_block_relationship_count
019,000420,019,000420,1.000000000000,census_block_relationship_count
019,000430,019,000430,1.000000000000,census_block_relationship_count
019,000440,019,000440,1.000000000000,census_block_relationship_count
019,000450,019,000450,1.000000000000,census_block_relationship_count
019,000460,019,000460,1.000000000000,census_block_relationship_count
019,000470,019,000470,1.000000000000,census_block_relationship_count
019,000480,019,000480,1.000000000000,census_block_relationship_count
019,000500,019,000500,1.000000000000,census_block_relationship_count
019,000510,019,000510,1.000000000000,census_block_relationship_count
019,000520,019,000520,1.000000000000,census_block_relationship_count
019,000530,019,000530,1.000000000000,census_block_relationship_count
019,000540,019,000540,1.000000000000,census_block_relationship_count
019,000545,019,000546,0.814285714286,census_block_relationship_count
019,000545,019,000547,0.185714285714,census_block_relationship_count
019,000550,019,000550,1.000000000000,census_block_relationship_count
019,000555,019,000556,0.551724137931,census_block_relationship_count
019,000555,019,000557,0.448275862069,census_block_relationship_count
019,000560,019,000560,1.000000000000,census_block_relationship_count
019,000570,019,000570,1.000000000000,census_block_relationship_count
019,000580,019,000580,1.000000000000,census_block_relationship_count
019,000590,019,000590,1.000000000000,census_block_relationship_count
019,000600,019,000600,1.000000000000,census_block_relationship_count
019,000610,019,000610,1.000000000000,census_block_relationship_count
019,000620,019,000620,1.000000000000,census_block_relationship_count
019,000630,019,000630,1.000000000000,census_block_relationship_count
019,000640,019,000640,1.000000000000,census_block_relationship_count
019,000650,019,000310,0.033333333333,census_block_relationship_count
019,000650,019,000650,0.966666666667,census_block_relationship_count
019,000660,019,000660,1.000000000000,census_block_relationship_count
019,000670,019,000030,0.000035233120,census_block_relationship_count
019,000670,019,000670,0.999964766880,census_block_relationship_count
019,000680,019,000680,1.000000000000,census_block_relationship_count
019,000690,019,000690,1.000000000000,census_block_relationship_count
019,000700,019,000300,0.012345679012,census_block_relationship_count
019,000700,019,000700,0.987654320988,census_block_relationship_count
019,000710,019,000710,1.000000000000,census_block_relationship_count
019,000720,019,000720,1.000000000000,census_block_relationship_count
019,000730,019,000730,1.000000000000,census_block_relationship_count
019,000740,019,000670,0.004950892857,census_block_relationship_count
019,000740,019,000740,0.995049107143,census_block_relationship_count
019,000750,019,000750,1.000000000000,census_block_relationship_count
019,000760,019,000570,0.008814189384,census_block_relationship_count
019,000760,019,000760,0.991185810616,census_block_relationship_count
019,000770,019,000770,1.000000000000,census_block_relationship_count
019,000845,019,000845,1.000000000000,census_block_relationship_count
019,000855,019,000855,1.000000000000,census_block_relationship_count
019,000865,019,000865,1.000000000000,census_block_relationship_count
019,00PR85,019,000012,1.000000000000,census_block_relationship_count
019,00PR86,019,000014,0.980000000000,census_block_relationship_count
019,00PR86,019,000353,0.020000000000,census_block_relationship_count
019,00PR87,019,000014,0.266666666666,census_block_relationship_count
019,00PR87,019,000016,0.733333333334,census_block_relationship_count
021,000010,021,000010,1.000000000000,census_block_relationship_count
021,000020,021,000025,1.000000000000,census_block_relationship_count
021,000030,021,000025,1.000000000000,census_block_relationship_count
021,000040,021,000040,1.000000000000,census_block_relationship_count
021,000050,021,000055,1.000000000000,census_block_relationship_count
021,000060,021,000060,1.000000000000,census_block_relationship_count
021,000070,021,000055,1.000000000000,census_block_relationship_count
021,000080,021,000080,0.979591281467,census_block_relationship_count
021,000080,021,001230,0.020408718533,census_block_relationship_count
021,000090,021,000090,1.000000000000,census_block_relationship_count
021,000130,021,000140,1.000000000000,census_block_relationship_count
021,000140,021,000140,0.990840054807,census_block_relationship_count
021,000140,021,001338,0.009159945193,census_block_relationship_count
021,000155,021,000154,1.000000000000,census_block_relationship_count
021,000165,021,000154,0.980980617785,census_block_relationship_count
021,000165,021,001321,0.019019382215,census_block_relationship_count
021,000175,021,000175,1.000000000000,census_block_relationship_count
021,000190,021,000190,1.000000000000,census_block_relationship_count
021,000200,021,000200,0.988718701006,census_block_relationship_count
021,000200,021,000210,0.011281298994,census_block_relationship_count
021,000210,021,000210,0.991094765390,census_block_relationship_count
021,000210,021,000540,0.008905234610,census_block_relationship_count
021,000220,021,000220,0.999534084134,census_block_relationship_count
021,000220,021,000530,0.000465915866,census_block_relationship_count
021,000235,021,000235,1.000000000000,census_block_relationship_count
021,000250,021,000250,1.000000000000,census_block_relationship_count
021,000260,021,000260,1.000000000000,census_block_relationship_count
021,000270,021,000270,1.000000000000,census_block_relationship_count
021,000280,021,000280,1.000000000000,census_block_relationship_count
021,000290,021,000290,1.000000000000,census_block_relationship_count
021,000300,021,000305,1.000000000000,census_block_relationship_count
021,000310,021,000305,0.949951978680,census_block_relationship_count
021,000310,021,000595,0.050048021320,census_block_relationship_count
021,000311,021,000335,0.969230769231,census_block_relationship_count
021,000311,021,001580,0.030769230769,census_block_relationship_count
021,000312,021,000335,1.000000000000,census_block_relationship_count
021,000315,021,000315,0.999021430346,census_block_relationship_count
021,000315,021,001580,0.000978569654,census_block_relationship_count
021,000325,021,000325,1.000000000000,census_block_relationship_count
021,000350,021,000350,0.999729938765,census_block_relationship_count
021,000350,021,001770,0.000270061235,census_block_relationship_count
021,000365,021,000367,0.998369210700,census_block_relationship_count
021,000365,021,000550,0.001630789300,census_block_relationship_count
021,000370,021,000367,1.000000000000,census_block_relationship_count
021,000390,021,000390,1.000000000000,census_block_relationship_count
021,000405,021,000405,1.000000000000,census_block_relationship_count
021,000420,021,000420,1.000000000000,census_block_relationship_count
021,000430,021,000430,0.990483331316,census_block_relationship_count
021,000430,021,001350,0.009516668684,census_block_relationship_count
021,000440,021,000235,0.000074044788,census_block_relationship_count
021,000440,021,000440,0.999925955212,census_block_relationship_count
021,000455,021,000457,0.989550838724,census_block_relationship_count
021,000455,021,000595,0.010449161276,census_block_relationship_count
021,000465,021,000457,1.000000000000,census_block_relationship_count
021,000480,021,000478,0.714285714286,census_block_relationship_count
021,000480,021,000479,0.285714285714,census_block_relationship_count
021,000490,021,000457,0.046305488314,census_block_relationship_count
021,000490,021,000479,0.905588100605,census_block_relationship_count
021,000490,021,000966,0.000113700305,census_block_relationship_count
021,000490,021,001016,0.047992710777,census_block_relationship_count
021,000500,021,000478,0.967741935484,census_block_relationship_count
021,000500,021,000479,0.032258064516,census_block_relationship_count
021,000510,021,000478,0.571428571429,census_block_relationship_count
021,000510,021,000479,0.428571428571,census_block_relationship_count
021,000520,021,000520,1.000000000000,census_block_relationship_count
021,000530,021,000530,1.000000000000,census_block_relationship_count
021,000540,021,000540,1.000000000000,census_block_relationship_count
021,000550,021,000550,0.761697185165,census_block_relationship_count
021,000550,021,001770,0.238302814835,census_block_relationship_count
021,000560,021,000560,1.000000000000,census_block_relationship_count
021,000570,021,000575,0.999546582581,census_block_relationship_count
021,000570,021,001041,0.000453417419,census_block_relationship_count
021,000580,021,000575,1.000000000000,census_block_relationship_count
021,000595,021,000595,1.000000000000,census_block_relationship_count
021,000610,021,000615,0.977642596729,census_block_relationship_count
021,000610,021,000636,0.022357403271,census_block_relationship_count
021,000620,021,000615,1.000000000000,census_block_relationship_count
021,000635,021,000636,1.000000000000,census_block_relationship_count
021,000645,021,000636,1.000000000000,census_block_relationship_count
021,000660,021,000660,1.000000000000,census_block_relationship_count
021,000675,021,000675,1.000000000000,census_block_relationship_count
021,000695,021,000695,0.999999790247,census_block_relationship_count
021,000695,021,001785,0.000000209753,census_block_relationship_count
021,000710,021,000710,1.000000000000,census_block_relationship_count
021,000711,021,001016,1.000000000000,census_block_relationship_count
021,000720,021,000720,0.934821899284,census_block_relationship_count
021,000720,021,001301,0.062122387090,census_block_relationship_count
021,000720,021,001321,0.003055713627,census_block_relationship_count
021,000730,021,000730,1.000000000000,census_block_relationship_count
021,000745,021,000767,1.000000000000,census_block_relationship_count
021,000765,021,000405,0.034835410674,census_block_relationship_count
021,000765,021,000767,0.965164589326,census_block_relationship_count
021,000785,021,000786,1.000000000000,census_block_relationship_count
021,000805,021,000786,1.000000000000,census_block_relationship_count
021,000825,021,000826,1.000000000000,census_block_relationship_count
021,000845,021,000826,1.000000000000,census_block_relationship_count
021,000860,021,000862,1.000000000000,census_block_relationship_count
021,000870,021,000862,1.000000000000,census_block_relationship_count
021,000880,021,000881,1.000000000000,census_block_relationship_count
021,000890,021,000862,0.068965517241,census_block_relationship_count
021,000890,021,000881,0.931034482759,census_block_relationship_count
021,000915,021,000942,1.000000000000,census_block_relationship_count
021,000940,021,000942,1.000000000000,census_block_relationship_count
021,000950,021,000942,1.000000000000,census_block_relationship_count
021,000965,021,000966,1.000000000000,census_block_relationship_count
021,000975,021,000942,0.048791535764,census_block_relationship_count
021,000975,021,000966,0.951208464236,census_block_relationship_count
021,000990,021,001016,1.000000000000,census_block_relationship_count
021,001015,021,001016,1.000000000000,census_block_relationship_count
021,001035,021,001035,1.000000000000,census_block_relationship_count
021,001045,021,000575,0.000345528456,census_block_relationship_count
021,001045,021,001041,0.999654471544,census_block_relationship_count
021,001055,021,000405,0.000664801504,census_block_relationship_count
021,001055,021,001055,0.999335198496,census_block_relationship_count
021,001075,021,001041,1.000000000000,census_block_relationship_count
021,001105,021,001105,1.000000000000,census_block_relationship_count
021,001125,021,001125,1.000000000000,census_block_relationship_count
021,001145,021,001146,1.000000000000,census_block_relationship_count
021,001155,021,001155,1.000000000000,census_block_relationship_count
021,001165,021,001146,0.956521739130,census_block_relationship_count
021,001165,021,001155,0.043478260870,census_block_relationship_count
021,001190,021,001190,1.000000000000,census_block_relationship_count
021,001200,021,001200,1.000000000000,census_block_relationship_count
021,001210,021,001210,1.000000000000,census_block_relationship_count
021,001220,021,001060,0.034482758621,census_block_relationship_count
021,001220,021,001220,0.965517241379,census_block_relationship_count
021,001230,021,001230,1.000000000000,census_block_relationship_count
021,001240,021,001241,1.000000000000,census_block_relationship_count
021,001255,021,001105,0.000547059617,census_block_relationship_count
021,001255,021,001241,0.999452940383,census_block_relationship_count
021,001265,021,001241,0.031513684971,census_block_relationship_count
021,001265,021,001255,0.870312900274,census_block_relationship_count
021,001265,021,001931,0.000654841661,census_block_relationship_count
021,001265,021,001941,0.033002444061,census_block_relationship_count
021,001265,021,001951,0.064516129032,census_block_relationship_count
021,001280,021,001280,1.000000000000,census_block_relationship_count
021,001290,021,001290,1.000000000000,census_block_relationship_count
021,001300,021,001301,1.000000000000,census_block_relationship_count
021,001310,021,001301,1.000000000000,census_block_relationship_count
021,001311,021,001321,1.000000000000,census_block_relationship_count
021,001331,021,001332,0.935483870968,census_block_relationship_count
021,001331,021,001338,0.064516129032,census_block_relationship_count
021,001333,021,001332,1.000000000000,census_block_relationship_count
021,001335,021,001338,0.674157303371,census_block_relationship_count
021,001335,021,001342,0.325842696629,census_block_relationship_count
021,001337,021,001332,0.125000000000,census_block_relationship_count
021,001337,021,001338,0.875000000000,census_block_relationship_count
021,001339,021,001342,1.000000000000,census_block_relationship_count
021,001340,021,001340,1.000000000000,census_block_relationship_count
021,001350,021,001350,1.000000000000,census_block_relationship_count
021,001360,021,001361,1.000000000000,census_block_relationship_count
021,001370,021,001361,0.974949678084,census_block_relationship_count
021,001370,021,001395,0.025050321916,census_block_relationship_count
021,001380,021,001380,0.999819907033,census_block_relationship_count
021,001380,021,001405,0.000180092967,census_block_relationship_count
021,001385,021,001385,0.812500000000,census_block_relationship_count
021,001385,021,001395,0.187500000000,census_block_relationship_count
021,001395,021,001395,1.000000000000,census_block_relationship_count
021,001405,021,001405,1.000000000000,census_block_relationship_count
021,001435,021,001452,1.000000000000,census_block_relationship_count
021,001450,021,001452,1.000000000000,census_block_relationship_count
021,001470,021,001471,0.998635243337,census_block_relationship_count
021,001470,021,001595,0.001364756663,census_block_relationship_count
021,001480,021,001481,1.000000000000,census_block_relationship_count
021,001490,021,001490,1.000000000000,census_block_relationship_count
021,001500,021,000675,0.029411764706,census_block_relationship_count
021,001500,021,001471,0.970588235294,census_block_relationship_count
021,001510,021,001510,1.000000000000,census_block_relationship_count
021,001520,021,001481,1.000000000000,census_block_relationship_count
021,001530,021,001530,1.000000000000,census_block_relationship_count
021,001540,021,001540,1.000000000000,census_block_relationship_count
021,001550,021,001505,1.000000000000,census_block_relationship_count
021,001560,021,001525,1.000000000000,census_block_relationship_count
021,001570,021,001555,1.000000000000,census_block_relationship_count
021,001580,021,000315,0.024916001290,census_block_relationship_count
021,001580,021,001580,0.975083998710,census_block_relationship_count
021,001595,021,001595,1.000000000000,census_block_relationship_count
021,001615,021,000550,0.023329600598,census_block_relationship_count
021,001615,021,001616,0.976670399402,census_block_relationship_count
021,001635,021,001616,1.000000000000,census_block_relationship_count
021,001650,021,001651,1.000000000000,census_block_relationship_count
021,001660,021,000786,0.027777777778,census_block_relationship_count
021,001660,021,001651,0.005220405953,census_block_relationship_count
021,001660,021,001660,0.967001816269,census_block_relationship_count
021,001670,021,001651,0.903225806452,census_block_relationship_count
021,001670,021,001660,0.064516129032,census_block_relationship_count
021,001670,021,001931,0.032258064516,census_block_relationship_count
021,001700,021,001055,0.020408163265,census_block_relationship_count
021,001700,021,001700,0.979591836735,census_block_relationship_count
021,001710,021,000575,0.028593208894,census_block_relationship_count
021,001710,021,001710,0.971406791106,census_block_relationship_count
021,001720,021,000675,0.037037037037,census_block_relationship_count
021,001720,021,001720,0.962962962963,census_block_relationship_count
021,001730,021,000675,0.061850580735,census_block_relationship_count
021,001730,021,001220,0.100000000000,census_block_relationship_count
021,001730,021,001730,0.838149419265,census_block_relationship_count
021,001760,021,001760,0.922465067227,census_block_relationship_count
021,001760,021,002010,0.077534932773,census_block_relationship_count
021,001765,021,001765,1.000000000000,census_block_relationship_count
021,001770,021,001770,1.000000000000,census_block_relationship_count
021,001785,021,000695,0.000068436934,census_block_relationship_count
021,001785,021,001332,0.000000592376,census_block_relationship_count
021,001785,021,001785,0.999930970691,census_block_relationship_count
021,001800,021,001342,0.071534752914,census_block_relationship_count
021,001800,021,001800,0.928465247086,census_block_relationship_count
021,001820,021,001820,1.000000000000,census_block_relationship_count
021,001830,021,001830,0.954473651364,census_block_relationship_count
021,001830,021,001851,0.045526348636,census_block_relationship_count
021,001840,021,000881,0.038461538462,census_block_relationship_count
021,001840,021,001840,0.961538461538,census_block_relationship_count
021,001850,021,001851,1.000000000000,census_block_relationship_count
021,001860,021,001860,1.000000000000,census_block_relationship_count
021,001870,021,000881,0.000895379313,census_block_relationship_count
021,001870,021,001651,0.000095371782,census_block_relationship_count
021,001870,021,001851,0.999009248905,census_block_relationship_count
021,001880,021,001880,1.000000000000,census_block_relationship_count
021,001890,021,001200,0.001686343972,census_block_relationship_count
021,001890,021,001210,0.021447479740,census_block_relationship_count
021,001890,021,001361,0.020592801730,census_block_relationship_count
021,001890,021,001890,0.956273374557,census_block_relationship_count
021,001900,021,000235,0.023255813953,census_block_relationship_count
021,001900,021,001900,0.976744186047,census_block_relationship_count
021,001910,021,001910,1.000000000000,census_block_relationship_count
021,001920,021,001920,1.000000000000,census_block_relationship_count
021,001930,021,000175,0.049375093490,census_block_relationship_count
021,001930,021,001931,0.950624906510,census_block_relationship_count
021,001940,021,001651,0.025000000000,census_block_relationship_count
021,001940,021,001931,0.975000000000,census_block_relationship_count
021,001950,021,001951,1.000000000000,census_block_relationship_count
021,001960,021,001941,1.000000000000,census_block_relationship_count
021,001970,021,001951,1.000000000000,census_block_relationship_count
021,001980,021,001941,1.000000000000,census_block_relationship_count
021,001995,021,001995,1.000000000000,census_block_relationship_count
021,002010,021,002010,1.000000000000,census_block_relationship_count
021,0PR164,021,001321,1.000000000000,census_block_relationship_count
021,0PR173,021,001060,1.000000000000,census_block_relationship_count
023,000010,023,000010,1.000000000000,census_block_relationship_count
023,000020,023,000020,1.000000000000,census_block_relationship_count
023,000030,023,000030,1.000000000000,census_block_relationship_count
023,000040,023,000040,1.000000000000,census_block_relationship_count
023,000050,023,000050,1.000000000000,census_block_relationship_count
023,000060,023,000060,1.000000000000,census_block_relationship_count
023,000070,023,000070,1.000000000000,census_block_relationship_count
023,000080,023,000080,1.000000000000,census_block_relationship_count
023,000090,023,000090,1.000000000000,census_block_relationship_count
023,000100,023,000100,1.000000000000,census_block_relationship_count
025,000010,025,000015,1.000000000000,census_block_relationship_count
025,000020,025,000015,1.000000000000,census_block_relationship_count
025,000030,025,000015,1.000000000000,census_block_relationship_count
025,000040,025,000040,1.000000000000,census_block_relationship_count
025,000050,025,000050,1.000000000000,census_block_relationship_count
025,000065,025,000058,1.000000000000,census_block_relationship_count
025,000066,025,000062,1.000000000000,census_block_relationship_count
025,000070,025,000070,1.000000000000,census_block_relationship_count
025,000080,025,000080,1.000000000000,census_block_relationship_count
025,000090,025,000090,1.000000000000,census_block_relationship_count
025,000100,025,000100,1.000000000000,census_block_relationship_count
025,000110,025,000110,1.000000000000,census_block_relationship_count
025,000120,025,000110,0.027027027027,census_block_relationship_count
025,000120,025,000120,0.972972972973,census_block_relationship_count
025,000130,025,000110,0.019230769231,census_block_relationship_count
025,000130,025,000130,0.980769230769,census_block_relationship_count
025,000140,025,000140,1.000000000000,census_block_relationship_count
025,000150,025,000150,1.000000000000,census_block_relationship_count
025,000160,025,000160,1.000000000000,census_block_relationship_count
025,000170,025,000170,1.000000000000,census_block_relationship_count
025,000180,025,000180,1.000000000000,census_block_relationship_count
025,000190,025,000190,1.000000000000,census_block_relationship_count
025,000200,025,000200,1.000000000000,census_block_relationship_count
025,000210,025,000210,1.000000000000,census_block_relationship_count
025,000220,025,000220,1.000000000000,census_block_relationship_count
025,000230,025,000230,1.000000000000,census_block_relationship_count
025,000240,025,000240,1.000000000000,census_block_relationship_count
025,000250,025,000250,1.000000000000,census_block_relationship_count
025,000260,025,000258,0.989453190789,census_block_relationship_count
025,000260,025,000262,0.009708737864,census_block_relationship_count
025,000260,025,000330,0.000838071347,census_block_relationship_count
025,000265,025,000262,1.000000000000,census_block_relationship_count
025,000270,025,000270,1.000000000000,census_block_relationship_count
025,000280,025,000280,1.000000000000,census_block_relationship_count
025,000290,025,000290,1.000000000000,census_block_relationship_count
025,000300,025,000300,1.000000000000,census_block_relationship_count
025,000310,025,000310,1.000000000000,census_block_relationship_count
025,000320,025,000320,1.000000000000,census_block_relationship_count
025,000330,025,000330,1.000000000000,census_block_relationship_count
025,000340,025,000340,1.000000000000,census_block_relationship_count
025,000350,025,000350,1.000000000000,census_block_relationship_count
025,000360,025,000360,1.000000000000,census_block_relationship_count
025,000374,025,000367,1.000000000000,census_block_relationship_count
025,000375,025,000376,0.010204081633,census_block_relationship_count
025,000375,025,000379,0.989795918367,census_block_relationship_count
025,000376,025,000371,1.000000000000,census_block_relationship_count
025,000377,025,000376,1.000000000000,census_block_relationship_count
025,000379,025,000363,1.000000000000,census_block_relationship_count
025,000380,025,000380,1.000000000000,census_block_relationship_count
025,000390,025,000390,1.000000000000,census_block_relationship_count
025,000400,025,000400,1.000000000000,census_block_relationship_count
025,000410,025,000410,1.000000000000,census_block_relationship_count
025,000420,025,000420,1.000000000000,census_block_relationship_count
025,000435,025,000428,1.000000000000,census_block_relationship_count
025,000436,025,000428,0.025641025641,census_block_relationship_count
025,000436,025,000432,0.974358974359,census_block_relationship_count
025,000440,025,000440,1.000000000000,census_block_relationship_count
025,000450,025,000450,1.000000000000,census_block_relationship_count
025,000460,025,000460,1.000000000000,census_block_relationship_count
027,000010,027,000010,1.000000000000,census_block_relationship_count
027,000020,027,000020,1.000000000000,census_block_relationship_count
027,000030,027,000030,1.000000000000,census_block_relationship_count
027,000040,027,000040,1.000000000000,census_block_relationship_count
027,000050,027,000050,1.000000000000,census_block_relationship_count
027,000060,027,000060,0.465460662470,census_block_relationship_count
027,000060,027,000070,0.534539337530,census_block_relationship_count
027,000070,027,000070,0.995729943536,census_block_relationship_count
027,000070,027,000130,0.004270056464,census_block_relationship_count
027,000080,027,000080,0.957206816301,census_block_relationship_count
027,000080,027,000290,0.042793183699,census_block_relationship_count
027,000090,027,000090,1.000000000000,census_block_relationship_count
027,000100,027,000100,1.000000000000,census_block_relationship_count
027,000110,027,000110,1.000000000000,census_block_relationship_count
027,000120,027,000120,1.000000000000,census_block_relationship_count
027,000130,027,000070,0.005704499154,census_block_relationship_count
027,000130,027,000130,0.940241446792,census_block_relationship_count
027,000130,027,000150,0.054054054054,census_block_relationship_count
027,000140,027,000140,1.000000000000,census_block_relationship_count
027,000150,027,000130,0.012345679012,census_block_relationship_count
027,000150,027,000150,0.987654320988,census_block_relationship_count
027,000160,027,000160,1.000000000000,census_block_relationship_count
027,000170,027,000170,1.000000000000,census_block_relationship_count
027,000180,027,000180,1.000000000000,census_block_relationship_count
027,000190,027,000190,1.000000000000,census_block_relationship_count
027,000200,027,000200,0.575016004336,census_block_relationship_count
027,000200,027,000207,0.061347632027,census_block_relationship_count
027,000200,027,000214,0.363636363636,census_block_relationship_count
027,000210,027,000212,1.000000000000,census_block_relationship_count
027,000220,027,000220,1.000000000000,census_block_relationship_count
027,000230,027,000230,1.000000000000,census_block_relationship_count
027,000240,027,000240,1.000000000000,census_block_relationship_count
027,000250,027,000250,1.000000000000,census_block_relationship_count
027,000260,027,000261,0.292020737666,census_block_relationship_count
027,000260,027,000263,0.257142857143,census_block_relationship_count
027,000260,027,000264,0.422264976620,census_block_relationship_count
027,000260,027,000265,0.028571428571,census_block_relationship_count
027,000270,027,000270,1.000000000000,census_block_relationship_count
027,000280,027,000280,1.000000000000,census_block_relationship_count
027,000290,027,000290,1.000000000000,census_block_relationship_count
027,000300,027,000300,1.000000000000,census_block_relationship_count
027,000310,027,000310,1.000000000000,census_block_relationship_count
027,000320,027,000320,1.000000000000,census_block_relationship_count
027,000330,027,000330,1.000000000000,census_block_relationship_count
027,000340,027,000340,1.000000000000,census_block_relationship_count
027,000350,027,000350,1.000000000000,census_block_relationship_count
027,000360,027,000360,1.000000000000,census_block_relationship_count
027,000370,027,000370,1.000000000000,census_block_relationship_count
027,000380,027,000380,1.000000000000,census_block_relationship_count
027,000390,027,000390,1.000000000000,census_block_relationship_count
027,000400,027,000400,1.000000000000,census_block_relationship_count
027,000410,027,000410,1.000000000000,census_block_relationship_count
027,000420,027,000420,1.000000000000,census_block_relationship_count
027,000430,027,000430,1.000000000000,census_block_relationship_count
027,000440,027,000440,1.000000000000,census_block_relationship_count
027,000450,027,000450,1.000000000000,census_block_relationship_count
027,000460,027,000460,1.000000000000,census_block_relationship_count
027,000470,027,000470,1.000000000000,census_block_relationship_count
027,000480,027,000480,1.000000000000,census_block_relationship_count
027,000490,027,000490,1.000000000000,census_block_relationship_count
027,000500,027,000500,1.000000000000,census_block_relationship_count
027,000510,027,000440,0.002946127946,census_block_relationship_count
027,000510,027,000460,0.009259259259,census_block_relationship_count
027,000510,027,000510,0.987794612794,census_block_relationship_count
027,000520,027,000520,1.000000000000,census_block_relationship_count
027,000530,027,000530,1.000000000000,census_block_relationship_count
027,000540,027,000540,1.000000000000,census_block_relationship_count
027,000550,027,000550,1.000000000000,census_block_relationship_count
027,000560,027,000560,1.000000000000,census_block_relationship_count
027,000570,027,000535,1.000000000000,census_block_relationship_count
027,000580,027,000582,0.972972972973,census_block_relationship_count
027,000580,027,000605,0.027027027027,census_block_relationship_count
027,000590,027,000590,1.000000000000,census_block_relationship_count
027,000600,027,000600,1.000000000000,census_block_relationship_count
027,000610,027,000612,1.000000000000,census_block_relationship_count
027,000620,027,000612,1.000000000000,census_block_relationship_count
027,000630,027,000630,1.000000000000,census_block_relationship_count
027,000640,027,000612,1.000000000000,census_block_relationship_count
027,000650,027,000612,0.187500000000,census_block_relationship_count
027,000650,027,000660,0.812500000000,census_block_relationship_count
027,000660,027,000660,1.000000000000,census_block_relationship_count
027,000670,027,000670,1.000000000000,census_block_relationship_count
027,000680,027,000680,1.000000000000,census_block_relationship_count
027,000690,027,000690,1.000000000000,census_block_relationship_count
027,000700,027,000700,1.000000000000,census_block_relationship_count
027,000710,027,000710,1.000000000000,census_block_relationship_count
027,000720,027,000140,0.051379745726,census_block_relationship_count
027,000720,027,000720,0.948620254274,census_block_relationship_count
027,000730,027,000730,1.000000000000,census_block_relationship_count
027,000740,027,000740,1.000000000000,census_block_relationship_count
027,000750,027,000750,1.000000000000,census_block_relationship_count
027,000760,027,000760,1.000000000000,census_block_relationship_count
027,000770,027,000770,1.000000000000,census_block_relationship_count
027,000780,027,000612,1.000000000000,census_block_relationship_count
027,000790,027,000790,1.000000000000,census_block_relationship_count
027,000800,027,000800,1.000000000000,census_block_relationship_count
027,000810,027,000810,1.000000000000,census_block_relationship_count
027,000820,027,000820,1.000000000000,census_block_relationship_count
027,000830,027,000830,1.000000000000,census_block_relationship_count
027,000840,027,000840,1.000000000000,census_block_relationship_count
027,000850,027,000850,1.000000000000,census_block_relationship_count
027,00PR86,027,000207,0.352400724248,census_block_relationship_count
027,00PR86,027,000236,0.647599275752,census_block_relationship_count
027,00PR87,027,000205,0.998871184359,census_block_relationship_count
027,00PR87,027,000212,0.001128815641,census_block_relationship_count
027,00PR88,027,000595,1.000000000000,census_block_relationship_count
027,00PR89,027,000605,1.000000000000,census_block_relationship_count
029,000010,029,000010,1.000000000000,census_block_relationship_count
029,000020,029,000020,1.000000000000,census_block_relationship_count
029,000025,029,000025,1.000000000000,census_block_relationship_count
029,000035,029,000036,0.043478260870,census_block_relationship_count
029,000035,029,000037,0.956521739130,census_block_relationship_count
029,000041,029,000041,1.000000000000,census_block_relationship_count
029,000050,029,000050,1.000000000000,census_block_relationship_count
029,000060,029,000060,1.000000000000,census_block_relationship_count
029,000065,029,000065,1.000000000000,census_block_relationship_count
029,000070,029,000070,1.000000000000,census_block_relationship_count
029,000080,029,000080,1.000000000000,census_block_relationship_count
029,000090,029,000090,1.000000000000,census_block_relationship_count
029,000100,029,000080,0.060228730857,census_block_relationship_count
029,000100,029,000100,0.939771269143,census_block_relationship_count
029,000110,029,000110,1.000000000000,census_block_relationship_count
029,000120,029,000120,1.000000000000,census_block_relationship_count
029,000130,029,000120,0.027027027027,census_block_relationship_count
029,000130,029,000130,0.972972972973,census_block_relationship_count
029,000140,029,000140,1.000000000000,census_block_relationship_count
029,000150,029,000150,1.000000000000,census_block_relationship_count
029,000160,029,000160,1.000000000000,census_block_relationship_count
029,000170,029,000140,0.086956521739,census_block_relationship_count
029,000170,029,000170,0.913043478261,census_block_relationship_count
029,000180,029,000185,1.000000000000,census_block_relationship_count
029,000195,029,000195,1.000000000000,census_block_relationship_count
029,000203,029,000203,1.000000000000,census_block_relationship_count
029,000206,029,000206,1.000000000000,census_block_relationship_count
029,000210,029,000210,1.000000000000,census_block_relationship_count
029,000213,029,000210,0.028571428571,census_block_relationship_count
029,000213,029,000213,0.971428571429,census_block_relationship_count
029,000216,029,000216,1.000000000000,census_block_relationship_count
029,000220,029,000222,0.957446808511,census_block_relationship_count
029,000220,029,000225,0.042553191489,census_block_relationship_count
029,000230,029,000230,1.000000000000,census_block_relationship_count
029,000235,029,000225,1.000000000000,census_block_relationship_count
029,000240,029,000240,1.000000000000,census_block_relationship_count
029,000250,029,000250,1.000000000000,census_block_relationship_count
029,000260,029,000260,1.000000000000,census_block_relationship_count
029,000270,029,000270,1.000000000000,census_block_relationship_count
029,000280,029,000347,1.000000000000,census_block_relationship_count
029,000291,029,000291,1.000000000000,census_block_relationship_count
029,000300,029,000300,1.000000000000,census_block_relationship_count
029,000310,029,000310,1.000000000000,census_block_relationship_count
029,000320,029,000320,1.000000000000,census_block_relationship_count
029,000325,029,000325,1.000000000000,census_block_relationship_count
029,000330,029,000334,1.000000000000,census_block_relationship_count
029,000340,029,000340,1.000000000000,census_block_relationship_count
029,000345,029,000345,1.000000000000,census_block_relationship_count
029,000350,029,000350,1.000000000000,census_block_relationship_count
029,000360,029,000361,0.477707006370,census_block_relationship_count
029,000360,029,000365,0.522292993630,census_block_relationship_count
029,000365,029,000338,1.000000000000,census_block_relationship_count
029,000371,029,000371,1.000000000000,census_block_relationship_count
029,000375,029,000375,1.000000000000,census_block_relationship_count
029,000381,029,000381,1.000000000000,census_block_relationship_count
029,000410,029,000410,1.000000000000,census_block_relationship_count
029,000414,029,000414,1.000000000000,census_block_relationship_count
029,000420,029,000420,1.000000000000,census_block_relationship_count
029,000421,029,000421,1.000000000000,census_block_relationship_count
029,000428,029,000428,1.000000000000,census_block_relationship_count
029,000430,029,000430,1.000000000000,census_block_relationship_count
029,000435,029,000435,1.000000000000,census_block_relationship_count
029,000440,029,000440,1.000000000000,census_block_relationship_count
029,000450,029,000450,1.000000000000,census_block_relationship_count
029,000460,029,000460,1.000000000000,census_block_relationship_count
029,000470,029,000470,1.000000000000,census_block_relationship_count
029,000480,029,000480,1.000000000000,census_block_relationship_count
029,000490,029,000490,1.000000000000,census_block_relationship_count
029,000500,029,000500,1.000000000000,census_block_relationship_count
029,000510,029,000510,1.000000000000,census_block_relationship_count
029,000520,029,000520,1.000000000000,census_block_relationship_count
029,000530,029,000530,1.000000000000,census_block_relationship_count
029,000540,029,000540,1.000000000000,census_block_relationship_count
029,000550,029,000550,1.000000000000,census_block_relationship_count
029,000560,029,000560,1.000000000000,census_block_relationship_count
029,000570,029,000570,1.000000000000,census_block_relationship_count
029,000580,029,000580,1.000000000000,census_block_relationship_count
029,000600,029,000622,1.000000000000,census_block_relationship_count
029,000610,029,000610,1.000000000000,census_block_relationship_count
029,000615,029,000615,1.000000000000,census_block_relationship_count
029,000620,029,000620,1.000000000000,census_block_relationship_count
029,000625,029,000625,1.000000000000,census_block_relationship_count
029,000630,029,000630,1.000000000000,census_block_relationship_count
029,000640,029,000640,1.000000000000,census_block_relationship_count
029,000650,029,000650,1.000000000000,census_block_relationship_count
029,000660,029,000660,1.000000000000,census_block_relationship_count
029,000670,029,000670,0.986111111111,census_block_relationship_count
029,000670,029,000740,0.013888888889,census_block_relationship_count
029,000680,029,000680,1.000000000000,census_block_relationship_count
029,000690,029,000690,0.984126984127,census_block_relationship_count
029,000690,029,001600,0.015873015873,census_block_relationship_count
029,000700,029,000705,0.695652173913,census_block_relationship_count
029,000700,029,000715,0.304347826087,census_block_relationship_count
029,000710,029,000715,0.994669936573,census_block_relationship_count
029,000710,029,001720,0.005330063427,census_block_relationship_count
029,000720,029,000720,1.000000000000,census_block_relationship_count
029,000730,029,000730,1.000000000000,census_block_relationship_count
029,000740,029,000740,1.000000000000,census_block_relationship_count
029,000750,029,000752,1.000000000000,census_block_relationship_count
029,000760,029,000760,1.000000000000,census_block_relationship_count
029,000770,029,000770,1.000000000000,census_block_relationship_count
029,000780,029,000780,1.000000000000,census_block_relationship_count
029,000790,029,000790,0.890909090909,census_block_relationship_count
029,000790,029,000800,0.109090909091,census_block_relationship_count
029,000800,029,000800,1.000000000000,census_block_relationship_count
029,000810,029,000810,1.000000000000,census_block_relationship_count
029,000820,029,000715,0.000796812328,census_block_relationship_count
029,000820,029,000820,0.999203187672,census_block_relationship_count
029,000830,029,000830,0.928571428571,census_block_relationship_count
029,000830,029,000840,0.071428571429,census_block_relationship_count
029,000835,029,000835,1.000000000000,census_block_relationship_count
029,000840,029,000840,1.000000000000,census_block_relationship_count
029,000850,029,000850,1.000000000000,census_block_relationship_count
029,000860,029,000860,1.000000000000,census_block_relationship_count
029,000870,029,000870,1.000000000000,census_block_relationship_count
029,000895,029,000895,1.000000000000,census_block_relationship_count
029,000905,029,000905,1.000000000000,census_block_relationship_count
029,000915,029,000917,0.840682275757,census_block_relationship_count
029,000915,029,000925,0.156250000000,census_block_relationship_count
029,000915,029,000945,0.003067724244,census_block_relationship_count
029,000925,029,000925,0.655172413793,census_block_relationship_count
029,000925,029,000935,0.344827586207,census_block_relationship_count
029,000935,029,000925,0.041666666667,census_block_relationship_count
029,000935,029,000935,0.520833333333,census_block_relationship_count
029,000935,029,000945,0.437500000000,census_block_relationship_count
029,000945,029,000917,0.020833333333,census_block_relationship_count
029,000945,029,000935,0.291666666667,census_block_relationship_count
029,000945,029,000945,0.687500000000,census_block_relationship_count
029,000955,029,000945,0.250000000000,census_block_relationship_count
029,000955,029,000955,0.750000000000,census_block_relationship_count
029,000965,029,000925,0.043478260870,census_block_relationship_count
029,000965,029,000955,0.304347826087,census_block_relationship_count
029,000965,029,000965,0.652173913043,census_block_relationship_count
029,000975,029,000945,0.025641025641,census_block_relationship_count
029,000975,029,000975,0.615430886603,census_block_relationship_count
029,000975,029,000985,0.230769230769,census_block_relationship_count
029,000975,029,000995,0.128158856987,census_block_relationship_count
029,000985,029,000919,0.105263157895,census_block_relationship_count
029,000985,029,000985,0.815789473684,census_block_relationship_count
029,000985,029,000995,0.078947368421,census_block_relationship_count
029,000995,029,000995,0.510638297872,census_block_relationship_count
029,000995,029,001005,0.489361702128,census_block_relationship_count
029,001000,029,001000,1.000000000000,census_block_relationship_count
029,001005,029,000965,0.129032258065,census_block_relationship_count
029,001005,029,001015,0.870967741935,census_block_relationship_count
029,001010,029,001010,1.000000000000,census_block_relationship_count
029,001015,029,000965,0.187500000000,census_block_relationship_count
029,001015,029,001015,0.812500000000,census_block_relationship_count
029,001020,029,001020,1.000000000000,census_block_relationship_count
029,001025,029,001025,1.000000000000,census_block_relationship_count
029,001030,029,001030,1.000000000000,census_block_relationship_count
029,001040,029,001040,1.000000000000,census_block_relationship_count
029,001050,029,001050,1.000000000000,census_block_relationship_count
029,001060,029,001060,1.000000000000,census_block_relationship_count
029,001070,029,001070,1.000000000000,census_block_relationship_count
029,001080,029,001080,1.000000000000,census_block_relationship_count
029,001090,029,001090,1.000000000000,census_block_relationship_count
029,001100,029,001100,1.000000000000,census_block_relationship_count
029,001110,029,001110,1.000000000000,census_block_relationship_count
029,001120,029,001120,1.000000000000,census_block_relationship_count
029,001140,029,001140,0.995964274196,census_block_relationship_count
029,001140,029,001180,0.004035725804,census_block_relationship_count
029,001150,029,001150,1.000000000000,census_block_relationship_count
029,001160,029,001160,1.000000000000,census_block_relationship_count
029,001170,029,001170,1.000000000000,census_block_relationship_count
029,001180,029,001180,1.000000000000,census_block_relationship_count
029,001190,029,001190,1.000000000000,census_block_relationship_count
029,001200,029,001200,1.000000000000,census_block_relationship_count
029,001220,029,001220,1.000000000000,census_block_relationship_count
029,001230,029,001230,1.000000000000,census_block_relationship_count
029,001240,029,001240,1.000000000000,census_block_relationship_count
029,001245,029,001245,1.000000000000,census_block_relationship_count
029,001250,029,001250,1.000000000000,census_block_relationship_count
029,001260,029,001260,1.000000000000,census_block_relationship_count
029,001270,029,001270,1.000000000000,census_block_relationship_count
029,001275,029,001245,0.181818181818,census_block_relationship_count
029,001275,029,001275,0.818181818182,census_block_relationship_count
029,001280,029,001280,1.000000000000,census_block_relationship_count
029,001290,029,001290,1.000000000000,census_block_relationship_count
029,001300,029,000705,0.011363636364,census_block_relationship_count
029,001300,029,001300,0.988636363636,census_block_relationship_count
029,001310,029,001316,1.000000000000,census_block_relationship_count
029,001315,029,001312,1.000000000000,census_block_relationship_count
029,001320,029,001320,1.000000000000,census_block_relationship_count
029,001350,029,001350,1.000000000000,census_block_relationship_count
029,001360,029,001360,1.000000000000,census_block_relationship_count
029,001370,029,001370,1.000000000000,census_block_relationship_count
029,001375,029,001375,1.000000000000,census_block_relationship_count
029,001380,029,001378,0.306569343066,census_block_relationship_count
029,001380,029,001382,0.277372262774,census_block_relationship_count
029,001380,029,001384,0.416058394161,census_block_relationship_count
029,001385,029,001385,1.000000000000,census_block_relationship_count
029,001390,029,001390,1.000000000000,census_block_relationship_count
029,001400,029,001400,1.000000000000,census_block_relationship_count
029,001410,029,001410,1.000000000000,census_block_relationship_count
029,001415,029,001415,1.000000000000,census_block_relationship_count
029,001416,029,001416,1.000000000000,census_block_relationship_count
029,001418,029,001418,1.000000000000,census_block_relationship_count
029,001420,029,001420,1.000000000000,census_block_relationship_count
029,001430,029,001431,1.000000000000,census_block_relationship_count
029,001440,029,001440,1.000000000000,census_block_relationship_count
029,001450,029,001450,1.000000000000,census_block_relationship_count
029,001460,029,001460,1.000000000000,census_block_relationship_count
029,001470,029,001472,0.341463414635,census_block_relationship_count
029,001470,029,001474,0.658536585365,census_block_relationship_count
029,001480,029,001480,1.000000000000,census_block_relationship_count
029,001500,029,001500,1.000000000000,census_block_relationship_count
029,001510,029,001510,0.870967741935,census_block_relationship_count
029,001510,029,001520,0.129032258065,census_block_relationship_count
029,001520,029,001500,0.148148148148,census_block_relationship_count
029,001520,029,001520,0.851851851852,census_block_relationship_count
029,001525,029,001525,1.000000000000,census_block_relationship_count
029,001530,029,001530,1.000000000000,census_block_relationship_count
029,001535,029,001535,1.000000000000,census_block_relationship_count
029,001540,029,001510,0.035714285714,census_block_relationship_count
029,001540,029,001520,0.125000000000,census_block_relationship_count
029,001540,029,001540,0.839285714286,census_block_relationship_count
029,001550,029,001530,0.378378378378,census_block_relationship_count
029,001550,029,001550,0.621621621622,census_block_relationship_count
029,001560,029,001560,1.000000000000,census_block_relationship_count
029,001570,029,001500,0.039215686275,census_block_relationship_count
029,001570,029,001560,0.019607843137,census_block_relationship_count
029,001570,029,001570,0.941176470588,census_block_relationship_count
029,001600,029,001600,1.000000000000,census_block_relationship_count
029,001610,029,001610,0.976744186047,census_block_relationship_count
029,001610,029,001715,0.023255813953,census_block_relationship_count
029,001620,029,001620,1.000000000000,census_block_relationship_count
029,001631,029,001631,1.000000000000,census_block_relationship_count
029,001636,029,001636,1.000000000000,census_block_relationship_count
029,001641,029,001641,1.000000000000,census_block_relationship_count
029,001646,029,001646,1.000000000000,census_block_relationship_count
029,001650,029,001650,1.000000000000,census_block_relationship_count
029,001670,029,001670,1.000000000000,census_block_relationship_count
029,001680,029,001680,1.000000000000,census_block_relationship_count
029,001690,029,001690,1.000000000000,census_block_relationship_count
029,001700,029,001700,1.000000000000,census_block_relationship_count
029,001705,029,001705,1.000000000000,census_block_relationship_count
029,001710,029,001710,1.000000000000,census_block_relationship_count
029,001715,029,001715,1.000000000000,census_block_relationship_count
029,001720,029,000715,0.021505376344,census_block_relationship_count
029,001720,029,001720,0.978494623656,census_block_relationship_count
029,001730,029,001730,1.000000000000,census_block_relationship_count
029,001740,029,001740,1.000000000000,census_block_relationship_count
029,001750,029,001750,1.000000000000,census_block_relationship_count
029,001760,029,001750,0.301204819277,census_block_relationship_count
029,001760,029,001760,0.698795180723,census_block_relationship_count
029,001800,029,001800,1.000000000000,census_block_relationship_count
029,001806,029,001806,1.000000000000,census_block_relationship_count
029,001810,029,001810,1.000000000000,census_block_relationship_count
029,001812,029,001812,1.000000000000,census_block_relationship_count
029,001818,029,001818,1.000000000000,census_block_relationship_count
029,001820,029,001820,1.000000000000,census_block_relationship_count
029,001824,029,001824,1.000000000000,census_block_relationship_count
029,001828,029,001828,1.000000000000,census_block_relationship_count
029,001830,029,001830,1.000000000000,census_block_relationship_count
029,001832,029,001832,1.000000000000,census_block_relationship_count
029,001835,029,001835,1.000000000000,census_block_relationship_count
029,001838,029,001838,1.000000000000,census_block_relationship_count
029,001840,029,001840,1.000000000000,census_block_relationship_count
029,001850,029,001850,1.000000000000,census_block_relationship_count
029,001860,029,001860,1.000000000000,census_block_relationship_count
029,001870,029,001870,1.000000000000,census_block_relationship_count
029,001880,029,001880,1.000000000000,census_block_relationship_count
029,001890,029,001890,1.000000000000,census_block_relationship_count
029,001910,029,001860,0.004710859158,census_block_relationship_count
029,001910,029,001910,0.995289140842,census_block_relationship_count
029,001955,029,001955,1.000000000000,census_block_relationship_count
029,001965,029,001965,1.000000000000,census_block_relationship_count
029,002050,029,000295,0.965517241379,census_block_relationship_count
029,002050,029,000347,0.034482758621,census_block_relationship_count
029,002051,029,000602,1.000000000000,census_block_relationship_count
029,002053,029,001308,1.000000000000,census_block_relationship_count
029,002057,029,001465,1.000000000000,census_block_relationship_count
029,002059,029,001136,1.000000000000,census_block_relationship_count
029,002060,029,001133,1.000000000000,census_block_relationship_count
029,002062,029,000755,1.000000000000,census_block_relationship_count
031,000010,031,000010,0.999857734793,census_block_relationship_count
031,000010,031,000430,0.000142265207,census_block_relationship_count
031,000020,031,000020,1.000000000000,census_block_relationship_count
031,000030,031,000030,1.000000000000,census_block_relationship_count
031,000040,031,000040,1.000000000000,census_block_relationship_count
031,000050,031,000050,0.978723404255,census_block_relationship_count
031,000050,031,000060,0.021276595745,census_block_relationship_count
031,000060,031,000060,1.000000000000,census_block_relationship_count
031,000070,031,000070,1.000000000000,census_block_relationship_count
031,000080,031,000080,1.000000000000,census_block_relationship_count
031,000090,031,000090,1.000000000000,census_block_relationship_count
031,000110,031,000110,1.000000000000,census_block_relationship_count
031,000130,031,000130,0.994163406437,census_block_relationship_count
031,000130,031,000440,0.005836593563,census_block_relationship_count
031,000140,031,000140,1.000000000000,census_block_relationship_count
031,000150,031,000152,1.000000000000,census_block_relationship_count
031,000160,031,000140,0.012048251884,census_block_relationship_count
031,000160,031,000152,0.987951748116,census_block_relationship_count
031,000170,031,000170,1.000000000000,census_block_relationship_count
031,000180,031,000180,1.000000000000,census_block_relationship_count
031,000190,031,000190,1.000000000000,census_block_relationship_count
031,000200,031,000200,1.000000000000,census_block_relationship_count
031,000210,031,000210,1.000000000000,census_block_relationship_count
031,000220,031,000220,1.000000000000,census_block_relationship_count
031,000230,031,000230,1.000000000000,census_block_relationship_count
031,000250,031,000250,1.000000000000,census_block_relationship_count
031,000270,031,000270,1.000000000000,census_block_relationship_count
031,000280,031,000280,1.000000000000,census_block_relationship_count
031,000290,031,000290,1.000000000000,census_block_relationship_count
031,000310,031,000310,1.000000000000,census_block_relationship_count
031,000320,031,000320,1.000000000000,census_block_relationship_count
031,000340,031,000340,1.000000000000,census_block_relationship_count
031,000350,031,000350,1.000000000000,census_block_relationship_count
031,000370,031,000370,1.000000000000,census_block_relationship_count
031,000380,031,000380,1.000000000000,census_block_relationship_count
031,000390,031,000390,1.000000000000,census_block_relationship_count
031,000400,031,000400,0.939393939394,census_block_relationship_count
031,000400,031,0400P1,0.060606060606,census_block_relationship_count
031,000410,031,000410,1.000000000000,census_block_relationship_count
031,000430,031,000430,1.000000000000,census_block_relationship_count
031,000440,031,000440,1.000000000000,census_block_relationship_count
031,000450,031,000450,1.000000000000,census_block_relationship_count
031,000460,031,000460,1.000000000000,census_block_relationship_count
031,000470,031,000470,1.000000000000,census_block_relationship_count
031,000480,031,000480,1.000000000000,census_block_relationship_count
031,000490,031,000480,1.000000000000,census_block_relationship_count
031,000500,031,000500,1.000000000000,census_block_relationship_count
033,000010,033,000010,1.000000000000,census_block_relationship_count
033,000020,033,000020,1.000000000000,census_block_relationship_count
033,000030,033,000030,1.000000000000,census_block_relationship_count
033,000040,033,000040,1.000000000000,census_block_relationship_count
033,000050,033,000050,1.000000000000,census_block_relationship_count
033,000060,033,000060,1.000000000000,census_block_relationship_count
033,000070,033,000070,0.569082135329,census_block_relationship_count
033,000070,033,000080,0.430917864671,census_block_relationship_count
033,000080,033,000070,0.051051687717,census_block_relationship_count
033,000080,033,000080,0.948948312283,census_block_relationship_count
033,000090,033,000090,1.000000000000,census_block_relationship_count
033,000100,033,000100,1.000000000000,census_block_relationship_count
033,000110,033,000110,1.000000000000,census_block_relationship_count
033,000120,033,000120,1.000000000000,census_block_relationship_count
033,000130,033,000130,1.000000000000,census_block_relationship_count
033,000140,033,000140,1.000000000000,census_block_relationship_count
033,000150,033,000150,1.000000000000,census_block_relationship_count
033,000160,033,000160,1.000000000000,census_block_relationship_count
033,000170,033,000170,1.000000000000,census_block_relationship_count
033,000180,033,000180,1.000000000000,census_block_relationship_count
033,000190,033,000190,1.000000000000,census_block_relationship_count
033,000200,033,000200,1.000000000000,census_block_relationship_count
033,000210,033,000210,1.000000000000,census_block_relationship_count
033,000220,033,000220,1.000000000000,census_block_relationship_count
033,000230,033,000230,1.000000000000,census_block_relationship_count
033,000240,033,000240,1.000000000000,census_block_relationship_count
033,000250,033,000250,1.000000000000,census_block_relationship_count
033,000260,033,000260,1.000000000000,census_block_relationship_count
033,000270,033,000270,1.000000000000,census_block_relationship_count
033,000280,033,000280,1.000000000000,census_block_relationship_count
033,000290,033,000290,1.000000000000,census_block_relationship_count
033,000300,033,000300,1.000000000000,census_block_relationship_count
033,000310,033,000311,1.000000000000,census_block_relationship_count
033,000320,033,000320,1.000000000000,census_block_relationship_count
033,000330,033,000330,1.000000000000,census_block_relationship_count
033,000340,033,000340,1.000000000000,census_block_relationship_count
033,000350,033,000350,1.000000000000,census_block_relationship_count
033,000360,033,000360,1.000000000000,census_block_relationship_count
033,000370,033,000370,1.000000000000,census_block_relationship_count
033,000380,033,000380,1.000000000000,census_block_relationship_count
033,000390,033,000390,1.000000000000,census_block_relationship_count
033,000400,033,000400,1.000000000000,census_block_relationship_count
033,000410,033,000410,1.000000000000,census_block_relationship_count
033,000420,033,000420,1.000000000000,census_block_relationship_count
033,000430,033,000430,1.000000000000,census_block_relationship_count
033,000440,033,000440,1.000000000000,census_block_relationship_count
033,000450,033,000450,1.000000000000,census_block_relationship_count
033,000460,033,000460,1.000000000000,census_block_relationship_count
033,000470,033,000470,1.000000000000,census_block_relationship_count
033,000480,033,000480,1.000000000000,census_block_relationship_count
033,000490,033,000311,1.000000000000,census_block_relationship_count
033,000500,033,000500,1.000000000000,census_block_relationship_count
033,000510,033,000510,1.000000000000,census_block_relationship_count
033,000520,033,000520,1.000000000000,census_block_relationship_count
033,000530,033,000530,1.000000000000,census_block_relationship_count
033,000540,033,000540,1.000000000000,census_block_relationship_count
033,000550,033,000550,1.000000000000,census_block_relationship_count
033,000560,033,000560,1.000000000000,census_block_relationship_count
033,000570,033,000570,1.000000000000,census_block_relationship_count
033,000580,033,000580,1.000000000000,census_block_relationship_count
033,000590,033,000590,1.000000000000,census_block_relationship_count
033,000600,033,000600,1.000000000000,census_block_relationship_count
033,000610,033,000610,1.000000000000,census_block_relationship_count
033,000620,033,000290,0.008620689655,census_block_relationship_count
033,000620,033,000620,0.991379310345,census_block_relationship_count
033,000630,033,000630,0.959898671500,census_block_relationship_count
033,000630,033,000635,0.040101328500,census_block_relationship_count
033,000635,033,000600,0.064382472407,census_block_relationship_count
033,000635,033,000620,0.145473394229,census_block_relationship_count
033,000635,033,000630,0.067608608650,census_block_relationship_count
033,000635,033,000635,0.722535524715,census_block_relationship_count
033,000640,033,000290,0.017721389783,census_block_relationship_count
033,000640,033,000640,0.982278610217,census_block_relationship_count
033,000650,033,000650,1.000000000000,census_block_relationship_count
033,000660,033,000660,1.000000000000,census_block_relationship_count
033,000670,033,000670,1.000000000000,census_block_relationship_count
033,000680,033,000680,1.000000000000,census_block_relationship_count
033,000690,033,000690,1.000000000000,census_block_relationship_count
033,000700,033,000690,0.208000000000,census_block_relationship_count
033,000700,033,000700,0.792000000000,census_block_relationship_count
035,000010,035,000010,1.000000000000,census_block_relationship_count
035,000020,035,000020,1.000000000000,census_block_relationship_count
035,000030,035,000030,1.000000000000,census_block_relationship_count
035,000040,035,000040,1.000000000000,census_block_relationship_count
035,000050,035,000050,1.000000000000,census_block_relationship_count
035,000060,035,000060,0.988277814823,census_block_relationship_count
035,000060,035,000120,0.011722185177,census_block_relationship_count
035,000070,035,000070,1.000000000000,census_block_relationship_count
035,000080,035,000080,1.000000000000,census_block_relationship_count
035,000090,035,000090,1.000000000000,census_block_relationship_count
035,000100,035,000100,1.000000000000,census_block_relationship_count
035,000110,035,000110,1.000000000000,census_block_relationship_count
035,000120,035,000120,1.000000000000,census_block_relationship_count
035,000130,035,000130,1.000000000000,census_block_relationship_count
035,000140,035,000140,1.000000000000,census_block_relationship_count
035,000150,035,000150,1.000000000000,census_block_relationship_count
035,000160,035,000160,1.000000000000,census_block_relationship_count
035,000170,035,000170,1.000000000000,census_block_relationship_count
035,000180,035,000180,1.000000000000,census_block_relationship_count
035,000190,035,000190,1.000000000000,census_block_relationship_count
035,000200,035,000200,0.987341772152,census_block_relationship_count
035,000200,035,000220,0.012658227848,census_block_relationship_count
035,000210,035,000210,1.000000000000,census_block_relationship_count
035,000220,035,000220,1.000000000000,census_block_relationship_count
035,000230,035,000230,1.000000000000,census_block_relationship_count
035,000240,035,000240,1.000000000000,census_block_relationship_count
035,000250,035,000250,1.000000000000,census_block_relationship_count
035,000260,035,000265,1.000000000000,census_block_relationship_count
035,000280,035,000280,1.000000000000,census_block_relationship_count
035,000290,035,000290,1.000000000000,census_block_relationship_count
035,000300,035,000300,1.000000000000,census_block_relationship_count
035,000310,035,000265,0.011627906977,census_block_relationship_count
035,000310,035,000315,0.988372093023,census_block_relationship_count
035,000340,035,000340,1.000000000000,census_block_relationship_count
035,000350,035,000350,1.000000000000,census_block_relationship_count
035,000360,035,000360,1.000000000000,census_block_relationship_count
035,000370,035,000370,1.000000000000,census_block_relationship_count
037,000010,037,000010,1.000000000000,census_block_relationship_count
037,000020,037,000020,1.000000000000,census_block_relationship_count
037,000030,037,000030,1.000000000000,census_block_relationship_count
037,000040,037,000310,1.000000000000,census_block_relationship_count
037,000045,037,000055,1.000000000000,census_block_relationship_count
037,000070,037,000070,1.000000000000,census_block_relationship_count
037,000090,037,000095,1.000000000000,census_block_relationship_count
037,000110,037,000115,1.000000000000,census_block_relationship_count
037,000130,037,000130,1.000000000000,census_block_relationship_count
037,000140,037,000140,1.000000000000,census_block_relationship_count
037,000150,037,000150,0.959612458383,census_block_relationship_count
037,000150,037,000160,0.040387541617,census_block_relationship_count
037,000160,037,000160,1.000000000000,census_block_relationship_count
037,000180,037,000172,1.000000000000,census_block_relationship_count
037,000220,037,000220,1.000000000000,census_block_relationship_count
037,000235,037,000232,1.000000000000,census_block_relationship_count
037,000250,037,000250,1.000000000000,census_block_relationship_count
037,000260,037,000260,1.000000000000,census_block_relationship_count
037,000270,037,000275,1.000000000000,census_block_relationship_count
037,000285,037,000285,1.000000000000,census_block_relationship_count
037,000310,037,000310,1.000000000000,census_block_relationship_count
037,000330,037,000335,0.990476190476,census_block_relationship_count
037,000330,037,0335P1,0.009523809524,census_block_relationship_count
037,000370,037,000372,1.000000000000,census_block_relationship_count
037,000375,037,000375,1.000000000000,census_block_relationship_count
037,000390,037,000390,1.000000000000,census_block_relationship_count
037,000420,037,000422,1.000000000000,census_block_relationship_count
037,000425,037,000425,1.000000000000,census_block_relationship_count
037,000440,037,000440,1.000000000000,census_block_relationship_count
037,000470,037,000470,1.000000000000,census_block_relationship_count
037,000480,037,000480,1.000000000000,census_block_relationship_count
037,000490,037,000490,1.000000000000,census_block_relationship_count
037,000500,037,000500,1.000000000000,census_block_relationship_count
037,000510,037,000510,1.000000000000,census_block_relationship_count
037,000520,037,000520,1.000000000000,census_block_relationship_count
037,000530,037,000530,1.000000000000,census_block_relationship_count
037,000535,037,000535,1.000000000000,census_block_relationship_count
037,000540,037,000540,1.000000000000,census_block_relationship_count
037,000550,037,000550,1.000000000000,census_block_relationship_count
037,000580,037,000580,1.000000000000,census_block_relationship_count
037,000590,037,000595,1.000000000000,census_block_relationship_count
037,000610,037,000612,1.000000000000,census_block_relationship_count
037,000620,037,000620,1.000000000000,census_block_relationship_count
037,000630,037,000630,1.000000000000,census_block_relationship_count
037,000640,037,000640,1.000000000000,census_block_relationship_count
039,000010,039,000010,0.999977784584,census_block_relationship_count
039,000010,039,000340,0.000022215416,census_block_relationship_count
039,000020,039,000020,1.000000000000,census_block_relationship_count
039,000030,039,000010,0.000296877022,census_block_relationship_count
039,000030,039,000030,0.999703122978,census_block_relationship_count
039,000040,039,000040,0.999996473093,census_block_relationship_count
039,000040,039,000340,0.000003526907,census_block_relationship_count
039,000050,039,000050,0.988095238095,census_block_relationship_count
039,000050,039,000570,0.011904761905,census_block_relationship_count
039,000060,039,000050,0.000003300931,census_block_relationship_count
039,000060,039,000060,0.999996699069,census_block_relationship_count
039,000070,039,000070,0.958682200140,census_block_relationship_count
039,000070,039,000360,0.041317799860,census_block_relationship_count
039,000080,039,000080,0.999101797483,census_block_relationship_count
039,000080,039,000130,0.000898202517,census_block_relationship_count
039,000090,039,000090,0.980130701393,census_block_relationship_count
039,000090,039,000300,0.019869298607,census_block_relationship_count
039,000100,039,000100,0.939661830592,census_block_relationship_count
039,000100,039,000370,0.060338169408,census_block_relationship_count
039,000110,039,000110,1.000000000000,census_block_relationship_count
039,000120,039,000120,0.979780731134,census_block_relationship_count
039,000120,039,000180,0.020214396832,census_block_relationship_count
039,000120,039,000570,0.000004872034,census_block_relationship_count
039,000130,039,000080,0.005097302465,census_block_relationship_count
039,000130,039,000130,0.929000122192,census_block_relationship_count
039,000130,039,000610,0.064423261979,census_block_relationship_count
039,000130,039,000630,0.001479313365,census_block_relationship_count
039,000140,039,000140,1.000000000000,census_block_relationship_count
039,000150,039,000040,0.000028448160,census_block_relationship_count
039,000150,039,000150,0.987151039019,census_block_relationship_count
039,000150,039,000640,0.012820512821,census_block_relationship_count
039,000160,039,000160,1.000000000000,census_block_relationship_count
039,000170,039,000160,0.000033148146,census_block_relationship_count
039,000170,039,000170,0.999966851854,census_block_relationship_count
039,000180,039,000120,0.003752895457,census_block_relationship_count
039,000180,039,000180,0.996246905353,census_block_relationship_count
039,000180,039,000640,0.000000199191,census_block_relationship_count
039,000190,039,000190,0.964813662293,census_block_relationship_count
039,000190,039,000310,0.035186337707,census_block_relationship_count
039,000200,039,000200,0.999712091621,census_block_relationship_count
039,000200,039,000320,0.000287908379,census_block_relationship_count
039,000210,039,000210,1.000000000000,census_block_relationship_count
039,000220,039,000220,0.928824662684,census_block_relationship_count
039,000220,039,000640,0.071175337316,census_block_relationship_count
039,000230,039,000230,1.000000000000,census_block_relationship_count
039,000240,039,000240,1.000000000000,census_block_relationship_count
039,000250,039,000250,0.976275598717,census_block_relationship_count
039,000250,039,000640,0.023724401283,census_block_relationship_count
039,000260,039,000260,1.000000000000,census_block_relationship_count
039,000270,039,000270,1.000000000000,census_block_relationship_count
039,000280,039,000280,1.000000000000,census_block_relationship_count
039,000290,039,000290,0.999945285756,census_block_relationship_count
039,000290,039,000590,0.000054714244,census_block_relationship_count
039,000300,039,000300,1.000000000000,census_block_relationship_count
039,000310,039,000310,0.999261616859,census_block_relationship_count
039,000310,039,000500,0.000738383141,census_block_relationship_count
039,000320,039,000200,0.006664894016,census_block_relationship_count
039,000320,039,000320,0.993335105984,census_block_relationship_count
039,000330,039,000330,0.983088457340,census_block_relationship_count
039,000330,039,000340,0.016911542660,census_block_relationship_count
039,000340,039,000010,0.000121072557,census_block_relationship_count
039,000340,039,000330,0.001079637761,census_block_relationship_count
039,000340,039,000340,0.951180242063,census_block_relationship_count
039,000340,039,000440,0.047619047619,census_block_relationship_count
039,000350,039,000350,1.000000000000,census_block_relationship_count
039,000360,039,000360,1.000000000000,census_block_relationship_count
039,000370,039,000100,0.008085330145,census_block_relationship_count
039,000370,039,000140,0.000000233815,census_block_relationship_count
039,000370,039,000370,0.965043918970,census_block_relationship_count
039,000370,039,000460,0.026870517069,census_block_relationship_count
039,000380,039,000380,0.995697683537,census_block_relationship_count
039,000380,039,000660,0.004302316463,census_block_relationship_count
039,000390,039,000390,1.000000000000,census_block_relationship_count
039,000400,039,000030,0.021346499594,census_block_relationship_count
039,000400,039,000400,0.978653500406,census_block_relationship_count
039,000410,039,000410,1.000000000000,census_block_relationship_count
039,000420,039,000020,0.014814814815,census_block_relationship_count
039,000420,039,000110,0.009700526856,census_block_relationship_count
039,000420,039,000420,0.966991121630,census_block_relationship_count
039,000420,039,000430,0.008493536699,census_block_relationship_count
039,000430,039,000430,1.000000000000,census_block_relationship_count
039,000440,039,000440,0.999497159079,census_block_relationship_count
039,000440,039,000540,0.000502840921,census_block_relationship_count
039,000450,039,000420,0.010416666667,census_block_relationship_count
039,000450,039,000450,0.989583199875,census_block_relationship_count
039,000450,039,000460,0.000000133458,census_block_relationship_count
039,000460,039,000460,1.000000000000,census_block_relationship_count
039,000470,039,000470,1.000000000000,census_block_relationship_count
039,000480,039,000480,1.000000000000,census_block_relationship_count
039,000490,039,000490,1.000000000000,census_block_relationship_count
039,000500,039,000310,0.014752731065,census_block_relationship_count
039,000500,039,000500,0.985247268935,census_block_relationship_count
039,000510,039,000510,1.000000000000,census_block_relationship_count
039,000520,039,000520,1.000000000000,census_block_relationship_count
039,000530,039,000530,1.000000000000,census_block_relationship_count
039,000540,039,000440,0.000638368763,census_block_relationship_count
039,000540,039,000540,0.999361631237,census_block_relationship_count
039,000550,039,000310,0.010293452709,census_block_relationship_count
039,000550,039,000550,0.989706547291,census_block_relationship_count
039,000560,039,000560,1.000000000000,census_block_relationship_count
039,000570,039,000180,0.000019263212,census_block_relationship_count
039,000570,039,000570,0.995684792155,census_block_relationship_count
039,000570,039,000580,0.004295944634,census_block_relationship_count
039,000580,039,000580,1.000000000000,census_block_relationship_count
039,000590,039,000180,0.021505376344,census_block_relationship_count
039,000590,039,000590,0.956989247312,census_block_relationship_count
039,000590,039,000602,0.021505376344,census_block_relationship_count
039,000600,039,000590,0.089430894309,census_block_relationship_count
039,000600,039,000602,0.333333333333,census_block_relationship_count
039,000600,039,000608,0.577235772358,census_block_relationship_count
039,000610,039,000150,0.000037903832,census_block_relationship_count
039,000610,039,000330,0.010314246851,census_block_relationship_count
039,000610,039,000610,0.989647849317,census_block_relationship_count
039,000620,039,000620,1.000000000000,census_block_relationship_count
039,000630,039,000130,0.005088235393,census_block_relationship_count
039,000630,039,000150,0.037037037037,census_block_relationship_count
039,000630,039,000270,0.000478679336,census_block_relationship_count
039,000630,039,000560,0.009259259259,census_block_relationship_count
039,000630,039,000630,0.948136788975,census_block_relationship_count
039,000640,039,000180,0.008566025643,census_block_relationship_count
039,000640,039,000220,0.048284371616,census_block_relationship_count
039,000640,039,000250,0.012469529910,census_block_relationship_count
039,000640,039,000640,0.923664809666,census_block_relationship_count
039,000640,039,000660,0.007015263166,census_block_relationship_count
039,000650,039,000650,1.000000000000,census_block_relationship_count
039,000660,039,000040,0.012190733547,census_block_relationship_count
039,000660,039,000340,0.012187254168,census_block_relationship_count
039,000660,039,000640,0.002974714631,census_block_relationship_count
039,000660,039,000660,0.972489915323,census_block_relationship_count
039,000660,039,000670,0.000157382331,census_block_relationship_count
039,000670,039,000670,1.000000000000,census_block_relationship_count
041,000010,041,000010,0.978723404255,census_block_relationship_count
041,000010,041,000500,0.021276595745,census_block_relationship_count
041,000020,041,000020,1.000000000000,census_block_relationship_count
041,000030,041,000030,1.000000000000,census_block_relationship_count
041,000040,041,000040,1.000000000000,census_block_relationship_count
041,000050,041,000050,1.000000000000,census_block_relationship_count
041,000060,041,000060,1.000000000000,census_block_relationship_count
041,000070,041,000070,1.000000000000,census_block_relationship_count
041,000080,041,000080,1.000000000000,census_block_relationship_count
041,000090,041,000090,0.936303028057,census_block_relationship_count
041,000090,041,000160,0.020833333333,census_block_relationship_count
041,000090,041,000870,0.042863638609,census_block_relationship_count
041,000100,041,000100,1.000000000000,census_block_relationship_count
041,000110,041,000110,1.000000000000,census_block_relationship_count
041,000120,041,000120,0.964285714286,census_block_relationship_count
041,000120,041,000140,0.035714285714,census_block_relationship_count
041,000130,041,000090,0.015873015873,census_block_relationship_count
041,000130,041,000130,0.984126984127,census_block_relationship_count
041,000140,041,000140,1.000000000000,census_block_relationship_count
041,000150,041,000150,1.000000000000,census_block_relationship_count
041,000160,041,000160,0.979464165324,census_block_relationship_count
041,000160,041,000728,0.020535834676,census_block_relationship_count
041,000170,041,000160,0.010416666667,census_block_relationship_count
041,000170,041,000170,0.989583333333,census_block_relationship_count
041,000180,041,000179,0.012345679012,census_block_relationship_count
041,000180,041,000191,0.987654320988,census_block_relationship_count
041,000184,041,000183,0.013157894737,census_block_relationship_count
041,000184,041,000194,0.986842105263,census_block_relationship_count
041,000185,041,000198,1.000000000000,census_block_relationship_count
041,000186,041,000202,1.000000000000,census_block_relationship_count
041,000187,041,000206,1.000000000000,census_block_relationship_count
041,000190,041,000020,0.010773696471,census_block_relationship_count
041,000190,041,000179,0.010752688172,census_block_relationship_count
041,000190,041,000183,0.978473615357,census_block_relationship_count
041,000195,041,000175,0.920908368560,census_block_relationship_count
041,000195,041,000233,0.079091631440,census_block_relationship_count
041,000196,041,000175,0.089602682466,census_block_relationship_count
041,000196,041,000340,0.910397317534,census_block_relationship_count
041,000200,041,000202,0.013157894737,census_block_relationship_count
041,000200,041,000211,0.986842105263,census_block_relationship_count
041,000210,041,000030,0.032258064516,census_block_relationship_count
041,000210,041,000179,0.967741935484,census_block_relationship_count
041,000215,041,000187,1.000000000000,census_block_relationship_count
041,000216,041,000215,1.000000000000,census_block_relationship_count
041,000221,041,000215,0.054054054054,census_block_relationship_count
041,000221,041,000221,0.917992262024,census_block_relationship_count
041,000221,041,000227,0.027953683922,census_block_relationship_count
041,000227,041,000227,1.000000000000,census_block_relationship_count
041,000233,041,000233,1.000000000000,census_block_relationship_count
041,000239,041,000239,1.000000000000,census_block_relationship_count
041,000245,041,000245,1.000000000000,census_block_relationship_count
041,000251,041,000251,0.998446886444,census_block_relationship_count
041,000251,041,000257,0.001553113556,census_block_relationship_count
041,000257,041,000257,0.999780804760,census_block_relationship_count
041,000257,041,000263,0.000219195240,census_block_relationship_count
041,000263,041,000263,1.000000000000,census_block_relationship_count
041,000269,041,000269,1.000000000000,census_block_relationship_count
041,000275,041,000175,0.009743815593,census_block_relationship_count
041,000275,041,000179,0.150070154967,census_block_relationship_count
041,000275,041,000187,0.000002935289,census_block_relationship_count
041,000275,041,000233,0.019157627949,census_block_relationship_count
041,000275,041,000251,0.001887813688,census_block_relationship_count
041,000275,041,000275,0.819137652513,census_block_relationship_count
041,000281,041,000281,1.000000000000,census_block_relationship_count
041,000290,041,000290,1.000000000000,census_block_relationship_count
041,000300,041,000300,1.000000000000,census_block_relationship_count
041,000310,041,000310,1.000000000000,census_block_relationship_count
041,000320,041,000320,1.000000000000,census_block_relationship_count
041,000330,041,000330,1.000000000000,census_block_relationship_count
041,000340,041,000340,1.000000000000,census_block_relationship_count
041,000350,041,000340,0.006802721088,census_block_relationship_count
041,000350,041,000350,0.993197278912,census_block_relationship_count
041,000360,041,000340,0.046729671646,census_block_relationship_count
041,000360,041,000360,0.953270328354,census_block_relationship_count
041,000370,041,000370,1.000000000000,census_block_relationship_count
041,000380,041,000380,0.984615384615,census_block_relationship_count
041,000380,041,000560,0.015384615385,census_block_relationship_count
041,000390,041,000390,1.000000000000,census_block_relationship_count
041,000400,041,000400,1.000000000000,census_block_relationship_count
041,000410,041,000410,1.000000000000,census_block_relationship_count
041,000420,041,000420,1.000000000000,census_block_relationship_count
041,000430,041,000430,1.000000000000,census_block_relationship_count
041,000440,041,000440,1.000000000000,census_block_relationship_count
041,000450,041,000450,1.000000000000,census_block_relationship_count
041,000460,041,000450,0.076923076923,census_block_relationship_count
041,000460,041,000460,0.923076923077,census_block_relationship_count
041,000470,041,000470,1.000000000000,census_block_relationship_count
041,000475,041,000475,1.000000000000,census_block_relationship_count
041,000485,041,000485,1.000000000000,census_block_relationship_count
041,000490,041,000490,0.955195669162,census_block_relationship_count
041,000490,041,000500,0.008196721311,census_block_relationship_count
041,000490,041,000803,0.025701694853,census_block_relationship_count
041,000490,041,000811,0.010905914674,census_block_relationship_count
041,000500,041,000500,0.980657644683,census_block_relationship_count
041,000500,041,000803,0.019342355317,census_block_relationship_count
041,000510,041,000510,1.000000000000,census_block_relationship_count
041,000525,041,000525,1.000000000000,census_block_relationship_count
041,000540,041,000540,1.000000000000,census_block_relationship_count
041,000550,041,000550,1.000000000000,census_block_relationship_count
041,000560,041,000560,1.000000000000,census_block_relationship_count
041,000570,041,000570,1.000000000000,census_block_relationship_count
041,000580,041,000580,1.000000000000,census_block_relationship_count
041,000590,041,000590,1.000000000000,census_block_relationship_count
041,000600,041,000601,0.988505747126,census_block_relationship_count
041,000600,041,000602,0.003831417625,census_block_relationship_count
041,000600,041,000622,0.007662835249,census_block_relationship_count
041,000610,041,000610,1.000000000000,census_block_relationship_count
041,000620,041,000610,0.014634146341,census_block_relationship_count
041,000620,041,000621,0.556097560975,census_block_relationship_count
041,000620,041,000622,0.429268292683,census_block_relationship_count
041,000630,041,000630,1.000000000000,census_block_relationship_count
041,000640,041,000640,1.000000000000,census_block_relationship_count
041,000650,041,000650,1.000000000000,census_block_relationship_count
041,000660,041,000660,1.000000000000,census_block_relationship_count
041,000670,041,000670,1.000000000000,census_block_relationship_count
041,000690,041,000690,1.000000000000,census_block_relationship_count
041,000700,041,000712,0.129852217179,census_block_relationship_count
041,000700,041,000714,0.154820612759,census_block_relationship_count
041,000700,041,000716,0.450327170062,census_block_relationship_count
041,000700,041,000718,0.265000000000,census_block_relationship_count
041,000705,041,000702,0.244137956205,census_block_relationship_count
041,000705,041,000704,0.228302988676,census_block_relationship_count
041,000705,041,000706,0.173228346456,census_block_relationship_count
041,000705,041,000712,0.149606299212,census_block_relationship_count
041,000705,041,000714,0.204724409451,census_block_relationship_count
041,000710,041,000698,0.462765957447,census_block_relationship_count
041,000710,041,000708,0.377659574468,census_block_relationship_count
041,000710,041,000716,0.159574468085,census_block_relationship_count
041,000720,041,000080,0.003676470588,census_block_relationship_count
041,000720,041,000160,0.004079151042,census_block_relationship_count
041,000720,041,000721,0.076227418898,census_block_relationship_count
041,000720,041,000724,0.203184345808,census_block_relationship_count
041,000720,041,000728,0.363567907781,census_block_relationship_count
041,000720,041,000731,0.230380282959,census_block_relationship_count
041,000720,041,000734,0.118884422923,census_block_relationship_count
041,000730,041,000731,0.017241379310,census_block_relationship_count
041,000730,041,000734,0.362068965517,census_block_relationship_count
041,000730,041,000741,0.008620689655,census_block_relationship_count
041,000730,041,000744,0.258620689655,census_block_relationship_count
041,000730,041,000748,0.353448275862,census_block_relationship_count
041,000740,041,000721,0.079207920792,census_block_relationship_count
041,000740,041,000724,0.589108910891,census_block_relationship_count
041,000740,041,000734,0.004950495050,census_block_relationship_count
041,000740,041,000738,0.143564356436,census_block_relationship_count
041,000740,041,000741,0.183168316832,census_block_relationship_count
041,000750,041,000170,0.153148005170,census_block_relationship_count
041,000750,041,000721,0.846851994830,census_block_relationship_count
041,000760,041,000760,1.000000000000,census_block_relationship_count
041,000770,041,000770,0.989690721649,census_block_relationship_count
041,000770,041,000795,0.010309278351,census_block_relationship_count
041,000780,041,000780,1.000000000000,census_block_relationship_count
041,000790,041,000770,0.009090909091,census_block_relationship_count
041,000790,041,000795,0.990909090909,census_block_relationship_count
041,000800,041,000823,0.975609756098,census_block_relationship_count
041,000800,041,000835,0.024390243902,census_block_relationship_count
041,000805,041,000803,0.994675622542,census_block_relationship_count
041,000805,041,000807,0.005324377458,census_block_relationship_count
041,000810,041,000819,1.000000000000,census_block_relationship_count
041,000811,041,000827,1.000000000000,census_block_relationship_count
041,000815,041,000831,1.000000000000,census_block_relationship_count
041,000820,041,000835,1.000000000000,census_block_relationship_count
041,000825,041,000811,0.950000000000,census_block_relationship_count
041,000825,041,000823,0.050000000000,census_block_relationship_count
041,000826,041,000838,1.000000000000,census_block_relationship_count
041,000830,041,000803,0.045454545455,census_block_relationship_count
041,000830,041,000807,0.022727272727,census_block_relationship_count
041,000830,041,000811,0.045454545455,census_block_relationship_count
041,000830,041,000815,0.886363636364,census_block_relationship_count
041,000835,041,000807,1.000000000000,census_block_relationship_count
041,000840,041,000840,1.000000000000,census_block_relationship_count
041,000850,041,000850,1.000000000000,census_block_relationship_count
041,000870,041,000870,0.981481481481,census_block_relationship_count
041,000870,041,000880,0.018518518519,census_block_relationship_count
041,000880,041,000880,1.000000000000,census_block_relationship_count
041,000890,041,000890,0.987577515101,census_block_relationship_count
041,000890,041,000900,0.012422484899,census_block_relationship_count
041,000900,041,000183,0.001081294093,census_block_relationship_count
041,000900,041,000900,0.998918705907,census_block_relationship_count
043,000010,043,000010,1.000000000000,census_block_relationship_count
043,000020,043,000021,1.000000000000,census_block_relationship_count
043,000021,043,000023,1.000000000000,census_block_relationship_count
043,000030,043,000030,1.000000000000,census_block_relationship_count
043,000039,043,000039,0.961538461538,census_block_relationship_count
043,000039,043,000127,0.038461538462,census_block_relationship_count
043,000047,043,000047,1.000000000000,census_block_relationship_count
043,000055,043,000055,1.000000000000,census_block_relationship_count
043,000063,043,000063,0.999898011540,census_block_relationship_count
043,000063,043,000150,0.000101988460,census_block_relationship_count
043,000071,043,000071,1.000000000000,census_block_relationship_count
043,000079,043,000079,1.000000000000,census_block_relationship_count
043,000087,043,000087,1.000000000000,census_block_relationship_count
043,000095,043,000095,1.000000000000,census_block_relationship_count
043,000103,043,000103,1.000000000000,census_block_relationship_count
043,000111,043,000112,1.000000000000,census_block_relationship_count
043,000119,043,000119,1.000000000000,census_block_relationship_count
043,000127,043,000127,1.000000000000,census_block_relationship_count
043,000135,043,000135,1.000000000000,census_block_relationship_count
043,000143,043,000144,0.997030191367,census_block_relationship_count
043,000143,043,000147,0.002969808633,census_block_relationship_count
043,000144,043,000147,1.000000000000,census_block_relationship_count
043,000150,043,000063,0.000896571319,census_block_relationship_count
043,000150,043,000150,0.999103428681,census_block_relationship_count
043,000160,043,000160,1.000000000000,census_block_relationship_count
043,000170,043,000170,1.000000000000,census_block_relationship_count
043,000180,043,000180,1.000000000000,census_block_relationship_count
043,000192,043,000194,1.000000000000,census_block_relationship_count
043,000200,043,000200,1.000000000000,census_block_relationship_count
043,000210,043,000210,1.000000000000,census_block_relationship_count
043,000220,043,000220,1.000000000000,census_block_relationship_count
043,000230,043,000230,1.000000000000,census_block_relationship_count
043,000240,043,000210,0.169014084507,census_block_relationship_count
043,000240,043,000240,0.718309859155,census_block_relationship_count
043,000240,043,000260,0.112676056338,census_block_relationship_count
043,000250,043,000250,1.000000000000,census_block_relationship_count
043,000260,043,000260,1.000000000000,census_block_relationship_count
043,000270,043,000260,0.019070567401,census_block_relationship_count
043,000270,043,000270,0.980929432599,census_block_relationship_count
043,000280,043,000280,1.000000000000,census_block_relationship_count
043,000290,043,000290,1.000000000000,census_block_relationship_count
043,000300,043,000300,0.976744186047,census_block_relationship_count
043,000300,043,000320,0.023255813953,census_block_relationship_count
043,000310,043,000310,1.000000000000,census_block_relationship_count
043,000320,043,000320,1.000000000000,census_block_relationship_count
043,000330,043,000330,1.000000000000,census_block_relationship_count
043,000340,043,000340,1.000000000000,census_block_relationship_count
043,000350,043,000350,1.000000000000,census_block_relationship_count
043,000360,043,000360,1.000000000000,census_block_relationship_count
043,000370,043,000370,1.000000000000,census_block_relationship_count
043,000380,043,000380,1.000000000000,census_block_relationship_count
043,000390,043,000390,1.000000000000,census_block_relationship_count
043,000400,043,000400,1.000000000000,census_block_relationship_count
043,000410,043,000410,1.000000000000,census_block_relationship_count
043,000420,043,000420,1.000000000000,census_block_relationship_count
043,000430,043,000430,1.000000000000,census_block_relationship_count
043,000440,043,000440,1.000000000000,census_block_relationship_count
043,000450,043,000450,1.000000000000,census_block_relationship_count
043,000460,043,000460,1.000000000000,census_block_relationship_count
043,000470,043,000470,1.000000000000,census_block_relationship_count
043,000480,043,000480,1.000000000000,census_block_relationship_count
043,000490,043,000502,1.000000000000,census_block_relationship_count
043,000500,043,000502,1.000000000000,census_block_relationship_count
043,000510,043,000510,1.000000000000,census_block_relationship_count
043,000520,043,000520,1.000000000000,census_block_relationship_count
043,000530,043,000530,1.000000000000,census_block_relationship_count
043,000540,043,000540,1.000000000000,census_block_relationship_count
043,000550,043,000551,1.000000000000,census_block_relationship_count
043,000560,043,000560,0.979872877123,census_block_relationship_count
043,000560,043,001020,0.020127122877,census_block_relationship_count
043,000561,043,000565,1.000000000000,census_block_relationship_count
043,000570,043,000570,1.000000000000,census_block_relationship_count
043,000580,043,000580,1.000000000000,census_block_relationship_count
043,000590,043,000590,1.000000000000,census_block_relationship_count
043,000600,043,000600,1.000000000000,census_block_relationship_count
043,000610,043,000610,1.000000000000,census_block_relationship_count
043,000620,043,000620,1.000000000000,census_block_relationship_count
043,000630,043,000630,1.000000000000,census_block_relationship_count
043,000640,043,000640,1.000000000000,census_block_relationship_count
043,000650,043,000651,1.000000000000,census_block_relationship_count
043,000660,043,000660,1.000000000000,census_block_relationship_count
043,000670,043,000670,1.000000000000,census_block_relationship_count
043,000680,043,000681,1.000000000000,census_block_relationship_count
043,000690,043,000690,1.000000000000,census_block_relationship_count
043,000700,043,000700,1.000000000000,census_block_relationship_count
043,000710,043,000711,1.000000000000,census_block_relationship_count
043,000720,043,000720,1.000000000000,census_block_relationship_count
043,000730,043,000731,1.000000000000,census_block_relationship_count
043,000740,043,000740,1.000000000000,census_block_relationship_count
043,000750,043,000751,0.999162277329,census_block_relationship_count
043,000750,043,000766,0.000837722671,census_block_relationship_count
043,000760,043,000760,1.000000000000,census_block_relationship_count
043,000765,043,000765,1.000000000000,census_block_relationship_count
043,000775,043,000775,0.936858173745,census_block_relationship_count
043,000775,043,000785,0.060606060606,census_block_relationship_count
043,000775,043,000795,0.002535765648,census_block_relationship_count
043,000785,043,000785,0.946428571429,census_block_relationship_count
043,000785,043,000850,0.008928571429,census_block_relationship_count
043,000785,043,000860,0.044642857143,census_block_relationship_count
043,000795,043,000765,0.000502384881,census_block_relationship_count
043,000795,043,000775,0.017657992566,census_block_relationship_count
043,000795,043,000785,0.034482758621,census_block_relationship_count
043,000795,043,000795,0.947356863933,census_block_relationship_count
043,000800,043,000800,1.000000000000,census_block_relationship_count
043,000810,043,000810,1.000000000000,census_block_relationship_count
043,000820,043,000820,1.000000000000,census_block_relationship_count
043,000835,043,000835,1.000000000000,census_block_relationship_count
043,000840,043,000840,1.000000000000,census_block_relationship_count
043,000845,043,000845,1.000000000000,census_block_relationship_count
043,000850,043,000785,0.027573259602,census_block_relationship_count
043,000850,043,000850,0.972426740398,census_block_relationship_count
043,000860,043,000860,1.000000000000,census_block_relationship_count
043,000870,043,000870,1.000000000000,census_block_relationship_count
043,000880,043,000880,1.000000000000,census_block_relationship_count
043,000890,043,000890,1.000000000000,census_block_relationship_count
043,000900,043,000900,1.000000000000,census_block_relationship_count
043,000910,043,000910,1.000000000000,census_block_relationship_count
043,000920,043,000932,1.000000000000,census_block_relationship_count
043,000930,043,000932,1.000000000000,census_block_relationship_count
043,000940,043,000940,1.000000000000,census_block_relationship_count
043,000950,043,000950,0.933333333333,census_block_relationship_count
043,000950,043,000960,0.066666666667,census_block_relationship_count
043,000960,043,000960,1.000000000000,census_block_relationship_count
043,000970,043,000950,0.019607843137,census_block_relationship_count
043,000970,043,000970,0.980392156863,census_block_relationship_count
043,000980,043,000960,0.113636363636,census_block_relationship_count
043,000980,043,000980,0.886363636364,census_block_relationship_count
043,000990,043,000990,1.000000000000,census_block_relationship_count
043,001000,043,001000,1.000000000000,census_block_relationship_count
043,001010,043,001010,1.000000000000,census_block_relationship_count
043,001020,043,000560,0.004187160558,census_block_relationship_count
043,001020,043,001020,0.995812839442,census_block_relationship_count
043,001030,043,001030,1.000000000000,census_block_relationship_count
043,001040,043,001040,0.967741935484,census_block_relationship_count
043,001040,043,001050,0.032258064516,census_block_relationship_count
043,001050,043,001050,1.000000000000,census_block_relationship_count
043,001060,043,001060,1.000000000000,census_block_relationship_count
043,001070,043,001070,1.000000000000,census_block_relationship_count
043,001080,043,001082,1.000000000000,census_block_relationship_count
043,001090,043,001082,1.000000000000,census_block_relationship_count
043,001100,043,001092,1.000000000000,census_block_relationship_count
043,001110,043,001092,1.000000000000,census_block_relationship_count
043,001120,043,001120,1.000000000000,census_block_relationship_count
043,001135,043,001135,1.000000000000,census_block_relationship_count
043,001145,043,001135,0.342811322570,census_block_relationship_count
043,001145,043,001145,0.319437375157,census_block_relationship_count
043,001145,043,001205,0.325093074425,census_block_relationship_count
043,001145,043,001215,0.012658227848,census_block_relationship_count
043,001155,043,001155,0.917431192661,census_block_relationship_count
043,001155,043,001175,0.064220183486,census_block_relationship_count
043,001155,043,001195,0.018348623853,census_block_relationship_count
043,001165,043,001165,0.786666666667,census_block_relationship_count
043,001165,043,001195,0.173333333333,census_block_relationship_count
043,001165,043,001215,0.040000000000,census_block_relationship_count
043,001175,043,001155,0.041095890411,census_block_relationship_count
043,001175,043,001175,0.958904109589,census_block_relationship_count
043,001185,043,001165,0.023809523810,census_block_relationship_count
043,001185,043,001185,0.976190476190,census_block_relationship_count
043,001195,043,001175,0.238095238095,census_block_relationship_count
043,001195,043,001185,0.380952380952,census_block_relationship_count
043,001195,043,001195,0.380952380952,census_block_relationship_count
043,001205,043,001145,0.068181818182,census_block_relationship_count
043,001205,043,001205,0.681818181818,census_block_relationship_count
043,001205,043,001215,0.250000000000,census_block_relationship_count
043,001215,043,001155,0.225806451613,census_block_relationship_count
043,001215,043,001195,0.354838709677,census_block_relationship_count
043,001215,043,001205,0.000001904739,census_block_relationship_count
043,001215,043,001215,0.419352933971,census_block_relationship_count
043,001220,043,001220,1.000000000000,census_block_relationship_count
043,001230,043,001230,0.989247311828,census_block_relationship_count
043,001230,043,001302,0.010752688172,census_block_relationship_count
043,001240,043,001240,1.000000000000,census_block_relationship_count
043,001250,043,001250,1.000000000000,census_block_relationship_count
043,001260,043,001262,0.571428571429,census_block_relationship_count
043,001260,043,001272,0.428571428571,census_block_relationship_count
043,001270,043,001272,0.430716965220,census_block_relationship_count
043,001270,043,001304,0.569283034780,census_block_relationship_count
043,001280,043,001250,0.010301488524,census_block_relationship_count
043,001280,043,001280,0.989698511476,census_block_relationship_count
043,001290,043,001292,0.562500000000,census_block_relationship_count
043,001290,043,001302,0.250000000000,census_block_relationship_count
043,001290,043,001304,0.187500000000,census_block_relationship_count
043,001300,043,001280,0.057692307692,census_block_relationship_count
043,001300,043,001302,0.942307692308,census_block_relationship_count
043,001320,043,001320,1.000000000000,census_block_relationship_count
043,001330,043,001330,1.000000000000,census_block_relationship_count
043,001340,043,001340,1.000000000000,census_block_relationship_count
043,001350,043,001352,0.666797486174,census_block_relationship_count
043,001350,043,001374,0.017543859649,census_block_relationship_count
043,001350,043,001376,0.315658654177,census_block_relationship_count
043,001360,043,001362,0.357142857142,census_block_relationship_count
043,001360,043,001368,0.271428571428,census_block_relationship_count
043,001360,043,001374,0.200000000001,census_block_relationship_count
043,001360,043,001376,0.171428571428,census_block_relationship_count
043,001370,043,001352,0.084745762712,census_block_relationship_count
043,001370,043,001368,0.118644067797,census_block_relationship_count
043,001370,043,001372,0.762711864407,census_block_relationship_count
043,001370,043,001376,0.033898305085,census_block_relationship_count
043,001380,043,001380,1.000000000000,census_block_relationship_count
043,001390,043,001390,1.000000000000,census_block_relationship_count
043,001400,043,001400,1.000000000000,census_block_relationship_count
043,001410,043,001410,1.000000000000,census_block_relationship_count
043,001420,043,001420,1.000000000000,census_block_relationship_count
043,0PR151,043,000191,1.000000000000,census_block_relationship_count
043,0PR152,043,000761,1.000000000000,census_block_relationship_count
043,0PR154,043,000766,1.000000000000,census_block_relationship_count
043,0PR156,043,000762,1.000000000000,census_block_relationship_count
043,0PR157,043,000763,1.000000000000,census_block_relationship_count
043,0PR159,043,001313,1.000000000000,census_block_relationship_count
043,0PR160,043,001311,1.000000000000,census_block_relationship_count
043,0PR200,043,000764,1.000000000000,census_block_relationship_count
043,0PR201,043,000767,1.000000000000,census_block_relationship_count
043,0PR202,043,000768,1.000000000000,census_block_relationship_count
045,000010,045,000010,1.000000000000,census_block_relationship_count
045,000020,045,000010,0.200000000000,census_block_relationship_count
045,000020,045,000020,0.800000000000,census_block_relationship_count
045,000030,045,000030,0.775510568890,census_block_relationship_count
045,000030,045,000070,0.102040816327,census_block_relationship_count
045,000030,045,000090,0.122448614784,census_block_relationship_count
045,000040,045,000030,0.130041052885,census_block_relationship_count
045,000040,045,000040,0.869958947115,census_block_relationship_count
045,000050,045,000040,0.008771929825,census_block_relationship_count
045,000050,045,000050,0.991228070175,census_block_relationship_count
045,000060,045,000060,1.000000000000,census_block_relationship_count
045,000070,045,000070,1.000000000000,census_block_relationship_count
045,000080,045,000080,1.000000000000,census_block_relationship_count
045,000090,045,000060,0.030303030303,census_block_relationship_count
045,000090,045,000080,0.090909090909,census_block_relationship_count
045,000090,045,000090,0.878787878788,census_block_relationship_count
045,000092,045,000091,0.519428706347,census_block_relationship_count
045,000092,045,000099,0.018028728033,census_block_relationship_count
045,000092,045,000103,0.461512396378,census_block_relationship_count
045,000092,045,000105,0.001030169242,census_block_relationship_count
045,000099,045,000099,0.901155840650,census_block_relationship_count
045,000099,045,000101,0.018801746190,census_block_relationship_count
045,000099,045,000112,0.080042413160,census_block_relationship_count
045,000106,045,000101,0.613759363419,census_block_relationship_count
045,000106,045,000105,0.386240636581,census_block_relationship_count
045,000120,045,000120,0.996479652941,census_block_relationship_count
045,000120,045,000170,0.003520347059,census_block_relationship_count
045,000130,045,000130,1.000000000000,census_block_relationship_count
045,000140,045,000140,0.930534233936,census_block_relationship_count
045,000140,045,000150,0.069465766064,census_block_relationship_count
045,000150,045,000150,0.937500000000,census_block_relationship_count
045,000150,045,000170,0.062500000000,census_block_relationship_count
045,000160,045,000160,1.000000000000,census_block_relationship_count
045,000170,045,000120,0.002045815109,census_block_relationship_count
045,000170,045,000170,0.997954184891,census_block_relationship_count
045,000175,045,000174,0.593206785764,census_block_relationship_count
045,000175,045,000177,0.406793214236,census_block_relationship_count
045,000180,045,000180,0.818181818182,census_block_relationship_count
045,000180,045,000240,0.181818181818,census_block_relationship_count
045,000190,045,000190,1.000000000000,census_block_relationship_count
045,000200,045,000200,0.971819461624,census_block_relationship_count
045,000200,045,000270,0.028180538376,census_block_relationship_count
045,000210,045,000210,0.960820545626,census_block_relationship_count
045,000210,045,000260,0.039179454374,census_block_relationship_count
045,000220,045,000220,1.000000000000,census_block_relationship_count
045,000230,045,000230,0.834334935900,census_block_relationship_count
045,000230,045,000240,0.165665064100,census_block_relationship_count
045,000240,045,000180,0.142857142857,census_block_relationship_count
045,000240,045,000240,0.857142857143,census_block_relationship_count
045,000250,045,000250,1.000000000000,census_block_relationship_count
045,000260,045,000210,0.068965517241,census_block_relationship_count
045,000260,045,000260,0.908539671028,census_block_relationship_count
045,000260,045,000315,0.022494811731,census_block_relationship_count
045,000270,045,000270,0.823529411765,census_block_relationship_count
045,000270,045,000280,0.095682273485,census_block_relationship_count
045,000270,045,000290,0.080788314750,census_block_relationship_count
045,000280,045,000280,0.896187193079,census_block_relationship_count
045,000280,045,000290,0.103812806921,census_block_relationship_count
045,000290,045,000290,0.933542504696,census_block_relationship_count
045,000290,045,000345,0.066457495304,census_block_relationship_count
045,000305,045,000305,1.000000000000,census_block_relationship_count
045,000310,045,000260,0.025091665071,census_block_relationship_count
045,000310,045,000315,0.903479763500,census_block_relationship_count
045,000310,045,000370,0.071428571429,census_block_relationship_count
045,000330,045,000315,1.000000000000,census_block_relationship_count
045,000340,045,000335,1.000000000000,census_block_relationship_count
045,000350,045,000345,1.000000000000,census_block_relationship_count
045,000360,045,000360,0.937856496653,census_block_relationship_count
045,000360,045,000395,0.038952861926,census_block_relationship_count
045,000360,045,000435,0.023190641421,census_block_relationship_count
045,000370,045,000370,0.950000000000,census_block_relationship_count
045,000370,045,000410,0.050000000000,census_block_relationship_count
045,000380,045,000370,0.027777777778,census_block_relationship_count
045,000380,045,000380,0.972222222222,census_block_relationship_count
045,000395,045,000360,0.000284201243,census_block_relationship_count
045,000395,045,000395,0.991732356440,census_block_relationship_count
045,000395,045,000435,0.007983442317,census_block_relationship_count
045,000410,045,000410,1.000000000000,census_block_relationship_count
045,000420,045,000420,1.000000000000,census_block_relationship_count
045,000430,045,000435,1.000000000000,census_block_relationship_count
045,000440,045,000420,0.162453646134,census_block_relationship_count
045,000440,045,000440,0.813156109963,census_block_relationship_count
045,000440,045,000475,0.024390243902,census_block_relationship_count
045,000470,045,000435,1.000000000000,census_block_relationship_count
045,000480,045,000435,1.000000000000,census_block_relationship_count
045,000490,045,000435,0.055555555556,census_block_relationship_count
045,000490,045,000475,0.722222222222,census_block_relationship_count
045,000490,045,000485,0.082317438993,census_block_relationship_count
045,000490,045,000495,0.129629629630,census_block_relationship_count
045,000490,045,000510,0.010275153600,census_block_relationship_count
045,000500,045,000485,0.780567896465,census_block_relationship_count
045,000500,045,000495,0.161290322581,census_block_relationship_count
045,000500,045,000510,0.058141780955,census_block_relationship_count
045,000510,045,000435,0.025641025641,census_block_relationship_count
045,000510,045,000475,0.069461593944,census_block_relationship_count
045,000510,045,000510,0.861729577754,census_block_relationship_count
045,000510,045,000520,0.043167802662,census_block_relationship_count
045,000520,045,000520,0.872067141703,census_block_relationship_count
045,000520,045,000530,0.127932858297,census_block_relationship_count
045,000530,045,000520,0.040000000000,census_block_relationship_count
045,000530,045,000530,0.960000000000,census_block_relationship_count
045,000540,045,000545,1.000000000000,census_block_relationship_count
045,000550,045,000545,0.958333333333,census_block_relationship_count
045,000550,045,000555,0.041666666667,census_block_relationship_count
045,000560,045,000555,1.000000000000,census_block_relationship_count
045,000565,045,000568,0.894736842105,census_block_relationship_count
045,000565,045,000578,0.105263157895,census_block_relationship_count
045,000570,045,000562,1.000000000000,census_block_relationship_count
045,000575,045,000530,0.062518168329,census_block_relationship_count
045,000575,045,000562,0.052131917941,census_block_relationship_count
045,000575,045,000572,0.885349913730,census_block_relationship_count
045,000610,045,000568,0.055171744959,census_block_relationship_count
045,000610,045,000578,0.944828255041,census_block_relationship_count
045,000630,045,000630,0.904761904762,census_block_relationship_count
045,000630,045,000640,0.095238095238,census_block_relationship_count
045,000640,045,000630,0.030303030303,census_block_relationship_count
045,000640,045,000640,0.969696969697,census_block_relationship_count
045,000650,045,000650,0.885196928772,census_block_relationship_count
045,000650,045,000660,0.072382007052,census_block_relationship_count
045,000650,045,000670,0.042421064176,census_block_relationship_count
045,000660,045,000650,0.500000000000,census_block_relationship_count
045,000660,045,000660,0.476731601733,census_block_relationship_count
045,000660,045,000670,0.023268398267,census_block_relationship_count
045,000670,045,000660,0.193494627760,census_block_relationship_count
045,000670,045,000670,0.806505372240,census_block_relationship_count
045,000680,045,000680,1.000000000000,census_block_relationship_count
045,000690,045,000690,1.000000000000,census_block_relationship_count
045,000700,045,000700,1.000000000000,census_block_relationship_count
045,000710,045,000710,0.831989966560,census_block_relationship_count
045,000710,045,000730,0.168010033440,census_block_relationship_count
045,000720,045,000710,0.131147540980,census_block_relationship_count
045,000720,045,000720,0.800000000000,census_block_relationship_count
045,000720,045,000730,0.068852459020,census_block_relationship_count
045,000730,045,000730,1.000000000000,census_block_relationship_count
045,000740,045,000740,0.596763648252,census_block_relationship_count
045,000740,045,000750,0.045112781954,census_block_relationship_count
045,000740,045,000760,0.035714285714,census_block_relationship_count
045,000740,045,000790,0.003935455218,census_block_relationship_count
045,000740,045,000800,0.318473828862,census_block_relationship_count
045,000750,045,000750,1.000000000000,census_block_relationship_count
045,000760,045,000760,1.000000000000,census_block_relationship_count
045,000770,045,000770,0.928571428571,census_block_relationship_count
045,000770,045,000780,0.071428571429,census_block_relationship_count
045,000780,045,000780,1.000000000000,census_block_relationship_count
045,000790,045,000780,0.037037037037,census_block_relationship_count
045,000790,045,000790,0.962962962963,census_block_relationship_count
045,000800,045,000800,1.000000000000,census_block_relationship_count
045,000810,045,000810,1.000000000000,census_block_relationship_count
045,000815,045,000816,0.714285714286,census_block_relationship_count
045,000815,045,000836,0.285714285714,census_block_relationship_count
045,000820,045,000810,0.214285714286,census_block_relationship_count
045,000820,045,000820,0.785714285714,census_block_relationship_count
045,000825,045,000824,0.384323900972,census_block_relationship_count
045,000825,045,000828,0.153846153846,census_block_relationship_count
045,000825,045,000829,0.461829945182,census_block_relationship_count
045,000830,045,000824,0.207317073171,census_block_relationship_count
045,000830,045,000828,0.102447646734,census_block_relationship_count
045,000830,045,000829,0.024390243902,census_block_relationship_count
045,000830,045,000831,0.634146341462,census_block_relationship_count
045,000830,045,000833,0.020811936491,census_block_relationship_count
045,000830,045,000834,0.010886758239,census_block_relationship_count
045,000850,045,000828,0.191747145589,census_block_relationship_count
045,000850,045,000843,0.184210526316,census_block_relationship_count
045,000850,045,000851,0.500000000001,census_block_relationship_count
045,000850,045,000856,0.124042328095,census_block_relationship_count
045,000860,045,000860,1.000000000000,census_block_relationship_count
045,000870,045,000870,1.000000000000,census_block_relationship_count
045,000880,045,000880,0.970816326533,census_block_relationship_count
045,000880,045,000910,0.029183673467,census_block_relationship_count
045,000890,045,000890,0.847289143183,census_block_relationship_count
045,000890,045,000900,0.152710856817,census_block_relationship_count
045,000900,045,000890,0.069765231633,census_block_relationship_count
045,000900,045,000900,0.930234768367,census_block_relationship_count
045,000910,045,000900,0.111111111111,census_block_relationship_count
045,000910,045,000910,0.888888888889,census_block_relationship_count
045,000920,045,000920,1.000000000000,census_block_relationship_count
045,000930,045,000930,0.866666666661,census_block_relationship_count
045,000930,045,000960,0.133333333339,census_block_relationship_count
045,000940,045,000940,1.000000000000,census_block_relationship_count
045,000950,045,000950,0.476190476190,census_block_relationship_count
045,000950,045,000970,0.523809523810,census_block_relationship_count
045,000960,045,000950,0.531250000000,census_block_relationship_count
045,000960,045,000960,0.468750000000,census_block_relationship_count
045,000970,045,000970,1.000000000000,census_block_relationship_count
045,000980,045,000950,0.291666666667,census_block_relationship_count
045,000980,045,000980,0.708333333333,census_block_relationship_count
045,000990,045,000990,0.972054120540,census_block_relationship_count
045,000990,045,001000,0.027945879460,census_block_relationship_count
045,001000,045,001000,1.000000000000,census_block_relationship_count
045,001010,045,001010,0.750000000000,census_block_relationship_count
045,001010,045,001020,0.250000000000,census_block_relationship_count
045,001020,045,001010,0.113207547170,census_block_relationship_count
045,001020,045,001020,0.886792452830,census_block_relationship_count
045,001030,045,001005,0.483705418084,census_block_relationship_count
045,001030,045,001015,0.516294581916,census_block_relationship_count
045,001040,045,001040,1.000000000000,census_block_relationship_count
045,001050,045,001040,0.005959982972,census_block_relationship_count
045,001050,045,001050,0.909371511659,census_block_relationship_count
045,001050,045,001060,0.084668505369,census_block_relationship_count
045,001060,045,001060,0.915463917520,census_block_relationship_count
045,001060,045,001070,0.084536082480,census_block_relationship_count
045,001070,045,001070,1.000000000000,census_block_relationship_count
045,001080,045,001050,0.163396382677,census_block_relationship_count
045,001080,045,001060,0.019357507880,census_block_relationship_count
045,001080,045,001080,0.817246109444,census_block_relationship_count
045,001090,045,001090,0.992962306259,census_block_relationship_count
045,001090,045,001140,0.007037693741,census_block_relationship_count
045,001100,045,001100,1.000000000000,census_block_relationship_count
045,001110,045,001110,0.875000000000,census_block_relationship_count
045,001110,045,001120,0.125000000000,census_block_relationship_count
045,001120,045,001120,1.000000000000,census_block_relationship_count
045,001130,045,001130,1.000000000000,census_block_relationship_count
045,001140,045,001120,0.100000000000,census_block_relationship_count
045,001140,045,001140,0.900000000000,census_block_relationship_count
045,001150,045,001150,1.000000000000,census_block_relationship_count
045,001160,045,001160,1.000000000000,census_block_relationship_count
045,001170,045,001170,0.916666666667,census_block_relationship_count
045,001170,045,001290,0.083333333333,census_block_relationship_count
045,001180,045,001180,1.000000000000,census_block_relationship_count
045,001200,045,001200,0.995363208797,census_block_relationship_count
045,001200,045,001460,0.004636791203,census_block_relationship_count
045,001210,045,001200,0.062500000000,census_block_relationship_count
045,001210,045,001210,0.937500000000,census_block_relationship_count
045,001220,045,001220,1.000000000000,census_block_relationship_count
045,001230,045,001230,1.000000000000,census_block_relationship_count
045,001240,045,001240,1.000000000000,census_block_relationship_count
045,001250,045,001250,1.000000000000,census_block_relationship_count
045,001260,045,001260,1.000000000000,census_block_relationship_count
045,001270,045,001270,1.000000000000,census_block_relationship_count
045,001280,045,001280,1.000000000000,census_block_relationship_count
045,001290,045,001290,1.000000000000,census_block_relationship_count
045,001300,045,001300,1.000000000000,census_block_relationship_count
045,001310,045,001310,1.000000000000,census_block_relationship_count
045,001320,045,001320,1.000000000000,census_block_relationship_count
045,001330,045,001330,1.000000000000,census_block_relationship_count
045,001340,045,001340,1.000000000000,census_block_relationship_count
045,001350,045,001350,1.000000000000,census_block_relationship_count
045,001360,045,001360,1.000000000000,census_block_relationship_count
045,001370,045,001370,1.000000000000,census_block_relationship_count
045,001380,045,001380,1.000000000000,census_block_relationship_count
045,001390,045,001390,1.000000000000,census_block_relationship_count
045,001400,045,001400,1.000000000000,census_block_relationship_count
045,001410,045,001410,1.000000000000,census_block_relationship_count
045,001420,045,001420,0.950000000000,census_block_relationship_count
045,001420,045,001430,0.050000000000,census_block_relationship_count
045,001430,045,001430,1.000000000000,census_block_relationship_count
045,001440,045,001440,1.000000000000,census_block_relationship_count
045,001450,045,001450,1.000000000000,census_block_relationship_count
045,001460,045,001460,1.000000000000,census_block_relationship_count
045,001470,045,001470,1.000000000000,census_block_relationship_count
045,001480,045,001480,1.000000000000,census_block_relationship_count
045,001490,045,001490,1.000000000000,census_block_relationship_count
045,001500,045,001500,1.000000000000,census_block_relationship_count
045,001510,045,001510,1.000000000000,census_block_relationship_count
045,001520,045,001520,1.000000000000,census_block_relationship_count
045,001530,045,001530,1.000000000000,census_block_relationship_count
045,001540,045,001540,1.000000000000,census_block_relationship_count
045,001550,045,001520,0.054413514876,census_block_relationship_count
045,001550,045,001550,0.945586485124,census_block_relationship_count
045,001560,045,001550,0.078947161805,census_block_relationship_count
045,001560,045,001560,0.921052838195,census_block_relationship_count
045,001570,045,001570,1.000000000000,census_block_relationship_count
045,001580,045,001580,1.000000000000,census_block_relationship_count
045,001590,045,001590,1.000000000000,census_block_relationship_count
045,001600,045,001600,1.000000000000,census_block_relationship_count
045,001610,045,001610,1.000000000000,census_block_relationship_count
045,001620,045,001620,1.000000000000,census_block_relationship_count
045,001630,045,001630,1.000000000000,census_block_relationship_count
045,001640,045,001640,1.000000000000,census_block_relationship_count
045,001650,045,001650,0.900000000000,census_block_relationship_count
045,001650,045,001660,0.100000000000,census_block_relationship_count
045,001660,045,001650,0.121212121212,census_block_relationship_count
045,001660,045,001660,0.836088154270,census_block_relationship_count
045,001660,045,001670,0.042699724518,census_block_relationship_count
045,001670,045,001670,1.000000000000,census_block_relationship_count
045,001680,045,001670,0.002711939982,census_block_relationship_count
045,001680,045,001680,0.997288060018,census_block_relationship_count
045,001690,045,001690,0.529411764706,census_block_relationship_count
045,001690,045,001700,0.168769510103,census_block_relationship_count
045,001690,045,001710,0.301818725191,census_block_relationship_count
045,001700,045,001700,0.666666666667,census_block_relationship_count
045,001700,045,001710,0.333333333333,census_block_relationship_count
045,001710,045,001700,0.243439821625,census_block_relationship_count
045,001710,045,001710,0.268390972471,census_block_relationship_count
045,001710,045,001740,0.488169205904,census_block_relationship_count
045,001720,045,001700,0.043478260870,census_block_relationship_count
045,001720,045,001720,0.592650103522,census_block_relationship_count
045,001720,045,001760,0.304347826087,census_block_relationship_count
045,001720,045,001860,0.059523809522,census_block_relationship_count
045,001730,045,001700,0.109678472336,census_block_relationship_count
045,001730,045,001710,0.072139709482,census_block_relationship_count
045,001730,045,001720,0.688155110791,census_block_relationship_count
045,001730,045,001730,0.130026707391,census_block_relationship_count
045,001740,045,001710,0.166666666667,census_block_relationship_count
045,001740,045,001730,0.275319634708,census_block_relationship_count
045,001740,045,001740,0.558013698625,census_block_relationship_count
045,001750,045,001690,0.090909090909,census_block_relationship_count
045,001750,045,001750,0.826585168812,census_block_relationship_count
045,001750,045,001770,0.077032585852,census_block_relationship_count
045,001750,045,001860,0.005473154427,census_block_relationship_count
045,001760,045,001700,0.058823529412,census_block_relationship_count
045,001760,045,001750,0.140242369235,census_block_relationship_count
045,001760,045,001760,0.800934101353,census_block_relationship_count
045,001770,045,001770,1.000000000000,census_block_relationship_count
045,001780,045,001780,1.000000000000,census_block_relationship_count
045,001790,045,001750,0.046309890212,census_block_relationship_count
045,001790,045,001770,0.006160135972,census_block_relationship_count
045,001790,045,001780,0.227529973816,census_block_relationship_count
045,001790,045,001790,0.600000000000,census_block_relationship_count
045,001790,045,001800,0.120000000000,census_block_relationship_count
045,001800,045,001770,0.076923076923,census_block_relationship_count
045,001800,045,001790,0.153846153846,census_block_relationship_count
045,001800,045,001800,0.769230769231,census_block_relationship_count
045,001810,045,001810,0.392328174331,census_block_relationship_count
045,001810,045,001820,0.217622377623,census_block_relationship_count
045,001810,045,001830,0.390049448046,census_block_relationship_count
045,001820,045,001810,0.051627384960,census_block_relationship_count
045,001820,045,001820,0.948372615040,census_block_relationship_count
045,001830,045,001710,0.045454545455,census_block_relationship_count
045,001830,045,001720,0.002887947873,census_block_relationship_count
045,001830,045,001730,0.634403492741,census_block_relationship_count
045,001830,045,001830,0.317254013932,census_block_relationship_count
045,001840,045,001720,0.166666666667,census_block_relationship_count
045,001840,045,001830,0.166666666667,census_block_relationship_count
045,001840,045,001840,0.666666666667,census_block_relationship_count
045,001850,045,001720,0.018559084822,census_block_relationship_count
045,001850,045,001810,0.367066235378,census_block_relationship_count
045,001850,045,001840,0.244044875733,census_block_relationship_count
045,001850,045,001850,0.333333333333,census_block_relationship_count
045,001850,045,001860,0.036996470733,census_block_relationship_count
045,001860,045,001750,0.179710441594,census_block_relationship_count
045,001860,045,001840,0.064516129032,census_block_relationship_count
045,001860,045,001850,0.064516129032,census_block_relationship_count
045,001860,045,001860,0.691257300342,census_block_relationship_count
045,001870,045,001850,0.285714285714,census_block_relationship_count
045,001870,045,001860,0.178571428571,census_block_relationship_count
045,001870,045,001870,0.357142857143,census_block_relationship_count
045,001870,045,001890,0.178571428571,census_block_relationship_count
045,001880,045,001880,0.890243902439,census_block_relationship_count
045,001880,045,001890,0.109756097561,census_block_relationship_count
045,001890,045,001790,0.500000000000,census_block_relationship_count
045,001890,045,001860,0.273492762743,census_block_relationship_count
045,001890,045,001890,0.226507237257,census_block_relationship_count
045,001900,045,001900,1.000000000000,census_block_relationship_count
045,001910,045,001910,1.000000000000,census_block_relationship_count
045,001920,045,001900,0.018518518519,census_block_relationship_count
045,001920,045,001920,0.981481481481,census_block_relationship_count
045,001930,045,001910,0.009779483149,census_block_relationship_count
045,001930,045,001930,0.990220516851,census_block_relationship_count
045,001940,045,001940,0.411764705882,census_block_relationship_count
045,001940,045,001950,0.095777567868,census_block_relationship_count
045,001940,045,001955,0.492457726250,census_block_relationship_count
045,001950,045,001950,0.717482920238,census_block_relationship_count
045,001950,045,001955,0.282517079762,census_block_relationship_count
045,001960,045,001950,0.077333275269,census_block_relationship_count
045,001960,045,001960,0.922666724731,census_block_relationship_count
045,001970,045,001940,0.172276962262,census_block_relationship_count
045,001970,045,001950,0.019134680897,census_block_relationship_count
045,001970,045,001970,0.514691921497,census_block_relationship_count
045,001970,045,001975,0.293896435343,census_block_relationship_count
045,001980,045,001975,0.459340524979,census_block_relationship_count
045,001980,045,001980,0.291377123493,census_block_relationship_count
045,001980,045,001990,0.249282351529,census_block_relationship_count
045,001990,045,001975,0.200000000000,census_block_relationship_count
045,001990,045,001990,0.552585357290,census_block_relationship_count
045,001990,045,001995,0.247414642710,census_block_relationship_count
045,002000,045,001975,0.161935284383,census_block_relationship_count
045,002000,045,001995,0.039581967683,census_block_relationship_count
045,002000,045,002000,0.371314709404,census_block_relationship_count
045,002000,045,002015,0.427168038530,census_block_relationship_count
045,002010,045,001995,0.251008227751,census_block_relationship_count
045,002010,045,002010,0.496949553908,census_block_relationship_count
045,002010,045,002015,0.252042218342,census_block_relationship_count
045,002020,045,002020,1.000000000000,census_block_relationship_count
045,002030,045,002030,1.000000000000,census_block_relationship_count
045,002040,045,002042,0.367346938776,census_block_relationship_count
045,002040,045,002045,0.367346938776,census_block_relationship_count
045,002040,045,002052,0.081632653061,census_block_relationship_count
045,002040,045,002055,0.065345368916,census_block_relationship_count
045,002040,045,002097,0.118328100471,census_block_relationship_count
045,002050,045,002052,0.545454545455,census_block_relationship_count
045,002050,045,002055,0.111388161884,census_block_relationship_count
045,002050,045,002061,0.272727272727,census_block_relationship_count
045,002050,045,002097,0.070430019934,census_block_relationship_count
045,002060,045,002052,0.229166666667,census_block_relationship_count
045,002060,045,002061,0.770833333333,census_block_relationship_count
045,002070,045,002061,0.040816326531,census_block_relationship_count
045,002070,045,002072,0.673469387755,census_block_relationship_count
045,002070,045,002075,0.285714285714,census_block_relationship_count
045,002080,045,002082,0.207772740182,census_block_relationship_count
045,002080,045,002085,0.462962962964,census_block_relationship_count
045,002080,045,002095,0.107042074632,census_block_relationship_count
045,002080,045,002097,0.185185185186,census_block_relationship_count
045,002080,045,002099,0.037037037037,census_block_relationship_count
045,002090,045,002055,0.022279527078,census_block_relationship_count
045,002090,045,002082,0.243100560651,census_block_relationship_count
045,002090,045,002091,0.111111111111,census_block_relationship_count
045,002090,045,002095,0.201343883793,census_block_relationship_count
045,002090,045,002097,0.222164917367,census_block_relationship_count
045,002090,045,002099,0.200000000000,census_block_relationship_count
045,002100,045,002100,1.000000000000,census_block_relationship_count
045,002110,045,002100,0.037037037037,census_block_relationship_count
045,002110,045,002110,0.962962962963,census_block_relationship_count
045,002120,045,002110,0.066666666667,census_block_relationship_count
045,002120,045,002120,0.933333333333,census_block_relationship_count
045,002130,045,002100,0.022672404285,census_block_relationship_count
045,002130,045,002130,0.977327595715,census_block_relationship_count
045,002140,045,002140,1.000000000000,census_block_relationship_count
045,002150,045,002150,1.000000000000,census_block_relationship_count
045,002160,045,002110,0.058823529412,census_block_relationship_count
045,002160,045,002160,0.941176470588,census_block_relationship_count
045,002170,045,002170,1.000000000000,census_block_relationship_count
045,002180,045,002180,1.000000000000,census_block_relationship_count
045,002190,045,002190,1.000000000000,census_block_relationship_count
045,002200,045,002200,1.000000000000,census_block_relationship_count
045,002210,045,002210,1.000000000000,census_block_relationship_count
045,002220,045,002200,0.044673539517,census_block_relationship_count
045,002220,045,002220,0.955326460483,census_block_relationship_count
045,002230,045,002230,1.000000000000,census_block_relationship_count
045,002240,045,002220,0.019366263925,census_block_relationship_count
045,002240,045,002240,0.980633736075,census_block_relationship_count
045,002250,045,002230,0.035128327049,census_block_relationship_count
045,002250,045,002240,0.026523130366,census_block_relationship_count
045,002250,045,002250,0.938348542584,census_block_relationship_count
045,002260,045,002260,1.000000000000,census_block_relationship_count
045,002270,045,002270,1.000000000000,census_block_relationship_count
045,002280,045,002280,1.000000000000,census_block_relationship_count
045,002290,045,002290,1.000000000000,census_block_relationship_count
045,002300,045,002300,1.000000000000,census_block_relationship_count
045,002310,045,002310,1.000000000000,census_block_relationship_count
045,002320,045,002321,0.937500000000,census_block_relationship_count
045,002320,045,002357,0.062500000000,census_block_relationship_count
045,002330,045,002330,0.887608664416,census_block_relationship_count
045,002330,045,002370,0.112391335584,census_block_relationship_count
045,002340,045,002340,0.862068965517,census_block_relationship_count
045,002340,045,002370,0.137931034483,census_block_relationship_count
045,002345,045,002430,1.000000000000,census_block_relationship_count
045,002350,045,002350,0.800000000000,census_block_relationship_count
045,002350,045,002370,0.200000000000,census_block_relationship_count
045,002355,045,002370,0.500000000000,census_block_relationship_count
045,002355,045,002440,0.166666666667,census_block_relationship_count
045,002355,045,002450,0.333333333333,census_block_relationship_count
045,002360,045,002345,0.157894736842,census_block_relationship_count
045,002360,045,002380,0.157894736842,census_block_relationship_count
045,002360,045,002430,0.684210526316,census_block_relationship_count
045,002370,045,002370,1.000000000000,census_block_relationship_count
045,002380,045,002380,0.578947368421,census_block_relationship_count
045,002380,045,002390,0.263157894737,census_block_relationship_count
045,002380,045,002410,0.157894736842,census_block_relationship_count
045,002390,045,002390,1.000000000000,census_block_relationship_count
045,002400,045,002400,1.000000000000,census_block_relationship_count
045,002405,045,002345,1.000000000000,census_block_relationship_count
045,002410,045,002380,0.025641025641,census_block_relationship_count
045,002410,045,002410,0.974358974359,census_block_relationship_count
045,002420,045,002345,0.200000000000,census_block_relationship_count
045,002420,045,002420,0.433333333333,census_block_relationship_count
045,002420,045,002430,0.366666666667,census_block_relationship_count
045,002430,045,002321,0.200000000000,census_block_relationship_count
045,002430,045,002420,0.720000000000,census_block_relationship_count
045,002430,045,002430,0.080000000000,census_block_relationship_count
045,002440,045,002390,0.041666666666,census_block_relationship_count
045,002440,045,002440,0.791666666668,census_block_relationship_count
045,002440,045,002450,0.166666666666,census_block_relationship_count
045,002450,045,002400,0.047619047619,census_block_relationship_count
045,002450,045,002450,0.952380952381,census_block_relationship_count
045,002460,045,002460,1.000000000000,census_block_relationship_count
045,002470,045,002460,0.022222222222,census_block_relationship_count
045,002470,045,002470,0.895333675800,census_block_relationship_count
045,002470,045,002580,0.037999657533,census_block_relationship_count
045,002470,045,002970,0.044444444444,census_block_relationship_count
045,002480,045,002480,0.912848930388,census_block_relationship_count
045,002480,045,002600,0.087151069612,census_block_relationship_count
045,002490,045,002490,0.788442825930,census_block_relationship_count
045,002490,045,002510,0.211557174070,census_block_relationship_count
045,002500,045,002500,1.000000000000,census_block_relationship_count
045,002510,045,002490,0.016609455778,census_block_relationship_count
045,002510,045,002510,0.977990081589,census_block_relationship_count
045,002510,045,002600,0.005400462633,census_block_relationship_count
045,002520,045,002520,0.825628839626,census_block_relationship_count
045,002520,045,002530,0.006559866079,census_block_relationship_count
045,002520,045,002560,0.038335219439,census_block_relationship_count
045,002520,045,002570,0.129476074857,census_block_relationship_count
045,002530,045,002530,1.000000000000,census_block_relationship_count
045,002540,045,002540,0.973226238289,census_block_relationship_count
045,002540,045,002550,0.026773761711,census_block_relationship_count
045,002550,045,002540,0.024015798439,census_block_relationship_count
045,002550,045,002550,0.975984201561,census_block_relationship_count
045,002560,045,002490,0.018596960720,census_block_relationship_count
045,002560,045,002560,0.977787501768,census_block_relationship_count
045,002560,045,002600,0.003615537512,census_block_relationship_count
045,002570,045,002570,1.000000000000,census_block_relationship_count
045,002580,045,002470,0.085210261804,census_block_relationship_count
045,002580,045,002580,0.914789738196,census_block_relationship_count
045,002590,045,002300,0.000148752283,census_block_relationship_count
045,002590,045,002590,0.999851247717,census_block_relationship_count
045,002600,045,002560,0.017938234802,census_block_relationship_count
045,002600,045,002600,0.982061765198,census_block_relationship_count
045,002610,045,002610,1.000000000000,census_block_relationship_count
045,002620,045,002620,1.000000000000,census_block_relationship_count
045,002630,045,002630,1.000000000000,census_block_relationship_count
045,002640,045,002640,0.965082255943,census_block_relationship_count
045,002640,045,002650,0.034917744057,census_block_relationship_count
045,002650,045,002640,0.018055555554,census_block_relationship_count
045,002650,045,002650,0.981944444446,census_block_relationship_count
045,002660,045,002660,1.000000000000,census_block_relationship_count
045,002670,045,002670,1.000000000000,census_block_relationship_count
045,002680,045,002680,0.951311022943,census_block_relationship_count
045,002680,045,002690,0.048688977057,census_block_relationship_count
045,002690,045,002670,0.025000000000,census_block_relationship_count
045,002690,045,002690,0.975000000000,census_block_relationship_count
045,002700,045,002700,1.000000000000,census_block_relationship_count
045,002710,045,002710,1.000000000000,census_block_relationship_count
045,002720,045,002720,0.904374702073,census_block_relationship_count
045,002720,045,002730,0.095625297927,census_block_relationship_count
045,002730,045,002730,0.956521739130,census_block_relationship_count
045,002730,045,002750,0.043478260870,census_block_relationship_count
045,002740,045,002740,0.947100733725,census_block_relationship_count
045,002740,045,002750,0.052899266275,census_block_relationship_count
045,002750,045,002750,1.000000000000,census_block_relationship_count
045,002755,045,002755,1.000000000000,census_block_relationship_count
045,002760,045,002760,1.000000000000,census_block_relationship_count
045,002770,045,002760,0.019495798320,census_block_relationship_count
045,002770,045,002770,0.980504201680,census_block_relationship_count
045,002775,045,002775,1.000000000000,census_block_relationship_count
045,002780,045,002780,1.000000000000,census_block_relationship_count
045,002790,045,002790,1.000000000000,census_block_relationship_count
045,002800,045,002800,1.000000000000,census_block_relationship_count
045,002805,045,002805,1.000000000000,census_block_relationship_count
045,002810,045,002810,1.000000000000,census_block_relationship_count
045,002820,045,002820,1.000000000000,census_block_relationship_count
045,002825,045,002825,1.000000000000,census_block_relationship_count
045,002830,045,002830,1.000000000000,census_block_relationship_count
045,002840,045,002840,1.000000000000,census_block_relationship_count
045,002845,045,002845,1.000000000000,census_block_relationship_count
045,002850,045,002845,0.003013959962,census_block_relationship_count
045,002850,045,002850,0.996986040038,census_block_relationship_count
045,002860,045,002860,1.000000000000,census_block_relationship_count
045,002863,045,002863,0.875000000000,census_block_relationship_count
045,002863,045,002866,0.125000000000,census_block_relationship_count
045,002866,045,002866,1.000000000000,census_block_relationship_count
045,002870,045,002870,1.000000000000,census_block_relationship_count
045,002880,045,002880,1.000000000000,census_block_relationship_count
045,002885,045,002885,1.000000000000,census_block_relationship_count
045,002890,045,002890,1.000000000000,census_block_relationship_count
045,002900,045,002900,1.000000000000,census_block_relationship_count
045,002910,045,002910,1.000000000000,census_block_relationship_count
045,002915,045,002921,0.212121212121,census_block_relationship_count
045,002915,045,002924,0.318189117829,census_block_relationship_count
045,002915,045,002928,0.469689670050,census_block_relationship_count
045,002920,045,002920,1.000000000000,census_block_relationship_count
045,002925,045,002912,0.462962962963,census_block_relationship_count
045,002925,045,002916,0.296296296296,census_block_relationship_count
045,002925,045,002924,0.240740740741,census_block_relationship_count
045,002930,045,002910,0.069755184685,census_block_relationship_count
045,002930,045,002930,0.930244815315,census_block_relationship_count
045,002950,045,002950,0.968506639215,census_block_relationship_count
045,002950,045,002980,0.031493360785,census_block_relationship_count
045,002960,045,002960,0.822470628096,census_block_relationship_count
045,002960,045,002980,0.016852025276,census_block_relationship_count
045,002960,045,002990,0.160677346627,census_block_relationship_count
045,002970,045,002270,0.018894009217,census_block_relationship_count
045,002970,045,002960,0.033333333333,census_block_relationship_count
045,002970,045,002970,0.932835642227,census_block_relationship_count
045,002970,045,002990,0.014937015223,census_block_relationship_count
045,002980,045,002950,0.079959429597,census_block_relationship_count
045,002980,045,002960,0.032769118477,census_block_relationship_count
045,002980,045,002980,0.887271451926,census_block_relationship_count
045,002990,045,002970,0.008026355892,census_block_relationship_count
045,002990,045,002990,0.991973644108,census_block_relationship_count
045,003000,045,003000,0.971121674729,census_block_relationship_count
045,003000,045,003010,0.028878325271,census_block_relationship_count
045,003010,045,003000,0.027808504062,census_block_relationship_count
045,003010,045,003010,0.972191495938,census_block_relationship_count
045,003020,045,003000,0.009997006400,census_block_relationship_count
045,003020,045,003020,0.990002993600,census_block_relationship_count
045,003030,045,003030,0.772727272727,census_block_relationship_count
045,003030,045,003040,0.227272727273,census_block_relationship_count
045,003040,045,003040,0.529411764706,census_block_relationship_count
045,003040,045,003050,0.470588235294,census_block_relationship_count
045,003043,045,003043,0.993767316446,census_block_relationship_count
045,003043,045,003088,0.006232683554,census_block_relationship_count
045,003048,045,003048,1.000000000000,census_block_relationship_count
045,003050,045,003040,0.187500000000,census_block_relationship_count
045,003050,045,003050,0.812500000000,census_block_relationship_count
045,003053,045,003053,0.913597317472,census_block_relationship_count
045,003053,045,003058,0.079809742944,census_block_relationship_count
045,003053,045,003068,0.006592939584,census_block_relationship_count
045,003058,045,003058,1.000000000000,census_block_relationship_count
045,003063,045,003063,1.000000000000,census_block_relationship_count
045,003068,045,003063,0.009740812521,census_block_relationship_count
045,003068,045,003068,0.990259187479,census_block_relationship_count
045,003073,045,003043,0.006308757595,census_block_relationship_count
045,003073,045,003073,0.971806859532,census_block_relationship_count
045,003073,045,003088,0.021884382874,census_block_relationship_count
045,003078,045,003078,1.000000000000,census_block_relationship_count
045,003083,045,003083,1.000000000000,census_block_relationship_count
045,003088,045,003083,0.179611046520,census_block_relationship_count
045,003088,045,003088,0.820388953480,census_block_relationship_count
045,003110,045,003110,0.958562543326,census_block_relationship_count
045,003110,045,003120,0.041437456674,census_block_relationship_count
045,003120,045,003110,0.043340033472,census_block_relationship_count
045,003120,045,003120,0.956659966528,census_block_relationship_count
045,003130,045,003130,1.000000000000,census_block_relationship_count
045,003140,045,003140,0.967641881857,census_block_relationship_count
045,003140,045,003210,0.032358118143,census_block_relationship_count
045,003150,045,003150,1.000000000000,census_block_relationship_count
045,003160,045,003160,1.000000000000,census_block_relationship_count
045,003170,045,003170,1.000000000000,census_block_relationship_count
045,003180,045,003160,0.019710242587,census_block_relationship_count
045,003180,045,003180,0.980289757413,census_block_relationship_count
045,003190,045,003190,1.000000000000,census_block_relationship_count
045,003200,045,003200,1.000000000000,census_block_relationship_count
045,003210,045,003210,1.000000000000,census_block_relationship_count
045,003220,045,003220,1.000000000000,census_block_relationship_count
045,003230,045,003230,1.000000000000,census_block_relationship_count
045,003240,045,003240,0.833333333333,census_block_relationship_count
045,003240,045,003260,0.166666666667,census_block_relationship_count
045,003250,045,003250,1.000000000000,census_block_relationship_count
045,003255,045,003255,1.000000000000,census_block_relationship_count
045,003260,045,003260,1.000000000000,census_block_relationship_count
045,003280,045,003280,0.983827493257,census_block_relationship_count
045,003280,045,003371,0.016172506743,census_block_relationship_count
045,003290,045,003280,0.037324485850,census_block_relationship_count
045,003290,045,003300,0.125000000000,census_block_relationship_count
045,003290,045,003371,0.837675514150,census_block_relationship_count
045,003300,045,003300,1.000000000000,census_block_relationship_count
045,003310,045,003371,0.137486621980,census_block_relationship_count
045,003310,045,003401,0.862513378020,census_block_relationship_count
045,003320,045,003320,1.000000000000,census_block_relationship_count
045,003330,045,003330,1.000000000000,census_block_relationship_count
045,003340,045,003340,1.000000000000,census_block_relationship_count
045,003350,045,003350,1.000000000000,census_block_relationship_count
045,003360,045,003362,1.000000000000,census_block_relationship_count
045,003370,045,003455,0.952460718625,census_block_relationship_count
045,003370,045,003491,0.047539281375,census_block_relationship_count
045,003380,045,003380,1.000000000000,census_block_relationship_count
045,003390,045,003390,1.000000000000,census_block_relationship_count
045,003400,045,003491,1.000000000000,census_block_relationship_count
045,003410,045,003410,1.000000000000,census_block_relationship_count
045,003420,045,003410,0.013634711900,census_block_relationship_count
045,003420,045,003420,0.937096473220,census_block_relationship_count
045,003420,045,003445,0.049268814880,census_block_relationship_count
045,003430,045,003430,0.997877253181,census_block_relationship_count
045,003430,045,003460,0.002122746819,census_block_relationship_count
045,003440,045,003440,0.883153263000,census_block_relationship_count
045,003440,045,003460,0.116846737000,census_block_relationship_count
045,003445,045,003445,1.000000000000,census_block_relationship_count
045,003450,045,003450,1.000000000000,census_block_relationship_count
045,003455,045,003255,0.043478260870,census_block_relationship_count
045,003455,045,003291,0.000938760161,census_block_relationship_count
045,003455,045,003365,0.955582978970,census_block_relationship_count
045,003460,045,003460,1.000000000000,census_block_relationship_count
045,003480,045,003480,1.000000000000,census_block_relationship_count
045,003490,045,003291,1.000000000000,census_block_relationship_count
045,003500,045,003500,0.927906976750,census_block_relationship_count
045,003500,045,003540,0.072093023250,census_block_relationship_count
045,003510,045,003510,0.928571428571,census_block_relationship_count
045,003510,045,003780,0.071428571429,census_block_relationship_count
045,003520,045,003520,1.000000000000,census_block_relationship_count
045,003530,045,003311,1.000000000000,census_block_relationship_count
045,003540,045,003540,1.000000000000,census_block_relationship_count
045,003550,045,003210,0.032003039967,census_block_relationship_count
045,003550,045,003550,0.967996960033,census_block_relationship_count
045,003560,045,003560,1.000000000000,census_block_relationship_count
045,003570,045,003570,1.000000000000,census_block_relationship_count
045,003580,045,003580,0.900000000000,census_block_relationship_count
045,003580,045,003590,0.100000000000,census_block_relationship_count
045,003590,045,003590,1.000000000000,census_block_relationship_count
045,003600,045,003710,1.000000000000,census_block_relationship_count
045,003610,045,003610,1.000000000000,census_block_relationship_count
045,003620,045,003620,1.000000000000,census_block_relationship_count
045,003630,045,003600,0.030303030303,census_block_relationship_count
045,003630,045,003630,0.969696969697,census_block_relationship_count
045,003635,045,003610,0.023752486956,census_block_relationship_count
045,003635,045,003635,0.976247513044,census_block_relationship_count
045,003640,045,003751,1.000000000000,census_block_relationship_count
045,003660,045,003660,1.000000000000,census_block_relationship_count
045,003670,045,003610,0.041781940829,census_block_relationship_count
045,003670,045,003670,0.958218059171,census_block_relationship_count
045,003680,045,003610,0.057621117260,census_block_relationship_count
045,003680,045,003640,0.942378882740,census_block_relationship_count
045,003685,045,001590,0.083333333333,census_block_relationship_count
045,003685,045,003685,0.916666666667,census_block_relationship_count
045,003690,045,003560,0.061634870917,census_block_relationship_count
045,003690,045,003600,0.938365129083,census_block_relationship_count
045,003710,045,003800,1.000000000000,census_block_relationship_count
045,003720,045,003720,1.000000000000,census_block_relationship_count
045,003730,045,003730,1.000000000000,census_block_relationship_count
045,003740,045,003740,1.000000000000,census_block_relationship_count
045,003750,045,003531,1.000000000000,census_block_relationship_count
045,003760,045,003760,1.000000000000,census_block_relationship_count
045,003770,045,003770,1.000000000000,census_block_relationship_count
045,003780,045,003780,1.000000000000,census_block_relationship_count
045,003790,045,003491,0.166666666667,census_block_relationship_count
045,003790,045,003790,0.833333333333,census_block_relationship_count
045,003800,045,003555,1.000000000000,census_block_relationship_count
045,003820,045,003820,1.000000000000,census_block_relationship_count
045,003830,045,001900,0.015537605012,census_block_relationship_count
045,003830,045,003830,0.984462394988,census_block_relationship_count
045,003840,045,003840,0.844444444444,census_block_relationship_count
045,003840,045,003860,0.155555555556,census_block_relationship_count
045,003850,045,003820,0.076923076923,census_block_relationship_count
045,003850,045,003830,0.153846153846,census_block_relationship_count
045,003850,045,003850,0.730769230769,census_block_relationship_count
045,003850,045,003860,0.038461538462,census_block_relationship_count
045,003860,045,003850,0.187500000000,census_block_relationship_count
045,003860,045,003860,0.812500000000,census_block_relationship_count
045,003870,045,003870,0.936337556653,census_block_relationship_count
045,003870,045,003900,0.026564051637,census_block_relationship_count
045,003870,045,003930,0.037098391711,census_block_relationship_count
045,003880,045,003880,0.922779922780,census_block_relationship_count
045,003880,045,003900,0.009652509653,census_block_relationship_count
045,003880,045,003940,0.067567567568,census_block_relationship_count
045,003890,045,003890,1.000000000000,census_block_relationship_count
045,003900,045,003880,0.090909090909,census_block_relationship_count
045,003900,045,003900,0.909090909091,census_block_relationship_count
045,003910,045,003910,0.865706538412,census_block_relationship_count
045,003910,045,003940,0.134293461588,census_block_relationship_count
045,003920,045,003910,0.004122368037,census_block_relationship_count
045,003920,045,003920,0.960902317933,census_block_relationship_count
045,003920,045,003940,0.034975314031,census_block_relationship_count
045,003930,045,003870,0.020845643000,census_block_relationship_count
045,003930,045,003930,0.979154357000,census_block_relationship_count
045,003940,045,003910,0.055423928723,census_block_relationship_count
045,003940,045,003940,0.944576071277,census_block_relationship_count
045,003950,045,003950,1.000000000000,census_block_relationship_count
045,020037,045,000112,1.000000000000,census_block_relationship_count
047,000010,047,000010,1.000000000000,census_block_relationship_count
047,000070,047,000070,1.000000000000,census_block_relationship_count
047,000080,047,000080,0.999945870644,census_block_relationship_count
047,000080,047,000122,0.000054129356,census_block_relationship_count
047,000090,047,000090,1.000000000000,census_block_relationship_count
047,000100,047,000100,1.000000000000,census_block_relationship_count
047,000110,047,000110,1.000000000000,census_block_relationship_count
047,000120,047,000122,1.000000000000,census_block_relationship_count
047,000130,047,000122,1.000000000000,census_block_relationship_count
047,000140,047,000140,1.000000000000,census_block_relationship_count
047,000150,047,000150,1.000000000000,census_block_relationship_count
047,000160,047,000160,1.000000000000,census_block_relationship_count
047,000170,047,000170,1.000000000000,census_block_relationship_count
047,000190,047,000190,1.000000000000,census_block_relationship_count
047,000200,047,000200,1.000000000000,census_block_relationship_count
047,000210,047,000210,1.000000000000,census_block_relationship_count
047,000220,047,000220,1.000000000000,census_block_relationship_count
047,000230,047,000230,1.000000000000,census_block_relationship_count
047,000240,047,000242,1.000000000000,census_block_relationship_count
047,000250,047,000250,0.974156828060,census_block_relationship_count
047,000250,047,000262,0.025843171940,census_block_relationship_count
047,000260,047,000242,1.000000000000,census_block_relationship_count
047,000270,047,000262,1.000000000000,census_block_relationship_count
047,000280,047,000262,1.000000000000,census_block_relationship_count
047,000290,047,000295,1.000000000000,census_block_relationship_count
047,000315,047,000315,1.000000000000,census_block_relationship_count
047,000325,047,000325,1.000000000000,census_block_relationship_count
047,000335,047,000335,0.986301369863,census_block_relationship_count
047,000335,047,000345,0.013698630137,census_block_relationship_count
047,000345,047,000345,1.000000000000,census_block_relationship_count
047,000355,047,000355,0.978906927218,census_block_relationship_count
047,000355,047,000375,0.021093072782,census_block_relationship_count
047,000365,047,000365,1.000000000000,census_block_relationship_count
047,000375,047,000375,1.000000000000,census_block_relationship_count
047,000385,047,000070,0.019230769231,census_block_relationship_count
047,000385,047,000385,0.980769230769,census_block_relationship_count
047,000395,047,000395,1.000000000000,census_block_relationship_count
049,000010,049,000010,1.000000000000,census_block_relationship_count
049,000020,049,000020,1.000000000000,census_block_relationship_count
049,000030,049,000030,1.000000000000,census_block_relationship_count
049,000040,049,000040,1.000000000000,census_block_relationship_count
049,000050,049,000050,1.000000000000,census_block_relationship_count
049,000060,049,000060,1.000000000000,census_block_relationship_count
049,000070,049,000075,1.000000000000,census_block_relationship_count
049,000080,049,000075,1.000000000000,census_block_relationship_count
049,000090,049,000090,1.000000000000,census_block_relationship_count
049,000100,049,000100,1.000000000000,census_block_relationship_count
049,000110,049,000110,1.000000000000,census_block_relationship_count
049,000120,049,000120,1.000000000000,census_block_relationship_count
049,000130,049,000130,1.000000000000,census_block_relationship_count
049,000140,049,000141,0.993139753583,census_block_relationship_count
049,000140,049,000161,0.006860246417,census_block_relationship_count
049,000150,049,000141,1.000000000000,census_block_relationship_count
049,000160,049,000161,1.000000000000,census_block_relationship_count
049,000170,049,000161,1.000000000000,census_block_relationship_count
049,000180,049,000181,1.000000000000,census_block_relationship_count
049,000190,049,000181,1.000000000000,census_block_relationship_count
049,000200,049,000200,1.000000000000,census_block_relationship_count
049,000210,049,000210,1.000000000000,census_block_relationship_count
049,000220,049,000225,1.000000000000,census_block_relationship_count
049,000230,049,000225,1.000000000000,census_block_relationship_count
049,000240,049,000245,1.000000000000,census_block_relationship_count
049,000250,049,000250,1.000000000000,census_block_relationship_count
049,000260,049,000260,1.000000000000,census_block_relationship_count
049,000270,049,000270,1.000000000000,census_block_relationship_count
049,000280,049,000280,1.000000000000,census_block_relationship_count
049,000290,049,000245,0.933333333333,census_block_relationship_count
049,000290,049,000270,0.066666666667,census_block_relationship_count
049,000300,049,000300,0.930232558140,census_block_relationship_count
049,000300,049,000350,0.069767441860,census_block_relationship_count
049,000310,049,000310,1.000000000000,census_block_relationship_count
049,000320,049,000320,0.952380952381,census_block_relationship_count
049,000320,049,000360,0.047619047619,census_block_relationship_count
049,000330,049,000330,1.000000000000,census_block_relationship_count
049,000340,049,000340,1.000000000000,census_block_relationship_count
049,000350,049,000350,1.000000000000,census_block_relationship_count
049,000360,049,000360,1.000000000000,census_block_relationship_count
049,000370,049,000370,1.000000000000,census_block_relationship_count
049,000380,049,000380,1.000000000000,census_block_relationship_count
049,000390,049,000390,1.000000000000,census_block_relationship_count
049,000400,049,000400,1.000000000000,census_block_relationship_count
049,000410,049,000410,1.000000000000,census_block_relationship_count
049,000420,049,000420,1.000000000000,census_block_relationship_count
049,000430,049,000430,1.000000000000,census_block_relationship_count
049,000440,049,000440,1.000000000000,census_block_relationship_count
049,000450,049,000450,1.000000000000,census_block_relationship_count
049,000460,049,000460,1.000000000000,census_block_relationship_count
049,000470,049,000470,1.000000000000,census_block_relationship_count
049,000480,049,000480,1.000000000000,census_block_relationship_count
049,000490,049,000490,1.000000000000,census_block_relationship_count
049,000500,049,000500,1.000000000000,census_block_relationship_count
049,000510,049,000510,1.000000000000,census_block_relationship_count
049,000520,049,000510,0.000972049584,census_block_relationship_count
049,000520,049,000520,0.999027950416,census_block_relationship_count
049,000530,049,000530,1.000000000000,census_block_relationship_count
049,000540,049,000540,1.000000000000,census_block_relationship_count
049,000550,049,000550,0.974358974359,census_block_relationship_count
049,000550,049,000560,0.025641025641,census_block_relationship_count
049,000560,049,000560,1.000000000000,census_block_relationship_count
049,000570,049,000570,1.000000000000,census_block_relationship_count
049,000580,049,000580,1.000000000000,census_block_relationship_count
049,000590,049,000590,1.000000000000,census_block_relationship_count
049,000600,049,000600,1.000000000000,census_block_relationship_count
049,000610,049,000610,1.000000000000,census_block_relationship_count
049,000620,049,000610,0.002304280398,census_block_relationship_count
049,000620,049,000620,0.997695719602,census_block_relationship_count
049,000630,049,000630,1.000000000000,census_block_relationship_count
049,000640,049,000640,1.000000000000,census_block_relationship_count
049,000650,049,000650,1.000000000000,census_block_relationship_count
049,000660,049,000660,1.000000000000,census_block_relationship_count
049,000670,049,000671,1.000000000000,census_block_relationship_count
049,000680,049,000671,1.000000000000,census_block_relationship_count
049,000690,049,000690,1.000000000000,census_block_relationship_count
049,000700,049,000700,1.000000000000,census_block_relationship_count
049,000710,049,000710,1.000000000000,census_block_relationship_count
049,000720,049,000720,1.000000000000,census_block_relationship_count
049,000730,049,000730,1.000000000000,census_block_relationship_count
049,000740,049,000740,1.000000000000,census_block_relationship_count
049,000750,049,000750,1.000000000000,census_block_relationship_count
049,000760,049,000760,1.000000000000,census_block_relationship_count
049,000770,049,000770,1.000000000000,census_block_relationship_count
049,000780,049,000780,1.000000000000,census_block_relationship_count
049,000790,049,000790,1.000000000000,census_block_relationship_count
049,000800,049,000800,1.000000000000,census_block_relationship_count
049,000810,049,000810,1.000000000000,census_block_relationship_count
049,000820,049,000820,1.000000000000,census_block_relationship_count
049,000830,049,000830,1.000000000000,census_block_relationship_count
049,000840,049,000840,1.000000000000,census_block_relationship_count
049,000850,049,000850,1.000000000000,census_block_relationship_count
049,000860,049,000860,1.000000000000,census_block_relationship_count
049,000865,049,000865,1.000000000000,census_block_relationship_count
049,000880,049,000880,1.000000000000,census_block_relationship_count
049,000890,049,000890,0.999130764868,census_block_relationship_count
049,000890,049,001020,0.000869235132,census_block_relationship_count
049,000900,049,000898,0.800000000000,census_block_relationship_count
049,000900,049,000902,0.200000000000,census_block_relationship_count
049,000910,049,000910,1.000000000000,census_block_relationship_count
049,000920,049,000920,1.000000000000,census_block_relationship_count
049,000930,049,000930,1.000000000000,census_block_relationship_count
049,000940,049,000940,1.000000000000,census_block_relationship_count
049,000950,049,000950,1.000000000000,census_block_relationship_count
049,000960,049,000960,1.000000000000,census_block_relationship_count
049,000970,049,000970,1.000000000000,census_block_relationship_count
049,000980,049,000980,1.000000000000,census_block_relationship_count
049,000990,049,000950,0.021276595745,census_block_relationship_count
049,000990,049,000990,0.978723404255,census_block_relationship_count
049,001000,049,000950,0.062500000000,census_block_relationship_count
049,001000,049,000980,0.062500000000,census_block_relationship_count
049,001000,049,001000,0.875000000000,census_block_relationship_count
049,001010,049,000970,0.028985507246,census_block_relationship_count
049,001010,049,001010,0.971014492754,census_block_relationship_count
049,001020,049,000890,0.000017522396,census_block_relationship_count
049,001020,049,001020,0.999982477604,census_block_relationship_count
049,001030,049,001030,1.000000000000,census_block_relationship_count
049,001040,049,001040,1.000000000000,census_block_relationship_count
049,001050,049,001050,1.000000000000,census_block_relationship_count
049,001060,049,001060,1.000000000000,census_block_relationship_count
049,001070,049,001068,0.396039603960,census_block_relationship_count
049,001070,049,001072,0.603960396040,census_block_relationship_count
049,001080,049,001080,1.000000000000,census_block_relationship_count
049,001090,049,001090,1.000000000000,census_block_relationship_count
049,001100,049,001100,1.000000000000,census_block_relationship_count
049,001110,049,001110,1.000000000000,census_block_relationship_count
049,001120,049,001125,1.000000000000,census_block_relationship_count
049,001130,049,001130,1.000000000000,census_block_relationship_count
049,001140,049,001140,1.000000000000,census_block_relationship_count
049,001150,049,001150,1.000000000000,census_block_relationship_count
049,001160,049,001160,1.000000000000,census_block_relationship_count
049,001170,049,001170,1.000000000000,census_block_relationship_count
049,001180,049,001180,1.000000000000,census_block_relationship_count
049,001190,049,001190,1.000000000000,census_block_relationship_count
049,001200,049,001200,1.000000000000,census_block_relationship_count
049,001210,049,001210,1.000000000000,census_block_relationship_count
049,001220,049,001220,1.000000000000,census_block_relationship_count
049,001230,049,001230,1.000000000000,census_block_relationship_count
049,001240,049,001240,1.000000000000,census_block_relationship_count
049,001250,049,001250,1.000000000000,census_block_relationship_count
049,001260,049,001260,1.000000000000,census_block_relationship_count
049,001270,049,001270,1.000000000000,census_block_relationship_count
049,001280,049,001280,1.000000000000,census_block_relationship_count
049,001290,049,001290,1.000000000000,census_block_relationship_count
049,001300,049,001300,1.000000000000,census_block_relationship_count
049,001305,049,001305,1.000000000000,census_block_relationship_count
049,001315,049,001316,0.376811594203,census_block_relationship_count
049,001315,049,001325,0.623188405797,census_block_relationship_count
049,001320,049,001320,1.000000000000,census_block_relationship_count
049,001330,049,001330,1.000000000000,census_block_relationship_count
049,001340,049,001340,1.000000000000,census_block_relationship_count
049,001350,049,001350,1.000000000000,census_block_relationship_count
049,001360,049,001360,1.000000000000,census_block_relationship_count
049,001370,049,001370,1.000000000000,census_block_relationship_count
049,001380,049,001380,1.000000000000,census_block_relationship_count
049,001390,049,001390,1.000000000000,census_block_relationship_count
049,001400,049,001400,1.000000000000,census_block_relationship_count
049,001410,049,001410,1.000000000000,census_block_relationship_count
049,001420,049,001420,1.000000000000,census_block_relationship_count
049,001430,049,001430,1.000000000000,census_block_relationship_count
049,001440,049,001440,1.000000000000,census_block_relationship_count
049,001450,049,001450,0.920353982301,census_block_relationship_count
049,001450,049,001460,0.079646017699,census_block_relationship_count
049,001460,049,001460,1.000000000000,census_block_relationship_count
049,001470,049,001470,1.000000000000,census_block_relationship_count
049,001480,049,001480,1.000000000000,census_block_relationship_count
049,001495,049,001492,1.000000000000,census_block_relationship_count
049,001505,049,001492,1.000000000000,census_block_relationship_count
049,001510,049,001510,1.000000000000,census_block_relationship_count
049,001520,049,001520,1.000000000000,census_block_relationship_count
049,0PR155,049,001317,1.000000000000,census_block_relationship_count
049,ZZZZZZ,049,000181,0.028571428572,census_block_relationship_count
049,ZZZZZZ,049,000410,0.006173229209,census_block_relationship_count
049,ZZZZZZ,049,000960,0.000076609243,census_block_relationship_count
049,ZZZZZZ,049,000970,0.000030849711,census_block_relationship_count
049,ZZZZZZ,049,001130,0.057142857143,census_block_relationship_count
049,ZZZZZZ,049,999999,0.908005026123,census_block_relationship_count
051,000010,051,000010,1.000000000000,census_block_relationship_count
051,000020,051,000020,0.962530112043,census_block_relationship_count
051,000020,051,000035,0.003514191190,census_block_relationship_count
051,000020,051,000055,0.029799345040,census_block_relationship_count
051,000020,051,000085,0.002196937995,census_block_relationship_count
051,000020,051,000435,0.000042155712,census_block_relationship_count
051,000020,051,000751,0.001917258020,census_block_relationship_count
051,000035,051,000020,0.000037687593,census_block_relationship_count
051,000035,051,000035,0.981760347548,census_block_relationship_count
051,000035,051,000085,0.017935606707,census_block_relationship_count
051,000035,051,000470,0.000266358152,census_block_relationship_count
051,000055,051,000020,0.001562121645,census_block_relationship_count
051,000055,051,000055,0.998437878355,census_block_relationship_count
051,000085,051,000020,0.000272099219,census_block_relationship_count
051,000085,051,000035,0.027777777778,census_block_relationship_count
051,000085,051,000085,0.967313653047,census_block_relationship_count
051,000085,051,000470,0.004636469956,census_block_relationship_count
051,000100,051,000100,0.955894271495,census_block_relationship_count
051,000100,051,000190,0.024819279654,census_block_relationship_count
051,000100,051,000811,0.006134969325,census_block_relationship_count
051,000100,051,000890,0.000206004994,census_block_relationship_count
051,000100,051,001045,0.012945474532,census_block_relationship_count
051,000110,051,000110,0.970929519941,census_block_relationship_count
051,000110,051,000811,0.029070480059,census_block_relationship_count
051,000120,051,000120,0.997800956874,census_block_relationship_count
051,000120,051,000811,0.002199043126,census_block_relationship_count
051,000130,051,000131,0.959329236780,census_block_relationship_count
051,000130,051,000850,0.040670763220,census_block_relationship_count
051,000140,051,000140,1.000000000000,census_block_relationship_count
051,000150,051,000140,0.958416291653,census_block_relationship_count
051,000150,051,000190,0.041583708347,census_block_relationship_count
051,000160,051,000156,0.996455283339,census_block_relationship_count
051,000160,051,000190,0.003544716661,census_block_relationship_count
051,000170,051,000131,0.916418562263,census_block_relationship_count
051,000170,051,000850,0.083581437737,census_block_relationship_count
051,000180,051,000161,0.901204251569,census_block_relationship_count
051,000180,051,000190,0.001658976294,census_block_relationship_count
051,000180,051,000211,0.004068638262,census_block_relationship_count
051,000180,051,000221,0.093012671802,census_block_relationship_count
051,000180,051,000850,0.000055462073,census_block_relationship_count
051,000190,051,000100,0.012743284318,census_block_relationship_count
051,000190,051,000131,0.039040173632,census_block_relationship_count
051,000190,051,000140,0.110000400020,census_block_relationship_count
051,000190,051,000156,0.019707551199,census_block_relationship_count
051,000190,051,000190,0.780936879829,census_block_relationship_count
051,000190,051,000850,0.025039695755,census_block_relationship_count
051,000190,051,000890,0.000000850467,census_block_relationship_count
051,000190,051,001045,0.012531164780,census_block_relationship_count
051,000200,051,000200,0.975609756098,census_block_relationship_count
051,000200,051,000221,0.024390243902,census_block_relationship_count
051,000210,051,000161,0.025949095132,census_block_relationship_count
051,000210,051,000211,0.915778035509,census_block_relationship_count
051,000210,051,000250,0.058203966162,census_block_relationship_count
051,000210,051,000640,0.000068903197,census_block_relationship_count
051,000220,051,000221,0.896848096902,census_block_relationship_count
051,000220,051,000290,0.069874814624,census_block_relationship_count
051,000220,051,001060,0.033277088475,census_block_relationship_count
051,000230,051,000161,0.000056970873,census_block_relationship_count
051,000230,051,000221,0.999943029127,census_block_relationship_count
051,000240,051,000211,0.954601486777,census_block_relationship_count
051,000240,051,000290,0.025479331462,census_block_relationship_count
051,000240,051,000640,0.001582273006,census_block_relationship_count
051,000240,051,000670,0.018336908755,census_block_relationship_count
051,000250,051,000211,0.080829071354,census_block_relationship_count
051,000250,051,000221,0.001685734597,census_block_relationship_count
051,000250,051,000250,0.917485194049,census_block_relationship_count
051,000260,051,000260,1.000000000000,census_block_relationship_count
051,000270,051,000270,0.960879902761,census_block_relationship_count
051,000270,051,000320,0.039120097239,census_block_relationship_count
051,000280,051,000280,0.979411797993,census_block_relationship_count
051,000280,051,001072,0.020588202007,census_block_relationship_count
051,000290,051,000211,0.000190818806,census_block_relationship_count
051,000290,051,000221,0.000312332845,census_block_relationship_count
051,000290,051,000290,0.929019604135,census_block_relationship_count
051,000290,051,000450,0.000029781287,census_block_relationship_count
051,000290,051,000560,0.052460549172,census_block_relationship_count
051,000290,051,000630,0.011739475380,census_block_relationship_count
051,000290,051,000670,0.001401388957,census_block_relationship_count
051,000290,051,000692,0.004846049417,census_block_relationship_count
051,000300,051,000300,0.960814416350,census_block_relationship_count
051,000300,051,000435,0.004263344264,census_block_relationship_count
051,000300,051,000560,0.000079486980,census_block_relationship_count
051,000300,051,000692,0.012101054461,census_block_relationship_count
051,000300,051,000770,0.022741697945,census_block_relationship_count
051,000310,051,000310,0.953374747494,census_block_relationship_count
051,000310,051,000840,0.009999227455,census_block_relationship_count
051,000310,051,000915,0.019383158440,census_block_relationship_count
051,000310,051,001111,0.017242866611,census_block_relationship_count
051,000320,051,000270,0.044110306353,census_block_relationship_count
051,000320,051,000320,0.955889693647,census_block_relationship_count
051,000330,051,000331,0.930212635698,census_block_relationship_count
051,000330,051,000350,0.022961414534,census_block_relationship_count
051,000330,051,000370,0.000011081368,census_block_relationship_count
051,000330,051,000860,0.046814868400,census_block_relationship_count
051,000340,051,000331,0.976674512993,census_block_relationship_count
051,000340,051,000601,0.022853347111,census_block_relationship_count
051,000340,051,000840,0.000472139896,census_block_relationship_count
051,000350,051,000331,0.007680417025,census_block_relationship_count
051,000350,051,000350,0.982668537078,census_block_relationship_count
051,000350,051,000580,0.001509183131,census_block_relationship_count
051,000350,051,000601,0.007662673033,census_block_relationship_count
051,000350,051,000761,0.000162549878,census_block_relationship_count
051,000350,051,000780,0.000316639855,census_block_relationship_count
051,000360,051,000366,1.000000000000,census_block_relationship_count
051,000370,051,000370,0.995150254937,census_block_relationship_count
051,000370,051,000570,0.004087079528,census_block_relationship_count
051,000370,051,000580,0.000045608161,census_block_relationship_count
051,000370,051,000860,0.000717057374,census_block_relationship_count
051,000380,051,000366,0.805391232072,census_block_relationship_count
051,000380,051,000536,0.173780310832,census_block_relationship_count
051,000380,051,000601,0.020828457096,census_block_relationship_count
051,000390,051,000366,1.000000000000,census_block_relationship_count
051,000400,051,000381,0.999997030040,census_block_relationship_count
051,000400,051,000460,0.000002969960,census_block_relationship_count
051,000420,051,000420,0.994523804042,census_block_relationship_count
051,000420,051,000520,0.004983591942,census_block_relationship_count
051,000420,051,001111,0.000492604016,census_block_relationship_count
051,000430,051,000020,0.017034690496,census_block_relationship_count
051,000430,051,000300,0.014503826549,census_block_relationship_count
051,000430,051,000435,0.885870330332,census_block_relationship_count
051,000430,051,000692,0.043488570164,census_block_relationship_count
051,000430,051,000751,0.011829267951,census_block_relationship_count
051,000430,051,001072,0.027273314509,census_block_relationship_count
051,000440,051,000300,0.000158497483,census_block_relationship_count
051,000440,051,000435,0.992642233955,census_block_relationship_count
051,000440,051,000751,0.002390570831,census_block_relationship_count
051,000440,051,000770,0.004808697731,census_block_relationship_count
051,000450,051,000200,0.065252543664,census_block_relationship_count
051,000450,051,000450,0.934719192967,census_block_relationship_count
051,000450,051,000692,0.000028263368,census_block_relationship_count
051,000460,051,000381,0.000508891619,census_block_relationship_count
051,000460,051,000460,0.971522499135,census_block_relationship_count
051,000460,051,000761,0.027968609246,census_block_relationship_count
051,000470,051,000035,0.001459451481,census_block_relationship_count
051,000470,051,000085,0.001569162074,census_block_relationship_count
051,000470,051,000470,0.990263792811,census_block_relationship_count
051,000470,051,000751,0.006707593635,census_block_relationship_count
051,000480,051,000460,1.000000000000,census_block_relationship_count
051,000490,051,000480,1.000000000000,census_block_relationship_count
051,000500,051,000460,0.000001701915,census_block_relationship_count
051,000500,051,000490,0.972194749190,census_block_relationship_count
051,000500,051,000751,0.027803548895,census_block_relationship_count
051,000510,051,000480,1.000000000000,census_block_relationship_count
051,000520,051,000420,0.003021871100,census_block_relationship_count
051,000520,051,000520,0.996978128900,census_block_relationship_count
051,000530,051,000366,0.016176180730,census_block_relationship_count
051,000530,051,000536,0.983823819270,census_block_relationship_count
051,000540,051,000366,0.023793200262,census_block_relationship_count
051,000540,051,000536,0.976206799738,census_block_relationship_count
051,000560,051,000290,0.016504534312,census_block_relationship_count
051,000560,051,000300,0.000076686756,census_block_relationship_count
051,000560,051,000560,0.982108326798,census_block_relationship_count
051,000560,051,000630,0.000279960420,census_block_relationship_count
051,000560,051,000751,0.001030491712,census_block_relationship_count
051,000570,051,000370,0.018697161198,census_block_relationship_count
051,000570,051,000570,0.975886444696,census_block_relationship_count
051,000570,051,000630,0.000694915585,census_block_relationship_count
051,000570,051,000751,0.000028076585,census_block_relationship_count
051,000570,051,000860,0.004693401935,census_block_relationship_count
051,000580,051,000350,0.000883563966,census_block_relationship_count
051,000580,051,000370,0.000086526427,census_block_relationship_count
051,000580,051,000580,0.998757388632,census_block_relationship_count
051,000580,051,000780,0.000272520975,census_block_relationship_count
051,000590,051,000435,0.001546785041,census_block_relationship_count
051,000590,051,000590,0.998453214959,census_block_relationship_count
051,000600,051,000331,0.050663885944,census_block_relationship_count
051,000600,051,000601,0.949278362693,census_block_relationship_count
051,000600,051,000915,0.000057751363,census_block_relationship_count
051,000610,051,000350,0.016393442623,census_block_relationship_count
051,000610,051,000366,0.003355234090,census_block_relationship_count
051,000610,051,000601,0.948914210984,census_block_relationship_count
051,000610,051,000915,0.031337112303,census_block_relationship_count
051,000630,051,000290,0.013379802224,census_block_relationship_count
051,000630,051,000560,0.000027202267,census_block_relationship_count
051,000630,051,000570,0.004734045111,census_block_relationship_count
051,000630,051,000630,0.981311529372,census_block_relationship_count
051,000630,051,000945,0.000213337905,census_block_relationship_count
051,000630,051,000955,0.000334083121,census_block_relationship_count
051,000640,051,000211,0.014727371718,census_block_relationship_count
051,000640,051,000640,0.985272628282,census_block_relationship_count
051,000650,051,000650,0.971614931864,census_block_relationship_count
051,000650,051,001111,0.028385068136,census_block_relationship_count
051,000660,051,000660,0.993422892176,census_block_relationship_count
051,000660,051,000970,0.001122039804,census_block_relationship_count
051,000660,051,000980,0.005455068020,census_block_relationship_count
051,000670,051,000211,0.000069692879,census_block_relationship_count
051,000670,051,000290,0.001159030129,census_block_relationship_count
051,000670,051,000670,0.998771276993,census_block_relationship_count
051,000680,051,000680,0.963393336729,census_block_relationship_count
051,000680,051,000930,0.036606663271,census_block_relationship_count
051,000690,051,000290,0.000005095565,census_block_relationship_count
051,000690,051,000300,0.000748800154,census_block_relationship_count
051,000690,051,000435,0.011158953007,census_block_relationship_count
051,000690,051,000450,0.000047749838,census_block_relationship_count
051,000690,051,000692,0.967975206402,census_block_relationship_count
051,000690,051,000730,0.019346776046,census_block_relationship_count
051,000690,051,001072,0.000717418988,census_block_relationship_count
051,000700,051,000450,0.000029434436,census_block_relationship_count
051,000700,051,000692,0.999970565564,census_block_relationship_count
051,000710,051,000692,0.973675048776,census_block_relationship_count
051,000710,051,001072,0.026324951224,census_block_relationship_count
051,000730,051,000692,0.029579950280,census_block_relationship_count
051,000730,051,000730,0.970420049720,census_block_relationship_count
051,000740,051,000740,0.999987214901,census_block_relationship_count
051,000740,051,000915,0.000012785099,census_block_relationship_count
051,000750,051,000020,0.029411764706,census_block_relationship_count
051,000750,051,000470,0.000751103344,census_block_relationship_count
051,000750,051,000490,0.001375705135,census_block_relationship_count
051,000750,051,000751,0.909637897403,census_block_relationship_count
051,000750,051,000761,0.058823529412,census_block_relationship_count
051,000760,051,000020,0.018254222162,census_block_relationship_count
051,000760,051,000300,0.010692323267,census_block_relationship_count
051,000760,051,000435,0.015363773414,census_block_relationship_count
051,000760,051,000560,0.019610707036,census_block_relationship_count
051,000760,051,000570,0.000021455435,census_block_relationship_count
051,000760,051,000751,0.936057518686,census_block_relationship_count
051,000770,051,000435,0.000001338542,census_block_relationship_count
051,000770,051,000770,0.999998661458,census_block_relationship_count
051,000780,051,000570,0.001341114714,census_block_relationship_count
051,000780,051,000580,0.006866320263,census_block_relationship_count
051,000780,051,000780,0.991792565023,census_block_relationship_count
051,000790,051,000460,0.041166983398,census_block_relationship_count
051,000790,051,000761,0.958833016602,census_block_relationship_count
051,000800,051,000460,0.012910418808,census_block_relationship_count
051,000800,051,000490,0.002634203541,census_block_relationship_count
051,000800,051,000751,0.010989010989,census_block_relationship_count
051,000800,051,000761,0.973466366663,census_block_relationship_count
051,000810,051,000100,0.000016476252,census_block_relationship_count
051,000810,051,000110,0.000217304192,census_block_relationship_count
051,000810,051,000120,0.000386919930,census_block_relationship_count
051,000810,051,000811,0.990117232357,census_block_relationship_count
051,000810,051,000890,0.009262067268,census_block_relationship_count
051,000820,051,000811,0.911981166654,census_block_relationship_count
051,000820,051,000890,0.004681171555,census_block_relationship_count
051,000820,051,0820P1,0.083337661791,census_block_relationship_count
051,000830,051,000811,1.000000000000,census_block_relationship_count
051,000840,051,000310,0.029413746329,census_block_relationship_count
051,000840,051,000331,0.001372316715,census_block_relationship_count
051,000840,051,000840,0.969213936956,census_block_relationship_count
051,000850,051,000131,0.017714934926,census_block_relationship_count
051,000850,051,000190,0.010616850237,census_block_relationship_count
051,000850,051,000211,0.023881557854,census_block_relationship_count
051,000850,051,000850,0.947786656983,census_block_relationship_count
051,000860,051,000570,0.000075110003,census_block_relationship_count
051,000860,051,000860,0.993745590897,census_block_relationship_count
051,000860,051,000945,0.000089926669,census_block_relationship_count
051,000860,051,001015,0.006089372431,census_block_relationship_count
051,000870,051,000870,0.966220695461,census_block_relationship_count
051,000870,051,000995,0.033779304539,census_block_relationship_count
051,000880,051,000650,0.054545454545,census_block_relationship_count
051,000880,051,000880,0.945454545455,census_block_relationship_count
051,000890,051,000100,0.019808200076,census_block_relationship_count
051,000890,051,000811,0.000446098172,census_block_relationship_count
051,000890,051,000890,0.979745701751,census_block_relationship_count
051,000900,051,000900,0.997286810598,census_block_relationship_count
051,000900,051,000930,0.002713189402,census_block_relationship_count
051,000910,051,000310,0.001063598685,census_block_relationship_count
051,000910,051,000915,0.998936401315,census_block_relationship_count
051,000920,051,000601,0.035402573036,census_block_relationship_count
051,000920,051,000740,0.013051886653,census_block_relationship_count
051,000920,051,000915,0.951545540311,census_block_relationship_count
051,000930,051,000420,0.021287983060,census_block_relationship_count
051,000930,051,000680,0.010668995775,census_block_relationship_count
051,000930,051,000900,0.011073594257,census_block_relationship_count
051,000930,051,000930,0.954933060316,census_block_relationship_count
051,000930,051,001111,0.002036366591,census_block_relationship_count
051,000945,051,000630,0.017438762186,census_block_relationship_count
051,000945,051,000945,0.982561237814,census_block_relationship_count
051,000955,051,000630,0.000483615231,census_block_relationship_count
051,000955,051,000660,0.033812763715,census_block_relationship_count
051,000955,051,000955,0.965703621054,census_block_relationship_count
051,000970,051,000660,0.002590571295,census_block_relationship_count
051,000970,051,000955,0.000573386800,census_block_relationship_count
051,000970,051,000970,0.996836041905,census_block_relationship_count
051,000980,051,000660,0.016824910714,census_block_relationship_count
051,000980,051,000980,0.983175089286,census_block_relationship_count
051,000995,051,000870,0.028681571764,census_block_relationship_count
051,000995,051,000995,0.971318428236,census_block_relationship_count
051,001015,051,000860,0.017480671212,census_block_relationship_count
051,001015,051,001015,0.982116878792,census_block_relationship_count
051,001015,051,001020,0.000402449997,census_block_relationship_count
051,001020,051,000860,0.000492474589,census_block_relationship_count
051,001020,051,000870,0.008285599470,census_block_relationship_count
051,001020,051,001020,0.991221925941,census_block_relationship_count
051,001050,051,000100,0.001911613505,census_block_relationship_count
051,001050,051,000190,0.000628085380,census_block_relationship_count
051,001050,051,000221,0.000422179501,census_block_relationship_count
051,001050,051,000260,0.076320737507,census_block_relationship_count
051,001050,051,001045,0.920717384108,census_block_relationship_count
051,001060,051,000221,0.000512563587,census_block_relationship_count
051,001060,051,001060,0.999487436412,census_block_relationship_count
051,001070,051,001072,1.000000000000,census_block_relationship_count
051,001080,051,000280,0.063999665118,census_block_relationship_count
051,001080,051,000435,0.005306642307,census_block_relationship_count
051,001080,051,001072,0.930693692575,census_block_relationship_count
051,001090,051,001072,1.000000000000,census_block_relationship_count
051,001110,051,000420,0.000031982739,census_block_relationship_count
051,001110,051,000650,0.004608294931,census_block_relationship_count
051,001110,051,000930,0.005199770302,census_block_relationship_count
051,001110,051,001111,0.990159952029,census_block_relationship_count
051,001120,051,001111,1.000000000000,census_block_relationship_count
051,002320,051,001072,1.000000000000,census_block_relationship_count
053,000010,053,000010,1.000000000000,census_block_relationship_count
053,000020,053,000020,1.000000000000,census_block_relationship_count
053,000030,053,000030,1.000000000000,census_block_relationship_count
053,000050,053,000050,1.000000000000,census_block_relationship_count
053,000060,053,000060,1.000000000000,census_block_relationship_count
053,000080,053,000080,1.000000000000,census_block_relationship_count
053,000090,053,000090,1.000000000000,census_block_relationship_count
053,000100,053,000100,1.000000000000,census_block_relationship_count
053,000110,053,000110,1.000000000000,census_block_relationship_count
055,000010,055,000010,0.989309883583,census_block_relationship_count
055,000010,055,000270,0.010690116417,census_block_relationship_count
055,000020,055,000020,0.968667859622,census_block_relationship_count
055,000020,055,000260,0.005299709672,census_block_relationship_count
055,000020,055,000270,0.026032430707,census_block_relationship_count
055,000030,055,000030,1.000000000000,census_block_relationship_count
055,000040,055,000040,0.962705424890,census_block_relationship_count
055,000040,055,000050,0.037294575110,census_block_relationship_count
055,000050,055,000050,1.000000000000,census_block_relationship_count
055,000060,055,000060,0.896154188389,census_block_relationship_count
055,000060,055,000080,0.090909090909,census_block_relationship_count
055,000060,055,000090,0.012936720701,census_block_relationship_count
055,000070,055,000070,0.976915589141,census_block_relationship_count
055,000070,055,000130,0.023084410859,census_block_relationship_count
055,000080,055,000080,1.000000000000,census_block_relationship_count
055,000090,055,000090,1.000000000000,census_block_relationship_count
055,000100,055,000105,0.991071428571,census_block_relationship_count
055,000100,055,000120,0.008928571429,census_block_relationship_count
055,000120,055,000120,1.000000000000,census_block_relationship_count
055,000130,055,000130,1.000000000000,census_block_relationship_count
055,000140,055,000140,1.000000000000,census_block_relationship_count
055,000150,055,000105,0.018867924528,census_block_relationship_count
055,000150,055,000150,0.981132075472,census_block_relationship_count
055,000160,055,000160,0.999998136926,census_block_relationship_count
055,000160,055,000170,0.000001863074,census_block_relationship_count
055,000170,055,000170,0.999891126700,census_block_relationship_count
055,000170,055,000180,0.000108873300,census_block_relationship_count
055,000180,055,000160,0.000596702346,census_block_relationship_count
055,000180,055,000170,0.027522211176,census_block_relationship_count
055,000180,055,000180,0.971881086478,census_block_relationship_count
055,000190,055,000190,1.000000000000,census_block_relationship_count
055,000200,055,000200,1.000000000000,census_block_relationship_count
055,000213,055,000213,0.984251968504,census_block_relationship_count
055,000213,055,000226,0.015748031496,census_block_relationship_count
055,000216,055,000216,1.000000000000,census_block_relationship_count
055,000219,055,000219,1.000000000000,census_block_relationship_count
055,000223,055,000223,1.000000000000,census_block_relationship_count
055,000226,055,000216,0.193750000000,census_block_relationship_count
055,000226,055,000223,0.000009965706,census_block_relationship_count
055,000226,055,000226,0.806240034294,census_block_relationship_count
055,000229,055,000219,0.008849557522,census_block_relationship_count
055,000229,055,000229,0.991150442478,census_block_relationship_count
055,000240,055,000240,0.986043915785,census_block_relationship_count
055,000240,055,000260,0.000711051102,census_block_relationship_count
055,000240,055,000285,0.013245033113,census_block_relationship_count
055,000250,055,000250,1.000000000000,census_block_relationship_count
055,000260,055,000240,0.028845135543,census_block_relationship_count
055,000260,055,000260,0.971154864457,census_block_relationship_count
055,000270,055,000240,0.138461538462,census_block_relationship_count
055,000270,055,000270,0.861538461538,census_block_relationship_count
055,000280,055,000280,1.000000000000,census_block_relationship_count
055,000285,055,000240,0.011363636364,census_block_relationship_count
055,000285,055,000285,0.988636363636,census_block_relationship_count
055,000305,055,000305,0.999999492276,census_block_relationship_count
055,000305,055,000310,0.000000507724,census_block_relationship_count
055,000310,055,000310,1.000000000000,census_block_relationship_count
055,000315,055,000315,1.000000000000,census_block_relationship_count
055,000320,055,000320,0.998887296592,census_block_relationship_count
055,000320,055,000330,0.001112703408,census_block_relationship_count
055,000330,055,000320,0.161324255220,census_block_relationship_count
055,000330,055,000330,0.838675744780,census_block_relationship_count
055,000340,055,000340,1.000000000000,census_block_relationship_count
055,000350,055,000350,1.000000000000,census_block_relationship_count
055,000360,055,000360,0.816718302241,census_block_relationship_count
055,000360,055,000370,0.183281697759,census_block_relationship_count
055,000370,055,000370,1.000000000000,census_block_relationship_count
055,000380,055,000360,0.268564358876,census_block_relationship_count
055,000380,055,000380,0.731435641124,census_block_relationship_count
055,000390,055,000390,0.954564444812,census_block_relationship_count
055,000390,055,000500,0.045435555188,census_block_relationship_count
055,000400,055,000402,0.987654320988,census_block_relationship_count
055,000400,055,000412,0.012345679012,census_block_relationship_count
055,000410,055,000402,0.070000000000,census_block_relationship_count
055,000410,055,000412,0.930000000000,census_block_relationship_count
055,000420,055,000412,0.000034176863,census_block_relationship_count
055,000420,055,000422,0.999965823137,census_block_relationship_count
055,000430,055,000422,1.000000000000,census_block_relationship_count
055,000440,055,000440,1.000000000000,census_block_relationship_count
055,000450,055,000452,0.774193548387,census_block_relationship_count
055,000450,055,000472,0.225806451613,census_block_relationship_count
055,000460,055,000462,1.000000000000,census_block_relationship_count
055,000470,055,000452,0.051948051948,census_block_relationship_count
055,000470,055,000462,0.272727272727,census_block_relationship_count
055,000470,055,000472,0.675324675325,census_block_relationship_count
055,000480,055,000472,1.000000000000,census_block_relationship_count
055,000490,055,000490,1.000000000000,census_block_relationship_count
055,000500,055,000390,0.096045187637,census_block_relationship_count
055,000500,055,000500,0.903954812363,census_block_relationship_count
055,000510,055,000510,1.000000000000,census_block_relationship_count
055,000520,055,000520,1.000000000000,census_block_relationship_count
055,000530,055,000530,1.000000000000,census_block_relationship_count
055,000540,055,000543,1.000000000000,census_block_relationship_count
055,000550,055,000550,1.000000000000,census_block_relationship_count
055,000551,055,000543,0.012820512821,census_block_relationship_count
055,000551,055,000546,0.987179487179,census_block_relationship_count
055,000560,055,000560,1.000000000000,census_block_relationship_count
055,000570,055,000560,0.132075471698,census_block_relationship_count
055,000570,055,000570,0.698113207547,census_block_relationship_count
055,000570,055,000580,0.169811320755,census_block_relationship_count
055,000580,055,000580,1.000000000000,census_block_relationship_count
055,000590,055,000590,1.000000000000,census_block_relationship_count
055,000600,055,000600,0.999708249192,census_block_relationship_count
055,000600,055,000610,0.000291750808,census_block_relationship_count
055,000610,055,000610,1.000000000000,census_block_relationship_count
055,000620,055,000620,1.000000000000,census_block_relationship_count
055,000630,055,000630,1.000000000000,census_block_relationship_count
055,000635,055,000635,1.000000000000,census_block_relationship_count
055,000640,055,000640,1.000000000000,census_block_relationship_count
055,000650,055,000650,0.756395222141,census_block_relationship_count
055,000650,055,000725,0.243604777859,census_block_relationship_count
055,000660,055,000660,1.000000000000,census_block_relationship_count
055,000670,055,000660,0.029411764706,census_block_relationship_count
055,000670,055,000670,0.970588235294,census_block_relationship_count
055,000690,055,000690,1.000000000000,census_block_relationship_count
055,000705,055,000705,1.000000000000,census_block_relationship_count
055,000725,055,000705,0.337837837838,census_block_relationship_count
055,000725,055,000725,0.662162162162,census_block_relationship_count
057,000010,057,000010,0.990484657619,census_block_relationship_count
057,000010,057,000070,0.009515342381,census_block_relationship_count
057,000020,057,000020,1.000000000000,census_block_relationship_count
057,000030,057,000030,1.000000000000,census_block_relationship_count
057,000040,057,000040,1.000000000000,census_block_relationship_count
057,000050,057,000050,1.000000000000,census_block_relationship_count
057,000060,057,000060,1.000000000000,census_block_relationship_count
057,000070,057,000010,0.033302502715,census_block_relationship_count
057,000070,057,000070,0.966697497285,census_block_relationship_count
057,000080,057,000080,1.000000000000,census_block_relationship_count
057,000090,057,000090,1.000000000000,census_block_relationship_count
057,000100,057,000100,1.000000000000,census_block_relationship_count
057,000110,057,000110,1.000000000000,census_block_relationship_count
057,000120,057,000120,1.000000000000,census_block_relationship_count
057,000130,057,000130,1.000000000000,census_block_relationship_count
059,000010,059,000010,1.000000000000,census_block_relationship_count
059,000020,059,000020,1.000000000000,census_block_relationship_count
059,000030,059,000030,1.000000000000,census_block_relationship_count
059,000040,059,000040,1.000000000000,census_block_relationship_count
059,000050,059,000050,1.000000000000,census_block_relationship_count
059,000060,059,000060,1.000000000000,census_block_relationship_count
059,000070,059,000070,1.000000000000,census_block_relationship_count
059,000080,059,000080,1.000000000000,census_block_relationship_count
059,000090,059,000104,1.000000000000,census_block_relationship_count
059,000100,059,000102,1.000000000000,census_block_relationship_count
059,000110,059,000102,0.791666666665,census_block_relationship_count
059,000110,059,000104,0.208333333335,census_block_relationship_count
059,000120,059,000102,1.000000000000,census_block_relationship_count
059,000130,059,000130,1.000000000000,census_block_relationship_count
059,000140,059,000140,1.000000000000,census_block_relationship_count
059,000150,059,000150,1.000000000000,census_block_relationship_count
059,000160,059,000160,1.000000000000,census_block_relationship_count
059,000170,059,000170,1.000000000000,census_block_relationship_count
059,000180,059,000180,1.000000000000,census_block_relationship_count
059,000190,059,000190,1.000000000000,census_block_relationship_count
059,000200,059,000200,1.000000000000,census_block_relationship_count
059,000210,059,000210,1.000000000000,census_block_relationship_count
059,000220,059,000220,1.000000000000,census_block_relationship_count
059,000230,059,000230,1.000000000000,census_block_relationship_count
059,000240,059,000240,1.000000000000,census_block_relationship_count
059,000250,059,000250,1.000000000000,census_block_relationship_count
059,000260,059,000240,0.068825837425,census_block_relationship_count
059,000260,059,000260,0.931174162575,census_block_relationship_count
059,000270,059,000270,1.000000000000,census_block_relationship_count
059,000280,059,000280,1.000000000000,census_block_relationship_count
059,000295,059,000295,1.000000000000,census_block_relationship_count
059,000310,059,000310,1.000000000000,census_block_relationship_count
059,000320,059,000320,1.000000000000,census_block_relationship_count
059,000330,059,000330,1.000000000000,census_block_relationship_count
059,000340,059,000340,1.000000000000,census_block_relationship_count
059,000350,059,000350,1.000000000000,census_block_relationship_count
059,000360,059,000360,1.000000000000,census_block_relationship_count
059,000370,059,000370,1.000000000000,census_block_relationship_count
059,000380,059,000380,1.000000000000,census_block_relationship_count
059,000395,059,000395,1.000000000000,census_block_relationship_count
059,000410,059,000410,1.000000000000,census_block_relationship_count
059,000420,059,000420,1.000000000000,census_block_relationship_count
059,000435,059,000435,1.000000000000,census_block_relationship_count
059,000455,059,000455,1.000000000000,census_block_relationship_count
059,000470,059,000470,1.000000000000,census_block_relationship_count
059,000480,059,000480,1.000000000000,census_block_relationship_count
061,000010,061,000010,1.000000000000,census_block_relationship_count
061,000020,061,000020,1.000000000000,census_block_relationship_count
061,000030,061,000030,1.000000000000,census_block_relationship_count
061,000040,061,000040,1.000000000000,census_block_relationship_count
061,000050,061,000050,1.000000000000,census_block_relationship_count
061,000060,061,000060,1.000000000000,census_block_relationship_count
061,000070,061,000070,1.000000000000,census_block_relationship_count
061,000080,061,000080,1.000000000000,census_block_relationship_count
061,000090,061,000090,1.000000000000,census_block_relationship_count
061,000100,061,000100,1.000000000000,census_block_relationship_count
061,000110,061,000110,1.000000000000,census_block_relationship_count
061,000120,061,000120,1.000000000000,census_block_relationship_count
061,000130,061,000130,1.000000000000,census_block_relationship_count
061,000140,061,000140,1.000000000000,census_block_relationship_count
061,000150,061,000150,1.000000000000,census_block_relationship_count
061,000160,061,000160,1.000000000000,census_block_relationship_count
061,000170,061,000160,0.125660796871,census_block_relationship_count
061,000170,061,000170,0.874339203129,census_block_relationship_count
061,000180,061,000180,1.000000000000,census_block_relationship_count
061,000190,061,000190,1.000000000000,census_block_relationship_count
061,000200,061,000200,1.000000000000,census_block_relationship_count
061,000210,061,000210,1.000000000000,census_block_relationship_count
061,000220,061,000220,1.000000000000,census_block_relationship_count
061,000230,061,000220,0.018569299005,census_block_relationship_count
061,000230,061,000230,0.981430700995,census_block_relationship_count
061,000240,061,000240,1.000000000000,census_block_relationship_count
061,000250,061,000250,1.000000000000,census_block_relationship_count
061,000260,061,000260,1.000000000000,census_block_relationship_count
061,000270,061,000270,1.000000000000,census_block_relationship_count
061,000280,061,000280,1.000000000000,census_block_relationship_count
061,000290,061,000290,1.000000000000,census_block_relationship_count
061,000300,061,000300,1.000000000000,census_block_relationship_count
061,000310,061,000310,1.000000000000,census_block_relationship_count
061,000320,061,000320,1.000000000000,census_block_relationship_count
061,000330,061,000330,1.000000000000,census_block_relationship_count
061,000340,061,000330,0.016913390867,census_block_relationship_count
061,000340,061,000340,0.952783578830,census_block_relationship_count
061,000340,061,000440,0.030303030303,census_block_relationship_count
061,000350,061,000350,1.000000000000,census_block_relationship_count
061,000360,061,000360,1.000000000000,census_block_relationship_count
061,000370,061,000370,1.000000000000,census_block_relationship_count
061,000380,061,000380,1.000000000000,census_block_relationship_count
061,000390,061,000390,1.000000000000,census_block_relationship_count
061,000400,061,000400,1.000000000000,census_block_relationship_count
061,000410,061,000410,1.000000000000,census_block_relationship_count
061,000420,061,000420,1.000000000000,census_block_relationship_count
061,000430,061,000430,1.000000000000,census_block_relationship_count
061,000440,061,000440,1.000000000000,census_block_relationship_count
061,000450,061,000450,1.000000000000,census_block_relationship_count
061,000460,061,000460,1.000000000000,census_block_relationship_count
061,000470,061,000470,1.000000000000,census_block_relationship_count
061,000480,061,000480,1.000000000000,census_block_relationship_count
061,000490,061,000490,1.000000000000,census_block_relationship_count
061,000500,061,000500,1.000000000000,census_block_relationship_count
061,000510,061,000510,1.000000000000,census_block_relationship_count
061,000520,061,000520,1.000000000000,census_block_relationship_count
061,000530,061,000530,1.000000000000,census_block_relationship_count
061,000540,061,000540,1.000000000000,census_block_relationship_count
061,000550,061,000550,1.000000000000,census_block_relationship_count
061,000560,061,000560,1.000000000000,census_block_relationship_count
061,000570,061,000570,1.000000000000,census_block_relationship_count
061,000580,061,000580,1.000000000000,census_block_relationship_count
063,000010,063,000010,1.000000000000,census_block_relationship_count
063,000020,063,000020,1.000000000000,census_block_relationship_count
063,000030,063,000030,1.000000000000,census_block_relationship_count
063,000040,063,000040,1.000000000000,census_block_relationship_count
063,000055,063,000055,0.999892091291,census_block_relationship_count
063,000055,063,000130,0.000107908709,census_block_relationship_count
063,000070,063,000070,1.000000000000,census_block_relationship_count
063,000080,063,000080,1.000000000000,census_block_relationship_count
063,000090,063,000090,1.000000000000,census_block_relationship_count
063,000100,063,000100,0.983754793788,census_block_relationship_count
063,000100,063,000300,0.016174398279,census_block_relationship_count
063,000100,063,000650,0.000070807933,census_block_relationship_count
063,000110,063,000110,1.000000000000,census_block_relationship_count
063,000120,063,000120,0.851343044089,census_block_relationship_count
063,000120,063,000300,0.148656955911,census_block_relationship_count
063,000130,063,000130,1.000000000000,census_block_relationship_count
063,000140,063,000140,1.000000000000,census_block_relationship_count
063,000155,063,000155,1.000000000000,census_block_relationship_count
063,000170,063,000170,1.000000000000,census_block_relationship_count
063,000180,063,000180,1.000000000000,census_block_relationship_count
063,000190,063,000190,1.000000000000,census_block_relationship_count
063,000200,063,000200,1.000000000000,census_block_relationship_count
063,000210,063,000210,1.000000000000,census_block_relationship_count
063,000220,063,000220,1.000000000000,census_block_relationship_count
063,000230,063,000230,1.000000000000,census_block_relationship_count
063,000240,063,000240,1.000000000000,census_block_relationship_count
063,000255,063,000255,1.000000000000,census_block_relationship_count
063,000260,063,000260,1.000000000000,census_block_relationship_count
063,000280,063,000280,1.000000000000,census_block_relationship_count
063,000290,063,000290,1.000000000000,census_block_relationship_count
063,000300,063,000300,1.000000000000,census_block_relationship_count
063,000310,063,000310,1.000000000000,census_block_relationship_count
063,000320,063,000320,1.000000000000,census_block_relationship_count
063,000330,063,000330,1.000000000000,census_block_relationship_count
063,000345,063,000345,1.000000000000,census_block_relationship_count
063,000365,063,000365,1.000000000000,census_block_relationship_count
063,000370,063,000370,1.000000000000,census_block_relationship_count
063,000380,063,000380,1.000000000000,census_block_relationship_count
063,000400,063,000400,1.000000000000,census_block_relationship_count
063,000410,063,000410,1.000000000000,census_block_relationship_count
063,000420,063,000420,1.000000000000,census_block_relationship_count
063,000430,063,000430,1.000000000000,census_block_relationship_count
063,000440,063,000440,1.000000000000,census_block_relationship_count
063,000450,063,000450,1.000000000000,census_block_relationship_count
063,000460,063,000460,1.000000000000,census_block_relationship_count
063,000470,063,000470,1.000000000000,census_block_relationship_count
063,000480,063,000480,1.000000000000,census_block_relationship_count
063,000500,063,000500,1.000000000000,census_block_relationship_count
063,000510,063,000510,1.000000000000,census_block_relationship_count
063,000520,063,000520,1.000000000000,census_block_relationship_count
063,000530,063,000530,1.000000000000,census_block_relationship_count
063,000540,063,000540,1.000000000000,census_block_relationship_count
063,000550,063,000550,1.000000000000,census_block_relationship_count
063,000560,063,000560,1.000000000000,census_block_relationship_count
063,000570,063,000570,1.000000000000,census_block_relationship_count
063,000580,063,000260,0.048780487805,census_block_relationship_count
063,000580,063,000580,0.951219512195,census_block_relationship_count
063,000590,063,000590,1.000000000000,census_block_relationship_count
063,000600,063,000600,1.000000000000,census_block_relationship_count
063,000610,063,000610,1.000000000000,census_block_relationship_count
063,000620,063,000620,1.000000000000,census_block_relationship_count
063,000630,063,000630,1.000000000000,census_block_relationship_count
063,000640,063,000640,1.000000000000,census_block_relationship_count
063,000650,063,000650,1.000000000000,census_block_relationship_count
063,000660,063,000660,1.000000000000,census_block_relationship_count
063,000670,063,000670,1.000000000000,census_block_relationship_count
063,000680,063,000685,1.000000000000,census_block_relationship_count
063,000685,063,000702,1.000000000000,census_block_relationship_count
063,000695,063,000695,1.000000000000,census_block_relationship_count
063,000710,063,000710,1.000000000000,census_block_relationship_count
063,000720,063,000720,1.000000000000,census_block_relationship_count
063,000730,063,000730,1.000000000000,census_block_relationship_count
063,000740,063,000740,1.000000000000,census_block_relationship_count
063,000750,063,000750,1.000000000000,census_block_relationship_count
065,000010,065,000010,1.000000000000,census_block_relationship_count
065,000020,065,000020,0.998617499465,census_block_relationship_count
065,000020,065,000690,0.001382500535,census_block_relationship_count
065,000035,065,000035,0.994269189746,census_block_relationship_count
065,000035,065,000355,0.005730810254,census_block_relationship_count
065,000050,065,000050,1.000000000000,census_block_relationship_count
065,000060,065,000060,1.000000000000,census_block_relationship_count
065,000070,065,000060,1.000000000000,census_block_relationship_count
065,000085,065,000085,0.965434365303,census_block_relationship_count
065,000085,065,000095,0.018839698067,census_block_relationship_count
065,000085,065,000525,0.015725936630,census_block_relationship_count
065,000095,065,000085,0.000143237737,census_block_relationship_count
065,000095,065,000095,0.999856762263,census_block_relationship_count
065,000105,065,000085,0.557575052509,census_block_relationship_count
065,000105,065,000095,0.442424947491,census_block_relationship_count
065,000120,065,000120,1.000000000000,census_block_relationship_count
065,000130,065,000130,1.000000000000,census_block_relationship_count
065,000145,065,000145,1.000000000000,census_block_relationship_count
065,000160,065,000160,1.000000000000,census_block_relationship_count
065,000170,065,000170,1.000000000000,census_block_relationship_count
065,000180,065,000180,0.946428571429,census_block_relationship_count
065,000180,065,000330,0.053571428571,census_block_relationship_count
065,000190,065,000190,1.000000000000,census_block_relationship_count
065,000205,065,000205,1.000000000000,census_block_relationship_count
065,000225,065,000225,1.000000000000,census_block_relationship_count
065,000240,065,000240,1.000000000000,census_block_relationship_count
065,000250,065,000240,1.000000000000,census_block_relationship_count
065,000260,065,000240,1.000000000000,census_block_relationship_count
065,000275,065,000275,1.000000000000,census_block_relationship_count
065,000295,065,000275,1.000000000000,census_block_relationship_count
065,000315,065,000095,0.000501680855,census_block_relationship_count
065,000315,065,000315,0.999498319145,census_block_relationship_count
065,000330,065,000330,1.000000000000,census_block_relationship_count
065,000340,065,000340,1.000000000000,census_block_relationship_count
065,000355,065,000355,0.064010096015,census_block_relationship_count
065,000355,065,000375,0.815830514306,census_block_relationship_count
065,000355,065,000395,0.120159389679,census_block_relationship_count
065,000375,065,000355,0.996610173060,census_block_relationship_count
065,000375,065,000375,0.003389826940,census_block_relationship_count
065,000395,065,000355,0.965540348942,census_block_relationship_count
065,000395,065,000375,0.034459651058,census_block_relationship_count
065,000415,065,000355,0.063542484127,census_block_relationship_count
065,000415,065,000375,0.930041189136,census_block_relationship_count
065,000415,065,000395,0.006416326736,census_block_relationship_count
065,000435,065,000375,0.020254553973,census_block_relationship_count
065,000435,065,000395,0.979745446027,census_block_relationship_count
065,000455,065,000375,0.011621465590,census_block_relationship_count
065,000455,065,000395,0.988378534410,census_block_relationship_count
065,000475,065,000475,0.974351184464,census_block_relationship_count
065,000475,065,000655,0.025648815536,census_block_relationship_count
065,000495,065,000475,0.988879408558,census_block_relationship_count
065,000495,065,000655,0.011120591442,census_block_relationship_count
065,000510,065,000340,0.023255813953,census_block_relationship_count
065,000510,065,000510,0.964719554701,census_block_relationship_count
065,000510,065,000690,0.012024631345,census_block_relationship_count
065,000525,065,000085,0.001053617504,census_block_relationship_count
065,000525,065,000095,0.001489923590,census_block_relationship_count
065,000525,065,000525,0.997456458905,census_block_relationship_count
065,000540,065,000060,0.011764705882,census_block_relationship_count
065,000540,065,000540,0.988235294118,census_block_relationship_count
065,000550,065,000550,1.000000000000,census_block_relationship_count
065,000565,065,000565,1.000000000000,census_block_relationship_count
065,000580,065,000580,1.000000000000,census_block_relationship_count
065,000590,065,000130,0.002178543597,census_block_relationship_count
065,000590,065,000590,0.997821456403,census_block_relationship_count
065,000605,065,000330,0.049622627750,census_block_relationship_count
065,000605,065,000605,0.950377372250,census_block_relationship_count
065,000620,065,000620,1.000000000000,census_block_relationship_count
065,000630,065,000620,1.000000000000,census_block_relationship_count
065,000640,065,000620,1.000000000000,census_block_relationship_count
065,000655,065,000475,0.013984169730,census_block_relationship_count
065,000655,065,000655,0.986015830270,census_block_relationship_count
065,000665,065,000655,1.000000000000,census_block_relationship_count
065,000675,065,000655,1.000000000000,census_block_relationship_count
065,000690,065,000020,0.033341951611,census_block_relationship_count
065,000690,065,000510,0.059516662544,census_block_relationship_count
065,000690,065,000690,0.907141385844,census_block_relationship_count
065,000700,065,000700,1.000000000000,census_block_relationship_count
065,000710,065,000395,0.003025595762,census_block_relationship_count
065,000710,065,000700,0.996974404238,census_block_relationship_count
065,000720,065,000700,1.000000000000,census_block_relationship_count
067,000010,067,000010,1.000000000000,census_block_relationship_count
067,000020,067,000020,1.000000000000,census_block_relationship_count
067,000030,067,000020,0.025616086768,census_block_relationship_count
067,000030,067,000030,0.974383913232,census_block_relationship_count
067,000040,067,000040,1.000000000000,census_block_relationship_count
067,000050,067,000050,1.000000000000,census_block_relationship_count
067,000060,067,000071,1.000000000000,census_block_relationship_count
067,000070,067,000071,1.000000000000,census_block_relationship_count
067,000080,067,000071,1.000000000000,census_block_relationship_count
067,000090,067,000090,1.000000000000,census_block_relationship_count
067,000100,067,000100,1.000000000000,census_block_relationship_count
067,000110,067,000110,1.000000000000,census_block_relationship_count
067,000120,067,000120,1.000000000000,census_block_relationship_count
067,000130,067,000130,1.000000000000,census_block_relationship_count
067,000140,067,000140,1.000000000000,census_block_relationship_count
067,000150,067,000150,1.000000000000,census_block_relationship_count
067,000160,067,000160,1.000000000000,census_block_relationship_count
067,000170,067,000170,1.000000000000,census_block_relationship_count
067,000180,067,000180,0.984375000000,census_block_relationship_count
067,000180,067,000190,0.015625000000,census_block_relationship_count
067,000190,067,000190,1.000000000000,census_block_relationship_count
067,000200,067,000200,1.000000000000,census_block_relationship_count
069,000010,069,000010,1.000000000000,census_block_relationship_count
069,000020,069,000022,0.544351869156,census_block_relationship_count
069,000020,069,000030,0.219512195122,census_block_relationship_count
069,000020,069,000055,0.236135935722,census_block_relationship_count
069,000030,069,000030,0.999886488873,census_block_relationship_count
069,000030,069,000080,0.000113511127,census_block_relationship_count
069,000050,069,000055,0.961602249044,census_block_relationship_count
069,000050,069,000070,0.038397750956,census_block_relationship_count
069,000070,069,000055,0.131499148606,census_block_relationship_count
069,000070,069,000070,0.868500851394,census_block_relationship_count
069,000080,069,000022,0.120547420796,census_block_relationship_count
069,000080,069,000030,0.034386188171,census_block_relationship_count
069,000080,069,000055,0.030991719954,census_block_relationship_count
069,000080,069,000070,0.058578637638,census_block_relationship_count
069,000080,069,000080,0.668775985097,census_block_relationship_count
069,000080,069,000090,0.086720048345,census_block_relationship_count
069,000090,069,000090,1.000000000000,census_block_relationship_count
069,000100,069,000100,1.000000000000,census_block_relationship_count
069,000110,069,000115,0.928282910048,census_block_relationship_count
069,000110,069,000150,0.071717089952,census_block_relationship_count
069,000130,069,000135,0.991237061149,census_block_relationship_count
069,000130,069,000160,0.008762938851,census_block_relationship_count
069,000150,069,000115,0.228851119276,census_block_relationship_count
069,000150,069,000135,0.016949152542,census_block_relationship_count
069,000150,069,000150,0.558282504247,census_block_relationship_count
069,000150,069,000160,0.195917223935,census_block_relationship_count
069,000160,069,000135,0.244542880573,census_block_relationship_count
069,000160,069,000150,0.048387096774,census_block_relationship_count
069,000160,069,000160,0.707070022653,census_block_relationship_count
069,000170,069,000175,0.825890274639,census_block_relationship_count
069,000170,069,000180,0.034317316595,census_block_relationship_count
069,000170,069,000230,0.032786885246,census_block_relationship_count
069,000170,069,000245,0.040440665887,census_block_relationship_count
069,000170,069,000275,0.016393442623,census_block_relationship_count
069,000170,069,000305,0.049180327869,census_block_relationship_count
069,000170,069,000315,0.000991087141,census_block_relationship_count
069,000180,069,000180,0.797277646291,census_block_relationship_count
069,000180,069,000315,0.202722353709,census_block_relationship_count
069,000230,069,000175,0.300000000000,census_block_relationship_count
069,000230,069,000230,0.466666666667,census_block_relationship_count
069,000230,069,000240,0.166666666667,census_block_relationship_count
069,000230,069,000245,0.033333333333,census_block_relationship_count
069,000230,069,000275,0.033333333333,census_block_relationship_count
069,000240,069,000230,0.133333333333,census_block_relationship_count
069,000240,069,000240,0.711635645267,census_block_relationship_count
069,000240,069,000245,0.155031021400,census_block_relationship_count
069,000270,069,000175,0.001487208779,census_block_relationship_count
069,000270,069,000180,0.080480004336,census_block_relationship_count
069,000270,069,000240,0.119759957443,census_block_relationship_count
069,000270,069,000245,0.030780489848,census_block_relationship_count
069,000270,069,000275,0.767492339595,census_block_relationship_count
069,000300,069,000175,0.217391304348,census_block_relationship_count
069,000300,069,000245,0.043478260870,census_block_relationship_count
069,000300,069,000305,0.739130434783,census_block_relationship_count
069,000310,069,000180,0.060606060606,census_block_relationship_count
069,000310,069,000305,0.151515151515,census_block_relationship_count
069,000310,069,000315,0.606060606061,census_block_relationship_count
069,000310,069,000340,0.121212121212,census_block_relationship_count
069,000310,069,000355,0.060606060606,census_block_relationship_count
069,000340,069,000315,0.090909090909,census_block_relationship_count
069,000340,069,000340,0.590909090909,census_block_relationship_count
069,000340,069,000355,0.318181818182,census_block_relationship_count
069,000350,069,000305,0.174917415064,census_block_relationship_count
069,000350,069,000355,0.825082584936,census_block_relationship_count
069,000370,069,000370,0.692307692308,census_block_relationship_count
069,000370,069,000390,0.307692307692,census_block_relationship_count
069,000380,069,000380,1.000000000000,census_block_relationship_count
069,000390,069,000380,0.339285714286,census_block_relationship_count
069,000390,069,000390,0.660714285714,census_block_relationship_count
069,000400,069,000400,1.000000000000,census_block_relationship_count
069,000410,069,000410,0.958333333333,census_block_relationship_count
069,000410,069,000420,0.041666666667,census_block_relationship_count
069,000420,069,000420,0.775177704378,census_block_relationship_count
069,000420,069,000440,0.224822295622,census_block_relationship_count
069,000430,069,000430,1.000000000000,census_block_relationship_count
069,000440,069,000430,0.321428571429,census_block_relationship_count
069,000440,069,000440,0.678571428571,census_block_relationship_count
069,000450,069,000450,1.000000000000,census_block_relationship_count
069,000460,069,000460,1.000000000000,census_block_relationship_count
069,000470,069,000470,1.000000000000,census_block_relationship_count
069,000480,069,000480,0.722222222222,census_block_relationship_count
069,000480,069,000525,0.277777777778,census_block_relationship_count
069,000490,069,000480,0.024390243902,census_block_relationship_count
069,000490,069,000495,0.975609756098,census_block_relationship_count
069,000520,069,000480,0.153300915893,census_block_relationship_count
069,000520,069,000525,0.815234352861,census_block_relationship_count
069,000520,069,000550,0.031464731246,census_block_relationship_count
069,000540,069,000495,0.000476992923,census_block_relationship_count
069,000540,069,000540,0.999523007077,census_block_relationship_count
069,000550,069,000525,0.284703218154,census_block_relationship_count
069,000550,069,000550,0.715296781846,census_block_relationship_count
069,000570,069,000525,0.159204186595,census_block_relationship_count
069,000570,069,000550,0.269367241976,census_block_relationship_count
069,000570,069,000565,0.571428571429,census_block_relationship_count
069,000580,069,000585,1.000000000000,census_block_relationship_count
069,000590,069,000595,1.000000000000,census_block_relationship_count
069,000600,069,000585,0.019230769231,census_block_relationship_count
069,000600,069,000600,0.961538461538,census_block_relationship_count
069,000600,069,000620,0.019230769231,census_block_relationship_count
069,000620,069,000620,1.000000000000,census_block_relationship_count
069,000660,069,000665,1.000000000000,census_block_relationship_count
069,000700,069,000700,1.000000000000,census_block_relationship_count
069,000710,069,000585,0.238095238095,census_block_relationship_count
069,000710,069,000710,0.761904761905,census_block_relationship_count
069,000720,069,000585,0.111111111111,census_block_relationship_count
069,000720,069,000720,0.518518518519,census_block_relationship_count
069,000720,069,000745,0.370370370370,census_block_relationship_count
069,000730,069,000710,0.086956521739,census_block_relationship_count
069,000730,069,000730,0.913043478261,census_block_relationship_count
069,000740,069,000730,1.000000000000,census_block_relationship_count
069,000760,069,000760,1.000000000000,census_block_relationship_count
069,000770,069,000770,0.992128275873,census_block_relationship_count
069,000770,069,000790,0.000643240879,census_block_relationship_count
069,000770,069,000800,0.007228483248,census_block_relationship_count
069,000780,069,000770,0.102681881973,census_block_relationship_count
069,000780,069,000780,0.878048780490,census_block_relationship_count
069,000780,069,000790,0.019269337537,census_block_relationship_count
069,000790,069,000770,0.098341893994,census_block_relationship_count
069,000790,069,000780,0.145786920233,census_block_relationship_count
069,000790,069,000790,0.755871185773,census_block_relationship_count
069,000800,069,000790,0.033369576960,census_block_relationship_count
069,000800,069,000800,0.966630423040,census_block_relationship_count
069,000810,069,000810,1.000000000000,census_block_relationship_count
069,000820,069,000820,1.000000000000,census_block_relationship_count
069,000830,069,000830,1.000000000000,census_block_relationship_count
069,000840,069,000840,1.000000000000,census_block_relationship_count
069,000850,069,000850,0.890178571429,census_block_relationship_count
069,000850,069,000860,0.109821428571,census_block_relationship_count
069,000860,069,000850,0.011904761905,census_block_relationship_count
069,000860,069,000860,0.988095238095,census_block_relationship_count
069,000870,069,000875,0.983870967742,census_block_relationship_count
069,000870,069,000895,0.016129032258,census_block_relationship_count
069,000890,069,000895,0.894736842105,census_block_relationship_count
069,000890,069,000910,0.105263157895,census_block_relationship_count
069,000910,069,000875,0.172024910884,census_block_relationship_count
069,000910,069,000910,0.827975089116,census_block_relationship_count
069,000920,069,000875,0.331197278774,census_block_relationship_count
069,000920,069,000910,0.138499690923,census_block_relationship_count
069,000920,069,000925,0.530303030303,census_block_relationship_count
069,000940,069,000940,1.000000000000,census_block_relationship_count
069,000950,069,000950,1.000000000000,census_block_relationship_count
069,000960,069,000960,1.000000000000,census_block_relationship_count
069,000970,069,000970,0.805021920192,census_block_relationship_count
069,000970,069,000980,0.062104600833,census_block_relationship_count
069,000970,069,000990,0.132873478974,census_block_relationship_count
069,000980,069,000970,0.070974576272,census_block_relationship_count
069,000980,069,000980,0.929025423728,census_block_relationship_count
069,000990,069,000990,1.000000000000,census_block_relationship_count
069,001000,069,001005,0.833333333333,census_block_relationship_count
069,001000,069,001020,0.166666666667,census_block_relationship_count
069,001020,069,001005,0.036144578313,census_block_relationship_count
069,001020,069,001010,0.340351462582,census_block_relationship_count
069,001020,069,001020,0.623503959105,census_block_relationship_count
069,001030,069,001010,0.096145985496,census_block_relationship_count
069,001030,069,001035,0.903854014504,census_block_relationship_count
069,001040,069,001010,0.995877095982,census_block_relationship_count
069,001040,069,001035,0.004122904018,census_block_relationship_count
069,001050,069,001050,1.000000000000,census_block_relationship_count
069,001060,069,001060,1.000000000000,census_block_relationship_count
069,001070,069,000100,0.000006658580,census_block_relationship_count
069,001070,069,001070,0.999993341420,census_block_relationship_count
069,001080,069,001080,1.000000000000,census_block_relationship_count
069,001090,069,001090,0.916888685553,census_block_relationship_count
069,001090,069,001120,0.083111314447,census_block_relationship_count
069,001100,069,001090,0.002290354791,census_block_relationship_count
069,001100,069,001100,0.997709645209,census_block_relationship_count
069,001110,069,001080,0.062975077003,census_block_relationship_count
069,001110,069,001100,0.176403495726,census_block_relationship_count
069,001110,069,001110,0.760621427271,census_block_relationship_count
069,001120,069,001090,0.000273160076,census_block_relationship_count
069,001120,069,001100,0.135407171476,census_block_relationship_count
069,001120,069,001120,0.864319668448,census_block_relationship_count
069,001130,069,001090,0.004413122403,census_block_relationship_count
069,001130,069,001130,0.995586877597,census_block_relationship_count
069,001140,069,001080,0.060000000000,census_block_relationship_count
069,001140,069,001090,0.028623347306,census_block_relationship_count
069,001140,069,001130,0.050686793922,census_block_relationship_count
069,001140,069,001140,0.860689858772,census_block_relationship_count
069,001160,069,001160,1.000000000000,census_block_relationship_count
069,001200,069,001205,1.000000000000,census_block_relationship_count
069,001230,069,001160,0.247206534770,census_block_relationship_count
069,001230,069,001209,0.500303050496,census_block_relationship_count
069,001230,069,001230,0.214261751957,census_block_relationship_count
069,001230,069,001240,0.038228662777,census_block_relationship_count
069,001240,069,001175,0.048780487805,census_block_relationship_count
069,001240,069,001209,0.536585365854,census_block_relationship_count
069,001240,069,001230,0.141543823778,census_block_relationship_count
069,001240,069,001240,0.273090322563,census_block_relationship_count
069,001250,069,001250,0.448151587052,census_block_relationship_count
069,001250,069,001260,0.004664401100,census_block_relationship_count
069,001250,069,001270,0.547184011848,census_block_relationship_count
069,001260,069,001260,1.000000000000,census_block_relationship_count
069,001270,069,001250,0.437532823546,census_block_relationship_count
069,001270,069,001260,0.027621023746,census_block_relationship_count
069,001270,069,001270,0.534846152707,census_block_relationship_count
069,001280,069,001280,1.000000000000,census_block_relationship_count
069,001290,069,001290,0.949640287770,census_block_relationship_count
069,001290,069,001300,0.050359712230,census_block_relationship_count
069,001300,069,001300,1.000000000000,census_block_relationship_count
069,001310,069,001315,1.000000000000,census_block_relationship_count
069,001320,069,001325,0.960000000000,census_block_relationship_count
069,001320,069,001365,0.040000000000,census_block_relationship_count
069,001360,069,001365,1.000000000000,census_block_relationship_count
069,001370,069,001370,0.941740778702,census_block_relationship_count
069,001370,069,002130,0.058259221298,census_block_relationship_count
069,001380,069,001385,0.840000000000,census_block_relationship_count
069,001380,069,002130,0.160000000000,census_block_relationship_count
069,001420,069,001315,0.142857142857,census_block_relationship_count
069,001420,069,001420,0.857142857143,census_block_relationship_count
069,001430,069,001435,0.956419988559,census_block_relationship_count
069,001430,069,002130,0.043242190014,census_block_relationship_count
069,001430,069,002140,0.000337821427,census_block_relationship_count
069,001450,069,001455,1.000000000000,census_block_relationship_count
069,001460,069,001460,1.000000000000,census_block_relationship_count
069,001520,069,001525,0.954545454545,census_block_relationship_count
069,001520,069,002140,0.045454545455,census_block_relationship_count
069,001530,069,001525,0.030972257246,census_block_relationship_count
069,001530,069,001535,0.951483883105,census_block_relationship_count
069,001530,069,002140,0.017543859649,census_block_relationship_count
069,001570,069,001575,0.850000000000,census_block_relationship_count
069,001570,069,001845,0.150000000000,census_block_relationship_count
069,001600,069,001605,0.931735300722,census_block_relationship_count
069,001600,069,001615,0.013157894737,census_block_relationship_count
069,001600,069,001625,0.026315789474,census_block_relationship_count
069,001600,069,001920,0.028791015067,census_block_relationship_count
069,001610,069,001615,1.000000000000,census_block_relationship_count
069,001620,069,001625,1.000000000000,census_block_relationship_count
069,001650,069,001650,0.775425487755,census_block_relationship_count
069,001650,069,001675,0.224574512245,census_block_relationship_count
069,001660,069,001665,1.000000000000,census_block_relationship_count
069,001670,069,001675,1.000000000000,census_block_relationship_count
069,001720,069,001725,0.993655067123,census_block_relationship_count
069,001720,069,002070,0.006344932877,census_block_relationship_count
069,001750,069,001750,1.000000000000,census_block_relationship_count
069,001760,069,001760,1.000000000000,census_block_relationship_count
069,001770,069,001675,0.031046196275,census_block_relationship_count
069,001770,069,001775,0.968953803725,census_block_relationship_count
069,001800,069,001805,1.000000000000,census_block_relationship_count
069,001810,069,001810,1.000000000000,census_block_relationship_count
069,001840,069,001525,0.040000000000,census_block_relationship_count
069,001840,069,001845,0.920000000000,census_block_relationship_count
069,001840,069,002110,0.040000000000,census_block_relationship_count
069,001860,069,001575,0.052856830182,census_block_relationship_count
069,001860,069,001865,0.947143169818,census_block_relationship_count
069,001870,069,001575,0.025000000000,census_block_relationship_count
069,001870,069,001865,0.130412884290,census_block_relationship_count
069,001870,069,001875,0.844587115710,census_block_relationship_count
069,001920,069,001920,1.000000000000,census_block_relationship_count
069,001930,069,001935,1.000000000000,census_block_relationship_count
069,002000,069,002005,0.988679913508,census_block_relationship_count
069,002000,069,002070,0.011320086492,census_block_relationship_count
069,002010,069,002015,1.000000000000,census_block_relationship_count
069,002020,069,001775,0.239857199926,census_block_relationship_count
069,002020,069,002025,0.760142800074,census_block_relationship_count
069,002030,069,002030,1.000000000000,census_block_relationship_count
069,002040,069,000175,0.011899204115,census_block_relationship_count
069,002040,069,000240,0.126702942517,census_block_relationship_count
069,002040,069,000245,0.861397853368,census_block_relationship_count
069,002041,069,000595,0.051507835330,census_block_relationship_count
069,002041,069,000620,0.030303030303,census_block_relationship_count
069,002041,069,000635,0.918189134367,census_block_relationship_count
069,002043,069,000670,1.000000000000,census_block_relationship_count
069,002044,069,001175,0.835881542700,census_block_relationship_count
069,002044,069,001205,0.164118457300,census_block_relationship_count
069,002045,069,001205,0.025868826758,census_block_relationship_count
069,002045,069,001209,0.974131173242,census_block_relationship_count
069,002070,069,002005,0.030041653698,census_block_relationship_count
069,002070,069,002015,0.019417475728,census_block_relationship_count
069,002070,069,002030,0.019417475728,census_block_relationship_count
069,002070,069,002070,0.931123394846,census_block_relationship_count
069,002080,069,002085,1.000000000000,census_block_relationship_count
069,002090,069,002030,0.009495018466,census_block_relationship_count
069,002090,069,002070,0.036376563246,census_block_relationship_count
069,002090,069,002090,0.900074665120,census_block_relationship_count
069,002090,069,002230,0.054053753167,census_block_relationship_count
069,002100,069,001675,0.054575227595,census_block_relationship_count
069,002100,069,001925,0.945424772405,census_block_relationship_count
069,002110,069,002110,0.907407407407,census_block_relationship_count
069,002110,069,002130,0.092592592593,census_block_relationship_count
069,002120,069,002125,1.000000000000,census_block_relationship_count
069,002130,069,002130,1.000000000000,census_block_relationship_count
069,002131,069,002255,0.992190211733,census_block_relationship_count
069,002131,069,002275,0.007809788267,census_block_relationship_count
069,002132,069,002275,1.000000000000,census_block_relationship_count
069,002133,069,002255,0.012345679012,census_block_relationship_count
069,002133,069,002272,0.925925925926,census_block_relationship_count
069,002133,069,002275,0.061728395062,census_block_relationship_count
069,002139,069,002252,0.906250000000,census_block_relationship_count
069,002139,069,002255,0.093750000000,census_block_relationship_count
069,002140,069,002140,1.000000000000,census_block_relationship_count
069,002160,069,002160,1.000000000000,census_block_relationship_count
069,002170,069,002170,1.000000000000,census_block_relationship_count
069,002180,069,002180,1.000000000000,census_block_relationship_count
069,002190,069,002195,1.000000000000,census_block_relationship_count
069,002200,069,002205,1.000000000000,census_block_relationship_count
069,002230,069,002090,0.048042978275,census_block_relationship_count
069,002230,069,002230,0.951957021725,census_block_relationship_count
069,002240,069,002240,1.000000000000,census_block_relationship_count
069,002260,069,002260,1.000000000000,census_block_relationship_count
069,002280,069,002280,1.000000000000,census_block_relationship_count
069,002290,069,002295,0.936170212766,census_block_relationship_count
069,002290,069,002300,0.063829787234,census_block_relationship_count
069,002310,069,002315,1.000000000000,census_block_relationship_count
069,002330,069,002330,1.000000000000,census_block_relationship_count
069,002340,069,002300,0.028169014085,census_block_relationship_count
069,002340,069,002320,0.971830985915,census_block_relationship_count
069,002350,069,002300,0.966666666667,census_block_relationship_count
069,002350,069,002320,0.033333333333,census_block_relationship_count
069,002360,069,002360,0.483125800920,census_block_relationship_count
069,002360,069,002370,0.514865365857,census_block_relationship_count
069,002360,069,002380,0.002008833223,census_block_relationship_count
069,002370,069,002360,0.445107043198,census_block_relationship_count
069,002370,069,002370,0.554892956802,census_block_relationship_count
069,002380,069,002380,0.430114874738,census_block_relationship_count
069,002380,069,002390,0.569885125262,census_block_relationship_count
069,002390,069,002390,1.000000000000,census_block_relationship_count
069,002400,069,002400,1.000000000000,census_block_relationship_count
069,002410,069,002410,1.000000000000,census_block_relationship_count
071,000010,071,000010,1.000000000000,census_block_relationship_count
071,000020,071,000020,1.000000000000,census_block_relationship_count
071,000030,071,000030,1.000000000000,census_block_relationship_count
071,000040,071,000040,1.000000000000,census_block_relationship_count
071,000050,071,000050,1.000000000000,census_block_relationship_count
071,000060,071,000060,1.000000000000,census_block_relationship_count
071,000070,071,000070,1.000000000000,census_block_relationship_count
071,000080,071,000080,1.000000000000,census_block_relationship_count
071,000090,071,000088,0.011823968856,census_block_relationship_count
071,000090,071,000092,0.977064920033,census_block_relationship_count
071,000090,071,000518,0.011111111111,census_block_relationship_count
071,000095,071,000088,0.968181361338,census_block_relationship_count
071,000095,071,000092,0.031818638662,census_block_relationship_count
071,000100,071,000100,1.000000000000,census_block_relationship_count
071,000110,071,000115,1.000000000000,census_block_relationship_count
071,000140,071,000140,1.000000000000,census_block_relationship_count
071,000150,071,000155,1.000000000000,census_block_relationship_count
071,000160,071,000160,0.998822692270,census_block_relationship_count
071,000160,071,000170,0.001177307730,census_block_relationship_count
071,000170,071,000170,1.000000000000,census_block_relationship_count
071,000190,071,000190,1.000000000000,census_block_relationship_count
071,000200,071,000200,1.000000000000,census_block_relationship_count
071,000210,071,000210,1.000000000000,census_block_relationship_count
071,000220,071,000220,1.000000000000,census_block_relationship_count
071,000230,071,000230,1.000000000000,census_block_relationship_count
071,000240,071,000240,1.000000000000,census_block_relationship_count
071,000250,071,000240,0.425196850394,census_block_relationship_count
071,000250,071,000250,0.574803149606,census_block_relationship_count
071,000260,071,000262,1.000000000000,census_block_relationship_count
071,000265,071,000265,1.000000000000,census_block_relationship_count
071,000270,071,000262,0.051282051282,census_block_relationship_count
071,000270,071,000272,0.948717948718,census_block_relationship_count
071,000275,071,000275,1.000000000000,census_block_relationship_count
071,000280,071,000282,0.615654508861,census_block_relationship_count
071,000280,071,000288,0.384345491139,census_block_relationship_count
071,000290,071,000290,1.000000000000,census_block_relationship_count
071,000300,071,000300,1.000000000000,census_block_relationship_count
071,000310,071,000310,0.638962732451,census_block_relationship_count
071,000310,071,000320,0.361037267549,census_block_relationship_count
071,000320,071,000320,1.000000000000,census_block_relationship_count
071,000323,071,000323,1.000000000000,census_block_relationship_count
071,000327,071,000327,0.999922544359,census_block_relationship_count
071,000327,071,000386,0.000077455641,census_block_relationship_count
071,000330,071,000330,1.000000000000,census_block_relationship_count
071,000335,071,000335,1.000000000000,census_block_relationship_count
071,000340,071,000340,1.000000000000,census_block_relationship_count
071,000345,071,000355,0.647898390198,census_block_relationship_count
071,000345,071,000375,0.352101609802,census_block_relationship_count
071,000350,071,000350,1.000000000000,census_block_relationship_count
071,000355,071,000355,1.000000000000,census_block_relationship_count
071,000360,071,000360,1.000000000000,census_block_relationship_count
071,000365,071,000367,1.000000000000,census_block_relationship_count
071,000370,071,000367,0.930232558140,census_block_relationship_count
071,000370,071,000375,0.069767441860,census_block_relationship_count
071,000375,071,000375,1.000000000000,census_block_relationship_count
071,000380,071,000380,1.000000000000,census_block_relationship_count
071,000385,071,000386,0.484219828777,census_block_relationship_count
071,000385,071,000388,0.515780171223,census_block_relationship_count
071,000390,071,000390,1.000000000000,census_block_relationship_count
071,000395,071,000395,1.000000000000,census_block_relationship_count
071,000400,071,000429,1.000000000000,census_block_relationship_count
071,000401,071,000420,1.000000000000,census_block_relationship_count
071,000405,071,000402,1.000000000000,census_block_relationship_count
071,000406,071,000425,0.988358835464,census_block_relationship_count
071,000406,071,000433,0.011641164536,census_block_relationship_count
071,000420,071,000427,0.014396093994,census_block_relationship_count
071,000420,071,000429,0.032258064516,census_block_relationship_count
071,000420,071,000433,0.100204145562,census_block_relationship_count
071,000420,071,000434,0.853141695929,census_block_relationship_count
071,000424,071,000427,0.875241630824,census_block_relationship_count
071,000424,071,000433,0.124758369176,census_block_relationship_count
071,000425,071,000431,1.000000000000,census_block_relationship_count
071,000430,071,000433,1.000000000000,census_block_relationship_count
071,000435,071,000435,1.000000000000,census_block_relationship_count
071,000440,071,000440,1.000000000000,census_block_relationship_count
071,000445,071,000445,1.000000000000,census_block_relationship_count
071,000450,071,000450,1.000000000000,census_block_relationship_count
071,000460,071,000460,1.000000000000,census_block_relationship_count
071,000470,071,000470,1.000000000000,census_block_relationship_count
071,000480,071,000480,1.000000000000,census_block_relationship_count
071,000490,071,000490,1.000000000000,census_block_relationship_count
071,000500,071,000500,1.000000000000,census_block_relationship_count
071,000510,071,000030,0.009765865519,census_block_relationship_count
071,000510,071,000512,0.580638174885,census_block_relationship_count
071,000510,071,000518,0.409090909091,census_block_relationship_count
071,000510,071,000560,0.000505050505,census_block_relationship_count
071,000520,071,000520,1.000000000000,census_block_relationship_count
071,000530,071,000530,0.674588216491,census_block_relationship_count
071,000530,071,000540,0.152997990406,census_block_relationship_count
071,000530,071,000550,0.103448275862,census_block_relationship_count
071,000530,071,000560,0.068965517241,census_block_relationship_count
071,000540,071,000540,1.000000000000,census_block_relationship_count
071,000550,071,000540,0.040000000000,census_block_relationship_count
071,000550,071,000550,0.680000000000,census_block_relationship_count
071,000550,071,000560,0.280000000000,census_block_relationship_count
071,000560,071,000530,0.338983050847,census_block_relationship_count
071,000560,071,000560,0.661016949153,census_block_relationship_count
071,000570,071,000570,1.000000000000,census_block_relationship_count
071,000580,071,000580,1.000000000000,census_block_relationship_count
071,000590,071,000590,1.000000000000,census_block_relationship_count
071,000600,071,000600,1.000000000000,census_block_relationship_count
071,000605,071,000605,1.000000000000,census_block_relationship_count
071,000610,071,000610,1.000000000000,census_block_relationship_count
071,000620,071,000610,1.000000000000,census_block_relationship_count
071,000630,071,000630,0.782608695652,census_block_relationship_count
071,000630,071,000640,0.217391304348,census_block_relationship_count
071,000640,071,000640,1.000000000000,census_block_relationship_count
071,000650,071,000650,1.000000000000,census_block_relationship_count
071,000660,071,000660,1.000000000000,census_block_relationship_count
071,000670,071,000670,0.875000000000,census_block_relationship_count
071,000670,071,000970,0.125000000000,census_block_relationship_count
071,000680,071,000680,0.882352941176,census_block_relationship_count
071,000680,071,000690,0.117647058824,census_block_relationship_count
071,000690,071,000690,1.000000000000,census_block_relationship_count
071,000700,071,000700,1.000000000000,census_block_relationship_count
071,000710,071,000710,1.000000000000,census_block_relationship_count
071,000720,071,000720,1.000000000000,census_block_relationship_count
071,000730,071,000740,1.000000000000,census_block_relationship_count
071,000740,071,000710,0.333333333333,census_block_relationship_count
071,000740,071,000740,0.666666666667,census_block_relationship_count
071,000750,071,000750,1.000000000000,census_block_relationship_count
071,000760,071,000730,0.378378378378,census_block_relationship_count
071,000760,071,000740,0.621621621622,census_block_relationship_count
071,000770,071,000772,0.818181818182,census_block_relationship_count
071,000770,071,000778,0.136363636364,census_block_relationship_count
071,000770,071,000810,0.045454545455,census_block_relationship_count
071,000780,071,000780,1.000000000000,census_block_relationship_count
071,000790,071,000780,0.235294117646,census_block_relationship_count
071,000790,071,000790,0.732277333113,census_block_relationship_count
071,000790,071,001980,0.032428549241,census_block_relationship_count
071,000800,071,000790,0.428571428571,census_block_relationship_count
071,000800,071,000800,0.571428571429,census_block_relationship_count
071,000810,071,000778,0.352941176471,census_block_relationship_count
071,000810,071,000810,0.647058823529,census_block_relationship_count
071,000820,071,000820,1.000000000000,census_block_relationship_count
071,000830,071,000830,1.000000000000,census_block_relationship_count
071,000840,071,000830,0.041666666667,census_block_relationship_count
071,000840,071,000840,0.958333333333,census_block_relationship_count
071,000850,071,000850,1.000000000000,census_block_relationship_count
071,000860,071,000860,1.000000000000,census_block_relationship_count
071,000870,071,000870,1.000000000000,census_block_relationship_count
071,000880,071,000880,1.000000000000,census_block_relationship_count
071,000890,071,000890,0.800000000000,census_block_relationship_count
071,000890,071,000900,0.200000000000,census_block_relationship_count
071,000900,071,000890,0.769230769231,census_block_relationship_count
071,000900,071,000900,0.230769230769,census_block_relationship_count
071,000910,071,000640,0.027777777778,census_block_relationship_count
071,000910,071,000910,0.972222222222,census_block_relationship_count
071,000920,071,000900,1.000000000000,census_block_relationship_count
071,000925,071,000820,0.227272727273,census_block_relationship_count
071,000925,071,000925,0.772727272727,census_block_relationship_count
071,000930,071,000930,1.000000000000,census_block_relationship_count
071,000940,071,000940,1.000000000000,census_block_relationship_count
071,000950,071,000950,1.000000000000,census_block_relationship_count
071,000960,071,000700,0.012048192771,census_block_relationship_count
071,000960,071,000960,0.987951807229,census_block_relationship_count
071,000970,071,000970,1.000000000000,census_block_relationship_count
071,000980,071,000980,1.000000000000,census_block_relationship_count
071,000990,071,000990,1.000000000000,census_block_relationship_count
071,001000,071,001000,1.000000000000,census_block_relationship_count
071,001020,071,001020,0.920634920635,census_block_relationship_count
071,001020,071,001250,0.079365079365,census_block_relationship_count
071,001030,071,001030,1.000000000000,census_block_relationship_count
071,001040,071,001040,1.000000000000,census_block_relationship_count
071,001050,071,001050,1.000000000000,census_block_relationship_count
071,001060,071,001060,1.000000000000,census_block_relationship_count
071,001070,071,001070,0.998088579558,census_block_relationship_count
071,001070,071,001090,0.001911420442,census_block_relationship_count
071,001080,071,001080,1.000000000000,census_block_relationship_count
071,001090,071,001090,1.000000000000,census_block_relationship_count
071,001100,071,001100,0.973822465260,census_block_relationship_count
071,001100,071,001923,0.026177534740,census_block_relationship_count
071,001110,071,001110,1.000000000000,census_block_relationship_count
071,001120,071,001120,1.000000000000,census_block_relationship_count
071,001130,071,001130,1.000000000000,census_block_relationship_count
071,001140,071,001140,1.000000000000,census_block_relationship_count
071,001143,071,001000,0.039215686275,census_block_relationship_count
071,001143,071,001143,0.960784313725,census_block_relationship_count
071,001146,071,001040,0.064516129032,census_block_relationship_count
071,001146,071,001146,0.935483870968,census_block_relationship_count
071,001150,071,001155,0.633333333333,census_block_relationship_count
071,001150,071,001270,0.011111111111,census_block_relationship_count
071,001150,071,001290,0.011666162450,census_block_relationship_count
071,001150,071,001346,0.343889393106,census_block_relationship_count
071,001160,071,001160,1.000000000000,census_block_relationship_count
071,001170,071,001170,1.000000000000,census_block_relationship_count
071,001180,071,001180,1.000000000000,census_block_relationship_count
071,001190,071,001180,0.025000000000,census_block_relationship_count
071,001190,071,001190,0.975000000000,census_block_relationship_count
071,001200,071,001200,1.000000000000,census_block_relationship_count
071,001210,071,001210,0.678571428571,census_block_relationship_count
071,001210,071,001220,0.285714285714,census_block_relationship_count
071,001210,071,001230,0.035714285714,census_block_relationship_count
071,001220,071,001220,1.000000000000,census_block_relationship_count
071,001230,071,001230,0.944444444444,census_block_relationship_count
071,001230,071,001320,0.055555555556,census_block_relationship_count
071,001240,071,001180,0.072446467208,census_block_relationship_count
071,001240,071,001230,0.027279323177,census_block_relationship_count
071,001240,071,001240,0.887091428977,census_block_relationship_count
071,001240,071,001320,0.004476609715,census_block_relationship_count
071,001240,071,001332,0.008706170923,census_block_relationship_count
071,001250,071,001250,1.000000000000,census_block_relationship_count
071,001260,071,001260,1.000000000000,census_block_relationship_count
071,001270,071,001270,1.000000000000,census_block_relationship_count
071,001280,071,001280,0.922947021000,census_block_relationship_count
071,001280,071,001290,0.073742733695,census_block_relationship_count
071,001280,071,001346,0.003310245305,census_block_relationship_count
071,001290,071,001290,0.983160511314,census_block_relationship_count
071,001290,071,001346,0.016839488686,census_block_relationship_count
071,001300,071,001300,1.000000000000,census_block_relationship_count
071,001310,071,000960,0.006022962544,census_block_relationship_count
071,001310,071,001200,0.012010099938,census_block_relationship_count
071,001310,071,001220,0.011627906977,census_block_relationship_count
071,001310,071,001310,0.970339030541,census_block_relationship_count
071,001320,071,001320,1.000000000000,census_block_relationship_count
071,001330,071,001250,0.131578947368,census_block_relationship_count
071,001330,071,001260,0.078947368421,census_block_relationship_count
071,001330,071,001332,0.789473684211,census_block_relationship_count
071,001340,071,001340,0.999999078326,census_block_relationship_count
071,001340,071,001785,0.000000921674,census_block_relationship_count
071,001350,071,001350,0.999999234387,census_block_relationship_count
071,001350,071,001785,0.000000765613,census_block_relationship_count
071,001360,071,001360,1.000000000000,census_block_relationship_count
071,001370,071,001370,1.000000000000,census_block_relationship_count
071,001380,071,001380,0.971354797132,census_block_relationship_count
071,001380,071,001402,0.027694649368,census_block_relationship_count
071,001380,071,001405,0.000950553500,census_block_relationship_count
071,001390,071,001392,0.688524590164,census_block_relationship_count
071,001390,071,001398,0.311475409836,census_block_relationship_count
071,001400,071,001402,1.000000000000,census_block_relationship_count
071,001410,071,001410,1.000000000000,census_block_relationship_count
071,001420,071,001420,1.000000000000,census_block_relationship_count
071,001430,071,001430,1.000000000000,census_block_relationship_count
071,001440,071,001440,1.000000000000,census_block_relationship_count
071,001450,071,001452,0.552238805970,census_block_relationship_count
071,001450,071,001454,0.447761194030,census_block_relationship_count
071,001460,071,001040,0.064516129032,census_block_relationship_count
071,001460,071,001465,0.870249257942,census_block_relationship_count
071,001460,071,001470,0.065234613026,census_block_relationship_count
071,001470,071,001146,0.031250000000,census_block_relationship_count
071,001470,071,001470,0.968750000000,census_block_relationship_count
071,001480,071,001480,1.000000000000,census_block_relationship_count
071,001490,071,001490,1.000000000000,census_block_relationship_count
071,001510,071,001510,1.000000000000,census_block_relationship_count
071,001520,071,001520,1.000000000000,census_block_relationship_count
071,001525,071,001525,1.000000000000,census_block_relationship_count
071,001530,071,001525,0.032258064516,census_block_relationship_count
071,001530,071,001535,0.967741935484,census_block_relationship_count
071,001535,071,001530,1.000000000000,census_block_relationship_count
071,001540,071,001540,1.000000000000,census_block_relationship_count
071,001550,071,001550,0.702127659574,census_block_relationship_count
071,001550,071,001560,0.297872340426,census_block_relationship_count
071,001560,071,001540,0.379746835443,census_block_relationship_count
071,001560,071,001560,0.620253164557,census_block_relationship_count
071,001570,071,001572,1.000000000000,census_block_relationship_count
071,001580,071,001580,1.000000000000,census_block_relationship_count
071,001590,071,001590,1.000000000000,census_block_relationship_count
071,001600,071,001600,0.634041371651,census_block_relationship_count
071,001600,071,001610,0.365958628349,census_block_relationship_count
071,001610,071,001590,1.000000000000,census_block_relationship_count
071,001620,071,001622,0.429629629630,census_block_relationship_count
071,001620,071,001624,0.570370370370,census_block_relationship_count
071,001630,071,001630,0.991596638655,census_block_relationship_count
071,001630,071,001635,0.008403361345,census_block_relationship_count
071,001635,071,001635,1.000000000000,census_block_relationship_count
071,001640,071,001640,1.000000000000,census_block_relationship_count
071,001680,071,001680,1.000000000000,census_block_relationship_count
071,001690,071,001690,1.000000000000,census_block_relationship_count
071,001700,071,001700,1.000000000000,census_block_relationship_count
071,001710,071,001700,0.011627906977,census_block_relationship_count
071,001710,071,001710,0.988372093023,census_block_relationship_count
071,001720,071,001720,1.000000000000,census_block_relationship_count
071,001730,071,001735,0.851851851852,census_block_relationship_count
071,001730,071,001750,0.148148148148,census_block_relationship_count
071,001750,071,001750,1.000000000000,census_block_relationship_count
071,001760,071,001760,1.000000000000,census_block_relationship_count
071,001765,071,001765,0.963442674830,census_block_relationship_count
071,001765,071,001785,0.012675922003,census_block_relationship_count
071,001765,071,001795,0.023881403167,census_block_relationship_count
071,001770,071,001770,1.000000000000,census_block_relationship_count
071,001775,071,001765,0.077602280780,census_block_relationship_count
071,001775,071,001776,0.782763152545,census_block_relationship_count
071,001775,071,001778,0.119053451715,census_block_relationship_count
071,001775,071,001785,0.020581114960,census_block_relationship_count
071,001780,071,001780,1.000000000000,census_block_relationship_count
071,001785,071,001765,0.015968364895,census_block_relationship_count
071,001785,071,001785,0.960495816240,census_block_relationship_count
071,001785,071,001795,0.023535818865,census_block_relationship_count
071,001790,071,001790,1.000000000000,census_block_relationship_count
071,001795,071,001795,1.000000000000,census_block_relationship_count
071,001800,071,001800,1.000000000000,census_block_relationship_count
071,001802,071,001802,0.993030687233,census_block_relationship_count
071,001802,071,001810,0.006969312767,census_block_relationship_count
071,001810,071,001810,1.000000000000,census_block_relationship_count
071,001820,071,001820,1.000000000000,census_block_relationship_count
071,001830,071,001830,1.000000000000,census_block_relationship_count
071,001840,071,001840,1.000000000000,census_block_relationship_count
071,001850,071,001850,1.000000000000,census_block_relationship_count
071,001860,071,001860,1.000000000000,census_block_relationship_count
071,001870,071,001870,1.000000000000,census_block_relationship_count
071,001880,071,001882,0.509984463790,census_block_relationship_count
071,001880,071,001884,0.490015536210,census_block_relationship_count
071,001890,071,001890,0.509426933569,census_block_relationship_count
071,001890,071,001902,0.099359575500,census_block_relationship_count
071,001890,071,001904,0.391213490931,census_block_relationship_count
071,001900,071,001890,0.008110318769,census_block_relationship_count
071,001900,071,001902,0.774234783430,census_block_relationship_count
071,001900,071,001904,0.217654897800,census_block_relationship_count
071,001910,071,001910,1.000000000000,census_block_relationship_count
071,001920,071,001920,1.000000000000,census_block_relationship_count
071,001923,071,001923,1.000000000000,census_block_relationship_count
071,001926,071,001926,1.000000000000,census_block_relationship_count
071,001930,071,001910,0.011494252874,census_block_relationship_count
071,001930,071,001930,0.988505747126,census_block_relationship_count
071,001935,071,001935,1.000000000000,census_block_relationship_count
071,001938,071,001938,1.000000000000,census_block_relationship_count
071,001940,071,001935,0.032258064516,census_block_relationship_count
071,001940,071,001940,0.967741935484,census_block_relationship_count
071,001945,071,001830,0.001069642100,census_block_relationship_count
071,001945,071,001945,0.998930357900,census_block_relationship_count
071,001950,071,001910,0.043336439890,census_block_relationship_count
071,001950,071,001950,0.956663560110,census_block_relationship_count
071,001955,071,001955,1.000000000000,census_block_relationship_count
071,001960,071,001960,1.000000000000,census_block_relationship_count
071,001980,071,001980,0.942977724800,census_block_relationship_count
071,001980,071,002105,0.057022275200,census_block_relationship_count
071,001990,071,001987,0.987751428050,census_block_relationship_count
071,001990,071,001995,0.012248571950,census_block_relationship_count
071,001995,071,001995,1.000000000000,census_block_relationship_count
071,002000,071,002000,1.000000000000,census_block_relationship_count
071,002095,071,002095,1.000000000000,census_block_relationship_count
071,002105,071,002105,1.000000000000,census_block_relationship_count
071,0PR243,071,001337,1.000000000000,census_block_relationship_count
071,0PR244,071,001344,1.000000000000,census_block_relationship_count
071,0PR245,071,001335,1.000000000000,census_block_relationship_count
071,0PR246,071,001370,0.073170731707,census_block_relationship_count
071,0PR246,071,001392,0.024390243902,census_block_relationship_count
071,0PR246,071,001405,0.902439024390,census_block_relationship_count
071,0PR247,071,001574,1.000000000000,census_block_relationship_count
071,0PR248,071,001576,1.000000000000,census_block_relationship_count
073,000010,073,000010,1.000000000000,census_block_relationship_count
073,000020,073,000020,1.000000000000,census_block_relationship_count
073,000040,073,000035,1.000000000000,census_block_relationship_count
073,000050,073,000050,1.000000000000,census_block_relationship_count
073,000060,073,000035,0.014925373134,census_block_relationship_count
073,000060,073,000075,0.980003763531,census_block_relationship_count
073,000060,073,000750,0.005070863334,census_block_relationship_count
073,000080,073,000075,0.010881375965,census_block_relationship_count
073,000080,073,000080,0.989118624035,census_block_relationship_count
073,000090,073,000080,0.039215686275,census_block_relationship_count
073,000090,073,000090,0.960784313725,census_block_relationship_count
073,000100,073,000100,1.000000000000,census_block_relationship_count
073,000110,073,000110,1.000000000000,census_block_relationship_count
073,000120,073,000120,1.000000000000,census_block_relationship_count
073,000130,073,000130,0.889618254330,census_block_relationship_count
073,000130,073,000140,0.110381745670,census_block_relationship_count
073,000140,073,000130,0.000505545081,census_block_relationship_count
073,000140,073,000140,0.999494454919,census_block_relationship_count
073,000150,073,000150,1.000000000000,census_block_relationship_count
073,000160,073,000160,0.980509133459,census_block_relationship_count
073,000160,073,000170,0.005850647585,census_block_relationship_count
073,000160,073,000950,0.013640218956,census_block_relationship_count
073,000170,073,000160,0.042465277222,census_block_relationship_count
073,000170,073,000170,0.957534722778,census_block_relationship_count
073,000180,073,000160,0.038558639903,census_block_relationship_count
073,000180,073,000170,0.961441360097,census_block_relationship_count
073,000190,073,000190,1.000000000000,census_block_relationship_count
073,000200,073,000200,1.000000000000,census_block_relationship_count
073,000215,073,000215,0.905660377358,census_block_relationship_count
073,000215,073,000246,0.094339622642,census_block_relationship_count
073,000220,073,000220,0.688959329372,census_block_relationship_count
073,000220,073,000240,0.250000000000,census_block_relationship_count
073,000220,073,000244,0.042414931228,census_block_relationship_count
073,000220,073,000246,0.018625739400,census_block_relationship_count
073,000230,073,000230,1.000000000000,census_block_relationship_count
073,000240,073,000240,1.000000000000,census_block_relationship_count
073,000245,073,000244,0.611111111113,census_block_relationship_count
073,000245,073,000246,0.388888888887,census_block_relationship_count
073,000250,073,000255,1.000000000000,census_block_relationship_count
073,000280,073,000285,0.947368421053,census_block_relationship_count
073,000280,073,000596,0.052631578947,census_block_relationship_count
073,000285,073,000295,1.000000000000,census_block_relationship_count
073,000310,073,000315,0.950819672131,census_block_relationship_count
073,000310,073,000425,0.016393442623,census_block_relationship_count
073,000310,073,000475,0.016393442623,census_block_relationship_count
073,000310,073,000665,0.016393442623,census_block_relationship_count
073,000320,073,000325,0.945945945946,census_block_relationship_count
073,000320,073,000425,0.054054054054,census_block_relationship_count
073,000330,073,000335,1.000000000000,census_block_relationship_count
073,000340,073,000345,0.977777777778,census_block_relationship_count
073,000340,073,000425,0.022222222222,census_block_relationship_count
073,000350,073,000355,1.000000000000,census_block_relationship_count
073,000410,073,000415,1.000000000000,census_block_relationship_count
073,000420,073,000345,0.024390243902,census_block_relationship_count
073,000420,073,000425,0.975609756098,census_block_relationship_count
073,000470,073,000475,1.000000000000,census_block_relationship_count
073,000480,073,000485,1.000000000000,census_block_relationship_count
073,000490,073,000495,1.000000000000,census_block_relationship_count
073,000550,073,000555,1.000000000000,census_block_relationship_count
073,000560,073,000565,1.000000000000,census_block_relationship_count
073,000590,073,000596,1.000000000000,census_block_relationship_count
073,000600,073,000596,1.000000000000,census_block_relationship_count
073,000650,073,000625,1.000000000000,census_block_relationship_count
073,000660,073,000625,0.025974025974,census_block_relationship_count
073,000660,073,000665,0.974025974026,census_block_relationship_count
073,000690,073,000690,1.000000000000,census_block_relationship_count
073,000700,073,000700,0.923758355361,census_block_relationship_count
073,000700,073,000710,0.021313457800,census_block_relationship_count
073,000700,073,000720,0.054928186839,census_block_relationship_count
073,000710,073,000255,0.013351309308,census_block_relationship_count
073,000710,073,000710,0.986648690692,census_block_relationship_count
073,000720,073,000700,0.037360302300,census_block_relationship_count
073,000720,073,000720,0.962639697700,census_block_relationship_count
073,000730,073,000700,0.006510416667,census_block_relationship_count
073,000730,073,000710,0.043360386392,census_block_relationship_count
073,000730,073,000720,0.950129196942,census_block_relationship_count
073,000740,073,000625,0.003221289454,census_block_relationship_count
073,000740,073,000700,0.006398444449,census_block_relationship_count
073,000740,073,000710,0.972714875626,census_block_relationship_count
073,000740,073,000920,0.004848752454,census_block_relationship_count
073,000740,073,000950,0.012816638018,census_block_relationship_count
073,000750,073,000750,0.824263330002,census_block_relationship_count
073,000750,073,000760,0.175736669997,census_block_relationship_count
073,000760,073,000750,0.001645846020,census_block_relationship_count
073,000760,073,000760,0.998354153980,census_block_relationship_count
073,000770,073,000770,1.000000000000,census_block_relationship_count
073,000780,073,000780,1.000000000000,census_block_relationship_count
073,000790,073,000790,1.000000000000,census_block_relationship_count
073,000800,073,000790,0.047619047619,census_block_relationship_count
073,000800,073,000800,0.952380952381,census_block_relationship_count
073,000810,073,000812,0.448307435241,census_block_relationship_count
073,000810,073,000814,0.551692564759,census_block_relationship_count
073,000820,073,000820,0.883720930233,census_block_relationship_count
073,000820,073,000850,0.116279069767,census_block_relationship_count
073,000830,073,000830,0.783783783784,census_block_relationship_count
073,000830,073,000840,0.216216216216,census_block_relationship_count
073,000840,073,000820,0.025641025641,census_block_relationship_count
073,000840,073,000830,0.102564102564,census_block_relationship_count
073,000840,073,000840,0.871794871795,census_block_relationship_count
073,000850,073,000820,0.133333333333,census_block_relationship_count
073,000850,073,000850,0.866666666667,census_block_relationship_count
073,000860,073,000862,0.753424657534,census_block_relationship_count
073,000860,073,000864,0.246575342466,census_block_relationship_count
073,000870,073,000870,0.671052631579,census_block_relationship_count
073,000870,073,000880,0.328947368421,census_block_relationship_count
073,000880,073,000870,0.710748774784,census_block_relationship_count
073,000880,073,000880,0.289251225216,census_block_relationship_count
073,000890,073,000880,1.000000000000,census_block_relationship_count
073,000900,073,000900,1.000000000000,census_block_relationship_count
073,000910,073,000910,1.000000000000,census_block_relationship_count
073,000920,073,000920,1.000000000000,census_block_relationship_count
073,000930,073,000930,0.644067796610,census_block_relationship_count
073,000930,073,000950,0.084745762712,census_block_relationship_count
073,000930,073,000960,0.271186440678,census_block_relationship_count
073,000940,073,000940,0.362500000000,census_block_relationship_count
073,000940,073,000950,0.637500000000,census_block_relationship_count
073,000950,073,000940,0.190476190476,census_block_relationship_count
073,000950,073,000950,0.809523809524,census_block_relationship_count
073,000960,073,000960,1.000000000000,census_block_relationship_count
073,000970,073,000970,1.000000000000,census_block_relationship_count
073,000980,073,000980,1.000000000000,census_block_relationship_count
073,000990,073,000990,1.000000000000,census_block_relationship_count
073,001000,073,001000,1.000000000000,census_block_relationship_count
073,001010,073,001000,0.126984126984,census_block_relationship_count
073,001010,073,001010,0.873015873016,census_block_relationship_count
073,001020,073,001000,1.000000000000,census_block_relationship_count
073,001030,073,001010,1.000000000000,census_block_relationship_count
073,001040,073,001040,0.976470588235,census_block_relationship_count
073,001040,073,001050,0.023529411765,census_block_relationship_count
073,001050,073,001050,1.000000000000,census_block_relationship_count
075,000010,075,000010,1.000000000000,census_block_relationship_count
075,000020,075,000020,1.000000000000,census_block_relationship_count
075,000030,075,000030,1.000000000000,census_block_relationship_count
075,000040,075,000040,0.999999690155,census_block_relationship_count
075,000040,075,000112,0.000000309845,census_block_relationship_count
075,000050,075,000050,1.000000000000,census_block_relationship_count
075,000060,075,000062,0.577464788732,census_block_relationship_count
075,000060,075,000064,0.422535211268,census_block_relationship_count
075,000070,075,000070,1.000000000000,census_block_relationship_count
075,000080,075,000080,1.000000000000,census_block_relationship_count
075,000090,075,000090,1.000000000000,census_block_relationship_count
075,000100,075,000100,0.988888888889,census_block_relationship_count
075,000100,075,000108,0.011111111111,census_block_relationship_count
075,000110,075,000108,0.618705035971,census_block_relationship_count
075,000110,075,000112,0.381294964029,census_block_relationship_count
075,000120,075,000120,1.000000000000,census_block_relationship_count
075,000130,075,000130,1.000000000000,census_block_relationship_count
075,000140,075,000140,1.000000000000,census_block_relationship_count
075,000150,075,000150,1.000000000000,census_block_relationship_count
075,000160,075,000160,1.000000000000,census_block_relationship_count
075,000170,075,000170,1.000000000000,census_block_relationship_count
075,000180,075,000180,0.998557315021,census_block_relationship_count
075,000180,075,000230,0.001442684979,census_block_relationship_count
075,000190,075,000190,0.980392156863,census_block_relationship_count
075,000190,075,000220,0.019607843137,census_block_relationship_count
075,000200,075,000200,1.000000000000,census_block_relationship_count
075,000210,075,000210,1.000000000000,census_block_relationship_count
075,000220,075,000220,1.000000000000,census_block_relationship_count
075,000230,075,000230,1.000000000000,census_block_relationship_count
075,000240,075,000240,1.000000000000,census_block_relationship_count
075,000250,075,000250,1.000000000000,census_block_relationship_count
075,000260,075,000260,1.000000000000,census_block_relationship_count
075,000270,075,000270,1.000000000000,census_block_relationship_count
075,000280,075,000280,1.000000000000,census_block_relationship_count
075,000290,075,000290,1.000000000000,census_block_relationship_count
075,000300,075,000300,1.000000000000,census_block_relationship_count
075,000310,075,000310,1.000000000000,census_block_relationship_count
075,000320,075,000320,1.000000000000,census_block_relationship_count
075,000330,075,000332,0.442622950819,census_block_relationship_count
075,000330,075,000334,0.557377049181,census_block_relationship_count
075,000340,075,000340,1.000000000000,census_block_relationship_count
075,000350,075,000350,1.000000000000,census_block_relationship_count
075,000360,075,000360,1.000000000000,census_block_relationship_count
075,000370,075,000370,1.000000000000,census_block_relationship_count
075,000375,075,000375,1.000000000000,census_block_relationship_count
075,000380,075,000380,1.000000000000,census_block_relationship_count
075,000391,075,000391,1.000000000000,census_block_relationship_count
075,000400,075,000400,1.000000000000,census_block_relationship_count
075,000410,075,000410,1.000000000000,census_block_relationship_count
075,000420,075,000420,1.000000000000,census_block_relationship_count
075,000430,075,000430,1.000000000000,census_block_relationship_count
075,000440,075,000440,1.000000000000,census_block_relationship_count
075,000450,075,000450,1.000000000000,census_block_relationship_count
075,000460,075,000460,1.000000000000,census_block_relationship_count
075,000470,075,000470,1.000000000000,census_block_relationship_count
075,000480,075,000488,0.545454545456,census_block_relationship_count
075,000480,075,000492,0.444444444443,census_block_relationship_count
075,000480,075,000494,0.010101010101,census_block_relationship_count
075,000490,075,000494,1.000000000000,census_block_relationship_count
075,000500,075,000502,0.624309392265,census_block_relationship_count
075,000500,075,000504,0.375690607735,census_block_relationship_count
075,000510,075,000510,1.000000000000,census_block_relationship_count
075,000520,075,000510,0.169090130111,census_block_relationship_count
075,000520,075,000520,0.830909869889,census_block_relationship_count
075,000530,075,000530,1.000000000000,census_block_relationship_count
075,000540,075,000540,1.000000000000,census_block_relationship_count
077,000010,077,000010,1.000000000000,census_block_relationship_count
077,000020,077,000020,1.000000000000,census_block_relationship_count
077,000030,077,000030,1.000000000000,census_block_relationship_count
077,000040,077,000040,1.000000000000,census_block_relationship_count
077,000050,077,000050,1.000000000000,census_block_relationship_count
077,000060,077,000060,1.000000000000,census_block_relationship_count
077,000070,077,000070,1.000000000000,census_block_relationship_count
077,000080,077,000080,1.000000000000,census_block_relationship_count
077,000090,077,000095,1.000000000000,census_block_relationship_count
077,000110,077,000110,1.000000000000,census_block_relationship_count
077,000120,077,000120,1.000000000000,census_block_relationship_count
077,000130,077,000130,1.000000000000,census_block_relationship_count
077,000140,077,000140,1.000000000000,census_block_relationship_count
077,000150,077,000150,1.000000000000,census_block_relationship_count
077,000160,077,000160,1.000000000000,census_block_relationship_count
077,000170,077,000170,1.000000000000,census_block_relationship_count
077,000180,077,000180,1.000000000000,census_block_relationship_count
077,000190,077,000190,1.000000000000,census_block_relationship_count
077,000200,077,000200,1.000000000000,census_block_relationship_count
077,000210,077,000210,1.000000000000,census_block_relationship_count
077,000220,077,000220,1.000000000000,census_block_relationship_count
077,000230,077,000230,1.000000000000,census_block_relationship_count
077,000240,077,000240,1.000000000000,census_block_relationship_count
077,000250,077,000250,1.000000000000,census_block_relationship_count
077,000260,077,000260,1.000000000000,census_block_relationship_count
077,000270,077,000270,0.984983543632,census_block_relationship_count
077,000270,077,001140,0.015016456368,census_block_relationship_count
077,000280,077,000280,1.000000000000,census_block_relationship_count
077,000290,077,000290,1.000000000000,census_block_relationship_count
077,000300,077,000300,1.000000000000,census_block_relationship_count
077,000310,077,000310,1.000000000000,census_block_relationship_count
077,000320,077,000320,1.000000000000,census_block_relationship_count
077,000330,077,000330,1.000000000000,census_block_relationship_count
077,000340,077,000340,1.000000000000,census_block_relationship_count
077,000350,077,000350,0.966666666667,census_block_relationship_count
077,000350,077,000360,0.033333333333,census_block_relationship_count
077,000360,077,000360,1.000000000000,census_block_relationship_count
077,000370,077,000370,1.000000000000,census_block_relationship_count
077,000380,077,000380,1.000000000000,census_block_relationship_count
077,000390,077,000020,0.016666666667,census_block_relationship_count
077,000390,077,000070,0.008333333333,census_block_relationship_count
077,000390,077,000380,0.001301019018,census_block_relationship_count
077,000390,077,000390,0.973698980982,census_block_relationship_count
077,000400,077,000400,1.000000000000,census_block_relationship_count
077,000410,077,000410,1.000000000000,census_block_relationship_count
077,000420,077,000420,1.000000000000,census_block_relationship_count
077,000430,077,000080,0.002244845435,census_block_relationship_count
077,000430,077,000430,0.991664936519,census_block_relationship_count
077,000430,077,000850,0.006090218046,census_block_relationship_count
077,000440,077,000440,1.000000000000,census_block_relationship_count
077,000450,077,000450,1.000000000000,census_block_relationship_count
077,000460,077,000460,1.000000000000,census_block_relationship_count
077,000470,077,000470,1.000000000000,census_block_relationship_count
077,000480,077,000480,1.000000000000,census_block_relationship_count
077,000490,077,000490,1.000000000000,census_block_relationship_count
077,000500,077,000500,1.000000000000,census_block_relationship_count
077,000510,077,000510,1.000000000000,census_block_relationship_count
077,000520,077,000520,1.000000000000,census_block_relationship_count
077,000530,077,000530,1.000000000000,census_block_relationship_count
077,000540,077,000540,0.999036353620,census_block_relationship_count
077,000540,077,001052,0.000963646380,census_block_relationship_count
077,000550,077,000550,1.000000000000,census_block_relationship_count
077,000560,077,000560,1.000000000000,census_block_relationship_count
077,000570,077,000570,0.980145123626,census_block_relationship_count
077,000570,077,001052,0.019854876374,census_block_relationship_count
077,000580,077,000580,1.000000000000,census_block_relationship_count
077,000590,077,000590,1.000000000000,census_block_relationship_count
077,000600,077,000600,1.000000000000,census_block_relationship_count
077,000610,077,000610,1.000000000000,census_block_relationship_count
077,000620,077,000620,1.000000000000,census_block_relationship_count
077,000630,077,000630,1.000000000000,census_block_relationship_count
077,000640,077,000640,1.000000000000,census_block_relationship_count
077,000650,077,000650,1.000000000000,census_block_relationship_count
077,000660,077,000660,1.000000000000,census_block_relationship_count
077,000670,077,000670,1.000000000000,census_block_relationship_count
077,000680,077,000680,1.000000000000,census_block_relationship_count
077,000690,077,000680,0.050000000000,census_block_relationship_count
077,000690,077,000690,0.950000000000,census_block_relationship_count
077,000700,077,000700,1.000000000000,census_block_relationship_count
077,000710,077,000700,0.000476921882,census_block_relationship_count
077,000710,077,000710,0.999523078118,census_block_relationship_count
077,000720,077,000720,1.000000000000,census_block_relationship_count
077,000730,077,000730,1.000000000000,census_block_relationship_count
077,000740,077,000740,1.000000000000,census_block_relationship_count
077,000750,077,000750,1.000000000000,census_block_relationship_count
077,000760,077,000760,1.000000000000,census_block_relationship_count
077,000770,077,000770,1.000000000000,census_block_relationship_count
077,000780,077,000780,1.000000000000,census_block_relationship_count
077,000790,077,000790,1.000000000000,census_block_relationship_count
077,000800,077,000800,1.000000000000,census_block_relationship_count
077,000810,077,000810,1.000000000000,census_block_relationship_count
077,000820,077,000820,1.000000000000,census_block_relationship_count
077,000830,077,000830,0.983870967742,census_block_relationship_count
077,000830,077,000840,0.016129032258,census_block_relationship_count
077,000840,077,000840,1.000000000000,census_block_relationship_count
077,000850,077,000420,0.000273406874,census_block_relationship_count
077,000850,077,000430,0.002692695617,census_block_relationship_count
077,000850,077,000850,0.997033897509,census_block_relationship_count
077,000860,077,000860,1.000000000000,census_block_relationship_count
077,000870,077,000870,1.000000000000,census_block_relationship_count
077,000880,077,000880,1.000000000000,census_block_relationship_count
077,000890,077,000892,1.000000000000,census_block_relationship_count
077,000891,077,000926,1.000000000000,census_block_relationship_count
077,000900,077,000900,1.000000000000,census_block_relationship_count
077,000901,077,000928,1.000000000000,census_block_relationship_count
077,000910,077,000912,1.000000000000,census_block_relationship_count
077,000911,077,000922,1.000000000000,census_block_relationship_count
077,000912,077,000924,1.000000000000,census_block_relationship_count
077,000920,077,000920,1.000000000000,census_block_relationship_count
077,000930,077,000930,1.000000000000,census_block_relationship_count
077,000940,077,000940,1.000000000000,census_block_relationship_count
077,000950,077,000950,1.000000000000,census_block_relationship_count
077,000960,077,000960,1.000000000000,census_block_relationship_count
077,000970,077,000970,1.000000000000,census_block_relationship_count
077,000980,077,000980,1.000000000000,census_block_relationship_count
077,000990,077,000990,1.000000000000,census_block_relationship_count
077,001000,077,001000,0.991228070175,census_block_relationship_count
077,001000,077,001022,0.008771929825,census_block_relationship_count
077,001010,077,001011,0.268456375839,census_block_relationship_count
077,001010,077,001022,0.322147651006,census_block_relationship_count
077,001010,077,001025,0.409395973154,census_block_relationship_count
077,001020,077,001020,0.999999009844,census_block_relationship_count
077,001020,077,001022,0.000000990156,census_block_relationship_count
077,001030,077,001030,1.000000000000,census_block_relationship_count
077,001040,077,001040,1.000000000000,census_block_relationship_count
077,001051,077,001055,1.000000000000,census_block_relationship_count
077,001060,077,001060,1.000000000000,census_block_relationship_count
077,001061,077,001052,1.000000000000,census_block_relationship_count
077,001070,077,001070,1.000000000000,census_block_relationship_count
077,001080,077,001080,1.000000000000,census_block_relationship_count
077,001090,077,001090,1.000000000000,census_block_relationship_count
077,001100,077,001100,1.000000000000,census_block_relationship_count
077,001110,077,001110,1.000000000000,census_block_relationship_count
077,001120,077,001120,1.000000000000,census_block_relationship_count
077,001130,077,001130,1.000000000000,census_block_relationship_count
077,001140,077,001140,1.000000000000,census_block_relationship_count
077,001150,077,001150,1.000000000000,census_block_relationship_count
077,001160,077,001160,1.000000000000,census_block_relationship_count
077,001170,077,000490,0.010638297872,census_block_relationship_count
077,001170,077,001170,0.989361702128,census_block_relationship_count
077,001190,077,001190,1.000000000000,census_block_relationship_count
077,001200,077,001200,1.000000000000,census_block_relationship_count
077,001210,077,001210,1.000000000000,census_block_relationship_count
077,001220,077,001222,1.000000000000,census_block_relationship_count
077,001221,077,001255,1.000000000000,census_block_relationship_count
077,001230,077,001230,1.000000000000,census_block_relationship_count
077,001240,077,001240,1.000000000000,census_block_relationship_count
077,001250,077,001251,0.222904215819,census_block_relationship_count
077,001250,077,001256,0.285570360452,census_block_relationship_count
077,001250,077,001257,0.265536723164,census_block_relationship_count
077,001250,077,001258,0.225988700565,census_block_relationship_count
077,001260,077,001260,1.000000000000,census_block_relationship_count
077,001270,077,001270,1.000000000000,census_block_relationship_count
077,001280,077,001280,1.000000000000,census_block_relationship_count
077,001290,077,001290,0.999700144800,census_block_relationship_count
077,001290,077,001310,0.000299855200,census_block_relationship_count
077,001300,077,001301,0.523809523809,census_block_relationship_count
077,001300,077,001310,0.011904761905,census_block_relationship_count
077,001300,077,001312,0.202380952382,census_block_relationship_count
077,001300,077,001314,0.261904761904,census_block_relationship_count
077,001310,077,001310,1.000000000000,census_block_relationship_count
077,001320,077,001320,1.000000000000,census_block_relationship_count
077,001330,077,001330,1.000000000000,census_block_relationship_count
077,001340,077,001340,1.000000000000,census_block_relationship_count
077,001350,077,001350,1.000000000000,census_block_relationship_count
077,001360,077,001360,1.000000000000,census_block_relationship_count
077,001370,077,001370,0.983050847458,census_block_relationship_count
077,001370,077,001390,0.016949152542,census_block_relationship_count
077,001380,077,001380,0.980769230769,census_block_relationship_count
077,001380,077,001390,0.019230769231,census_block_relationship_count
077,001390,077,001390,1.000000000000,census_block_relationship_count
077,001400,077,001400,1.000000000000,census_block_relationship_count
077,001410,077,001410,1.000000000000,census_block_relationship_count
077,001420,077,001425,1.000000000000,census_block_relationship_count
077,001430,077,001430,1.000000000000,census_block_relationship_count
077,001440,077,001440,1.000000000000,census_block_relationship_count
077,001450,077,001450,1.000000000000,census_block_relationship_count
077,001460,077,001460,1.000000000000,census_block_relationship_count
077,001470,077,001470,1.000000000000,census_block_relationship_count
079,000010,079,000010,1.000000000000,census_block_relationship_count
079,000040,079,000025,1.000000000000,census_block_relationship_count
079,000050,079,000050,0.933836712695,census_block_relationship_count
079,000050,079,000280,0.053475293074,census_block_relationship_count
079,000050,079,000310,0.012687994232,census_block_relationship_count
079,000060,079,000050,0.000057925333,census_block_relationship_count
079,000060,079,000060,0.997306554267,census_block_relationship_count
079,000060,079,000280,0.002635520400,census_block_relationship_count
079,000070,079,000070,0.977777777778,census_block_relationship_count
079,000070,079,002620,0.022222222222,census_block_relationship_count
079,000080,079,000080,1.000000000000,census_block_relationship_count
079,000083,079,000083,0.972767959560,census_block_relationship_count
079,000083,079,000088,0.000814229408,census_block_relationship_count
079,000083,079,000095,0.018779891376,census_block_relationship_count
079,000083,079,000120,0.007606019401,census_block_relationship_count
079,000083,079,000250,0.000031900255,census_block_relationship_count
079,000088,079,000088,0.997627029100,census_block_relationship_count
079,000088,079,001840,0.002372970900,census_block_relationship_count
079,000095,079,000080,0.000277075514,census_block_relationship_count
079,000095,079,000083,0.043111653821,census_block_relationship_count
079,000095,079,000095,0.956611270664,census_block_relationship_count
079,000100,079,000105,0.987492914688,census_block_relationship_count
079,000100,079,001740,0.012507085312,census_block_relationship_count
079,000110,079,000105,0.940426093485,census_block_relationship_count
079,000110,079,000807,0.059573906515,census_block_relationship_count
079,000120,079,000083,0.241000645229,census_block_relationship_count
079,000120,079,000120,0.758999354771,census_block_relationship_count
079,000130,079,000132,0.803568059420,census_block_relationship_count
079,000130,079,000142,0.178571428571,census_block_relationship_count
079,000130,079,000152,0.017857142857,census_block_relationship_count
079,000130,079,000825,0.000003369152,census_block_relationship_count
079,000140,079,000138,1.000000000000,census_block_relationship_count
079,000150,079,000142,0.500000000000,census_block_relationship_count
079,000150,079,000148,0.490196078431,census_block_relationship_count
079,000150,079,000260,0.009803921569,census_block_relationship_count
079,000160,079,000132,0.018867924528,census_block_relationship_count
079,000160,079,000152,0.924263552236,census_block_relationship_count
079,000160,079,001150,0.056868523236,census_block_relationship_count
079,000170,079,000165,0.954378514300,census_block_relationship_count
079,000170,079,001782,0.010869565217,census_block_relationship_count
079,000170,079,002380,0.034751920483,census_block_relationship_count
079,000180,079,000180,0.946619510994,census_block_relationship_count
079,000180,079,002402,0.051398398097,census_block_relationship_count
079,000180,079,002404,0.001982090908,census_block_relationship_count
079,000190,079,000190,0.782794016017,census_block_relationship_count
079,000190,079,001282,0.000018087818,census_block_relationship_count
079,000190,079,001294,0.075734141500,census_block_relationship_count
079,000190,079,001552,0.138551572786,census_block_relationship_count
079,000190,079,002275,0.002902181879,census_block_relationship_count
079,000200,079,000205,0.062500000000,census_block_relationship_count
079,000200,079,000215,0.114583333333,census_block_relationship_count
079,000200,079,000225,0.666666666667,census_block_relationship_count
079,000200,079,000227,0.148098744115,census_block_relationship_count
079,000200,079,000230,0.008151255885,census_block_relationship_count
079,000210,079,000205,0.490736933292,census_block_relationship_count
079,000210,079,000215,0.499331839752,census_block_relationship_count
079,000210,079,000230,0.000668160248,census_block_relationship_count
079,000210,079,000790,0.009263066708,census_block_relationship_count
079,000220,079,000225,0.054738970308,census_block_relationship_count
079,000220,079,000227,0.383561643836,census_block_relationship_count
079,000220,079,000229,0.551337616752,census_block_relationship_count
079,000220,079,000240,0.009163758448,census_block_relationship_count
079,000220,079,000580,0.000055550240,census_block_relationship_count
079,000220,079,001525,0.001142460416,census_block_relationship_count
079,000230,079,000215,0.189922076039,census_block_relationship_count
079,000230,079,000230,0.782334141014,census_block_relationship_count
079,000230,079,001525,0.027743782947,census_block_relationship_count
079,000240,079,000227,0.024568674348,census_block_relationship_count
079,000240,079,000229,0.010051278071,census_block_relationship_count
079,000240,079,000240,0.954094691962,census_block_relationship_count
079,000240,079,001525,0.011285355619,census_block_relationship_count
079,000250,079,000083,0.031173194253,census_block_relationship_count
079,000250,079,000088,0.000026028799,census_block_relationship_count
079,000250,079,000250,0.936316060306,census_block_relationship_count
079,000250,079,000484,0.006172839506,census_block_relationship_count
079,000250,079,000555,0.006172839506,census_block_relationship_count
079,000250,079,001840,0.020139037630,census_block_relationship_count
079,000260,079,000260,1.000000000000,census_block_relationship_count
079,000270,079,000275,1.000000000000,census_block_relationship_count
079,000280,079,000280,1.000000000000,census_block_relationship_count
079,000300,079,000105,0.011904761905,census_block_relationship_count
079,000300,079,000300,0.976190476190,census_block_relationship_count
079,000300,079,000807,0.011904761905,census_block_relationship_count
079,000320,079,000050,0.006084504677,census_block_relationship_count
079,000320,079,000280,0.000068530842,census_block_relationship_count
079,000320,079,000310,0.993827900995,census_block_relationship_count
079,000320,079,001165,0.000019063486,census_block_relationship_count
079,000330,079,000070,0.018310479184,census_block_relationship_count
079,000330,079,000325,0.981689520816,census_block_relationship_count
079,000350,079,000352,0.894134395855,census_block_relationship_count
079,000350,079,001310,0.071066910148,census_block_relationship_count
079,000350,079,002275,0.034798693997,census_block_relationship_count
079,000360,079,000366,0.997748962400,census_block_relationship_count
079,000360,079,001452,0.002251037600,census_block_relationship_count
079,000370,079,000352,0.480657375217,census_block_relationship_count
079,000370,079,000366,0.482758620690,census_block_relationship_count
079,000370,079,001452,0.036584004093,census_block_relationship_count
079,000420,079,000420,0.987012987013,census_block_relationship_count
079,000420,079,000580,0.012987012987,census_block_relationship_count
079,000430,079,000430,1.000000000000,census_block_relationship_count
079,000440,079,000442,0.998239269722,census_block_relationship_count
079,000440,079,001886,0.001760730278,census_block_relationship_count
079,000450,079,000442,1.000000000000,census_block_relationship_count
079,000460,079,000420,0.000323803934,census_block_relationship_count
079,000460,079,000452,0.999655720878,census_block_relationship_count
079,000460,079,001235,0.000020475188,census_block_relationship_count
079,000470,079,000470,1.000000000000,census_block_relationship_count
079,000480,079,000083,0.008474576271,census_block_relationship_count
079,000480,079,000482,0.381355932203,census_block_relationship_count
079,000480,079,000484,0.601694915254,census_block_relationship_count
079,000480,079,003136,0.008474576271,census_block_relationship_count
079,000490,079,000495,0.968598418800,census_block_relationship_count
079,000490,079,001340,0.026315789474,census_block_relationship_count
079,000490,079,002025,0.005085791726,census_block_relationship_count
079,000510,079,000515,1.000000000000,census_block_relationship_count
079,000530,079,000535,0.999175287486,census_block_relationship_count
079,000530,079,003160,0.000824712514,census_block_relationship_count
079,000550,079,000555,0.976139693852,census_block_relationship_count
079,000550,079,002620,0.023860306148,census_block_relationship_count
079,000560,079,000132,0.000153249115,census_block_relationship_count
079,000560,079,000565,0.979328374747,census_block_relationship_count
079,000560,079,000845,0.020518376139,census_block_relationship_count
079,000580,079,000225,0.006272108012,census_block_relationship_count
079,000580,079,000420,0.000621114846,census_block_relationship_count
079,000580,079,000580,0.991726581182,census_block_relationship_count
079,000580,079,001296,0.001380195960,census_block_relationship_count
079,000590,079,000596,1.000000000000,census_block_relationship_count
079,000600,079,000596,1.000000000000,census_block_relationship_count
079,000650,079,000650,1.000000000000,census_block_relationship_count
079,000660,079,000666,0.973085435373,census_block_relationship_count
079,000660,079,003045,0.000857775432,census_block_relationship_count
079,000660,079,003050,0.025457302336,census_block_relationship_count
079,000660,079,003075,0.000599486859,census_block_relationship_count
079,000670,079,000666,0.959859526784,census_block_relationship_count
079,000670,079,000750,0.014285714286,census_block_relationship_count
079,000670,079,003075,0.025854758930,census_block_relationship_count
079,000695,079,000702,0.954505954725,census_block_relationship_count
079,000695,079,003020,0.045494045275,census_block_relationship_count
079,000720,079,000682,0.015151515152,census_block_relationship_count
079,000720,079,000725,0.984848484848,census_block_relationship_count
079,000750,079,000666,0.018518518519,census_block_relationship_count
079,000750,079,000750,0.975232102737,census_block_relationship_count
079,000750,079,001645,0.002179624519,census_block_relationship_count
079,000750,079,001830,0.000224895952,census_block_relationship_count
079,000750,079,002480,0.003844858274,census_block_relationship_count
079,000760,079,000682,0.999974900715,census_block_relationship_count
079,000760,079,000725,0.000025099285,census_block_relationship_count
079,000790,079,000790,0.999999329221,census_block_relationship_count
079,000790,079,001420,0.000000670779,census_block_relationship_count
079,000800,079,000815,0.000000055120,census_block_relationship_count
079,000800,079,000845,0.999999944880,census_block_relationship_count
079,000810,079,000132,0.045156959752,census_block_relationship_count
079,000810,079,000815,0.015625000000,census_block_relationship_count
079,000810,079,000825,0.939218040248,census_block_relationship_count
079,000815,079,000105,1.000000000000,census_block_relationship_count
079,000870,079,000132,0.000600779963,census_block_relationship_count
079,000870,079,000835,0.996904014017,census_block_relationship_count
079,000870,079,000845,0.002495206021,census_block_relationship_count
079,000880,079,000806,0.054945054945,census_block_relationship_count
079,000880,079,000807,0.936700630641,census_block_relationship_count
079,000880,079,002402,0.003366107600,census_block_relationship_count
079,000880,079,002498,0.004988206814,census_block_relationship_count
079,000890,079,000815,1.000000000000,census_block_relationship_count
079,000910,079,000910,1.000000000000,census_block_relationship_count
079,000920,079,000920,1.000000000000,census_block_relationship_count
079,000930,079,000930,1.000000000000,census_block_relationship_count
079,000950,079,000955,1.000000000000,census_block_relationship_count
079,000960,079,000965,1.000000000000,census_block_relationship_count
079,000970,079,000975,1.000000000000,census_block_relationship_count
079,000980,079,000815,0.024806511292,census_block_relationship_count
079,000980,079,000985,0.975193488708,census_block_relationship_count
079,000990,079,000995,1.000000000000,census_block_relationship_count
079,001020,079,001025,1.000000000000,census_block_relationship_count
079,001050,079,001005,1.000000000000,census_block_relationship_count
079,001080,079,000815,0.008771929825,census_block_relationship_count
079,001080,079,001035,0.991228070175,census_block_relationship_count
079,001150,079,001150,1.000000000000,census_block_relationship_count
079,001160,079,000050,0.000108446037,census_block_relationship_count
079,001160,079,000280,0.000238232198,census_block_relationship_count
079,001160,079,000310,0.023812015218,census_block_relationship_count
079,001160,079,001165,0.975841306547,census_block_relationship_count
079,001180,079,001180,1.000000000000,census_block_relationship_count
079,001190,079,001190,0.982973619289,census_block_relationship_count
079,001190,079,001760,0.016991820941,census_block_relationship_count
079,001190,079,002315,0.000034559770,census_block_relationship_count
079,001200,079,001200,0.979169372124,census_block_relationship_count
079,001200,079,001430,0.000576953499,census_block_relationship_count
079,001200,079,002122,0.020253674377,census_block_relationship_count
079,001210,079,001210,1.000000000000,census_block_relationship_count
079,001220,079,001225,0.947826086957,census_block_relationship_count
079,001220,079,001410,0.008695652174,census_block_relationship_count
079,001220,079,001995,0.008695652174,census_block_relationship_count
079,001220,079,002065,0.034782608696,census_block_relationship_count
079,001230,079,001245,0.946008883680,census_block_relationship_count
079,001230,079,001410,0.038599864626,census_block_relationship_count
079,001230,079,002055,0.015391251694,census_block_relationship_count
079,001250,079,001235,1.000000000000,census_block_relationship_count
079,001280,079,000420,0.000013772764,census_block_relationship_count
079,001280,079,001288,0.022727272727,census_block_relationship_count
079,001280,079,001294,0.159090909091,census_block_relationship_count
079,001280,079,001296,0.818168045418,census_block_relationship_count
079,001290,079,000229,0.001347891029,census_block_relationship_count
079,001290,079,001282,0.377777777778,census_block_relationship_count
079,001290,079,001288,0.620874331193,census_block_relationship_count
079,001300,079,000190,0.031052488944,census_block_relationship_count
079,001300,079,001282,0.226590671519,census_block_relationship_count
079,001300,079,001288,0.235849056604,census_block_relationship_count
079,001300,079,001294,0.383866273500,census_block_relationship_count
079,001300,079,001296,0.122641509434,census_block_relationship_count
079,001310,079,001310,0.892857142857,census_block_relationship_count
079,001310,079,001320,0.107142857143,census_block_relationship_count
079,001320,079,001320,1.000000000000,census_block_relationship_count
079,001330,079,001330,1.000000000000,census_block_relationship_count
079,001350,079,001330,0.321428571429,census_block_relationship_count
079,001350,079,001340,0.665549237411,census_block_relationship_count
079,001350,079,002025,0.013022191161,census_block_relationship_count
079,001360,079,001340,0.083333333333,census_block_relationship_count
079,001360,079,001355,0.916666666667,census_block_relationship_count
079,001370,079,001375,0.931818181818,census_block_relationship_count
079,001370,079,001390,0.068181818182,census_block_relationship_count
079,001390,079,001400,0.994183894490,census_block_relationship_count
079,001390,079,002025,0.000533725549,census_block_relationship_count
079,001390,079,002725,0.005282379961,census_block_relationship_count
079,001400,079,001390,1.000000000000,census_block_relationship_count
079,001410,079,001225,0.035714285714,census_block_relationship_count
079,001410,079,001410,0.946428571429,census_block_relationship_count
079,001410,079,002055,0.017857142857,census_block_relationship_count
079,001420,079,000790,0.017604987184,census_block_relationship_count
079,001420,079,001420,0.982395012816,census_block_relationship_count
079,001430,079,000366,0.027371207498,census_block_relationship_count
079,001430,079,001200,0.000044884966,census_block_relationship_count
079,001430,079,001430,0.951504304589,census_block_relationship_count
079,001430,079,002935,0.021079602947,census_block_relationship_count
079,001440,079,001445,1.000000000000,census_block_relationship_count
079,001450,079,001452,1.000000000000,census_block_relationship_count
079,001460,079,000352,0.061700277492,census_block_relationship_count
079,001460,079,001452,0.938299722508,census_block_relationship_count
079,001510,079,001510,0.997844624239,census_block_relationship_count
079,001510,079,003095,0.002155375761,census_block_relationship_count
079,001520,079,001525,1.000000000000,census_block_relationship_count
079,001530,079,000790,0.121044319586,census_block_relationship_count
079,001530,079,001531,0.878955680414,census_block_relationship_count
079,001540,079,001420,0.016750190613,census_block_relationship_count
079,001540,079,001515,0.983249809387,census_block_relationship_count
079,001550,079,001552,1.000000000000,census_block_relationship_count
079,001560,079,001552,1.000000000000,census_block_relationship_count
079,001590,079,000650,0.022222222222,census_block_relationship_count
079,001590,079,001590,0.977777777778,census_block_relationship_count
079,001600,079,001605,1.000000000000,census_block_relationship_count
079,001610,079,001615,1.000000000000,census_block_relationship_count
079,001620,079,001625,1.000000000000,census_block_relationship_count
079,001650,079,001625,0.012500000000,census_block_relationship_count
079,001650,079,001645,0.987500000000,census_block_relationship_count
079,001720,079,001635,1.000000000000,census_block_relationship_count
079,001740,079,001740,0.977272727273,census_block_relationship_count
079,001740,079,001750,0.022727272727,census_block_relationship_count
079,001750,079,001750,1.000000000000,census_block_relationship_count
079,001760,079,001190,0.116859797237,census_block_relationship_count
079,001760,079,001760,0.883140202763,census_block_relationship_count
079,001775,079,001782,1.000000000000,census_block_relationship_count
079,001790,079,001782,0.256756756757,census_block_relationship_count
079,001790,079,001786,0.743199356069,census_block_relationship_count
079,001790,079,001830,0.000043887174,census_block_relationship_count
079,001800,079,001786,1.000000000000,census_block_relationship_count
079,001830,079,001830,1.000000000000,census_block_relationship_count
079,001840,079,000083,0.071428571429,census_block_relationship_count
079,001840,079,001840,0.928571428571,census_block_relationship_count
079,001850,079,000310,0.002041867170,census_block_relationship_count
079,001850,079,001852,0.997958132830,census_block_relationship_count
079,001860,079,001852,0.806451612903,census_block_relationship_count
079,001860,079,001862,0.193548387097,census_block_relationship_count
079,001870,079,001862,0.788114127508,census_block_relationship_count
079,001870,079,001876,0.038461538462,census_block_relationship_count
079,001870,079,001886,0.173076923077,census_block_relationship_count
079,001870,079,001995,0.000347410954,census_block_relationship_count
079,001880,079,001862,0.250000000000,census_block_relationship_count
079,001880,079,001876,0.750000000000,census_block_relationship_count
079,001890,079,001876,0.830508474576,census_block_relationship_count
079,001890,079,001886,0.169491525424,census_block_relationship_count
079,001970,079,001886,1.000000000000,census_block_relationship_count
079,001990,079,001225,0.017088394405,census_block_relationship_count
079,001990,079,001862,0.000812205659,census_block_relationship_count
079,001990,079,001876,0.008333333333,census_block_relationship_count
079,001990,079,001995,0.958108930399,census_block_relationship_count
079,001990,079,003170,0.015657136203,census_block_relationship_count
079,002000,079,000275,0.010204081633,census_block_relationship_count
079,002000,079,000280,0.030612244898,census_block_relationship_count
079,002000,079,001225,0.020408163265,census_block_relationship_count
079,002000,079,002005,0.938775510204,census_block_relationship_count
079,002020,079,002025,0.972159406103,census_block_relationship_count
079,002020,079,002035,0.013888888889,census_block_relationship_count
079,002020,079,002725,0.013951705008,census_block_relationship_count
079,002040,079,002035,1.000000000000,census_block_relationship_count
079,002050,079,000535,0.017241379310,census_block_relationship_count
079,002050,079,002045,0.965423133255,census_block_relationship_count
079,002050,079,003160,0.017335487434,census_block_relationship_count
079,002060,079,002065,0.992907801418,census_block_relationship_count
079,002060,079,003095,0.007092198582,census_block_relationship_count
079,002100,079,002035,0.022590772211,census_block_relationship_count
079,002100,079,002055,0.977409227789,census_block_relationship_count
079,002120,079,001430,0.033013721068,census_block_relationship_count
079,002120,079,002122,0.932180114610,census_block_relationship_count
079,002120,079,002166,0.034806164322,census_block_relationship_count
079,002130,079,001180,0.024804112782,census_block_relationship_count
079,002130,079,002122,0.975195887218,census_block_relationship_count
079,002140,079,000702,0.043333980070,census_block_relationship_count
079,002140,079,001430,0.096013176638,census_block_relationship_count
079,002140,079,002122,0.000004166278,census_block_relationship_count
079,002140,079,002142,0.860648677015,census_block_relationship_count
079,002150,079,002122,0.000051181017,census_block_relationship_count
079,002150,079,002142,0.595238095238,census_block_relationship_count
079,002150,079,002156,0.404710723745,census_block_relationship_count
079,002160,079,002122,0.014642036027,census_block_relationship_count
079,002160,079,002156,0.911082473231,census_block_relationship_count
079,002160,079,002166,0.074275490742,census_block_relationship_count
079,002170,079,002122,0.037791545807,census_block_relationship_count
079,002170,079,002166,0.962208454193,census_block_relationship_count
079,002270,079,000190,0.000849313689,census_block_relationship_count
079,002270,079,000352,0.072116763522,census_block_relationship_count
079,002270,079,002275,0.927033922789,census_block_relationship_count
079,002290,079,000260,0.021276595745,census_block_relationship_count
079,002290,079,001830,0.010638297872,census_block_relationship_count
079,002290,079,002292,0.478612336813,census_block_relationship_count
079,002290,079,002294,0.489361702128,census_block_relationship_count
079,002290,079,003132,0.000111067443,census_block_relationship_count
079,002300,079,000470,0.006993006993,census_block_relationship_count
079,002300,079,001420,0.021437637046,census_block_relationship_count
079,002300,079,002300,0.971569355961,census_block_relationship_count
079,002310,079,001190,0.009217573833,census_block_relationship_count
079,002310,079,002315,0.963113280295,census_block_relationship_count
079,002310,079,002345,0.008196721311,census_block_relationship_count
079,002310,079,002470,0.019472424561,census_block_relationship_count
079,002330,079,002315,0.211111111111,census_block_relationship_count
079,002330,079,002325,0.788888888889,census_block_relationship_count
079,002350,079,002345,1.000000000000,census_block_relationship_count
079,002380,079,001830,0.047171595807,census_block_relationship_count
079,002380,079,002380,0.952828404193,census_block_relationship_count
079,002390,079,000666,0.084879675732,census_block_relationship_count
079,002390,079,000725,0.018174572054,census_block_relationship_count
079,002390,079,000750,0.000226892146,census_block_relationship_count
079,002390,079,002390,0.891604446232,census_block_relationship_count
079,002390,079,002480,0.005114413836,census_block_relationship_count
079,002400,079,000105,0.012938570206,census_block_relationship_count
079,002400,079,000132,0.000113847778,census_block_relationship_count
079,002400,079,000152,0.025782780710,census_block_relationship_count
079,002400,079,000180,0.015348537823,census_block_relationship_count
079,002400,079,000807,0.005974588222,census_block_relationship_count
079,002400,079,000815,0.027580969813,census_block_relationship_count
079,002400,079,000825,0.006072753046,census_block_relationship_count
079,002400,079,001150,0.008820969263,census_block_relationship_count
079,002400,079,001740,0.000133317497,census_block_relationship_count
079,002400,079,002402,0.188270160580,census_block_relationship_count
079,002400,079,002404,0.305276167614,census_block_relationship_count
079,002400,079,002406,0.402187616720,census_block_relationship_count
079,002400,079,002498,0.001499720727,census_block_relationship_count
079,002420,079,002425,1.000000000000,census_block_relationship_count
079,002440,079,002445,1.000000000000,census_block_relationship_count
079,002460,079,001552,0.042358109121,census_block_relationship_count
079,002460,079,002460,0.957641890879,census_block_relationship_count
079,002470,079,002300,0.010795482703,census_block_relationship_count
079,002470,079,002345,0.011235955056,census_block_relationship_count
079,002470,079,002470,0.977968562240,census_block_relationship_count
079,002480,079,000750,0.254109898151,census_block_relationship_count
079,002480,079,002390,0.000888009773,census_block_relationship_count
079,002480,079,002480,0.745002092076,census_block_relationship_count
079,002485,079,002478,0.440000000000,census_block_relationship_count
079,002485,079,002498,0.560000000000,census_block_relationship_count
079,002495,079,000815,0.075664494926,census_block_relationship_count
079,002495,079,002404,0.030624298165,census_block_relationship_count
079,002495,079,002498,0.893711206909,census_block_relationship_count
079,002525,079,000806,0.058823529412,census_block_relationship_count
079,002525,079,000807,0.098045979014,census_block_relationship_count
079,002525,079,002478,0.843130491575,census_block_relationship_count
079,002540,079,001852,0.002159414199,census_block_relationship_count
079,002540,079,002540,0.997840585801,census_block_relationship_count
079,002550,079,001886,0.010440930632,census_block_relationship_count
079,002550,079,002540,0.000072868465,census_block_relationship_count
079,002550,079,002555,0.989486200903,census_block_relationship_count
079,002560,079,001886,0.003052972990,census_block_relationship_count
079,002560,079,002565,0.996947027010,census_block_relationship_count
079,002590,079,002425,0.000966174605,census_block_relationship_count
079,002590,079,002595,0.999033825395,census_block_relationship_count
079,002600,079,002600,1.000000000000,census_block_relationship_count
079,002620,079,000250,0.024894569743,census_block_relationship_count
079,002620,079,000555,0.012542499464,census_block_relationship_count
079,002620,079,002620,0.962562930793,census_block_relationship_count
079,002630,079,001400,0.032786885246,census_block_relationship_count
079,002630,079,002725,0.967213114754,census_block_relationship_count
079,002680,079,002755,0.998643982494,census_block_relationship_count
079,002680,079,003095,0.001356017506,census_block_relationship_count
079,002710,079,001400,0.025000000000,census_block_relationship_count
079,002710,079,002745,0.975000000000,census_block_relationship_count
079,002740,079,002765,1.000000000000,census_block_relationship_count
079,002760,079,002787,0.960000000000,census_block_relationship_count
079,002760,079,003075,0.040000000000,census_block_relationship_count
079,002785,079,002845,1.000000000000,census_block_relationship_count
079,002810,079,002885,1.000000000000,census_block_relationship_count
079,002830,079,002935,1.000000000000,census_block_relationship_count
079,002840,079,002815,1.000000000000,census_block_relationship_count
079,002860,079,002805,0.955555555556,census_block_relationship_count
079,002860,079,003075,0.044444444444,census_block_relationship_count
079,002890,079,003045,1.000000000000,census_block_relationship_count
079,002910,079,003050,0.974754871596,census_block_relationship_count
079,002910,079,003075,0.025245128404,census_block_relationship_count
079,002940,079,003020,1.000000000000,census_block_relationship_count
079,002950,079,002985,1.000000000000,census_block_relationship_count
079,002960,079,003015,1.000000000000,census_block_relationship_count
079,002990,079,002025,0.015834492715,census_block_relationship_count
079,002990,079,002635,0.018972562756,census_block_relationship_count
079,002990,079,002715,0.965192944528,census_block_relationship_count
079,003010,079,002065,0.015151515152,census_block_relationship_count
079,003010,079,002685,0.969696969697,census_block_relationship_count
079,003010,079,002715,0.015151515152,census_block_relationship_count
079,003040,079,002025,0.018518518519,census_block_relationship_count
079,003040,079,002635,0.944444444444,census_block_relationship_count
079,003040,079,002715,0.037037037037,census_block_relationship_count
079,003050,079,002655,1.000000000000,census_block_relationship_count
079,003080,079,003095,1.000000000000,census_block_relationship_count
079,003090,079,002685,0.045454545455,census_block_relationship_count
079,003090,079,002700,0.913978378865,census_block_relationship_count
079,003090,079,002755,0.030303030303,census_block_relationship_count
079,003090,079,003095,0.010264045377,census_block_relationship_count
079,003110,079,003075,1.000000000000,census_block_relationship_count
079,003120,079,000482,0.000525276479,census_block_relationship_count
079,003120,079,002294,0.000379080358,census_block_relationship_count
079,003120,079,003122,0.395454252975,census_block_relationship_count
079,003120,079,003126,0.020833333333,census_block_relationship_count
079,003120,079,003132,0.582808056854,census_block_relationship_count
079,003130,079,000250,0.000005529687,census_block_relationship_count
079,003130,079,003122,0.091836734694,census_block_relationship_count
079,003130,079,003126,0.326530612245,census_block_relationship_count
079,003130,079,003132,0.051020408163,census_block_relationship_count
079,003130,079,003136,0.530606715211,census_block_relationship_count
079,003140,079,000452,0.000078837815,census_block_relationship_count
079,003140,079,001235,0.003160242666,census_block_relationship_count
079,003140,079,003140,0.996760919519,census_block_relationship_count
079,003150,079,001235,0.008728155033,census_block_relationship_count
079,003150,079,003150,0.991271844967,census_block_relationship_count
079,003160,079,000535,0.008757151365,census_block_relationship_count
079,003160,079,001235,0.006404876109,census_block_relationship_count
079,003160,079,002045,0.000520220552,census_block_relationship_count
079,003160,079,003160,0.984317751974,census_block_relationship_count
079,003170,079,001225,0.018777589337,census_block_relationship_count
079,003170,079,001995,0.000890542395,census_block_relationship_count
079,003170,079,003170,0.980331868268,census_block_relationship_count
081,000010,081,000010,1.000000000000,census_block_relationship_count
081,000020,081,000020,1.000000000000,census_block_relationship_count
081,000030,081,000030,1.000000000000,census_block_relationship_count
081,000040,081,000040,1.000000000000,census_block_relationship_count
081,000050,081,000050,1.000000000000,census_block_relationship_count
081,000060,081,000060,1.000000000000,census_block_relationship_count
081,000070,081,000075,1.000000000000,census_block_relationship_count
081,000080,081,000075,1.000000000000,census_block_relationship_count
081,000090,081,000090,1.000000000000,census_block_relationship_count
081,000100,081,000100,1.000000000000,census_block_relationship_count
081,000110,081,000110,0.980392156863,census_block_relationship_count
081,000110,081,000722,0.019607843137,census_block_relationship_count
081,000120,081,000120,1.000000000000,census_block_relationship_count
081,000130,081,000130,1.000000000000,census_block_relationship_count
081,000140,081,000140,1.000000000000,census_block_relationship_count
081,000150,081,000150,0.988235294118,census_block_relationship_count
081,000150,081,000250,0.011764705882,census_block_relationship_count
081,000160,081,000160,1.000000000000,census_block_relationship_count
081,000170,081,000170,1.000000000000,census_block_relationship_count
081,000180,081,000180,1.000000000000,census_block_relationship_count
081,000190,081,000190,1.000000000000,census_block_relationship_count
081,000200,081,000200,1.000000000000,census_block_relationship_count
081,000210,081,000210,1.000000000000,census_block_relationship_count
081,000220,081,000220,1.000000000000,census_block_relationship_count
081,000230,081,000230,1.000000000000,census_block_relationship_count
081,000240,081,000240,1.000000000000,census_block_relationship_count
081,000250,081,000250,1.000000000000,census_block_relationship_count
081,000260,081,000260,1.000000000000,census_block_relationship_count
081,000270,081,000270,0.989360707404,census_block_relationship_count
081,000270,081,000782,0.010639292596,census_block_relationship_count
081,000280,081,000280,1.000000000000,census_block_relationship_count
081,000290,081,000290,1.000000000000,census_block_relationship_count
081,000300,081,000300,1.000000000000,census_block_relationship_count
081,000310,081,000310,1.000000000000,census_block_relationship_count
081,000320,081,000320,0.954545454545,census_block_relationship_count
081,000320,081,000792,0.045454545455,census_block_relationship_count
081,000330,081,000330,1.000000000000,census_block_relationship_count
081,000340,081,000340,1.000000000000,census_block_relationship_count
081,000350,081,000350,1.000000000000,census_block_relationship_count
081,000360,081,000360,1.000000000000,census_block_relationship_count
081,000370,081,000370,1.000000000000,census_block_relationship_count
081,000380,081,000380,1.000000000000,census_block_relationship_count
081,000390,081,000390,1.000000000000,census_block_relationship_count
081,000400,081,000400,1.000000000000,census_block_relationship_count
081,000410,081,000410,1.000000000000,census_block_relationship_count
081,000420,081,000420,1.000000000000,census_block_relationship_count
081,000430,081,000430,1.000000000000,census_block_relationship_count
081,000440,081,000440,1.000000000000,census_block_relationship_count
081,000450,081,000450,1.000000000000,census_block_relationship_count
081,000460,081,000460,1.000000000000,census_block_relationship_count
081,000470,081,000470,1.000000000000,census_block_relationship_count
081,000480,081,000480,1.000000000000,census_block_relationship_count
081,000490,081,000490,1.000000000000,census_block_relationship_count
081,000500,081,000500,1.000000000000,census_block_relationship_count
081,000510,081,000500,0.009900990099,census_block_relationship_count
081,000510,081,000510,0.990099009901,census_block_relationship_count
081,000520,081,000520,1.000000000000,census_block_relationship_count
081,000530,081,000530,1.000000000000,census_block_relationship_count
081,000540,081,000540,1.000000000000,census_block_relationship_count
081,000550,081,000550,1.000000000000,census_block_relationship_count
081,000560,081,000560,1.000000000000,census_block_relationship_count
081,000570,081,000570,1.000000000000,census_block_relationship_count
081,000580,081,000580,1.000000000000,census_block_relationship_count
081,000590,081,000590,1.000000000000,census_block_relationship_count
081,000600,081,000600,1.000000000000,census_block_relationship_count
081,000610,081,000610,1.000000000000,census_block_relationship_count
081,000620,081,000620,1.000000000000,census_block_relationship_count
081,000630,081,000630,1.000000000000,census_block_relationship_count
081,000640,081,000640,1.000000000000,census_block_relationship_count
081,000650,081,000650,1.000000000000,census_block_relationship_count
081,000660,081,000660,1.000000000000,census_block_relationship_count
081,000670,081,000670,1.000000000000,census_block_relationship_count
081,000680,081,000682,1.000000000000,census_block_relationship_count
081,000690,081,000682,0.410256410256,census_block_relationship_count
081,000690,081,000692,0.435897435897,census_block_relationship_count
081,000690,081,000792,0.153846153846,census_block_relationship_count
081,000700,081,000692,0.848214285714,census_block_relationship_count
081,000700,081,000792,0.151785714286,census_block_relationship_count
081,000710,081,000702,1.000000000000,census_block_relationship_count
081,000720,081,000702,0.246913580247,census_block_relationship_count
081,000720,081,000712,0.753086419753,census_block_relationship_count
081,000730,081,000712,0.087248322148,census_block_relationship_count
081,000730,081,000722,0.912751677852,census_block_relationship_count
081,000740,081,000722,0.500000000000,census_block_relationship_count
081,000740,081,000732,0.500000000000,census_block_relationship_count
081,000750,081,000712,0.037974683544,census_block_relationship_count
081,000750,081,000732,0.645569620253,census_block_relationship_count
081,000750,081,000742,0.316455696203,census_block_relationship_count
081,000760,081,000712,0.207317073171,census_block_relationship_count
081,000760,081,000742,0.792682926829,census_block_relationship_count
081,000770,081,000712,0.089552238806,census_block_relationship_count
081,000770,081,000752,0.805970149254,census_block_relationship_count
081,000770,081,000762,0.104477611940,census_block_relationship_count
081,000780,081,000712,0.084507042254,census_block_relationship_count
081,000780,081,000762,0.915492957746,census_block_relationship_count
081,000790,081,000692,0.057692307692,census_block_relationship_count
081,000790,081,000772,0.942307692308,census_block_relationship_count
081,000800,081,000692,0.188679245283,census_block_relationship_count
081,000800,081,000772,0.811320754717,census_block_relationship_count
081,000810,081,000782,0.540229885057,census_block_relationship_count
081,000810,081,000792,0.459770114943,census_block_relationship_count
081,000820,081,000792,0.588235294118,census_block_relationship_count
081,000820,081,000802,0.411764705882,census_block_relationship_count
081,000830,081,000682,0.490909090909,census_block_relationship_count
081,000830,081,000802,0.509090909091,census_block_relationship_count
081,000840,081,000772,0.320754716981,census_block_relationship_count
081,000840,081,000782,0.679245283019,census_block_relationship_count
081,000850,081,000850,1.000000000000,census_block_relationship_count
081,000860,081,000860,1.000000000000,census_block_relationship_count
083,000010,083,000010,0.857801241234,census_block_relationship_count
083,000010,083,000340,0.142198758766,census_block_relationship_count
083,000020,083,000020,1.000000000000,census_block_relationship_count
083,000030,083,000030,0.999977932219,census_block_relationship_count
083,000030,083,000120,0.000022067781,census_block_relationship_count
083,000040,083,000040,1.000000000000,census_block_relationship_count
083,000050,083,000050,0.942545625682,census_block_relationship_count
083,000050,083,000120,0.057427514172,census_block_relationship_count
083,000050,083,000130,0.000026860146,census_block_relationship_count
083,000065,083,000065,0.999701194728,census_block_relationship_count
083,000065,083,000090,0.000298805272,census_block_relationship_count
083,000080,083,000080,1.000000000000,census_block_relationship_count
083,000090,083,000090,0.980179267867,census_block_relationship_count
083,000090,083,000200,0.019820732133,census_block_relationship_count
083,000100,083,000100,1.000000000000,census_block_relationship_count
083,000110,083,000030,0.000098074573,census_block_relationship_count
083,000110,083,000110,0.951052828233,census_block_relationship_count
083,000110,083,000320,0.012586949005,census_block_relationship_count
083,000110,083,000330,0.036262148190,census_block_relationship_count
083,000120,083,000050,0.000026499097,census_block_relationship_count
083,000120,083,000120,0.999973500903,census_block_relationship_count
083,000130,083,000050,0.041171560232,census_block_relationship_count
083,000130,083,000120,0.040000000000,census_block_relationship_count
083,000130,083,000130,0.918828439768,census_block_relationship_count
083,000140,083,000010,0.046974937321,census_block_relationship_count
083,000140,083,000140,0.937132509327,census_block_relationship_count
083,000140,083,000340,0.015892553351,census_block_relationship_count
083,000150,083,000150,1.000000000000,census_block_relationship_count
083,000160,083,000160,1.000000000000,census_block_relationship_count
083,000170,083,000010,0.001016543861,census_block_relationship_count
083,000170,083,000160,0.024268627384,census_block_relationship_count
083,000170,083,000170,0.949781537426,census_block_relationship_count
083,000170,083,000300,0.024933291329,census_block_relationship_count
083,000180,083,000180,0.993553731608,census_block_relationship_count
083,000180,083,000370,0.006446268392,census_block_relationship_count
083,000190,083,000180,0.028985507246,census_block_relationship_count
083,000190,083,000190,0.922326979129,census_block_relationship_count
083,000190,083,000370,0.014492753623,census_block_relationship_count
083,000190,083,000380,0.034194760001,census_block_relationship_count
083,000200,083,000090,0.001459311750,census_block_relationship_count
083,000200,083,000120,0.009437734032,census_block_relationship_count
083,000200,083,000200,0.989102954218,census_block_relationship_count
083,000210,083,000210,0.785021143925,census_block_relationship_count
083,000210,083,000300,0.038454679065,census_block_relationship_count
083,000210,083,000380,0.176524177010,census_block_relationship_count
083,000220,083,000220,0.988948061573,census_block_relationship_count
083,000220,083,000430,0.011051938427,census_block_relationship_count
083,000230,083,000230,0.964806280993,census_block_relationship_count
083,000230,083,000340,0.017543859649,census_block_relationship_count
083,000230,083,000350,0.000105999709,census_block_relationship_count
083,000230,083,000410,0.017543859649,census_block_relationship_count
083,000240,083,000230,0.002800752608,census_block_relationship_count
083,000240,083,000240,0.995656323693,census_block_relationship_count
083,000240,083,000350,0.001542923699,census_block_relationship_count
083,000250,083,000250,0.980000000000,census_block_relationship_count
083,000250,083,000430,0.020000000000,census_block_relationship_count
083,000260,083,000260,1.000000000000,census_block_relationship_count
083,000270,083,000270,1.000000000000,census_block_relationship_count
083,000280,083,000280,1.000000000000,census_block_relationship_count
083,000290,083,000290,0.999983146480,census_block_relationship_count
083,000290,083,000420,0.000016853520,census_block_relationship_count
083,000300,083,000300,1.000000000000,census_block_relationship_count
083,000310,083,000310,1.000000000000,census_block_relationship_count
083,000320,083,000240,0.000269170734,census_block_relationship_count
083,000320,083,000320,0.991452991453,census_block_relationship_count
083,000320,083,000330,0.004273504274,census_block_relationship_count
083,000320,083,000430,0.004004333540,census_block_relationship_count
083,000330,083,000320,0.005669003002,census_block_relationship_count
083,000330,083,000330,0.994330996998,census_block_relationship_count
083,000340,083,000340,0.990260669167,census_block_relationship_count
083,000340,083,000390,0.009739330833,census_block_relationship_count
083,000350,083,000240,0.154456063013,census_block_relationship_count
083,000350,083,000350,0.845543936987,census_block_relationship_count
083,000360,083,000290,0.000000827082,census_block_relationship_count
083,000360,083,000340,0.045378734278,census_block_relationship_count
083,000360,083,000360,0.954620438640,census_block_relationship_count
083,000370,083,000180,0.007777415118,census_block_relationship_count
083,000370,083,000370,0.992222584882,census_block_relationship_count
083,000380,083,000380,1.000000000000,census_block_relationship_count
083,000390,083,000340,0.033898305085,census_block_relationship_count
083,000390,083,000390,0.966101694915,census_block_relationship_count
083,000400,083,000340,0.030384788103,census_block_relationship_count
083,000400,083,000400,0.969615211897,census_block_relationship_count
083,000410,083,000410,1.000000000000,census_block_relationship_count
083,000420,083,000290,0.009949736438,census_block_relationship_count
083,000420,083,000420,0.990050263562,census_block_relationship_count
083,000430,083,000240,0.000740293425,census_block_relationship_count
083,000430,083,000430,0.999259706575,census_block_relationship_count
085,000010,085,000010,1.000000000000,census_block_relationship_count
085,000020,085,000020,0.988776910217,census_block_relationship_count
085,000020,085,000565,0.011223089783,census_block_relationship_count
085,000030,085,000030,1.000000000000,census_block_relationship_count
085,000040,085,000040,1.000000000000,census_block_relationship_count
085,000050,085,000050,1.000000000000,census_block_relationship_count
085,000060,085,000060,1.000000000000,census_block_relationship_count
085,000075,085,000072,1.000000000000,census_block_relationship_count
085,000095,085,000072,1.000000000000,census_block_relationship_count
085,000110,085,000110,1.000000000000,census_block_relationship_count
085,000120,085,000125,1.000000000000,census_block_relationship_count
085,000130,085,000125,1.000000000000,census_block_relationship_count
085,000140,085,000140,1.000000000000,census_block_relationship_count
085,000150,085,000150,0.825885856089,census_block_relationship_count
085,000150,085,000475,0.174114143911,census_block_relationship_count
085,000160,085,000160,1.000000000000,census_block_relationship_count
085,000170,085,000170,1.000000000000,census_block_relationship_count
085,000180,085,000180,1.000000000000,census_block_relationship_count
085,000190,085,000190,1.000000000000,census_block_relationship_count
085,000215,085,000215,1.000000000000,census_block_relationship_count
085,000225,085,000225,1.000000000000,census_block_relationship_count
085,000235,085,000235,1.000000000000,census_block_relationship_count
085,000245,085,000245,1.000000000000,census_block_relationship_count
085,000270,085,000270,1.000000000000,census_block_relationship_count
085,000280,085,000280,1.000000000000,census_block_relationship_count
085,000290,085,000290,1.000000000000,census_block_relationship_count
085,000300,085,000300,1.000000000000,census_block_relationship_count
085,000310,085,000310,1.000000000000,census_block_relationship_count
085,000320,085,000320,1.000000000000,census_block_relationship_count
085,000330,085,000330,1.000000000000,census_block_relationship_count
085,000340,085,000340,1.000000000000,census_block_relationship_count
085,000355,085,000355,1.000000000000,census_block_relationship_count
085,000365,085,000365,1.000000000000,census_block_relationship_count
085,000375,085,000375,1.000000000000,census_block_relationship_count
085,000385,085,000385,1.000000000000,census_block_relationship_count
085,000395,085,000395,1.000000000000,census_block_relationship_count
085,000405,085,000395,0.034482758621,census_block_relationship_count
085,000405,085,000405,0.965517241379,census_block_relationship_count
085,000415,085,000415,1.000000000000,census_block_relationship_count
085,000425,085,000425,1.000000000000,census_block_relationship_count
085,000435,085,000435,1.000000000000,census_block_relationship_count
085,000445,085,000445,0.951120091294,census_block_relationship_count
085,000445,085,000530,0.048879908706,census_block_relationship_count
085,000455,085,000455,1.000000000000,census_block_relationship_count
085,000465,085,000465,1.000000000000,census_block_relationship_count
085,000475,085,000475,1.000000000000,census_block_relationship_count
085,000480,085,000480,1.000000000000,census_block_relationship_count
085,000490,085,000490,1.000000000000,census_block_relationship_count
085,000500,085,000500,1.000000000000,census_block_relationship_count
085,000510,085,000515,1.000000000000,census_block_relationship_count
085,000520,085,000515,1.000000000000,census_block_relationship_count
085,000530,085,000530,1.000000000000,census_block_relationship_count
085,000540,085,000540,1.000000000000,census_block_relationship_count
085,000550,085,000550,0.999939957979,census_block_relationship_count
085,000550,085,000640,0.000060042021,census_block_relationship_count
085,000565,085,000020,0.001059763252,census_block_relationship_count
085,000565,085,000565,0.998940236748,census_block_relationship_count
085,000575,085,000575,1.000000000000,census_block_relationship_count
085,000590,085,000590,1.000000000000,census_block_relationship_count
085,000600,085,000600,1.000000000000,census_block_relationship_count
085,000610,085,000610,1.000000000000,census_block_relationship_count
085,000620,085,000620,1.000000000000,census_block_relationship_count
085,000630,085,000630,1.000000000000,census_block_relationship_count
085,000640,085,000310,0.007936507937,census_block_relationship_count
085,000640,085,000640,0.992063492063,census_block_relationship_count
085,000650,085,000650,1.000000000000,census_block_relationship_count
085,000660,085,000660,1.000000000000,census_block_relationship_count
085,000670,085,000670,1.000000000000,census_block_relationship_count
085,000680,085,000680,1.000000000000,census_block_relationship_count
085,000690,085,000690,1.000000000000,census_block_relationship_count
085,000700,085,000700,1.000000000000,census_block_relationship_count
085,000710,085,000710,1.000000000000,census_block_relationship_count
085,000735,085,000735,1.000000000000,census_block_relationship_count
085,000745,085,000732,1.000000000000,census_block_relationship_count
085,000755,085,000755,1.000000000000,census_block_relationship_count
085,000765,085,000765,1.000000000000,census_block_relationship_count
085,000775,085,000775,1.000000000000,census_block_relationship_count
085,000785,085,000732,1.000000000000,census_block_relationship_count
085,000795,085,000792,1.000000000000,census_block_relationship_count
085,000805,085,000792,1.000000000000,census_block_relationship_count
085,000815,085,000822,1.000000000000,census_block_relationship_count
085,000825,085,000825,1.000000000000,census_block_relationship_count
085,000835,085,000835,1.000000000000,census_block_relationship_count
085,000845,085,000822,1.000000000000,census_block_relationship_count
085,000855,085,000862,1.000000000000,census_block_relationship_count
085,000865,085,000862,1.000000000000,census_block_relationship_count
085,000885,085,000885,1.000000000000,census_block_relationship_count
085,000895,085,000895,1.000000000000,census_block_relationship_count
085,000910,085,000912,1.000000000000,census_block_relationship_count
085,000920,085,000912,1.000000000000,census_block_relationship_count
085,000940,085,000940,1.000000000000,census_block_relationship_count
085,000950,085,000425,0.068376068376,census_block_relationship_count
085,000950,085,000950,0.923076923077,census_block_relationship_count
085,000950,085,000960,0.008547008547,census_block_relationship_count
085,000960,085,000475,0.028876012756,census_block_relationship_count
085,000960,085,000960,0.971123987244,census_block_relationship_count
085,000970,085,000972,1.000000000000,census_block_relationship_count
085,000980,085,000972,0.470588235294,census_block_relationship_count
085,000980,085,000974,0.529411764706,census_block_relationship_count
085,000990,085,000974,1.000000000000,census_block_relationship_count
085,001000,085,001005,1.000000000000,census_block_relationship_count
085,001010,085,001005,1.000000000000,census_block_relationship_count
085,001020,085,001020,1.000000000000,census_block_relationship_count
085,001030,085,001030,1.000000000000,census_block_relationship_count
085,001040,085,001040,1.000000000000,census_block_relationship_count
085,001055,085,001055,1.000000000000,census_block_relationship_count
085,001070,085,001070,1.000000000000,census_block_relationship_count
085,001080,085,001080,1.000000000000,census_block_relationship_count
085,001090,085,001090,1.000000000000,census_block_relationship_count
085,001100,085,001100,1.000000000000,census_block_relationship_count
085,001115,085,001115,1.000000000000,census_block_relationship_count
087,000010,087,000010,1.000000000000,census_block_relationship_count
087,000020,087,000020,1.000000000000,census_block_relationship_count
087,000030,087,000030,1.000000000000,census_block_relationship_count
087,000040,087,000042,0.829411764706,census_block_relationship_count
087,000040,087,000044,0.170588235294,census_block_relationship_count
087,000050,087,000050,1.000000000000,census_block_relationship_count
087,000060,087,000060,1.000000000000,census_block_relationship_count
087,000070,087,000070,1.000000000000,census_block_relationship_count
087,000080,087,000080,0.897435897436,census_block_relationship_count
087,000080,087,000090,0.102564102564,census_block_relationship_count
087,000090,087,000090,1.000000000000,census_block_relationship_count
087,000100,087,000100,1.000000000000,census_block_relationship_count
087,000110,087,000110,1.000000000000,census_block_relationship_count
087,000120,087,000120,1.000000000000,census_block_relationship_count
087,000130,087,000130,1.000000000000,census_block_relationship_count
087,000140,087,000140,1.000000000000,census_block_relationship_count
087,000150,087,000150,1.000000000000,census_block_relationship_count
087,000160,087,000160,1.000000000000,census_block_relationship_count
087,000170,087,000160,1.000000000000,census_block_relationship_count
087,000180,087,000180,1.000000000000,census_block_relationship_count
087,000190,087,000180,1.000000000000,census_block_relationship_count
087,000200,087,000180,0.892857142857,census_block_relationship_count
087,000200,087,000210,0.107142857143,census_block_relationship_count
087,000210,087,000210,1.000000000000,census_block_relationship_count
087,000220,087,000210,1.000000000000,census_block_relationship_count
087,000230,087,000230,1.000000000000,census_block_relationship_count
087,000240,087,000230,1.000000000000,census_block_relationship_count
087,000250,087,000250,1.000000000000,census_block_relationship_count
087,000260,087,000260,1.000000000000,census_block_relationship_count
087,000270,087,000270,1.000000000000,census_block_relationship_count
087,000280,087,000280,1.000000000000,census_block_relationship_count
087,000290,087,000290,1.000000000000,census_block_relationship_count
087,000300,087,000300,1.000000000000,census_block_relationship_count
089,000005,089,000005,1.000000000000,census_block_relationship_count
089,000015,089,000015,1.000000000000,census_block_relationship_count
089,000023,089,000023,0.994974874372,census_block_relationship_count
089,000023,089,000026,0.005025125628,census_block_relationship_count
089,000026,089,000026,1.000000000000,census_block_relationship_count
089,000033,089,000033,0.999690816190,census_block_relationship_count
089,000033,089,000220,0.000309183810,census_block_relationship_count
089,000036,089,000036,1.000000000000,census_block_relationship_count
089,000043,089,000043,1.000000000000,census_block_relationship_count
089,000046,089,000046,1.000000000000,census_block_relationship_count
089,000053,089,000053,1.000000000000,census_block_relationship_count
089,000056,089,000056,1.000000000000,census_block_relationship_count
089,000060,089,000060,1.000000000000,census_block_relationship_count
089,000070,089,000070,1.000000000000,census_block_relationship_count
089,000080,089,000080,1.000000000000,census_block_relationship_count
089,000090,089,000090,1.000000000000,census_block_relationship_count
089,000100,089,000100,1.000000000000,census_block_relationship_count
089,000110,089,000110,1.000000000000,census_block_relationship_count
089,000120,089,000120,1.000000000000,census_block_relationship_count
089,000130,089,000130,1.000000000000,census_block_relationship_count
089,000140,089,000140,1.000000000000,census_block_relationship_count
089,000150,089,000150,1.000000000000,census_block_relationship_count
089,000160,089,000162,0.500000000000,census_block_relationship_count
089,000160,089,000164,0.500000000000,census_block_relationship_count
089,000173,089,000173,1.000000000000,census_block_relationship_count
089,000176,089,000176,1.000000000000,census_block_relationship_count
089,000180,089,000180,1.000000000000,census_block_relationship_count
089,000190,089,000190,1.000000000000,census_block_relationship_count
089,000197,089,000197,1.000000000000,census_block_relationship_count
089,000204,089,000204,1.000000000000,census_block_relationship_count
089,000211,089,000211,1.000000000000,census_block_relationship_count
089,000218,089,000218,1.000000000000,census_block_relationship_count
089,000220,089,000220,1.000000000000,census_block_relationship_count
089,000230,089,000230,1.000000000000,census_block_relationship_count
089,000240,089,000240,1.000000000000,census_block_relationship_count
089,000252,089,000251,0.203389830508,census_block_relationship_count
089,000252,089,000253,0.796610169492,census_block_relationship_count
089,000254,089,000254,1.000000000000,census_block_relationship_count
089,000256,089,000256,1.000000000000,census_block_relationship_count
089,000261,089,000261,1.000000000000,census_block_relationship_count
089,000267,089,000267,1.000000000000,census_block_relationship_count
089,000273,089,000273,1.000000000000,census_block_relationship_count
089,000279,089,000279,1.000000000000,census_block_relationship_count
089,000285,089,000285,1.000000000000,census_block_relationship_count
089,000291,089,000291,1.000000000000,census_block_relationship_count
089,000297,089,000297,1.000000000000,census_block_relationship_count
089,000300,089,000300,1.000000000000,census_block_relationship_count
089,000310,089,000310,1.000000000000,census_block_relationship_count
089,000320,089,000320,1.000000000000,census_block_relationship_count
089,000330,089,000330,1.000000000000,census_block_relationship_count
089,000340,089,000340,1.000000000000,census_block_relationship_count
089,000350,089,000350,1.000000000000,census_block_relationship_count
089,000360,089,000360,1.000000000000,census_block_relationship_count
089,000370,089,000370,1.000000000000,census_block_relationship_count
091,000005,091,000005,1.000000000000,census_block_relationship_count
091,000015,091,000015,1.000000000000,census_block_relationship_count
091,000025,091,000025,1.000000000000,census_block_relationship_count
091,000035,091,000035,0.967741935484,census_block_relationship_count
091,000035,091,000075,0.032258064516,census_block_relationship_count
091,000045,091,000045,1.000000000000,census_block_relationship_count
091,000055,091,000055,1.000000000000,census_block_relationship_count
091,000065,091,000065,1.000000000000,census_block_relationship_count
091,000075,091,000035,0.037037037037,census_block_relationship_count
091,000075,091,000075,0.962962962963,census_block_relationship_count
091,000090,091,000090,1.000000000000,census_block_relationship_count
091,000095,091,000095,1.000000000000,census_block_relationship_count
091,000105,091,000105,1.000000000000,census_block_relationship_count
091,000115,091,000115,1.000000000000,census_block_relationship_count
091,000125,091,000125,1.000000000000,census_block_relationship_count
091,000135,091,000135,1.000000000000,census_block_relationship_count
091,000150,091,000150,1.000000000000,census_block_relationship_count
091,000155,091,000155,1.000000000000,census_block_relationship_count
091,000165,091,000165,1.000000000000,census_block_relationship_count
091,000175,091,000155,0.093750000000,census_block_relationship_count
091,000175,091,000175,0.875000000000,census_block_relationship_count
091,000175,091,000255,0.031250000000,census_block_relationship_count
091,000185,091,000185,1.000000000000,census_block_relationship_count
091,000195,091,000195,1.000000000000,census_block_relationship_count
091,000205,091,000205,1.000000000000,census_block_relationship_count
091,000225,091,000225,1.000000000000,census_block_relationship_count
091,000230,091,000230,1.000000000000,census_block_relationship_count
091,000235,091,000235,1.000000000000,census_block_relationship_count
091,000245,091,000245,1.000000000000,census_block_relationship_count
091,000255,091,000175,0.076923076923,census_block_relationship_count
091,000255,091,000255,0.923076923077,census_block_relationship_count
091,000265,091,000265,1.000000000000,census_block_relationship_count
091,000275,091,000175,0.055555555556,census_block_relationship_count
091,000275,091,000275,0.944444444444,census_block_relationship_count
091,000285,091,000285,1.000000000000,census_block_relationship_count
091,000305,091,000305,0.999944551460,census_block_relationship_count
091,000305,091,001180,0.000055448540,census_block_relationship_count
091,000310,091,000310,1.000000000000,census_block_relationship_count
091,000330,091,000330,1.000000000000,census_block_relationship_count
091,000335,091,000335,1.000000000000,census_block_relationship_count
091,000340,091,000340,1.000000000000,census_block_relationship_count
091,000345,091,000345,1.000000000000,census_block_relationship_count
091,000355,091,000355,1.000000000000,census_block_relationship_count
091,000365,091,000365,1.000000000000,census_block_relationship_count
091,000390,091,000390,1.000000000000,census_block_relationship_count
091,000400,091,000400,1.000000000000,census_block_relationship_count
091,000410,091,000410,1.000000000000,census_block_relationship_count
091,000420,091,000420,1.000000000000,census_block_relationship_count
091,000430,091,000430,1.000000000000,census_block_relationship_count
091,000440,091,000440,1.000000000000,census_block_relationship_count
091,000450,091,000450,1.000000000000,census_block_relationship_count
091,000460,091,000460,1.000000000000,census_block_relationship_count
091,000470,091,000150,0.006447319933,census_block_relationship_count
091,000470,091,000470,0.990140644450,census_block_relationship_count
091,000470,091,002940,0.003412035617,census_block_relationship_count
091,000480,091,000135,0.004135406342,census_block_relationship_count
091,000480,091,000480,0.995864593658,census_block_relationship_count
091,000490,091,000490,1.000000000000,census_block_relationship_count
091,000500,091,000500,1.000000000000,census_block_relationship_count
091,000510,091,000510,0.999773415039,census_block_relationship_count
091,000510,091,002930,0.000226584961,census_block_relationship_count
091,000520,091,000510,0.090909090909,census_block_relationship_count
091,000520,091,000520,0.909090909091,census_block_relationship_count
091,000530,091,000530,1.000000000000,census_block_relationship_count
091,000540,091,000510,0.060606060606,census_block_relationship_count
091,000540,091,000520,0.030303030303,census_block_relationship_count
091,000540,091,000540,0.909090909091,census_block_relationship_count
091,000550,091,000550,1.000000000000,census_block_relationship_count
091,000560,091,000560,1.000000000000,census_block_relationship_count
091,000570,091,000570,1.000000000000,census_block_relationship_count
091,000580,091,000580,1.000000000000,census_block_relationship_count
091,000590,091,000590,1.000000000000,census_block_relationship_count
091,000600,091,000600,1.000000000000,census_block_relationship_count
091,000610,091,000610,1.000000000000,census_block_relationship_count
091,000620,091,000620,1.000000000000,census_block_relationship_count
091,000630,091,000630,1.000000000000,census_block_relationship_count
091,000640,091,000640,1.000000000000,census_block_relationship_count
091,000650,091,000650,1.000000000000,census_block_relationship_count
091,000660,091,000660,1.000000000000,census_block_relationship_count
091,000670,091,000560,0.022727272727,census_block_relationship_count
091,000670,091,000670,0.977272727273,census_block_relationship_count
091,000680,091,000680,1.000000000000,census_block_relationship_count
091,000690,091,000690,1.000000000000,census_block_relationship_count
091,000700,091,000700,1.000000000000,census_block_relationship_count
091,000710,091,000710,1.000000000000,census_block_relationship_count
091,000720,091,000720,1.000000000000,census_block_relationship_count
091,000723,091,000728,1.000000000000,census_block_relationship_count
091,000726,091,000732,1.000000000000,census_block_relationship_count
091,000730,091,000726,0.973684210526,census_block_relationship_count
091,000730,091,000732,0.026315789474,census_block_relationship_count
091,000740,091,000740,1.000000000000,census_block_relationship_count
091,000750,091,000750,1.000000000000,census_block_relationship_count
091,000760,091,000750,0.031250000000,census_block_relationship_count
091,000760,091,000760,0.968750000000,census_block_relationship_count
091,000770,091,000740,0.041666666667,census_block_relationship_count
091,000770,091,000770,0.958333333333,census_block_relationship_count
091,000780,091,000780,1.000000000000,census_block_relationship_count
091,000790,091,000790,1.000000000000,census_block_relationship_count
091,000800,091,000800,1.000000000000,census_block_relationship_count
091,000806,091,000806,1.000000000000,census_block_relationship_count
091,000810,091,000810,1.000000000000,census_block_relationship_count
091,000812,091,000812,1.000000000000,census_block_relationship_count
091,000818,091,000818,0.996839373028,census_block_relationship_count
091,000818,091,003550,0.003160626972,census_block_relationship_count
091,000830,091,000830,0.993483051669,census_block_relationship_count
091,000830,091,003240,0.000308508104,census_block_relationship_count
091,000830,091,003260,0.006208440227,census_block_relationship_count
091,000840,091,000840,1.000000000000,census_block_relationship_count
091,000850,091,000840,0.095238095238,census_block_relationship_count
091,000850,091,000850,0.904761904762,census_block_relationship_count
091,000860,091,000860,1.000000000000,census_block_relationship_count
091,000870,091,000870,1.000000000000,census_block_relationship_count
091,000880,091,000880,1.000000000000,census_block_relationship_count
091,000890,091,000890,1.000000000000,census_block_relationship_count
091,000900,091,000900,1.000000000000,census_block_relationship_count
091,000905,091,000914,1.000000000000,census_block_relationship_count
091,000910,091,000910,1.000000000000,census_block_relationship_count
091,000911,091,000915,0.050000000000,census_block_relationship_count
091,000911,091,000918,0.950000000000,census_block_relationship_count
091,000913,091,000919,1.000000000000,census_block_relationship_count
091,000916,091,000924,1.000000000000,census_block_relationship_count
091,000918,091,000927,1.000000000000,census_block_relationship_count
091,000923,091,000931,1.000000000000,census_block_relationship_count
091,000926,091,000933,1.000000000000,census_block_relationship_count
091,000928,091,000936,1.000000000000,census_block_relationship_count
091,000940,091,000940,1.000000000000,census_block_relationship_count
091,000950,091,000950,1.000000000000,census_block_relationship_count
091,000960,091,000960,1.000000000000,census_block_relationship_count
091,000970,091,000970,1.000000000000,census_block_relationship_count
091,000980,091,000980,1.000000000000,census_block_relationship_count
091,000990,091,000996,1.000000000000,census_block_relationship_count
091,000991,091,001006,1.000000000000,census_block_relationship_count
091,001000,091,001002,1.000000000000,census_block_relationship_count
091,001010,091,000992,1.000000000000,census_block_relationship_count
091,001011,091,001012,1.000000000000,census_block_relationship_count
091,001020,091,001016,1.000000000000,census_block_relationship_count
091,001021,091,001022,1.000000000000,census_block_relationship_count
091,001022,091,001026,1.000000000000,census_block_relationship_count
091,001023,091,001032,1.000000000000,census_block_relationship_count
091,001030,091,001032,0.052631578947,census_block_relationship_count
091,001030,091,001036,0.947368421053,census_block_relationship_count
091,001040,091,001040,1.000000000000,census_block_relationship_count
091,001050,091,001050,1.000000000000,census_block_relationship_count
091,001055,091,001055,1.000000000000,census_block_relationship_count
091,001060,091,001060,1.000000000000,census_block_relationship_count
091,001065,091,001055,0.026315789474,census_block_relationship_count
091,001065,091,001065,0.973684210526,census_block_relationship_count
091,001067,091,001072,1.000000000000,census_block_relationship_count
091,001085,091,001085,1.000000000000,census_block_relationship_count
091,001090,091,001091,0.309523809524,census_block_relationship_count
091,001090,091,001092,0.690476190476,census_block_relationship_count
091,001098,091,001098,1.000000000000,census_block_relationship_count
091,001105,091,001105,1.000000000000,census_block_relationship_count
091,001108,091,001108,1.000000000000,census_block_relationship_count
091,001113,091,001113,1.000000000000,census_block_relationship_count
091,001118,091,001118,1.000000000000,census_block_relationship_count
091,001123,091,001123,1.000000000000,census_block_relationship_count
091,001128,091,001128,1.000000000000,census_block_relationship_count
091,001130,091,001135,1.000000000000,census_block_relationship_count
091,001131,091,001143,0.687500000000,census_block_relationship_count
091,001131,091,001144,0.312500000000,census_block_relationship_count
091,001132,091,001145,1.000000000000,census_block_relationship_count
091,001133,091,001150,1.000000000000,census_block_relationship_count
091,001170,091,000165,0.021796136813,census_block_relationship_count
091,001170,091,001170,0.978203863187,census_block_relationship_count
091,001180,091,000305,0.000327670940,census_block_relationship_count
091,001180,091,000550,0.003932051400,census_block_relationship_count
091,001180,091,001180,0.995740277660,census_block_relationship_count
091,001190,091,001190,1.000000000000,census_block_relationship_count
091,001200,091,001200,1.000000000000,census_block_relationship_count
091,001210,091,001210,1.000000000000,census_block_relationship_count
091,001220,091,001220,1.000000000000,census_block_relationship_count
091,001230,091,001230,1.000000000000,census_block_relationship_count
091,001240,091,001240,1.000000000000,census_block_relationship_count
091,001250,091,001250,1.000000000000,census_block_relationship_count
091,001260,091,001260,1.000000000000,census_block_relationship_count
091,001263,091,001263,1.000000000000,census_block_relationship_count
091,001270,091,001270,1.000000000000,census_block_relationship_count
091,001271,091,001272,0.475609756098,census_block_relationship_count
091,001271,091,001296,0.524390243902,census_block_relationship_count
091,001279,091,001279,1.000000000000,census_block_relationship_count
091,001280,091,001280,1.000000000000,census_block_relationship_count
091,001287,091,001287,0.936185655630,census_block_relationship_count
091,001287,091,002680,0.063814344370,census_block_relationship_count
091,001290,091,001290,1.000000000000,census_block_relationship_count
091,001295,091,001295,1.000000000000,census_block_relationship_count
091,001303,091,001303,1.000000000000,census_block_relationship_count
091,001307,091,001307,1.000000000000,census_block_relationship_count
091,001323,091,001323,0.978723404255,census_block_relationship_count
091,001323,091,001360,0.021276595745,census_block_relationship_count
091,001326,091,001326,1.000000000000,census_block_relationship_count
091,001340,091,001340,1.000000000000,census_block_relationship_count
091,001350,091,001350,1.000000000000,census_block_relationship_count
091,001360,091,001360,1.000000000000,census_block_relationship_count
091,001370,091,001370,1.000000000000,census_block_relationship_count
091,001380,091,001380,1.000000000000,census_block_relationship_count
091,001390,091,001390,1.000000000000,census_block_relationship_count
091,001400,091,001400,0.981842420050,census_block_relationship_count
091,001400,091,001420,0.018157579950,census_block_relationship_count
091,001420,091,001400,0.004492615148,census_block_relationship_count
091,001420,091,001420,0.947888337233,census_block_relationship_count
091,001420,091,001440,0.047619047619,census_block_relationship_count
091,001430,091,001430,0.999144548632,census_block_relationship_count
091,001430,091,003610,0.000855451368,census_block_relationship_count
091,001440,091,001440,1.000000000000,census_block_relationship_count
091,001450,091,001450,1.000000000000,census_block_relationship_count
091,001460,091,001460,1.000000000000,census_block_relationship_count
091,001470,091,001470,1.000000000000,census_block_relationship_count
091,001480,091,001480,1.000000000000,census_block_relationship_count
091,001485,091,001485,0.916666666667,census_block_relationship_count
091,001485,091,001610,0.041666666667,census_block_relationship_count
091,001485,091,001660,0.041666666667,census_block_relationship_count
091,001490,091,001490,1.000000000000,census_block_relationship_count
091,001500,091,001500,1.000000000000,census_block_relationship_count
091,001510,091,001510,1.000000000000,census_block_relationship_count
091,001520,091,001520,1.000000000000,census_block_relationship_count
091,001530,091,001530,1.000000000000,census_block_relationship_count
091,001540,091,001540,1.000000000000,census_block_relationship_count
091,001550,091,001550,1.000000000000,census_block_relationship_count
091,001560,091,001560,1.000000000000,census_block_relationship_count
091,001570,091,001570,1.000000000000,census_block_relationship_count
091,001580,091,001580,1.000000000000,census_block_relationship_count
091,001590,091,001590,1.000000000000,census_block_relationship_count
091,001600,091,001600,1.000000000000,census_block_relationship_count
091,001610,091,001610,1.000000000000,census_block_relationship_count
091,001620,091,001620,1.000000000000,census_block_relationship_count
091,001630,091,001630,1.000000000000,census_block_relationship_count
091,001640,091,001640,1.000000000000,census_block_relationship_count
091,001650,091,001650,1.000000000000,census_block_relationship_count
091,001660,091,001660,1.000000000000,census_block_relationship_count
091,001670,091,001670,1.000000000000,census_block_relationship_count
091,001680,091,001680,1.000000000000,census_block_relationship_count
091,001690,091,001690,1.000000000000,census_block_relationship_count
091,001700,091,001699,1.000000000000,census_block_relationship_count
091,001710,091,001400,0.041666666667,census_block_relationship_count
091,001710,091,001550,0.041666666667,census_block_relationship_count
091,001710,091,001710,0.916666666667,census_block_relationship_count
091,001720,091,001720,1.000000000000,census_block_relationship_count
091,001725,091,001725,1.000000000000,census_block_relationship_count
091,001730,091,001731,0.666666666667,census_block_relationship_count
091,001730,091,001732,0.333333333333,census_block_relationship_count
091,001740,091,001741,0.968750000000,census_block_relationship_count
091,001740,091,001742,0.031250000000,census_block_relationship_count
091,001750,091,001750,1.000000000000,census_block_relationship_count
091,001760,091,001760,1.000000000000,census_block_relationship_count
091,001770,091,001770,1.000000000000,census_block_relationship_count
091,001780,091,001780,1.000000000000,census_block_relationship_count
091,001785,091,001785,1.000000000000,census_block_relationship_count
091,001790,091,001790,1.000000000000,census_block_relationship_count
091,001795,091,001795,1.000000000000,census_block_relationship_count
091,001800,091,001800,1.000000000000,census_block_relationship_count
091,001810,091,001810,1.000000000000,census_block_relationship_count
091,001815,091,001815,1.000000000000,census_block_relationship_count
091,001820,091,001820,1.000000000000,census_block_relationship_count
091,001822,091,001822,1.000000000000,census_block_relationship_count
091,001829,091,001815,0.002990911381,census_block_relationship_count
091,001829,091,001829,0.997009088619,census_block_relationship_count
091,001836,091,001836,0.959152887536,census_block_relationship_count
091,001836,091,002025,0.040847112464,census_block_relationship_count
091,001840,091,001840,1.000000000000,census_block_relationship_count
091,001845,091,001845,1.000000000000,census_block_relationship_count
091,001850,091,001850,1.000000000000,census_block_relationship_count
091,001875,091,001875,1.000000000000,census_block_relationship_count
091,001880,091,001880,1.000000000000,census_block_relationship_count
091,001890,091,001890,1.000000000000,census_block_relationship_count
091,001900,091,001900,1.000000000000,census_block_relationship_count
091,001905,091,001905,1.000000000000,census_block_relationship_count
091,001910,091,001910,1.000000000000,census_block_relationship_count
091,001911,091,001911,1.000000000000,census_block_relationship_count
091,001917,091,000931,0.023809523810,census_block_relationship_count
091,001917,091,001917,0.976190476190,census_block_relationship_count
091,001920,091,001938,1.000000000000,census_block_relationship_count
091,001923,091,001923,1.000000000000,census_block_relationship_count
091,001929,091,001929,0.967143927879,census_block_relationship_count
091,001929,091,002762,0.003331884035,census_block_relationship_count
091,001929,091,003600,0.029524188085,census_block_relationship_count
091,001930,091,001944,1.000000000000,census_block_relationship_count
091,001935,091,001935,1.000000000000,census_block_relationship_count
091,001940,091,001900,0.001994680850,census_block_relationship_count
091,001940,091,001950,0.998005319150,census_block_relationship_count
091,001945,091,001956,1.000000000000,census_block_relationship_count
091,001965,091,001965,1.000000000000,census_block_relationship_count
091,001981,091,001981,1.000000000000,census_block_relationship_count
091,001983,091,001983,1.000000000000,census_block_relationship_count
091,001985,091,001985,1.000000000000,census_block_relationship_count
091,001987,091,001987,1.000000000000,census_block_relationship_count
091,001989,091,001989,1.000000000000,census_block_relationship_count
091,001990,091,000940,0.000907922758,census_block_relationship_count
091,001990,091,001997,0.999062610494,census_block_relationship_count
091,001990,091,003600,0.000029466748,census_block_relationship_count
091,002000,091,002000,1.000000000000,census_block_relationship_count
091,002020,091,002020,1.000000000000,census_block_relationship_count
091,002025,091,001836,0.000956352414,census_block_relationship_count
091,002025,091,002025,0.556005672903,census_block_relationship_count
091,002025,091,002070,0.443037974684,census_block_relationship_count
091,002035,091,001815,0.040585106029,census_block_relationship_count
091,002035,091,002035,0.959414893971,census_block_relationship_count
091,002040,091,002040,1.000000000000,census_block_relationship_count
091,002050,091,001390,0.034482758621,census_block_relationship_count
091,002050,091,002050,0.965517241379,census_block_relationship_count
091,002060,091,002060,1.000000000000,census_block_relationship_count
091,002070,091,002070,1.000000000000,census_block_relationship_count
091,002090,091,002090,1.000000000000,census_block_relationship_count
091,002100,091,002100,1.000000000000,census_block_relationship_count
091,002110,091,002110,1.000000000000,census_block_relationship_count
091,002120,091,002120,1.000000000000,census_block_relationship_count
091,002130,091,002130,1.000000000000,census_block_relationship_count
091,002140,091,002140,1.000000000000,census_block_relationship_count
091,002160,091,002160,1.000000000000,census_block_relationship_count
091,002170,091,002170,1.000000000000,census_block_relationship_count
091,002190,091,002190,1.000000000000,census_block_relationship_count
091,002195,091,002195,1.000000000000,census_block_relationship_count
091,002200,091,002200,1.000000000000,census_block_relationship_count
091,002205,091,002205,0.946089009136,census_block_relationship_count
091,002205,091,002740,0.017857142857,census_block_relationship_count
091,002205,091,002762,0.018196705150,census_block_relationship_count
091,002205,091,003600,0.017857142857,census_block_relationship_count
091,002210,091,002210,1.000000000000,census_block_relationship_count
091,002220,091,002220,1.000000000000,census_block_relationship_count
091,002400,091,002400,0.833333333333,census_block_relationship_count
091,002400,091,002410,0.166666666667,census_block_relationship_count
091,002410,091,002410,1.000000000000,census_block_relationship_count
091,002420,091,002420,1.000000000000,census_block_relationship_count
091,002430,091,002430,1.000000000000,census_block_relationship_count
091,002450,091,002450,1.000000000000,census_block_relationship_count
091,002460,091,002460,1.000000000000,census_block_relationship_count
091,002470,091,002470,1.000000000000,census_block_relationship_count
091,002480,091,002480,1.000000000000,census_block_relationship_count
091,002490,091,002488,1.000000000000,census_block_relationship_count
091,002500,091,002500,1.000000000000,census_block_relationship_count
091,002510,091,002510,1.000000000000,census_block_relationship_count
091,002520,091,002520,1.000000000000,census_block_relationship_count
091,002530,091,002530,1.000000000000,census_block_relationship_count
091,002540,091,002515,1.000000000000,census_block_relationship_count
091,002560,091,002560,1.000000000000,census_block_relationship_count
091,002570,091,002570,1.000000000000,census_block_relationship_count
091,002580,091,002580,1.000000000000,census_block_relationship_count
091,002600,091,002605,1.000000000000,census_block_relationship_count
091,002610,091,002590,1.000000000000,census_block_relationship_count
091,002620,091,002620,1.000000000000,census_block_relationship_count
091,002630,091,002630,1.000000000000,census_block_relationship_count
091,002640,091,001822,0.039729466470,census_block_relationship_count
091,002640,091,002580,0.062500000000,census_block_relationship_count
091,002640,091,002640,0.897770533530,census_block_relationship_count
091,002660,091,002660,0.984809268138,census_block_relationship_count
091,002660,091,003240,0.015190731862,census_block_relationship_count
091,002670,091,000065,0.021276595745,census_block_relationship_count
091,002670,091,002670,0.978723404255,census_block_relationship_count
091,002680,091,002680,1.000000000000,census_block_relationship_count
091,002690,091,002690,1.000000000000,census_block_relationship_count
091,002730,091,001997,0.046710143714,census_block_relationship_count
091,002730,091,002730,0.953289856286,census_block_relationship_count
091,002740,091,001307,0.000278462832,census_block_relationship_count
091,002740,091,002205,0.058004660439,census_block_relationship_count
091,002740,091,002740,0.941716876729,census_block_relationship_count
091,002750,091,002748,1.000000000000,census_block_relationship_count
091,002760,091,002755,1.000000000000,census_block_relationship_count
091,002770,091,002770,1.000000000000,census_block_relationship_count
091,002775,091,002775,1.000000000000,census_block_relationship_count
091,002780,091,002780,1.000000000000,census_block_relationship_count
091,002790,091,002790,1.000000000000,census_block_relationship_count
091,002795,091,002795,1.000000000000,census_block_relationship_count
091,002800,091,002800,0.946788547990,census_block_relationship_count
091,002800,091,002810,0.047619047619,census_block_relationship_count
091,002800,091,003800,0.005592404390,census_block_relationship_count
091,002810,091,002810,1.000000000000,census_block_relationship_count
091,002820,091,002820,1.000000000000,census_block_relationship_count
091,002830,091,002830,1.000000000000,census_block_relationship_count
091,002835,091,002835,1.000000000000,census_block_relationship_count
091,002840,091,002840,1.000000000000,census_block_relationship_count
091,002850,091,002850,1.000000000000,census_block_relationship_count
091,002860,091,002860,1.000000000000,census_block_relationship_count
091,002870,091,002870,1.000000000000,census_block_relationship_count
091,002875,091,003077,0.064516129032,census_block_relationship_count
091,002875,091,003141,0.935483870968,census_block_relationship_count
091,002880,091,002880,1.000000000000,census_block_relationship_count
091,002890,091,002890,1.000000000000,census_block_relationship_count
091,002895,091,002895,1.000000000000,census_block_relationship_count
091,002900,091,002900,1.000000000000,census_block_relationship_count
091,002910,091,002910,1.000000000000,census_block_relationship_count
091,002920,091,002920,1.000000000000,census_block_relationship_count
091,002930,091,002930,1.000000000000,census_block_relationship_count
091,002940,091,000150,0.016671301762,census_block_relationship_count
091,002940,091,002940,0.983328698238,census_block_relationship_count
091,002950,091,002950,1.000000000000,census_block_relationship_count
091,002953,091,002953,1.000000000000,census_block_relationship_count
091,002956,091,002956,1.000000000000,census_block_relationship_count
091,002960,091,002960,1.000000000000,census_block_relationship_count
091,002970,091,002970,1.000000000000,census_block_relationship_count
091,002980,091,002980,1.000000000000,census_block_relationship_count
091,002990,091,002990,1.000000000000,census_block_relationship_count
091,003000,091,003001,1.000000000000,census_block_relationship_count
091,003010,091,003011,1.000000000000,census_block_relationship_count
091,003011,091,003025,1.000000000000,census_block_relationship_count
091,003012,091,002973,1.000000000000,census_block_relationship_count
091,003020,091,003020,1.000000000000,census_block_relationship_count
091,003030,091,003030,1.000000000000,census_block_relationship_count
091,003040,091,003040,1.000000000000,census_block_relationship_count
091,003050,091,003050,1.000000000000,census_block_relationship_count
091,003060,091,003060,0.965517241379,census_block_relationship_count
091,003060,091,003070,0.034482758621,census_block_relationship_count
091,003070,091,002795,0.071428571429,census_block_relationship_count
091,003070,091,003070,0.928571428571,census_block_relationship_count
091,003080,091,003077,0.714285714286,census_block_relationship_count
091,003080,091,003136,0.285714285714,census_block_relationship_count
091,003090,091,003090,1.000000000000,census_block_relationship_count
091,003100,091,003100,1.000000000000,census_block_relationship_count
091,003110,091,003110,1.000000000000,census_block_relationship_count
091,003120,091,003100,0.031250000000,census_block_relationship_count
091,003120,091,003121,0.656250000000,census_block_relationship_count
091,003120,091,003131,0.281250000000,census_block_relationship_count
091,003120,091,003136,0.031250000000,census_block_relationship_count
091,003130,091,003121,0.285714285714,census_block_relationship_count
091,003130,091,003131,0.285714285714,census_block_relationship_count
091,003130,091,003136,0.428571428571,census_block_relationship_count
091,003140,091,003141,1.000000000000,census_block_relationship_count
091,003150,091,003150,1.000000000000,census_block_relationship_count
091,003160,091,003160,1.000000000000,census_block_relationship_count
091,003170,091,003160,0.190476190476,census_block_relationship_count
091,003170,091,003170,0.809523809524,census_block_relationship_count
091,003180,091,000940,0.005158685245,census_block_relationship_count
091,003180,091,001307,0.015384615385,census_block_relationship_count
091,003180,091,001997,0.001593810548,census_block_relationship_count
091,003180,091,003180,0.977862888823,census_block_relationship_count
091,003193,091,003193,1.000000000000,census_block_relationship_count
091,003200,091,003200,1.000000000000,census_block_relationship_count
091,003210,091,003210,1.000000000000,census_block_relationship_count
091,003223,091,002953,0.000310216562,census_block_relationship_count
091,003223,091,003223,0.999689783438,census_block_relationship_count
091,003233,091,003233,1.000000000000,census_block_relationship_count
091,003240,091,002430,0.008487938060,census_block_relationship_count
091,003240,091,003240,0.991512061940,census_block_relationship_count
091,003250,091,003250,1.000000000000,census_block_relationship_count
091,003260,091,003260,1.000000000000,census_block_relationship_count
091,003270,091,003270,1.000000000000,census_block_relationship_count
091,003280,091,003280,1.000000000000,census_block_relationship_count
091,003290,091,003290,1.000000000000,census_block_relationship_count
091,003300,091,003300,1.000000000000,census_block_relationship_count
091,003310,091,003310,0.985714285714,census_block_relationship_count
091,003310,091,003384,0.014285714286,census_block_relationship_count
091,003320,091,003320,1.000000000000,census_block_relationship_count
091,003330,091,003330,0.968750000000,census_block_relationship_count
091,003330,091,003360,0.031250000000,census_block_relationship_count
091,003340,091,003340,1.000000000000,census_block_relationship_count
091,003350,091,003350,1.000000000000,census_block_relationship_count
091,003360,091,003360,0.987804878049,census_block_relationship_count
091,003360,091,003370,0.012195121951,census_block_relationship_count
091,003370,091,003370,1.000000000000,census_block_relationship_count
091,003380,091,003382,0.661654656758,census_block_relationship_count
091,003380,091,003384,0.338345343242,census_block_relationship_count
091,003390,091,003390,1.000000000000,census_block_relationship_count
091,003400,091,003400,1.000000000000,census_block_relationship_count
091,003410,091,003410,1.000000000000,census_block_relationship_count
091,003420,091,003420,0.954545454545,census_block_relationship_count
091,003420,091,003510,0.045454545455,census_block_relationship_count
091,003430,091,003430,1.000000000000,census_block_relationship_count
091,003440,091,003430,0.031250000000,census_block_relationship_count
091,003440,091,003440,0.968750000000,census_block_relationship_count
091,003450,091,003450,1.000000000000,census_block_relationship_count
091,003460,091,003440,0.041666666667,census_block_relationship_count
091,003460,091,003460,0.958333333333,census_block_relationship_count
091,003470,091,003470,1.000000000000,census_block_relationship_count
091,003480,091,003470,0.045465848971,census_block_relationship_count
091,003480,091,003480,0.954534151029,census_block_relationship_count
091,003490,091,003440,0.048460252882,census_block_relationship_count
091,003490,091,003490,0.951539747118,census_block_relationship_count
091,003500,091,003500,1.000000000000,census_block_relationship_count
091,003510,091,003510,1.000000000000,census_block_relationship_count
091,003520,091,003520,1.000000000000,census_block_relationship_count
091,003530,091,003530,1.000000000000,census_block_relationship_count
091,003540,091,003500,0.294117647059,census_block_relationship_count
091,003540,091,003540,0.705882352941,census_block_relationship_count
091,003550,091,003550,1.000000000000,census_block_relationship_count
091,003561,091,003561,0.999051383400,census_block_relationship_count
091,003561,091,003565,0.000948616600,census_block_relationship_count
091,003565,091,003561,0.017857142857,census_block_relationship_count
091,003565,091,003565,0.982142857143,census_block_relationship_count
091,003570,091,003570,1.000000000000,census_block_relationship_count
091,003580,091,003580,1.000000000000,census_block_relationship_count
091,003590,091,003565,0.026666666667,census_block_relationship_count
091,003590,091,003590,0.973333333333,census_block_relationship_count
091,003600,091,001905,0.029703749249,census_block_relationship_count
091,003600,091,001929,0.006665256722,census_block_relationship_count
091,003600,091,003600,0.963630994029,census_block_relationship_count
091,003610,091,003340,0.011705866273,census_block_relationship_count
091,003610,091,003610,0.988294133727,census_block_relationship_count
091,003620,091,003620,1.000000000000,census_block_relationship_count
091,003630,091,003630,1.000000000000,census_block_relationship_count
091,003640,091,003640,1.000000000000,census_block_relationship_count
091,003643,091,003865,1.000000000000,census_block_relationship_count
091,003646,091,003646,1.000000000000,census_block_relationship_count
091,003650,091,003650,1.000000000000,census_block_relationship_count
091,003652,091,003652,1.000000000000,census_block_relationship_count
091,003658,091,003658,1.000000000000,census_block_relationship_count
091,003660,091,003660,1.000000000000,census_block_relationship_count
091,003665,091,003665,1.000000000000,census_block_relationship_count
091,003670,091,003660,0.037037037037,census_block_relationship_count
091,003670,091,003670,0.962962962963,census_block_relationship_count
091,003680,091,003680,1.000000000000,census_block_relationship_count
091,003690,091,003690,1.000000000000,census_block_relationship_count
091,003700,091,003700,1.000000000000,census_block_relationship_count
091,003710,091,003710,1.000000000000,census_block_relationship_count
091,003720,091,003720,1.000000000000,census_block_relationship_count
091,003730,091,003730,1.000000000000,census_block_relationship_count
091,003740,091,003740,1.000000000000,census_block_relationship_count
091,003750,091,003750,1.000000000000,census_block_relationship_count
091,003760,091,003760,1.000000000000,census_block_relationship_count
091,003770,091,003770,1.000000000000,census_block_relationship_count
091,003780,091,003780,1.000000000000,census_block_relationship_count
091,003790,091,003790,1.000000000000,census_block_relationship_count
091,003800,091,003800,1.000000000000,census_block_relationship_count
091,003810,091,003810,1.000000000000,census_block_relationship_count
091,003811,091,003812,1.000000000000,census_block_relationship_count
091,003821,091,003821,1.000000000000,census_block_relationship_count
091,003825,091,003825,1.000000000000,census_block_relationship_count
091,003831,091,003831,1.000000000000,census_block_relationship_count
091,003835,091,003835,1.000000000000,census_block_relationship_count
091,003841,091,003841,1.000000000000,census_block_relationship_count
091,003845,091,003845,1.000000000000,census_block_relationship_count
091,003855,091,003845,0.040001929628,census_block_relationship_count
091,003855,091,003855,0.959998070372,census_block_relationship_count
091,003860,091,003860,1.000000000000,census_block_relationship_count
091,003861,091,003861,1.000000000000,census_block_relationship_count
091,0PR415,091,002648,1.000000000000,census_block_relationship_count
091,0PR416,091,002652,1.000000000000,census_block_relationship_count
091,0PR417,091,002762,1.000000000000,census_block_relationship_count
093,000010,093,000010,1.000000000000,census_block_relationship_count
093,000020,093,000020,1.000000000000,census_block_relationship_count
093,000030,093,000030,0.987691426660,census_block_relationship_count
093,000030,093,000050,0.012308573340,census_block_relationship_count
093,000040,093,000040,0.988505747126,census_block_relationship_count
093,000040,093,000060,0.011494252874,census_block_relationship_count
093,000050,093,000030,0.018375440766,census_block_relationship_count
093,000050,093,000050,0.969213367752,census_block_relationship_count
093,000050,093,000060,0.012411191482,census_block_relationship_count
093,000060,093,000050,0.040782343727,census_block_relationship_count
093,000060,093,000060,0.959217656273,census_block_relationship_count
093,000070,093,000070,1.000000000000,census_block_relationship_count
093,000080,093,000080,0.993234993016,census_block_relationship_count
093,000080,093,000115,0.006765006984,census_block_relationship_count
093,000090,093,000090,1.000000000000,census_block_relationship_count
093,000105,093,000105,0.755651393333,census_block_relationship_count
093,000105,093,000115,0.244348606667,census_block_relationship_count
093,000115,093,000105,0.035480379816,census_block_relationship_count
093,000115,093,000115,0.964519620184,census_block_relationship_count
093,000120,093,000120,1.000000000000,census_block_relationship_count
093,000130,093,000130,1.000000000000,census_block_relationship_count
093,000140,093,000140,1.000000000000,census_block_relationship_count
093,000150,093,000150,1.000000000000,census_block_relationship_count
095,000010,095,000008,0.615407864056,census_block_relationship_count
095,000010,095,000012,0.369127516779,census_block_relationship_count
095,000010,095,000940,0.008753209769,census_block_relationship_count
095,000010,095,000960,0.006711409396,census_block_relationship_count
095,000020,095,000020,1.000000000000,census_block_relationship_count
095,000030,095,000030,1.000000000000,census_block_relationship_count
095,000040,095,000040,1.000000000000,census_block_relationship_count
095,000050,095,000040,0.021276595745,census_block_relationship_count
095,000050,095,000050,0.975267040762,census_block_relationship_count
095,000050,095,001140,0.000051445223,census_block_relationship_count
095,000050,095,001260,0.003404918270,census_block_relationship_count
095,000060,095,000060,1.000000000000,census_block_relationship_count
095,000070,095,000065,1.000000000000,census_block_relationship_count
095,000080,095,000075,1.000000000000,census_block_relationship_count
095,000090,095,000090,1.000000000000,census_block_relationship_count
095,000100,095,000100,1.000000000000,census_block_relationship_count
095,000115,095,000115,1.000000000000,census_block_relationship_count
095,000117,095,000115,1.000000000000,census_block_relationship_count
095,000130,095,000130,1.000000000000,census_block_relationship_count
095,000140,095,000090,0.000025507117,census_block_relationship_count
095,000140,095,000140,0.999974492883,census_block_relationship_count
095,000150,095,000150,1.000000000000,census_block_relationship_count
095,000160,095,000160,0.998962227975,census_block_relationship_count
095,000160,095,000200,0.001037772025,census_block_relationship_count
095,000170,095,000170,1.000000000000,census_block_relationship_count
095,000180,095,000180,1.000000000000,census_block_relationship_count
095,000190,095,000190,0.954022988506,census_block_relationship_count
095,000190,095,000280,0.045977011494,census_block_relationship_count
095,000200,095,000200,1.000000000000,census_block_relationship_count
095,000210,095,000210,1.000000000000,census_block_relationship_count
095,000220,095,000220,1.000000000000,census_block_relationship_count
095,000230,095,000230,1.000000000000,census_block_relationship_count
095,000240,095,000240,1.000000000000,census_block_relationship_count
095,000250,095,000250,1.000000000000,census_block_relationship_count
095,000255,095,000255,1.000000000000,census_block_relationship_count
095,000270,095,000270,1.000000000000,census_block_relationship_count
095,000280,095,000280,1.000000000000,census_block_relationship_count
095,000290,095,000290,1.000000000000,census_block_relationship_count
095,000300,095,000300,1.000000000000,census_block_relationship_count
095,000310,095,000310,1.000000000000,census_block_relationship_count
095,000320,095,000130,0.013513513514,census_block_relationship_count
095,000320,095,000320,0.986486486486,census_block_relationship_count
095,000330,095,000331,0.333333333333,census_block_relationship_count
095,000330,095,000332,0.666666666667,census_block_relationship_count
095,000335,095,000354,0.634146341463,census_block_relationship_count
095,000335,095,000356,0.365853658537,census_block_relationship_count
095,000336,095,000332,0.148148148148,census_block_relationship_count
095,000336,095,000333,0.666666666667,census_block_relationship_count
095,000336,095,000337,0.185185185185,census_block_relationship_count
095,000337,095,000331,1.000000000000,census_block_relationship_count
095,000340,095,000339,0.736111111111,census_block_relationship_count
095,000340,095,000344,0.263888888889,census_block_relationship_count
095,000345,095,000339,0.263888888889,census_block_relationship_count
095,000345,095,000344,0.083333333333,census_block_relationship_count
095,000345,095,000345,0.597222222222,census_block_relationship_count
095,000345,095,000347,0.055555555556,census_block_relationship_count
095,000350,095,000332,1.000000000000,census_block_relationship_count
095,000355,095,000349,0.451612903226,census_block_relationship_count
095,000355,095,000351,0.548387096774,census_block_relationship_count
095,000360,095,000344,1.000000000000,census_block_relationship_count
095,000361,095,000347,1.000000000000,census_block_relationship_count
095,000365,095,000344,0.500000000000,census_block_relationship_count
095,000365,095,000347,0.058823529412,census_block_relationship_count
095,000365,095,000352,0.441176470588,census_block_relationship_count
095,000367,095,000344,0.206896551724,census_block_relationship_count
095,000367,095,000352,0.793103448276,census_block_relationship_count
095,000370,095,000356,1.000000000000,census_block_relationship_count
095,000375,095,000364,0.304347826087,census_block_relationship_count
095,000375,095,000372,0.695652173913,census_block_relationship_count
095,000377,095,000337,0.215686274510,census_block_relationship_count
095,000377,095,000364,0.002109295298,census_block_relationship_count
095,000377,095,000368,0.705310927692,census_block_relationship_count
095,000377,095,000372,0.076893502500,census_block_relationship_count
095,000378,095,000333,0.089552238806,census_block_relationship_count
095,000378,095,000337,0.208955223881,census_block_relationship_count
095,000378,095,000356,0.044776119403,census_block_relationship_count
095,000378,095,000358,0.222757077284,census_block_relationship_count
095,000378,095,000364,0.389319254245,census_block_relationship_count
095,000378,095,000368,0.044640086381,census_block_relationship_count
095,000380,095,000380,1.000000000000,census_block_relationship_count
095,000390,095,000390,1.000000000000,census_block_relationship_count
095,000400,095,000400,1.000000000000,census_block_relationship_count
095,000410,095,000410,1.000000000000,census_block_relationship_count
095,000420,095,000420,1.000000000000,census_block_relationship_count
095,000430,095,000430,1.000000000000,census_block_relationship_count
095,000440,095,000440,1.000000000000,census_block_relationship_count
095,000450,095,000450,1.000000000000,census_block_relationship_count
095,000460,095,000460,0.981132075472,census_block_relationship_count
095,000460,095,000601,0.018867924528,census_block_relationship_count
095,000470,095,000470,0.978723404255,census_block_relationship_count
095,000470,095,000490,0.021276595745,census_block_relationship_count
095,000480,095,000480,1.000000000000,census_block_relationship_count
095,000490,095,000490,1.000000000000,census_block_relationship_count
095,000500,095,000500,1.000000000000,census_block_relationship_count
095,000510,095,000510,1.000000000000,census_block_relationship_count
095,000520,095,000520,1.000000000000,census_block_relationship_count
095,000530,095,000530,1.000000000000,census_block_relationship_count
095,000540,095,000540,1.000000000000,census_block_relationship_count
095,000550,095,000550,1.000000000000,census_block_relationship_count
095,000560,095,000560,1.000000000000,census_block_relationship_count
095,000570,095,000560,0.018518518519,census_block_relationship_count
095,000570,095,000570,0.981481481481,census_block_relationship_count
095,000580,095,000580,1.000000000000,census_block_relationship_count
095,000590,095,000590,1.000000000000,census_block_relationship_count
095,000594,095,000594,1.000000000000,census_block_relationship_count
095,000601,095,000594,0.000000853461,census_block_relationship_count
095,000601,095,000601,0.999999146539,census_block_relationship_count
095,000608,095,000608,1.000000000000,census_block_relationship_count
095,000615,095,000615,0.981103163851,census_block_relationship_count
095,000615,095,001020,0.018896836149,census_block_relationship_count
095,000620,095,000620,1.000000000000,census_block_relationship_count
095,000630,095,000630,1.000000000000,census_block_relationship_count
095,000640,095,000640,1.000000000000,census_block_relationship_count
095,000650,095,000650,0.962264150943,census_block_relationship_count
095,000650,095,000660,0.037735849057,census_block_relationship_count
095,000660,095,000660,1.000000000000,census_block_relationship_count
095,000665,095,000665,1.000000000000,census_block_relationship_count
095,000667,095,000667,1.000000000000,census_block_relationship_count
095,000668,095,000668,1.000000000000,census_block_relationship_count
095,000670,095,000670,0.989898989899,census_block_relationship_count
095,000670,095,000680,0.010101010101,census_block_relationship_count
095,000680,095,000680,1.000000000000,census_block_relationship_count
095,000690,095,000690,1.000000000000,census_block_relationship_count
095,000700,095,000700,1.000000000000,census_block_relationship_count
095,000710,095,000710,1.000000000000,census_block_relationship_count
095,000720,095,000720,1.000000000000,census_block_relationship_count
095,000730,095,000730,1.000000000000,census_block_relationship_count
095,000740,095,000740,0.942028985507,census_block_relationship_count
095,000740,095,001240,0.057971014493,census_block_relationship_count
095,000750,095,000750,1.000000000000,census_block_relationship_count
095,000760,095,000760,0.977361615393,census_block_relationship_count
095,000760,095,001170,0.022638384607,census_block_relationship_count
095,000770,095,000770,1.000000000000,census_block_relationship_count
095,000780,095,000780,1.000000000000,census_block_relationship_count
095,000790,095,000790,1.000000000000,census_block_relationship_count
095,000800,095,000800,1.000000000000,census_block_relationship_count
095,000810,095,000810,0.997947621647,census_block_relationship_count
095,000810,095,000840,0.002052378353,census_block_relationship_count
095,000820,095,000800,0.065217391304,census_block_relationship_count
095,000820,095,000820,0.043478260870,census_block_relationship_count
095,000820,095,000825,0.847826086957,census_block_relationship_count
095,000820,095,000827,0.043478260870,census_block_relationship_count
095,000825,095,000827,1.000000000000,census_block_relationship_count
095,000827,095,000820,1.000000000000,census_block_relationship_count
095,000830,095,000830,1.000000000000,census_block_relationship_count
095,000840,095,000840,1.000000000000,census_block_relationship_count
095,000850,095,000850,1.000000000000,census_block_relationship_count
095,000860,095,000860,1.000000000000,census_block_relationship_count
095,000870,095,000870,1.000000000000,census_block_relationship_count
095,000880,095,000880,1.000000000000,census_block_relationship_count
095,000890,095,000890,0.982456140351,census_block_relationship_count
095,000890,095,000900,0.017543859649,census_block_relationship_count
095,000900,095,000900,1.000000000000,census_block_relationship_count
095,000910,095,000890,0.071428571429,census_block_relationship_count
095,000910,095,000900,0.011904761905,census_block_relationship_count
095,000910,095,000910,0.916666666667,census_block_relationship_count
095,000920,095,000920,1.000000000000,census_block_relationship_count
095,000930,095,000930,1.000000000000,census_block_relationship_count
095,000940,095,000008,0.017246458360,census_block_relationship_count
095,000940,095,000940,0.971764530651,census_block_relationship_count
095,000940,095,000970,0.010989010989,census_block_relationship_count
095,000950,095,000012,0.003321456609,census_block_relationship_count
095,000950,095,000950,0.996678543391,census_block_relationship_count
095,000960,095,000012,0.013483258137,census_block_relationship_count
095,000960,095,000960,0.986516741863,census_block_relationship_count
095,000970,095,000950,0.027777777778,census_block_relationship_count
095,000970,095,000970,0.972222222222,census_block_relationship_count
095,000980,095,000590,0.004658282351,census_block_relationship_count
095,000980,095,000980,0.995341717649,census_block_relationship_count
095,000990,095,000337,0.063474140641,census_block_relationship_count
095,000990,095,000990,0.855444778278,census_block_relationship_count
095,000990,095,001000,0.081081081081,census_block_relationship_count
095,001000,095,000337,0.002651515152,census_block_relationship_count
095,001000,095,000368,0.007112657232,census_block_relationship_count
095,001000,095,000372,0.001906997414,census_block_relationship_count
095,001000,095,000990,0.017857142857,census_block_relationship_count
095,001000,095,001000,0.970471687345,census_block_relationship_count
095,001010,095,000540,0.032541115427,census_block_relationship_count
095,001010,095,001010,0.965909090909,census_block_relationship_count
095,001010,095,001330,0.001549793664,census_block_relationship_count
095,001020,095,000780,0.031756349854,census_block_relationship_count
095,001020,095,001020,0.930601527430,census_block_relationship_count
095,001020,095,001150,0.001323206033,census_block_relationship_count
095,001020,095,001160,0.002994888362,census_block_relationship_count
095,001020,095,001220,0.033324028321,census_block_relationship_count
095,001030,095,000364,0.021662508141,census_block_relationship_count
095,001030,095,001030,0.959818973341,census_block_relationship_count
095,001030,095,001040,0.018518518518,census_block_relationship_count
095,001040,095,000372,0.091708929424,census_block_relationship_count
095,001040,095,001030,0.043478260870,census_block_relationship_count
095,001040,095,001040,0.864812809707,census_block_relationship_count
095,001050,095,001050,1.000000000000,census_block_relationship_count
095,001060,095,001060,1.000000000000,census_block_relationship_count
095,001070,095,001070,1.000000000000,census_block_relationship_count
095,001080,095,001080,1.000000000000,census_block_relationship_count
095,001090,095,001090,0.999744630506,census_block_relationship_count
095,001090,095,001150,0.000255369494,census_block_relationship_count
095,001100,095,001100,1.000000000000,census_block_relationship_count
095,001110,095,001110,1.000000000000,census_block_relationship_count
095,001120,095,001120,0.989795918367,census_block_relationship_count
095,001120,095,001350,0.010204081633,census_block_relationship_count
095,001130,095,001130,1.000000000000,census_block_relationship_count
095,001140,095,001140,0.970866151675,census_block_relationship_count
095,001140,095,001260,0.029133848325,census_block_relationship_count
095,001150,095,001150,1.000000000000,census_block_relationship_count
095,001160,095,001020,0.110938072630,census_block_relationship_count
095,001160,095,001160,0.889061927370,census_block_relationship_count
095,001170,095,001170,1.000000000000,census_block_relationship_count
095,001180,095,000440,0.023010226237,census_block_relationship_count
095,001180,095,001180,0.976989773763,census_block_relationship_count
095,001190,095,001190,1.000000000000,census_block_relationship_count
095,001200,095,001200,1.000000000000,census_block_relationship_count
095,001210,095,001210,1.000000000000,census_block_relationship_count
095,001220,095,001220,1.000000000000,census_block_relationship_count
095,001230,095,001230,1.000000000000,census_block_relationship_count
095,001240,095,001240,1.000000000000,census_block_relationship_count
095,001250,095,001250,1.000000000000,census_block_relationship_count
095,001260,095,000040,0.002699329237,census_block_relationship_count
095,001260,095,001140,0.013212452540,census_block_relationship_count
095,001260,095,001260,0.984088218224,census_block_relationship_count
095,001270,095,001270,1.000000000000,census_block_relationship_count
095,001280,095,001280,1.000000000000,census_block_relationship_count
095,001290,095,001290,1.000000000000,census_block_relationship_count
095,001300,095,001300,1.000000000000,census_block_relationship_count
095,001310,095,001310,1.000000000000,census_block_relationship_count
095,001320,095,000540,0.000957028813,census_block_relationship_count
095,001320,095,001320,0.999042971187,census_block_relationship_count
095,001330,095,001330,1.000000000000,census_block_relationship_count
095,001340,095,000980,0.050490812568,census_block_relationship_count
095,001340,095,001340,0.949509187432,census_block_relationship_count
095,001350,095,001350,1.000000000000,census_block_relationship_count
095,001460,095,000970,1.000000000000,census_block_relationship_count
097,000010,097,000010,0.905031637159,census_block_relationship_count
097,000010,097,000030,0.043440573041,census_block_relationship_count
097,000010,097,000210,0.016648809773,census_block_relationship_count
097,000010,097,000375,0.009630124719,census_block_relationship_count
097,000010,097,000390,0.024527660815,census_block_relationship_count
097,000010,097,000590,0.000721194493,census_block_relationship_count
097,000020,097,000020,1.000000000000,census_block_relationship_count
097,000030,097,000030,0.944092836735,census_block_relationship_count
097,000030,097,000060,0.055376302773,census_block_relationship_count
097,000030,097,000650,0.000530860492,census_block_relationship_count
097,000040,097,000010,0.137943515296,census_block_relationship_count
097,000040,097,000040,0.842448641567,census_block_relationship_count
097,000040,097,000375,0.009803921569,census_block_relationship_count
097,000040,097,000680,0.009803921569,census_block_relationship_count
097,000050,097,000040,0.098039215686,census_block_relationship_count
097,000050,097,000050,0.901960784314,census_block_relationship_count
097,000060,097,000020,0.972972972973,census_block_relationship_count
097,000060,097,000060,0.027027027027,census_block_relationship_count
097,000070,097,000010,0.190208248649,census_block_relationship_count
097,000070,097,000030,0.809791751351,census_block_relationship_count
097,000080,097,000060,0.627935664010,census_block_relationship_count
097,000080,097,000070,0.372064335990,census_block_relationship_count
097,000090,097,000030,0.096315494077,census_block_relationship_count
097,000090,097,000060,0.862626875850,census_block_relationship_count
097,000090,097,000140,0.005681818182,census_block_relationship_count
097,000090,097,000630,0.010514316606,census_block_relationship_count
097,000090,097,000650,0.024861495285,census_block_relationship_count
097,000100,097,000050,0.121141907300,census_block_relationship_count
097,000100,097,000060,0.033659378596,census_block_relationship_count
097,000100,097,000070,0.845198714104,census_block_relationship_count
097,000110,097,000110,0.786752954330,census_block_relationship_count
097,000110,097,000130,0.189514123800,census_block_relationship_count
097,000110,097,000220,0.023732921870,census_block_relationship_count
097,000120,097,000120,1.000000000000,census_block_relationship_count
097,000130,097,000120,0.011494252874,census_block_relationship_count
097,000130,097,000130,0.969343199101,census_block_relationship_count
097,000130,097,000900,0.019162548025,census_block_relationship_count
097,000140,097,000010,0.033010579337,census_block_relationship_count
097,000140,097,000030,0.043010752688,census_block_relationship_count
097,000140,097,000060,0.021505376344,census_block_relationship_count
097,000140,097,000140,0.856535944085,census_block_relationship_count
097,000140,097,000360,0.045937347546,census_block_relationship_count
097,000150,097,000150,1.000000000000,census_block_relationship_count
097,000160,097,000160,0.968750000000,census_block_relationship_count
097,000160,097,000170,0.031250000000,census_block_relationship_count
097,000170,097,000170,0.970720390194,census_block_relationship_count
097,000170,097,000255,0.020868360286,census_block_relationship_count
097,000170,097,000880,0.008411249520,census_block_relationship_count
097,000180,097,000180,1.000000000000,census_block_relationship_count
097,000190,097,000190,0.862604934975,census_block_relationship_count
097,000190,097,000375,0.019607843137,census_block_relationship_count
097,000190,097,000390,0.117787221888,census_block_relationship_count
097,000200,097,000200,0.940759690815,census_block_relationship_count
097,000200,097,000390,0.059240309185,census_block_relationship_count
097,000210,097,000210,0.909523494520,census_block_relationship_count
097,000210,097,000375,0.044444444444,census_block_relationship_count
097,000210,097,000390,0.046032061036,census_block_relationship_count
097,000220,097,000220,1.000000000000,census_block_relationship_count
097,000230,097,000230,0.982972145117,census_block_relationship_count
097,000230,097,000240,0.000026110796,census_block_relationship_count
097,000230,097,000935,0.017001744087,census_block_relationship_count
097,000240,097,000230,0.024461319310,census_block_relationship_count
097,000240,097,000240,0.928686337083,census_block_relationship_count
097,000240,097,000570,0.015621447785,census_block_relationship_count
097,000240,097,000850,0.031230895822,census_block_relationship_count
097,000250,097,000170,0.000953558261,census_block_relationship_count
097,000250,097,000255,0.999046441739,census_block_relationship_count
097,000260,097,000255,1.000000000000,census_block_relationship_count
097,000270,097,000190,0.026452635133,census_block_relationship_count
097,000270,097,000270,0.929943200833,census_block_relationship_count
097,000270,097,000375,0.043604164035,census_block_relationship_count
097,000280,097,000280,1.000000000000,census_block_relationship_count
097,000290,097,000290,0.999966522941,census_block_relationship_count
097,000290,097,000300,0.000033477059,census_block_relationship_count
097,000300,097,000300,1.000000000000,census_block_relationship_count
097,000310,097,000310,0.988505747126,census_block_relationship_count
097,000310,097,000320,0.010251630941,census_block_relationship_count
097,000310,097,000830,0.001242621932,census_block_relationship_count
097,000320,097,000320,0.999594789143,census_block_relationship_count
097,000320,097,000830,0.000405210858,census_block_relationship_count
097,000330,097,000320,0.033405525901,census_block_relationship_count
097,000330,097,000330,0.928332088356,census_block_relationship_count
097,000330,097,000920,0.038262385743,census_block_relationship_count
097,000340,097,000355,1.000000000000,census_block_relationship_count
097,000350,097,000355,1.000000000000,census_block_relationship_count
097,000360,097,000360,1.000000000000,census_block_relationship_count
097,000370,097,000190,0.026767523373,census_block_relationship_count
097,000370,097,000375,0.973232476627,census_block_relationship_count
097,000380,097,000375,1.000000000000,census_block_relationship_count
097,000390,097,000390,0.990990990991,census_block_relationship_count
097,000390,097,000445,0.004504504505,census_block_relationship_count
097,000390,097,000540,0.004504504505,census_block_relationship_count
097,000400,097,000405,1.000000000000,census_block_relationship_count
097,000410,097,000405,1.000000000000,census_block_relationship_count
097,000420,097,000405,0.009259114807,census_block_relationship_count
097,000420,097,000425,0.990740885193,census_block_relationship_count
097,000430,097,000425,1.000000000000,census_block_relationship_count
097,000440,097,000445,1.000000000000,census_block_relationship_count
097,000450,097,000445,1.000000000000,census_block_relationship_count
097,000460,097,000445,0.979014713431,census_block_relationship_count
097,000460,097,000475,0.020985286569,census_block_relationship_count
097,000470,097,000475,1.000000000000,census_block_relationship_count
097,000480,097,000475,1.000000000000,census_block_relationship_count
097,000490,097,000490,1.000000000000,census_block_relationship_count
097,000500,097,000500,1.000000000000,census_block_relationship_count
097,000510,097,000510,1.000000000000,census_block_relationship_count
097,000520,097,000490,0.049065928078,census_block_relationship_count
097,000520,097,000520,0.950934071922,census_block_relationship_count
097,000530,097,000500,0.003499254687,census_block_relationship_count
097,000530,097,000510,0.009050838715,census_block_relationship_count
097,000530,097,000530,0.987449906598,census_block_relationship_count
097,000540,097,000540,0.983851470965,census_block_relationship_count
097,000540,097,000580,0.016148529035,census_block_relationship_count
097,000550,097,000550,1.000000000000,census_block_relationship_count
097,000560,097,000560,0.991824274698,census_block_relationship_count
097,000560,097,000580,0.008175725302,census_block_relationship_count
097,000570,097,000240,0.002038171558,census_block_relationship_count
097,000570,097,000570,0.997961828442,census_block_relationship_count
097,000580,097,000560,0.012705638188,census_block_relationship_count
097,000580,097,000580,0.987294361812,census_block_relationship_count
097,000590,097,000010,0.000050370656,census_block_relationship_count
097,000590,097,000590,0.968699629344,census_block_relationship_count
097,000590,097,000600,0.031250000000,census_block_relationship_count
097,000600,097,000600,1.000000000000,census_block_relationship_count
097,000610,097,000600,1.000000000000,census_block_relationship_count
097,000620,097,000620,1.000000000000,census_block_relationship_count
097,000630,097,000630,1.000000000000,census_block_relationship_count
097,000640,097,000630,1.000000000000,census_block_relationship_count
097,000650,097,000650,1.000000000000,census_block_relationship_count
097,000660,097,000030,0.000165367344,census_block_relationship_count
097,000660,097,000650,0.999834632656,census_block_relationship_count
097,000670,097,000670,1.000000000000,census_block_relationship_count
097,000680,097,000010,0.000091691300,census_block_relationship_count
097,000680,097,000590,0.999908308700,census_block_relationship_count
097,000690,097,000040,0.045576176459,census_block_relationship_count
097,000690,097,000680,0.954423823541,census_block_relationship_count
097,000700,097,000040,0.034482758621,census_block_relationship_count
097,000700,097,000680,0.965517241379,census_block_relationship_count
097,000710,097,000690,1.000000000000,census_block_relationship_count
097,000720,097,000580,0.005178051866,census_block_relationship_count
097,000720,097,000720,0.979290263505,census_block_relationship_count
097,000720,097,000730,0.011895320992,census_block_relationship_count
097,000720,097,000935,0.003636363636,census_block_relationship_count
097,000730,097,000580,0.000073596182,census_block_relationship_count
097,000730,097,000720,0.039852398075,census_block_relationship_count
097,000730,097,000730,0.960074005743,census_block_relationship_count
097,000740,097,000740,1.000000000000,census_block_relationship_count
097,000750,097,000750,0.891135764560,census_block_relationship_count
097,000750,097,000760,0.108864235440,census_block_relationship_count
097,000760,097,000740,1.000000000000,census_block_relationship_count
097,000770,097,000740,0.022496573198,census_block_relationship_count
097,000770,097,000750,0.573650787103,census_block_relationship_count
097,000770,097,000760,0.348676032419,census_block_relationship_count
097,000770,097,000850,0.055176607280,census_block_relationship_count
097,000780,097,000780,1.000000000000,census_block_relationship_count
097,000790,097,000750,0.017769682250,census_block_relationship_count
097,000790,097,000780,0.046359365433,census_block_relationship_count
097,000790,097,000790,0.935870952317,census_block_relationship_count
097,000800,097,000180,0.015873015873,census_block_relationship_count
097,000800,097,000770,0.984053012086,census_block_relationship_count
097,000800,097,000860,0.000073972041,census_block_relationship_count
097,000810,097,000760,1.000000000000,census_block_relationship_count
097,000820,097,000760,1.000000000000,census_block_relationship_count
097,000830,097,000290,0.012106195489,census_block_relationship_count
097,000830,097,000310,0.014796314730,census_block_relationship_count
097,000830,097,000320,0.001478292646,census_block_relationship_count
097,000830,097,000330,0.002497944143,census_block_relationship_count
097,000830,097,000830,0.969121252993,census_block_relationship_count
097,000840,097,000840,1.000000000000,census_block_relationship_count
097,000850,097,000240,0.034633747660,census_block_relationship_count
097,000850,097,000570,0.004948272736,census_block_relationship_count
097,000850,097,000760,0.017754727293,census_block_relationship_count
097,000850,097,000850,0.942663252311,census_block_relationship_count
097,000860,097,000580,0.000040427776,census_block_relationship_count
097,000860,097,000770,0.000520226753,census_block_relationship_count
097,000860,097,000860,0.999439345471,census_block_relationship_count
097,000870,097,000871,0.152671755725,census_block_relationship_count
097,000870,097,000872,0.847328244275,census_block_relationship_count
097,000880,097,000880,1.000000000000,census_block_relationship_count
097,000890,097,000890,1.000000000000,census_block_relationship_count
097,000900,097,000900,1.000000000000,census_block_relationship_count
097,000910,097,000060,0.061224489796,census_block_relationship_count
097,000910,097,000910,0.938775510204,census_block_relationship_count
097,000920,097,000330,0.005150457251,census_block_relationship_count
097,000920,097,000920,0.994849542749,census_block_relationship_count
097,000930,097,000720,0.007407407407,census_block_relationship_count
097,000930,097,000910,0.066666666667,census_block_relationship_count
097,000930,097,000935,0.925925925926,census_block_relationship_count
097,000940,097,000570,0.008403361345,census_block_relationship_count
097,000940,097,000910,0.060155646150,census_block_relationship_count
097,000940,097,000935,0.931440992506,census_block_relationship_count
097,0PR159,097,000255,1.000000000000,census_block_relationship_count
099,000010,099,000010,1.000000000000,census_block_relationship_count
099,000020,099,000020,1.000000000000,census_block_relationship_count
099,000030,099,000030,1.000000000000,census_block_relationship_count
099,000040,099,000040,1.000000000000,census_block_relationship_count
099,000050,099,000050,1.000000000000,census_block_relationship_count
099,000060,099,000065,1.000000000000,census_block_relationship_count
099,000080,099,000080,1.000000000000,census_block_relationship_count
099,000090,099,000090,1.000000000000,census_block_relationship_count
099,000100,099,000100,1.000000000000,census_block_relationship_count
099,000110,099,000110,1.000000000000,census_block_relationship_count
099,000120,099,000120,1.000000000000,census_block_relationship_count
099,000130,099,000130,1.000000000000,census_block_relationship_count
099,000140,099,000140,1.000000000000,census_block_relationship_count
099,000150,099,000150,1.000000000000,census_block_relationship_count
099,000160,099,000160,1.000000000000,census_block_relationship_count
099,000170,099,000170,1.000000000000,census_block_relationship_count
099,000180,099,000180,1.000000000000,census_block_relationship_count
099,000190,099,000191,1.000000000000,census_block_relationship_count
099,000200,099,000191,1.000000000000,census_block_relationship_count
099,000210,099,000210,1.000000000000,census_block_relationship_count
099,000220,099,000216,1.000000000000,census_block_relationship_count
099,000230,099,000230,1.000000000000,census_block_relationship_count
099,000240,099,000240,1.000000000000,census_block_relationship_count
099,000250,099,000250,1.000000000000,census_block_relationship_count
099,000260,099,000260,1.000000000000,census_block_relationship_count
099,000270,099,000270,1.000000000000,census_block_relationship_count
099,000280,099,000280,1.000000000000,census_block_relationship_count
099,000290,099,000290,1.000000000000,census_block_relationship_count
099,000300,099,000300,1.000000000000,census_block_relationship_count
099,000310,099,000310,1.000000000000,census_block_relationship_count
099,000320,099,000320,1.000000000000,census_block_relationship_count
099,000330,099,000330,1.000000000000,census_block_relationship_count
101,000101,101,000101,1.000000000000,census_block_relationship_count
101,000102,101,000102,1.000000000000,census_block_relationship_count
101,000103,101,000103,1.000000000000,census_block_relationship_count
101,000104,101,000104,1.000000000000,census_block_relationship_count
101,000105,101,000105,1.000000000000,census_block_relationship_count
101,000106,101,000106,1.000000000000,census_block_relationship_count
101,000107,101,000107,1.000000000000,census_block_relationship_count
101,000108,101,000108,1.000000000000,census_block_relationship_count
101,000109,101,000109,1.000000000000,census_block_relationship_count
101,000110,101,000110,1.000000000000,census_block_relationship_count
101,000111,101,000111,1.000000000000,census_block_relationship_count
101,000112,101,000112,1.000000000000,census_block_relationship_count
101,000113,101,000113,1.000000000000,census_block_relationship_count
101,000114,101,000114,1.000000000000,census_block_relationship_count
101,000115,101,000115,1.000000000000,census_block_relationship_count
101,000116,101,000116,1.000000000000,census_block_relationship_count
101,000117,101,000117,1.000000000000,census_block_relationship_count
101,000118,101,000118,1.000000000000,census_block_relationship_count
101,000119,101,000119,1.000000000000,census_block_relationship_count
101,000120,101,000120,1.000000000000,census_block_relationship_count
101,000121,101,000121,1.000000000000,census_block_relationship_count
101,000201,101,000201,1.000000000000,census_block_relationship_count
101,000202,101,000202,1.000000000000,census_block_relationship_count
101,000203,101,000203,1.000000000000,census_block_relationship_count
101,000204,101,000204,1.000000000000,census_block_relationship_count
101,000205,101,000205,1.000000000000,census_block_relationship_count
101,000206,101,000206,1.000000000000,census_block_relationship_count
101,000207,101,000207,1.000000000000,census_block_relationship_count
101,000208,101,000208,1.000000000000,census_block_relationship_count
101,000209,101,000209,1.000000000000,census_block_relationship_count
101,000210,101,000210,1.000000000000,census_block_relationship_count
101,000211,101,000211,1.000000000000,census_block_relationship_count
101,000212,101,000212,1.000000000000,census_block_relationship_count
101,000213,101,000213,1.000000000000,census_block_relationship_count
101,000214,101,000214,1.000000000000,census_block_relationship_count
101,000215,101,000228,0.538461538462,census_block_relationship_count
101,000215,101,000233,0.461538461538,census_block_relationship_count
101,000216,101,000229,0.909090909091,census_block_relationship_count
101,000216,101,000234,0.090909090909,census_block_relationship_count
101,000217,101,000217,1.000000000000,census_block_relationship_count
101,000218,101,000218,1.000000000000,census_block_relationship_count
101,000219,101,000219,1.000000000000,census_block_relationship_count
101,000220,101,000220,1.000000000000,census_block_relationship_count
101,000221,101,000221,1.000000000000,census_block_relationship_count
101,000222,101,000222,1.000000000000,census_block_relationship_count
101,000223,101,000223,1.000000000000,census_block_relationship_count
101,000224,101,000224,1.000000000000,census_block_relationship_count
101,000225,101,000230,0.857142857143,census_block_relationship_count
101,000225,101,000231,0.071428571429,census_block_relationship_count
101,000225,101,000234,0.071428571429,census_block_relationship_count
101,000226,101,000231,0.500000000000,census_block_relationship_count
101,000226,101,000232,0.125000000000,census_block_relationship_count
101,000226,101,000233,0.125000000000,census_block_relationship_count
101,000226,101,000234,0.250000000000,census_block_relationship_count
101,000227,101,000232,0.291666666667,census_block_relationship_count
101,000227,101,000233,0.708333333333,census_block_relationship_count
101,000290,101,006633,1.000000000000,census_block_relationship_count
101,000301,101,000301,1.000000000000,census_block_relationship_count
101,000302,101,000302,1.000000000000,census_block_relationship_count
101,000303,101,000303,1.000000000000,census_block_relationship_count
101,000304,101,000304,1.000000000000,census_block_relationship_count
101,000305,101,000305,1.000000000000,census_block_relationship_count
101,000306,101,000306,1.000000000000,census_block_relationship_count
101,000307,101,000307,1.000000000000,census_block_relationship_count
101,000308,101,000308,1.000000000000,census_block_relationship_count
101,000309,101,000309,1.000000000000,census_block_relationship_count
101,000310,101,000310,1.000000000000,census_block_relationship_count
101,000311,101,000311,1.000000000000,census_block_relationship_count
101,000312,101,000312,1.000000000000,census_block_relationship_count
101,000313,101,000313,1.000000000000,census_block_relationship_count
101,000314,101,000314,1.000000000000,census_block_relationship_count
101,000315,101,000315,1.000000000000,census_block_relationship_count
101,000316,101,000316,1.000000000000,census_block_relationship_count
101,000317,101,000317,1.000000000000,census_block_relationship_count
101,000318,101,000318,1.000000000000,census_block_relationship_count
101,000319,101,000319,1.000000000000,census_block_relationship_count
101,000320,101,000318,0.003182420910,census_block_relationship_count
101,000320,101,000320,0.996817579090,census_block_relationship_count
101,000321,101,000321,1.000000000000,census_block_relationship_count
101,000322,101,000322,0.831177192322,census_block_relationship_count
101,000322,101,004008,0.168822807678,census_block_relationship_count
101,000401,101,000401,1.000000000000,census_block_relationship_count
101,000402,101,000402,1.000000000000,census_block_relationship_count
101,000403,101,000403,1.000000000000,census_block_relationship_count
101,000404,101,000404,1.000000000000,census_block_relationship_count
101,000405,101,000405,1.000000000000,census_block_relationship_count
101,000406,101,000406,1.000000000000,census_block_relationship_count
101,000407,101,000407,1.000000000000,census_block_relationship_count
101,000408,101,000408,1.000000000000,census_block_relationship_count
101,000409,101,000409,1.000000000000,census_block_relationship_count
101,000410,101,000410,1.000000000000,census_block_relationship_count
101,000411,101,000411,1.000000000000,census_block_relationship_count
101,000412,101,000412,1.000000000000,census_block_relationship_count
101,000413,101,000413,1.000000000000,census_block_relationship_count
101,000414,101,000414,1.000000000000,census_block_relationship_count
101,000415,101,000415,1.000000000000,census_block_relationship_count
101,000416,101,000416,1.000000000000,census_block_relationship_count
101,000417,101,000417,1.000000000000,census_block_relationship_count
101,000418,101,000418,1.000000000000,census_block_relationship_count
101,000419,101,000419,1.000000000000,census_block_relationship_count
101,000420,101,000420,1.000000000000,census_block_relationship_count
101,000421,101,000421,1.000000000000,census_block_relationship_count
101,000501,101,000571,0.542857142857,census_block_relationship_count
101,000501,101,000577,0.457142857143,census_block_relationship_count
101,000502,101,000502,1.000000000000,census_block_relationship_count
101,000503,101,000503,0.908906893015,census_block_relationship_count
101,000503,101,000519,0.091093106985,census_block_relationship_count
101,000504,101,000504,1.000000000000,census_block_relationship_count
101,000505,101,000505,1.000000000000,census_block_relationship_count
101,000506,101,000506,1.000000000000,census_block_relationship_count
101,000507,101,000507,1.000000000000,census_block_relationship_count
101,000508,101,000508,1.000000000000,census_block_relationship_count
101,000511,101,000511,1.000000000000,census_block_relationship_count
101,000512,101,000572,0.294117647059,census_block_relationship_count
101,000512,101,000575,0.235294117647,census_block_relationship_count
101,000512,101,000576,0.470588235294,census_block_relationship_count
101,000513,101,000573,0.806451612903,census_block_relationship_count
101,000513,101,000825,0.161290322581,census_block_relationship_count
101,000513,101,000833,0.032258064516,census_block_relationship_count
101,000514,101,000514,0.937500000000,census_block_relationship_count
101,000514,101,000841,0.062500000000,census_block_relationship_count
101,000515,101,000515,1.000000000000,census_block_relationship_count
101,000517,101,001080,0.454545454545,census_block_relationship_count
101,000517,101,001084,0.545454545455,census_block_relationship_count
101,000518,101,000518,1.000000000000,census_block_relationship_count
101,000519,101,000502,0.012742683858,census_block_relationship_count
101,000519,101,000519,0.987257316142,census_block_relationship_count
101,000520,101,000520,1.000000000000,census_block_relationship_count
101,000521,101,001081,0.262500000000,census_block_relationship_count
101,000521,101,001085,0.287500000000,census_block_relationship_count
101,000521,101,001086,0.425000000000,census_block_relationship_count
101,000521,101,001822,0.025000000000,census_block_relationship_count
101,000522,101,000522,1.000000000000,census_block_relationship_count
101,000523,101,000523,1.000000000000,census_block_relationship_count
101,000601,101,000601,1.000000000000,census_block_relationship_count
101,000602,101,000602,0.902177481800,census_block_relationship_count
101,000602,101,000606,0.097822518200,census_block_relationship_count
101,000603,101,000603,1.000000000000,census_block_relationship_count
101,000604,101,000604,1.000000000000,census_block_relationship_count
101,000605,101,000605,1.000000000000,census_block_relationship_count
101,000606,101,000606,1.000000000000,census_block_relationship_count
101,000607,101,000607,1.000000000000,census_block_relationship_count
101,000608,101,000608,1.000000000000,census_block_relationship_count
101,000609,101,000609,1.000000000000,census_block_relationship_count
101,000610,101,000610,1.000000000000,census_block_relationship_count
101,000611,101,000611,1.000000000000,census_block_relationship_count
101,000612,101,000606,0.024374919950,census_block_relationship_count
101,000612,101,000612,0.975625080050,census_block_relationship_count
101,000613,101,000613,1.000000000000,census_block_relationship_count
101,000614,101,000614,1.000000000000,census_block_relationship_count
101,000615,101,000615,1.000000000000,census_block_relationship_count
101,000616,101,000616,1.000000000000,census_block_relationship_count
101,000617,101,000617,1.000000000000,census_block_relationship_count
101,000618,101,000618,1.000000000000,census_block_relationship_count
101,000701,101,000701,1.000000000000,census_block_relationship_count
101,000702,101,000702,1.000000000000,census_block_relationship_count
101,000703,101,000703,1.000000000000,census_block_relationship_count
101,000704,101,000704,1.000000000000,census_block_relationship_count
101,000705,101,000705,1.000000000000,census_block_relationship_count
101,000706,101,000706,1.000000000000,census_block_relationship_count
101,000707,101,000707,1.000000000000,census_block_relationship_count
101,000708,101,000708,1.000000000000,census_block_relationship_count
101,000709,101,000708,0.058823529412,census_block_relationship_count
101,000709,101,000709,0.941176470588,census_block_relationship_count
101,000710,101,000710,1.000000000000,census_block_relationship_count
101,000711,101,000711,1.000000000000,census_block_relationship_count
101,000712,101,000712,1.000000000000,census_block_relationship_count
101,000713,101,000713,1.000000000000,census_block_relationship_count
101,000714,101,000714,1.000000000000,census_block_relationship_count
101,000715,101,000715,1.000000000000,census_block_relationship_count
101,000716,101,000716,1.000000000000,census_block_relationship_count
101,000717,101,000717,1.000000000000,census_block_relationship_count
101,000718,101,000718,1.000000000000,census_block_relationship_count
101,000719,101,000719,1.000000000000,census_block_relationship_count
101,000720,101,000720,1.000000000000,census_block_relationship_count
101,000721,101,000721,1.000000000000,census_block_relationship_count
101,000722,101,000722,1.000000000000,census_block_relationship_count
101,000723,101,000723,1.000000000000,census_block_relationship_count
101,000801,101,000801,1.000000000000,census_block_relationship_count
101,000802,101,000802,1.000000000000,census_block_relationship_count
101,000803,101,000803,1.000000000000,census_block_relationship_count
101,000804,101,000804,1.000000000000,census_block_relationship_count
101,000805,101,000831,0.400000000000,census_block_relationship_count
101,000805,101,000834,0.033333333333,census_block_relationship_count
101,000805,101,000840,0.333333333333,census_block_relationship_count
101,000805,101,000841,0.233333333333,census_block_relationship_count
101,000806,101,000806,1.000000000000,census_block_relationship_count
101,000807,101,000807,1.000000000000,census_block_relationship_count
101,000808,101,000808,1.000000000000,census_block_relationship_count
101,000809,101,000809,1.000000000000,census_block_relationship_count
101,000810,101,000810,1.000000000000,census_block_relationship_count
101,000811,101,000811,1.000000000000,census_block_relationship_count
101,000812,101,000812,1.000000000000,census_block_relationship_count
101,000813,101,000813,1.000000000000,census_block_relationship_count
101,000814,101,000832,0.461538461538,census_block_relationship_count
101,000814,101,000841,0.538461538462,census_block_relationship_count
101,000815,101,000833,0.781250000000,census_block_relationship_count
101,000815,101,000839,0.218750000000,census_block_relationship_count
101,000816,101,000816,1.000000000000,census_block_relationship_count
101,000817,101,000817,0.882000624809,census_block_relationship_count
101,000817,101,000837,0.117999375191,census_block_relationship_count
101,000818,101,000818,1.000000000000,census_block_relationship_count
101,000819,101,000837,0.085714285714,census_block_relationship_count
101,000819,101,000849,0.600000000000,census_block_relationship_count
101,000819,101,000853,0.314285714286,census_block_relationship_count
101,000820,101,000834,1.000000000000,census_block_relationship_count
101,000821,101,000821,1.000000000000,census_block_relationship_count
101,000822,101,000852,1.000000000000,census_block_relationship_count
101,000823,101,000837,0.333333333333,census_block_relationship_count
101,000823,101,000852,0.666666666667,census_block_relationship_count
101,000824,101,000835,0.114285714286,census_block_relationship_count
101,000824,101,000837,0.885714285714,census_block_relationship_count
101,000825,101,000825,1.000000000000,census_block_relationship_count
101,000826,101,000836,0.454545454545,census_block_relationship_count
101,000826,101,000838,0.545454545455,census_block_relationship_count
101,000827,101,000827,1.000000000000,census_block_relationship_count
101,000828,101,000828,1.000000000000,census_block_relationship_count
101,000829,101,000829,1.000000000000,census_block_relationship_count
101,000830,101,000830,1.000000000000,census_block_relationship_count
101,000901,101,000901,1.000000000000,census_block_relationship_count
101,000902,101,000902,1.000000000000,census_block_relationship_count
101,000903,101,000903,0.909090909091,census_block_relationship_count
101,000903,101,000904,0.090909090909,census_block_relationship_count
101,000904,101,000904,1.000000000000,census_block_relationship_count
101,000905,101,000905,0.981894317269,census_block_relationship_count
101,000905,101,000906,0.018105682731,census_block_relationship_count
101,000906,101,000905,0.005576506253,census_block_relationship_count
101,000906,101,000906,0.994423493747,census_block_relationship_count
101,000907,101,000907,1.000000000000,census_block_relationship_count
101,000908,101,000908,1.000000000000,census_block_relationship_count
101,000909,101,000909,1.000000000000,census_block_relationship_count
101,000910,101,000910,1.000000000000,census_block_relationship_count
101,000911,101,000911,0.925000000000,census_block_relationship_count
101,000911,101,000912,0.075000000000,census_block_relationship_count
101,000912,101,000911,0.062500000000,census_block_relationship_count
101,000912,101,000912,0.937500000000,census_block_relationship_count
101,000913,101,000913,1.000000000000,census_block_relationship_count
101,000914,101,000914,1.000000000000,census_block_relationship_count
101,000915,101,000915,0.933333333333,census_block_relationship_count
101,000915,101,002201,0.066666666667,census_block_relationship_count
101,000916,101,000916,1.000000000000,census_block_relationship_count
101,000917,101,000917,1.000000000000,census_block_relationship_count
101,001001,101,001001,1.000000000000,census_block_relationship_count
101,001002,101,001002,1.000000000000,census_block_relationship_count
101,001003,101,001003,1.000000000000,census_block_relationship_count
101,001004,101,001004,1.000000000000,census_block_relationship_count
101,001005,101,001005,1.000000000000,census_block_relationship_count
101,001006,101,001006,1.000000000000,census_block_relationship_count
101,001007,101,001007,1.000000000000,census_block_relationship_count
101,001008,101,001008,1.000000000000,census_block_relationship_count
101,001009,101,001009,1.000000000000,census_block_relationship_count
101,001010,101,001010,1.000000000000,census_block_relationship_count
101,001011,101,001011,1.000000000000,census_block_relationship_count
101,001012,101,001001,0.009147909733,census_block_relationship_count
101,001012,101,001012,0.990852090267,census_block_relationship_count
101,001013,101,001013,1.000000000000,census_block_relationship_count
101,001014,101,001014,1.000000000000,census_block_relationship_count
101,001015,101,001015,1.000000000000,census_block_relationship_count
101,001016,101,001016,1.000000000000,census_block_relationship_count
101,001017,101,001017,1.000000000000,census_block_relationship_count
101,001018,101,001018,1.000000000000,census_block_relationship_count
101,001019,101,001019,1.000000000000,census_block_relationship_count
101,001020,101,001020,1.000000000000,census_block_relationship_count
101,001021,101,001021,1.000000000000,census_block_relationship_count
101,001022,101,001022,1.000000000000,census_block_relationship_count
101,001023,101,001023,1.000000000000,census_block_relationship_count
101,001024,101,001024,1.000000000000,census_block_relationship_count
101,001025,101,001025,1.000000000000,census_block_relationship_count
101,001026,101,001026,1.000000000000,census_block_relationship_count
101,001027,101,001027,1.000000000000,census_block_relationship_count
101,001028,101,001028,1.000000000000,census_block_relationship_count
101,001029,101,001029,1.000000000000,census_block_relationship_count
101,001055,101,000821,0.036364900572,census_block_relationship_count
101,001055,101,000831,0.055555555556,census_block_relationship_count
101,001055,101,000833,0.055555555556,census_block_relationship_count
101,001055,101,000840,0.111111111111,census_block_relationship_count
101,001055,101,000841,0.130301766094,census_block_relationship_count
101,001055,101,001057,0.611111111111,census_block_relationship_count
101,001065,101,001068,0.107142857143,census_block_relationship_count
101,001065,101,001082,0.892857142857,census_block_relationship_count
101,001075,101,001069,0.695652173913,census_block_relationship_count
101,001075,101,001082,0.086956521739,census_block_relationship_count
101,001075,101,001089,0.217391304348,census_block_relationship_count
101,001101,101,001101,1.000000000000,census_block_relationship_count
101,001102,101,001102,1.000000000000,census_block_relationship_count
101,001103,101,001103,1.000000000000,census_block_relationship_count
101,001104,101,001104,1.000000000000,census_block_relationship_count
101,001105,101,001105,1.000000000000,census_block_relationship_count
101,001106,101,001106,1.000000000000,census_block_relationship_count
101,001107,101,001107,1.000000000000,census_block_relationship_count
101,001108,101,001108,1.000000000000,census_block_relationship_count
101,001109,101,001109,1.000000000000,census_block_relationship_count
101,001110,101,001110,1.000000000000,census_block_relationship_count
101,001111,101,001103,0.076923076923,census_block_relationship_count
101,001111,101,001111,0.846153846154,census_block_relationship_count
101,001111,101,001118,0.076923076923,census_block_relationship_count
101,001112,101,001112,1.000000000000,census_block_relationship_count
101,001113,101,001113,0.846153846154,census_block_relationship_count
101,001113,101,001118,0.153846153846,census_block_relationship_count
101,001114,101,001114,1.000000000000,census_block_relationship_count
101,001115,101,001115,0.857142857143,census_block_relationship_count
101,001115,101,001319,0.142857142857,census_block_relationship_count
101,001116,101,001116,1.000000000000,census_block_relationship_count
101,001117,101,001117,1.000000000000,census_block_relationship_count
101,001118,101,001118,1.000000000000,census_block_relationship_count
101,001119,101,001119,1.000000000000,census_block_relationship_count
101,001120,101,001120,1.000000000000,census_block_relationship_count
101,001142,101,000573,0.368421052632,census_block_relationship_count
101,001142,101,000574,0.385964912281,census_block_relationship_count
101,001142,101,000575,0.245614035088,census_block_relationship_count
101,001143,101,000825,0.026315789474,census_block_relationship_count
101,001143,101,000830,0.035087719298,census_block_relationship_count
101,001143,101,001083,0.701754385965,census_block_relationship_count
101,001143,101,001087,0.210526315789,census_block_relationship_count
101,001143,101,001089,0.026315789474,census_block_relationship_count
101,001145,101,001068,0.380952380952,census_block_relationship_count
101,001145,101,001082,0.238095238095,census_block_relationship_count
101,001145,101,001088,0.380952380952,census_block_relationship_count
101,001146,101,001082,0.376811594203,census_block_relationship_count
101,001146,101,001089,0.623188405797,census_block_relationship_count
101,001147,101,000568,1.000000000000,census_block_relationship_count
101,001148,101,000570,1.000000000000,census_block_relationship_count
101,001201,101,001201,1.000000000000,census_block_relationship_count
101,001202,101,001202,1.000000000000,census_block_relationship_count
101,001203,101,001203,1.000000000000,census_block_relationship_count
101,001204,101,001204,1.000000000000,census_block_relationship_count
101,001205,101,001205,1.000000000000,census_block_relationship_count
101,001206,101,001206,1.000000000000,census_block_relationship_count
101,001207,101,001207,1.000000000000,census_block_relationship_count
101,001208,101,001208,1.000000000000,census_block_relationship_count
101,001209,101,001209,1.000000000000,census_block_relationship_count
101,001210,101,001210,1.000000000000,census_block_relationship_count
101,001211,101,001211,1.000000000000,census_block_relationship_count
101,001212,101,001212,1.000000000000,census_block_relationship_count
101,001213,101,001213,1.000000000000,census_block_relationship_count
101,001214,101,001214,1.000000000000,census_block_relationship_count
101,001215,101,001215,1.000000000000,census_block_relationship_count
101,001216,101,001216,1.000000000000,census_block_relationship_count
101,001217,101,001217,1.000000000000,census_block_relationship_count
101,001218,101,001218,1.000000000000,census_block_relationship_count
101,001219,101,001219,1.000000000000,census_block_relationship_count
101,001220,101,001220,1.000000000000,census_block_relationship_count
101,001221,101,001221,0.857142857143,census_block_relationship_count
101,001221,101,001306,0.142857142857,census_block_relationship_count
101,001222,101,001222,1.000000000000,census_block_relationship_count
101,001223,101,001223,1.000000000000,census_block_relationship_count
101,001224,101,001224,1.000000000000,census_block_relationship_count
101,001301,101,001301,1.000000000000,census_block_relationship_count
101,001302,101,001302,0.875000000000,census_block_relationship_count
101,001302,101,001319,0.125000000000,census_block_relationship_count
101,001303,101,001303,1.000000000000,census_block_relationship_count
101,001304,101,001304,1.000000000000,census_block_relationship_count
101,001305,101,001305,1.000000000000,census_block_relationship_count
101,001306,101,001306,1.000000000000,census_block_relationship_count
101,001307,101,001307,0.888888888889,census_block_relationship_count
101,001307,101,001314,0.111111111111,census_block_relationship_count
101,001308,101,001308,1.000000000000,census_block_relationship_count
101,001309,101,001309,1.000000000000,census_block_relationship_count
101,001310,101,001310,1.000000000000,census_block_relationship_count
101,001311,101,001311,1.000000000000,census_block_relationship_count
101,001312,101,001312,1.000000000000,census_block_relationship_count
101,001313,101,001313,0.823529411765,census_block_relationship_count
101,001313,101,001314,0.058823529412,census_block_relationship_count
101,001313,101,001315,0.117647058824,census_block_relationship_count
101,001314,101,001314,1.000000000000,census_block_relationship_count
101,001315,101,001315,1.000000000000,census_block_relationship_count
101,001316,101,001316,1.000000000000,census_block_relationship_count
101,001317,101,001317,1.000000000000,census_block_relationship_count
101,001318,101,001318,1.000000000000,census_block_relationship_count
101,001319,101,001319,1.000000000000,census_block_relationship_count
101,001320,101,001320,1.000000000000,census_block_relationship_count
101,001321,101,001321,1.000000000000,census_block_relationship_count
101,001322,101,001321,0.100000000000,census_block_relationship_count
101,001322,101,001322,0.900000000000,census_block_relationship_count
101,001323,101,001323,1.000000000000,census_block_relationship_count
101,001324,101,001324,1.000000000000,census_block_relationship_count
101,001325,101,001325,1.000000000000,census_block_relationship_count
101,001401,101,001401,1.000000000000,census_block_relationship_count
101,001402,101,001402,1.000000000000,census_block_relationship_count
101,001403,101,001403,1.000000000000,census_block_relationship_count
101,001404,101,001404,1.000000000000,census_block_relationship_count
101,001405,101,001405,0.934097073200,census_block_relationship_count
101,001405,101,001410,0.065902926800,census_block_relationship_count
101,001406,101,001406,1.000000000000,census_block_relationship_count
101,001407,101,001407,1.000000000000,census_block_relationship_count
101,001408,101,001408,1.000000000000,census_block_relationship_count
101,001409,101,001409,1.000000000000,census_block_relationship_count
101,001410,101,001410,1.000000000000,census_block_relationship_count
101,001411,101,001411,1.000000000000,census_block_relationship_count
101,001501,101,001501,0.916666666667,census_block_relationship_count
101,001501,101,002910,0.083333333333,census_block_relationship_count
101,001502,101,001502,0.916666666667,census_block_relationship_count
101,001502,101,002910,0.083333333333,census_block_relationship_count
101,001503,101,001503,1.000000000000,census_block_relationship_count
101,001504,101,001504,0.500000000000,census_block_relationship_count
101,001504,101,002910,0.500000000000,census_block_relationship_count
101,001505,101,001505,1.000000000000,census_block_relationship_count
101,001506,101,001506,1.000000000000,census_block_relationship_count
101,001507,101,001507,1.000000000000,census_block_relationship_count
101,001508,101,001508,1.000000000000,census_block_relationship_count
101,001509,101,001509,1.000000000000,census_block_relationship_count
101,001510,101,001510,1.000000000000,census_block_relationship_count
101,001511,101,001511,1.000000000000,census_block_relationship_count
101,001512,101,001512,1.000000000000,census_block_relationship_count
101,001513,101,001513,1.000000000000,census_block_relationship_count
101,001514,101,001514,1.000000000000,census_block_relationship_count
101,001515,101,001515,1.000000000000,census_block_relationship_count
101,001516,101,001516,1.000000000000,census_block_relationship_count
101,001517,101,001517,1.000000000000,census_block_relationship_count
101,001518,101,001518,1.000000000000,census_block_relationship_count
101,001519,101,001519,1.000000000000,census_block_relationship_count
101,001601,101,001601,1.000000000000,census_block_relationship_count
101,001602,101,001602,1.000000000000,census_block_relationship_count
101,001603,101,001603,1.000000000000,census_block_relationship_count
101,001604,101,001604,1.000000000000,census_block_relationship_count
101,001605,101,001605,1.000000000000,census_block_relationship_count
101,001606,101,001606,1.000000000000,census_block_relationship_count
101,001607,101,001607,1.000000000000,census_block_relationship_count
101,001608,101,001608,1.000000000000,census_block_relationship_count
101,001609,101,001609,1.000000000000,census_block_relationship_count
101,001610,101,001610,1.000000000000,census_block_relationship_count
101,001611,101,001611,1.000000000000,census_block_relationship_count
101,001612,101,001612,1.000000000000,census_block_relationship_count
101,001613,101,001613,1.000000000000,census_block_relationship_count
101,001614,101,001614,1.000000000000,census_block_relationship_count
101,001615,101,001615,1.000000000000,census_block_relationship_count
101,001616,101,001616,1.000000000000,census_block_relationship_count
101,001617,101,001614,0.078421181364,census_block_relationship_count
101,001617,101,001617,0.778721675779,census_block_relationship_count
101,001617,101,002803,0.142857142857,census_block_relationship_count
101,001618,101,001613,0.059576182547,census_block_relationship_count
101,001618,101,001614,0.024957527967,census_block_relationship_count
101,001618,101,001618,0.915466289487,census_block_relationship_count
101,001701,101,001701,1.000000000000,census_block_relationship_count
101,001702,101,001702,1.000000000000,census_block_relationship_count
101,001703,101,001703,1.000000000000,census_block_relationship_count
101,001704,101,001704,1.000000000000,census_block_relationship_count
101,001705,101,001705,1.000000000000,census_block_relationship_count
101,001706,101,001706,1.000000000000,census_block_relationship_count
101,001707,101,001707,1.000000000000,census_block_relationship_count
101,001708,101,001708,1.000000000000,census_block_relationship_count
101,001709,101,001709,1.000000000000,census_block_relationship_count
101,001710,101,001710,1.000000000000,census_block_relationship_count
101,001711,101,001711,1.000000000000,census_block_relationship_count
101,001712,101,001712,1.000000000000,census_block_relationship_count
101,001713,101,001713,1.000000000000,census_block_relationship_count
101,001714,101,001714,1.000000000000,census_block_relationship_count
101,001715,101,001715,0.833333333333,census_block_relationship_count
101,001715,101,001728,0.166666666667,census_block_relationship_count
101,001716,101,001716,1.000000000000,census_block_relationship_count
101,001717,101,001717,1.000000000000,census_block_relationship_count
101,001718,101,001718,1.000000000000,census_block_relationship_count
101,001719,101,001719,1.000000000000,census_block_relationship_count
101,001720,101,001720,1.000000000000,census_block_relationship_count
101,001721,101,001721,1.000000000000,census_block_relationship_count
101,001722,101,001722,1.000000000000,census_block_relationship_count
101,001723,101,001723,1.000000000000,census_block_relationship_count
101,001724,101,001724,1.000000000000,census_block_relationship_count
101,001725,101,001725,1.000000000000,census_block_relationship_count
101,001726,101,001720,0.125000000000,census_block_relationship_count
101,001726,101,001726,0.875000000000,census_block_relationship_count
101,001727,101,001727,1.000000000000,census_block_relationship_count
101,001728,101,001728,1.000000000000,census_block_relationship_count
101,001729,101,001729,1.000000000000,census_block_relationship_count
101,001801,101,001799,0.513513513514,census_block_relationship_count
101,001801,101,001818,0.486486486486,census_block_relationship_count
101,001802,101,001820,0.258064516129,census_block_relationship_count
101,001802,101,001822,0.741935483871,census_block_relationship_count
101,001803,101,001803,1.000000000000,census_block_relationship_count
101,001804,101,001821,0.875000000000,census_block_relationship_count
101,001804,101,001822,0.125000000000,census_block_relationship_count
101,001805,101,001805,0.979591836735,census_block_relationship_count
101,001805,101,003107,0.020408163265,census_block_relationship_count
101,001806,101,001806,1.000000000000,census_block_relationship_count
101,001807,101,001807,1.000000000000,census_block_relationship_count
101,001808,101,001808,1.000000000000,census_block_relationship_count
101,001809,101,001818,0.300000000000,census_block_relationship_count
101,001809,101,001819,0.700000000000,census_block_relationship_count
101,001810,101,001810,1.000000000000,census_block_relationship_count
101,001811,101,001811,1.000000000000,census_block_relationship_count
101,001812,101,001812,1.000000000000,census_block_relationship_count
101,001813,101,001813,1.000000000000,census_block_relationship_count
101,001814,101,001814,1.000000000000,census_block_relationship_count
101,001815,101,001815,1.000000000000,census_block_relationship_count
101,001816,101,001816,1.000000000000,census_block_relationship_count
101,001817,101,001817,1.000000000000,census_block_relationship_count
101,001901,101,001901,1.000000000000,census_block_relationship_count
101,001902,101,001902,1.000000000000,census_block_relationship_count
101,001903,101,001903,1.000000000000,census_block_relationship_count
101,001904,101,001904,1.000000000000,census_block_relationship_count
101,001905,101,001905,1.000000000000,census_block_relationship_count
101,001906,101,001906,1.000000000000,census_block_relationship_count
101,001907,101,001907,1.000000000000,census_block_relationship_count
101,001908,101,001908,1.000000000000,census_block_relationship_count
101,001909,101,001909,1.000000000000,census_block_relationship_count
101,001910,101,001910,1.000000000000,census_block_relationship_count
101,001911,101,001911,1.000000000000,census_block_relationship_count
101,001912,101,001912,1.000000000000,census_block_relationship_count
101,001913,101,001913,1.000000000000,census_block_relationship_count
101,001914,101,001914,1.000000000000,census_block_relationship_count
101,001915,101,001915,1.000000000000,census_block_relationship_count
101,001916,101,001916,1.000000000000,census_block_relationship_count
101,001917,101,001917,1.000000000000,census_block_relationship_count
101,001918,101,001918,1.000000000000,census_block_relationship_count
101,001919,101,001919,1.000000000000,census_block_relationship_count
101,002001,101,002001,1.000000000000,census_block_relationship_count
101,002002,101,002002,1.000000000000,census_block_relationship_count
101,002003,101,002011,0.437500000000,census_block_relationship_count
101,002003,101,002023,0.562500000000,census_block_relationship_count
101,002004,101,002004,1.000000000000,census_block_relationship_count
101,002005,101,002005,1.000000000000,census_block_relationship_count
101,002006,101,002006,1.000000000000,census_block_relationship_count
101,002007,101,002007,1.000000000000,census_block_relationship_count
101,002008,101,002008,1.000000000000,census_block_relationship_count
101,002009,101,002009,1.000000000000,census_block_relationship_count
101,002010,101,002010,1.000000000000,census_block_relationship_count
101,002101,101,002101,1.000000000000,census_block_relationship_count
101,002102,101,002102,1.000000000000,census_block_relationship_count
101,002103,101,002103,1.000000000000,census_block_relationship_count
101,002104,101,002104,1.000000000000,census_block_relationship_count
101,002105,101,002105,1.000000000000,census_block_relationship_count
101,002106,101,002104,0.071428571429,census_block_relationship_count
101,002106,101,002106,0.928571428571,census_block_relationship_count
101,002107,101,002107,1.000000000000,census_block_relationship_count
101,002108,101,002107,0.055555555556,census_block_relationship_count
101,002108,101,002108,0.944444444444,census_block_relationship_count
101,002109,101,002109,1.000000000000,census_block_relationship_count
101,002110,101,002110,1.000000000000,census_block_relationship_count
101,002111,101,002111,1.000000000000,census_block_relationship_count
101,002112,101,002112,1.000000000000,census_block_relationship_count
101,002113,101,002109,0.007859651271,census_block_relationship_count
101,002113,101,002113,0.981637344400,census_block_relationship_count
101,002113,101,002121,0.010503004329,census_block_relationship_count
101,002114,101,002114,1.000000000000,census_block_relationship_count
101,002115,101,002101,0.191009066169,census_block_relationship_count
101,002115,101,002115,0.808990933831,census_block_relationship_count
101,002116,101,002116,1.000000000000,census_block_relationship_count
101,002117,101,002117,1.000000000000,census_block_relationship_count
101,002118,101,002118,1.000000000000,census_block_relationship_count
101,002119,101,002119,1.000000000000,census_block_relationship_count
101,002120,101,002120,1.000000000000,census_block_relationship_count
101,002121,101,002121,1.000000000000,census_block_relationship_count
101,002122,101,002109,0.001962126059,census_block_relationship_count
101,002122,101,002122,0.998037873941,census_block_relationship_count
101,002123,101,002123,0.727272727273,census_block_relationship_count
101,002123,101,002124,0.272727272727,census_block_relationship_count
101,002124,101,002124,0.969696969697,census_block_relationship_count
101,002124,101,002128,0.030303030303,census_block_relationship_count
101,002125,101,002125,0.971779012748,census_block_relationship_count
101,002125,101,002126,0.028220987252,census_block_relationship_count
101,002126,101,002126,0.978031778650,census_block_relationship_count
101,002126,101,002127,0.021968221350,census_block_relationship_count
101,002127,101,002127,0.988241683600,census_block_relationship_count
101,002127,101,002128,0.011758316400,census_block_relationship_count
101,002128,101,002128,1.000000000000,census_block_relationship_count
101,002129,101,002129,1.000000000000,census_block_relationship_count
101,002130,101,002130,1.000000000000,census_block_relationship_count
101,002131,101,002131,1.000000000000,census_block_relationship_count
101,002132,101,002132,1.000000000000,census_block_relationship_count
101,002133,101,002105,0.066681780588,census_block_relationship_count
101,002133,101,002133,0.933318219412,census_block_relationship_count
101,002134,101,002134,1.000000000000,census_block_relationship_count
101,002135,101,002125,0.177220031600,census_block_relationship_count
101,002135,101,002135,0.822779968400,census_block_relationship_count
101,002136,101,002136,1.000000000000,census_block_relationship_count
101,002137,101,002137,1.000000000000,census_block_relationship_count
101,002138,101,002138,1.000000000000,census_block_relationship_count
101,002139,101,002139,0.857142857143,census_block_relationship_count
101,002139,101,002144,0.142857142857,census_block_relationship_count
101,002140,101,002132,0.006050264453,census_block_relationship_count
101,002140,101,002140,0.993949735547,census_block_relationship_count
101,002141,101,002141,1.000000000000,census_block_relationship_count
101,002142,101,002142,1.000000000000,census_block_relationship_count
101,002143,101,002143,1.000000000000,census_block_relationship_count
101,002144,101,002124,0.119988338191,census_block_relationship_count
101,002144,101,002134,0.006540833745,census_block_relationship_count
101,002144,101,002139,0.050000000000,census_block_relationship_count
101,002144,101,002140,0.043251705600,census_block_relationship_count
101,002144,101,002144,0.780219122464,census_block_relationship_count
101,002145,101,002145,1.000000000000,census_block_relationship_count
101,002201,101,000915,0.062500000000,census_block_relationship_count
101,002201,101,002201,0.937500000000,census_block_relationship_count
101,002202,101,002202,1.000000000000,census_block_relationship_count
101,002203,101,002203,1.000000000000,census_block_relationship_count
101,002204,101,002204,1.000000000000,census_block_relationship_count
101,002205,101,002204,0.076923076923,census_block_relationship_count
101,002205,101,002205,0.923076923077,census_block_relationship_count
101,002206,101,002206,1.000000000000,census_block_relationship_count
101,002207,101,002207,1.000000000000,census_block_relationship_count
101,002208,101,002208,1.000000000000,census_block_relationship_count
101,002209,101,002209,1.000000000000,census_block_relationship_count
101,002210,101,002210,1.000000000000,census_block_relationship_count
101,002211,101,002211,1.000000000000,census_block_relationship_count
101,002212,101,002212,1.000000000000,census_block_relationship_count
101,002213,101,002213,1.000000000000,census_block_relationship_count
101,002214,101,002214,1.000000000000,census_block_relationship_count
101,002215,101,002215,1.000000000000,census_block_relationship_count
101,002216,101,002216,1.000000000000,census_block_relationship_count
101,002217,101,002217,1.000000000000,census_block_relationship_count
101,002218,101,002218,1.000000000000,census_block_relationship_count
101,002219,101,002219,1.000000000000,census_block_relationship_count
101,002220,101,002220,1.000000000000,census_block_relationship_count
101,002221,101,002221,1.000000000000,census_block_relationship_count
101,002222,101,002222,1.000000000000,census_block_relationship_count
101,002223,101,002216,0.100000000000,census_block_relationship_count
101,002223,101,002223,0.900000000000,census_block_relationship_count
101,002224,101,002224,1.000000000000,census_block_relationship_count
101,002225,101,002225,1.000000000000,census_block_relationship_count
101,002226,101,002226,1.000000000000,census_block_relationship_count
101,002227,101,002227,1.000000000000,census_block_relationship_count
101,002228,101,002228,1.000000000000,census_block_relationship_count
101,002229,101,002229,1.000000000000,census_block_relationship_count
101,002301,101,002301,1.000000000000,census_block_relationship_count
101,002302,101,002302,1.000000000000,census_block_relationship_count
101,002303,101,002303,0.998407448244,census_block_relationship_count
101,002303,101,003305,0.001592551756,census_block_relationship_count
101,002304,101,002304,1.000000000000,census_block_relationship_count
101,002305,101,002305,1.000000000000,census_block_relationship_count
101,002306,101,002306,1.000000000000,census_block_relationship_count
101,002307,101,002307,1.000000000000,census_block_relationship_count
101,002308,101,002308,1.000000000000,census_block_relationship_count
101,002309,101,002309,1.000000000000,census_block_relationship_count
101,002310,101,002310,0.973910900482,census_block_relationship_count
101,002310,101,002311,0.026089099518,census_block_relationship_count
101,002311,101,002311,1.000000000000,census_block_relationship_count
101,002312,101,002312,1.000000000000,census_block_relationship_count
101,002313,101,002313,1.000000000000,census_block_relationship_count
101,002314,101,002314,1.000000000000,census_block_relationship_count
101,002315,101,002315,1.000000000000,census_block_relationship_count
101,002316,101,002316,1.000000000000,census_block_relationship_count
101,002317,101,002317,1.000000000000,census_block_relationship_count
101,002318,101,002318,1.000000000000,census_block_relationship_count
101,002319,101,002319,1.000000000000,census_block_relationship_count
101,002320,101,002320,1.000000000000,census_block_relationship_count
101,002321,101,002321,1.000000000000,census_block_relationship_count
101,002322,101,002322,1.000000000000,census_block_relationship_count
101,002323,101,002323,1.000000000000,census_block_relationship_count
101,002401,101,002401,1.000000000000,census_block_relationship_count
101,002402,101,002402,1.000000000000,census_block_relationship_count
101,002403,101,002403,1.000000000000,census_block_relationship_count
101,002404,101,002404,1.000000000000,census_block_relationship_count
101,002405,101,002405,1.000000000000,census_block_relationship_count
101,002406,101,002406,1.000000000000,census_block_relationship_count
101,002407,101,002407,1.000000000000,census_block_relationship_count
101,002408,101,002408,1.000000000000,census_block_relationship_count
101,002409,101,002409,1.000000000000,census_block_relationship_count
101,002410,101,002401,0.116279069767,census_block_relationship_count
101,002410,101,002406,0.023255813953,census_block_relationship_count
101,002410,101,002418,0.069767441860,census_block_relationship_count
101,002410,101,002419,0.720930232559,census_block_relationship_count
101,002410,101,002440,0.069767441860,census_block_relationship_count
101,002411,101,002411,1.000000000000,census_block_relationship_count
101,002412,101,002412,1.000000000000,census_block_relationship_count
101,002413,101,002413,1.000000000000,census_block_relationship_count
101,002414,101,002414,1.000000000000,census_block_relationship_count
101,002415,101,002415,1.000000000000,census_block_relationship_count
101,002416,101,002416,1.000000000000,census_block_relationship_count
101,002417,101,002417,1.000000000000,census_block_relationship_count
101,002501,101,002501,1.000000000000,census_block_relationship_count
101,002502,101,002502,1.000000000000,census_block_relationship_count
101,002503,101,002503,1.000000000000,census_block_relationship_count
101,002504,101,002504,1.000000000000,census_block_relationship_count
101,002505,101,002505,1.000000000000,census_block_relationship_count
101,002506,101,002506,1.000000000000,census_block_relationship_count
101,002507,101,002507,0.961538461538,census_block_relationship_count
101,002507,101,003107,0.038461538462,census_block_relationship_count
101,002508,101,002508,1.000000000000,census_block_relationship_count
101,002509,101,002509,1.000000000000,census_block_relationship_count
101,002510,101,002510,0.846153846154,census_block_relationship_count
101,002510,101,003107,0.076923076923,census_block_relationship_count
101,002510,101,003119,0.076923076923,census_block_relationship_count
101,002511,101,002511,0.846153846154,census_block_relationship_count
101,002511,101,003119,0.153846153846,census_block_relationship_count
101,002512,101,002512,1.000000000000,census_block_relationship_count
101,002513,101,002513,1.000000000000,census_block_relationship_count
101,002514,101,002514,1.000000000000,census_block_relationship_count
101,002515,101,002515,1.000000000000,census_block_relationship_count
101,002516,101,002516,1.000000000000,census_block_relationship_count
101,002517,101,002517,1.000000000000,census_block_relationship_count
101,002518,101,002518,0.993954631864,census_block_relationship_count
101,002518,101,002519,0.006045368136,census_block_relationship_count
101,002519,101,002519,1.000000000000,census_block_relationship_count
101,002520,101,002520,1.000000000000,census_block_relationship_count
101,002521,101,002521,1.000000000000,census_block_relationship_count
101,002522,101,002522,1.000000000000,census_block_relationship_count
101,002523,101,002523,1.000000000000,census_block_relationship_count
101,002524,101,002524,1.000000000000,census_block_relationship_count
101,002601,101,002601,0.904761904762,census_block_relationship_count
101,002601,101,002604,0.073175969857,census_block_relationship_count
101,002601,101,002605,0.011460590795,census_block_relationship_count
101,002601,101,002606,0.010601534586,census_block_relationship_count
101,002602,101,002602,0.908354842465,census_block_relationship_count
101,002602,101,002623,0.075516125277,census_block_relationship_count
101,002602,101,003914,0.016129032258,census_block_relationship_count
101,002603,101,002603,0.777777777778,census_block_relationship_count
101,002603,101,002606,0.222222222222,census_block_relationship_count
101,002604,101,002604,0.923076923077,census_block_relationship_count
101,002604,101,002607,0.076923076923,census_block_relationship_count
101,002605,101,002605,0.705882352941,census_block_relationship_count
101,002605,101,002606,0.058823529412,census_block_relationship_count
101,002605,101,002607,0.058823529412,census_block_relationship_count
101,002605,101,002608,0.176470588235,census_block_relationship_count
101,002606,101,002606,0.950000000000,census_block_relationship_count
101,002606,101,002613,0.050000000000,census_block_relationship_count
101,002607,101,002607,0.863636363636,census_block_relationship_count
101,002607,101,003925,0.090909090909,census_block_relationship_count
101,002607,101,003936,0.045454545455,census_block_relationship_count
101,002608,101,002608,1.000000000000,census_block_relationship_count
101,002609,101,002609,1.000000000000,census_block_relationship_count
101,002610,101,002610,1.000000000000,census_block_relationship_count
101,002611,101,002611,1.000000000000,census_block_relationship_count
101,002612,101,002612,1.000000000000,census_block_relationship_count
101,002613,101,002613,1.000000000000,census_block_relationship_count
101,002614,101,002614,1.000000000000,census_block_relationship_count
101,002615,101,002606,0.120000000000,census_block_relationship_count
101,002615,101,002615,0.880000000000,census_block_relationship_count
101,002616,101,002616,0.700000000000,census_block_relationship_count
101,002616,101,003925,0.100000000000,census_block_relationship_count
101,002616,101,003935,0.100000000000,census_block_relationship_count
101,002616,101,003937,0.100000000000,census_block_relationship_count
101,002617,101,002617,1.000000000000,census_block_relationship_count
101,002618,101,002618,0.857142857143,census_block_relationship_count
101,002618,101,004812,0.142857142857,census_block_relationship_count
101,002619,101,002619,1.000000000000,census_block_relationship_count
101,002620,101,002615,0.092622441977,census_block_relationship_count
101,002620,101,002620,0.907377558023,census_block_relationship_count
101,002621,101,002621,0.750000000000,census_block_relationship_count
101,002621,101,003925,0.250000000000,census_block_relationship_count
101,002622,101,002622,0.909090909091,census_block_relationship_count
101,002622,101,003930,0.090909090909,census_block_relationship_count
101,002623,101,002606,0.018518518519,census_block_relationship_count
101,002623,101,002615,0.018518518519,census_block_relationship_count
101,002623,101,002620,0.056420382230,census_block_relationship_count
101,002623,101,002623,0.906542580733,census_block_relationship_count
101,002624,101,002620,1.000000000000,census_block_relationship_count
101,002701,101,002701,1.000000000000,census_block_relationship_count
101,002702,101,002702,1.000000000000,census_block_relationship_count
101,002703,101,002703,1.000000000000,census_block_relationship_count
101,002704,101,002704,1.000000000000,census_block_relationship_count
101,002705,101,002705,1.000000000000,census_block_relationship_count
101,002706,101,002706,1.000000000000,census_block_relationship_count
101,002707,101,002707,0.888888888889,census_block_relationship_count
101,002707,101,002716,0.111111111111,census_block_relationship_count
101,002708,101,002708,1.000000000000,census_block_relationship_count
101,002709,101,002709,1.000000000000,census_block_relationship_count
101,002710,101,002710,1.000000000000,census_block_relationship_count
101,002711,101,002711,1.000000000000,census_block_relationship_count
101,002712,101,002712,1.000000000000,census_block_relationship_count
101,002713,101,002713,1.000000000000,census_block_relationship_count
101,002714,101,002714,1.000000000000,census_block_relationship_count
101,002715,101,002715,1.000000000000,census_block_relationship_count
101,002716,101,002716,1.000000000000,census_block_relationship_count
101,002717,101,002717,1.000000000000,census_block_relationship_count
101,002718,101,002718,1.000000000000,census_block_relationship_count
101,002719,101,002719,1.000000000000,census_block_relationship_count
101,002720,101,002720,1.000000000000,census_block_relationship_count
101,002721,101,002721,1.000000000000,census_block_relationship_count
101,002722,101,002722,1.000000000000,census_block_relationship_count
101,002723,101,002723,1.000000000000,census_block_relationship_count
101,002801,101,002801,1.000000000000,census_block_relationship_count
101,002802,101,002802,1.000000000000,census_block_relationship_count
101,002803,101,002803,1.000000000000,census_block_relationship_count
101,002804,101,002804,1.000000000000,census_block_relationship_count
101,002805,101,002805,1.000000000000,census_block_relationship_count
101,002806,101,002806,1.000000000000,census_block_relationship_count
101,002807,101,002807,1.000000000000,census_block_relationship_count
101,002808,101,002808,1.000000000000,census_block_relationship_count
101,002809,101,002809,1.000000000000,census_block_relationship_count
101,002810,101,002810,1.000000000000,census_block_relationship_count
101,002811,101,002811,1.000000000000,census_block_relationship_count
101,002812,101,002812,1.000000000000,census_block_relationship_count
101,002813,101,002813,1.000000000000,census_block_relationship_count
101,002814,101,002814,1.000000000000,census_block_relationship_count
101,002815,101,002815,1.000000000000,census_block_relationship_count
101,002816,101,002816,1.000000000000,census_block_relationship_count
101,002817,101,002817,1.000000000000,census_block_relationship_count
101,002818,101,002818,1.000000000000,census_block_relationship_count
101,002901,101,002901,1.000000000000,census_block_relationship_count
101,002902,101,002902,1.000000000000,census_block_relationship_count
101,002903,101,002903,1.000000000000,census_block_relationship_count
101,002904,101,002904,1.000000000000,census_block_relationship_count
101,002905,101,002905,1.000000000000,census_block_relationship_count
101,002906,101,002906,1.000000000000,census_block_relationship_count
101,002907,101,002907,1.000000000000,census_block_relationship_count
101,002908,101,002908,1.000000000000,census_block_relationship_count
101,002909,101,002909,1.000000000000,census_block_relationship_count
101,002910,101,000837,0.084551412205,census_block_relationship_count
101,002910,101,000852,0.037399807307,census_block_relationship_count
101,002910,101,002910,0.878048780488,census_block_relationship_count
101,002911,101,002911,1.000000000000,census_block_relationship_count
101,002912,101,002912,1.000000000000,census_block_relationship_count
101,002913,101,002913,1.000000000000,census_block_relationship_count
101,002914,101,002914,1.000000000000,census_block_relationship_count
101,002915,101,002915,1.000000000000,census_block_relationship_count
101,002916,101,002916,1.000000000000,census_block_relationship_count
101,002917,101,002917,1.000000000000,census_block_relationship_count
101,002918,101,002918,1.000000000000,census_block_relationship_count
101,003001,101,003001,1.000000000000,census_block_relationship_count
101,003002,101,000220,0.285714285714,census_block_relationship_count
101,003002,101,003002,0.714285714286,census_block_relationship_count
101,003003,101,000522,0.090909090909,census_block_relationship_count
101,003003,101,003003,0.909090909091,census_block_relationship_count
101,003004,101,000209,0.083333333333,census_block_relationship_count
101,003004,101,000219,0.083333333333,census_block_relationship_count
101,003004,101,003004,0.833333333333,census_block_relationship_count
101,003005,101,003005,1.000000000000,census_block_relationship_count
101,003006,101,003006,1.000000000000,census_block_relationship_count
101,003007,101,003007,1.000000000000,census_block_relationship_count
101,003008,101,003008,1.000000000000,census_block_relationship_count
101,003009,101,003009,1.000000000000,census_block_relationship_count
101,003010,101,003010,1.000000000000,census_block_relationship_count
101,003011,101,003011,1.000000000000,census_block_relationship_count
101,003012,101,003012,1.000000000000,census_block_relationship_count
101,003013,101,003013,1.000000000000,census_block_relationship_count
101,003014,101,003014,1.000000000000,census_block_relationship_count
101,003015,101,003015,1.000000000000,census_block_relationship_count
101,003016,101,003016,1.000000000000,census_block_relationship_count
101,003017,101,003017,1.000000000000,census_block_relationship_count
101,003101,101,003101,1.000000000000,census_block_relationship_count
101,003102,101,003102,1.000000000000,census_block_relationship_count
101,003103,101,003103,1.000000000000,census_block_relationship_count
101,003104,101,003104,1.000000000000,census_block_relationship_count
101,003105,101,003105,1.000000000000,census_block_relationship_count
101,003106,101,003106,1.000000000000,census_block_relationship_count
101,003107,101,003107,1.000000000000,census_block_relationship_count
101,003108,101,003108,1.000000000000,census_block_relationship_count
101,003109,101,003109,1.000000000000,census_block_relationship_count
101,003110,101,003110,1.000000000000,census_block_relationship_count
101,003111,101,003111,1.000000000000,census_block_relationship_count
101,003112,101,003112,1.000000000000,census_block_relationship_count
101,003113,101,003113,1.000000000000,census_block_relationship_count
101,003114,101,003114,1.000000000000,census_block_relationship_count
101,003115,101,003115,1.000000000000,census_block_relationship_count
101,003116,101,003116,1.000000000000,census_block_relationship_count
101,003117,101,003117,1.000000000000,census_block_relationship_count
101,003118,101,003118,1.000000000000,census_block_relationship_count
101,003119,101,003119,1.000000000000,census_block_relationship_count
101,003201,101,003201,1.000000000000,census_block_relationship_count
101,003202,101,003202,1.000000000000,census_block_relationship_count
101,003203,101,003203,1.000000000000,census_block_relationship_count
101,003204,101,003204,1.000000000000,census_block_relationship_count
101,003205,101,003205,1.000000000000,census_block_relationship_count
101,003206,101,003206,1.000000000000,census_block_relationship_count
101,003207,101,003207,1.000000000000,census_block_relationship_count
101,003208,101,003208,1.000000000000,census_block_relationship_count
101,003209,101,003209,1.000000000000,census_block_relationship_count
101,003210,101,003210,1.000000000000,census_block_relationship_count
101,003211,101,003211,1.000000000000,census_block_relationship_count
101,003212,101,003212,1.000000000000,census_block_relationship_count
101,003213,101,003213,1.000000000000,census_block_relationship_count
101,003214,101,003214,1.000000000000,census_block_relationship_count
101,003215,101,003215,1.000000000000,census_block_relationship_count
101,003216,101,003216,1.000000000000,census_block_relationship_count
101,003217,101,003217,1.000000000000,census_block_relationship_count
101,003218,101,003218,1.000000000000,census_block_relationship_count
101,003219,101,003219,1.000000000000,census_block_relationship_count
101,003220,101,003220,1.000000000000,census_block_relationship_count
101,003221,101,003221,1.000000000000,census_block_relationship_count
101,003222,101,003222,1.000000000000,census_block_relationship_count
101,003223,101,003223,1.000000000000,census_block_relationship_count
101,003224,101,003224,1.000000000000,census_block_relationship_count
101,003225,101,003225,1.000000000000,census_block_relationship_count
101,003226,101,003226,1.000000000000,census_block_relationship_count
101,003227,101,003227,1.000000000000,census_block_relationship_count
101,003228,101,003228,1.000000000000,census_block_relationship_count
101,003229,101,003229,1.000000000000,census_block_relationship_count
101,003230,101,003230,1.000000000000,census_block_relationship_count
101,003231,101,003231,1.000000000000,census_block_relationship_count
101,003301,101,003301,1.000000000000,census_block_relationship_count
101,003302,101,003302,1.000000000000,census_block_relationship_count
101,003303,101,003303,1.000000000000,census_block_relationship_count
101,003304,101,003303,0.008929710422,census_block_relationship_count
101,003304,101,003304,0.991070289578,census_block_relationship_count
101,003305,101,002303,0.015481548155,census_block_relationship_count
101,003305,101,003304,0.104474346355,census_block_relationship_count
101,003305,101,003305,0.867993396227,census_block_relationship_count
101,003305,101,003306,0.012050709264,census_block_relationship_count
101,003306,101,002303,0.026226734350,census_block_relationship_count
101,003306,101,003306,0.973773265650,census_block_relationship_count
101,003307,101,003307,1.000000000000,census_block_relationship_count
101,003308,101,003308,1.000000000000,census_block_relationship_count
101,003309,101,003309,1.000000000000,census_block_relationship_count
101,003310,101,003310,1.000000000000,census_block_relationship_count
101,003311,101,003311,1.000000000000,census_block_relationship_count
101,003312,101,003312,1.000000000000,census_block_relationship_count
101,003313,101,003313,1.000000000000,census_block_relationship_count
101,003314,101,003314,1.000000000000,census_block_relationship_count
101,003315,101,003315,1.000000000000,census_block_relationship_count
101,003316,101,003316,1.000000000000,census_block_relationship_count
101,003317,101,003317,1.000000000000,census_block_relationship_count
101,003318,101,003318,1.000000000000,census_block_relationship_count
101,003319,101,003319,1.000000000000,census_block_relationship_count
101,003320,101,003320,1.000000000000,census_block_relationship_count
101,003321,101,003321,1.000000000000,census_block_relationship_count
101,003322,101,003322,1.000000000000,census_block_relationship_count
101,003323,101,003323,1.000000000000,census_block_relationship_count
101,003324,101,003324,1.000000000000,census_block_relationship_count
101,003401,101,003401,1.000000000000,census_block_relationship_count
101,003402,101,003402,1.000000000000,census_block_relationship_count
101,003403,101,003403,1.000000000000,census_block_relationship_count
101,003404,101,003404,1.000000000000,census_block_relationship_count
101,003405,101,003405,1.000000000000,census_block_relationship_count
101,003406,101,003406,1.000000000000,census_block_relationship_count
101,003407,101,003407,1.000000000000,census_block_relationship_count
101,003408,101,003408,1.000000000000,census_block_relationship_count
101,003409,101,003409,1.000000000000,census_block_relationship_count
101,003410,101,003410,1.000000000000,census_block_relationship_count
101,003411,101,003411,1.000000000000,census_block_relationship_count
101,003412,101,003412,1.000000000000,census_block_relationship_count
101,003413,101,003413,1.000000000000,census_block_relationship_count
101,003414,101,003414,1.000000000000,census_block_relationship_count
101,003415,101,003415,1.000000000000,census_block_relationship_count
101,003416,101,003416,1.000000000000,census_block_relationship_count
101,003417,101,003417,1.000000000000,census_block_relationship_count
101,003418,101,003418,1.000000000000,census_block_relationship_count
101,003419,101,003419,1.000000000000,census_block_relationship_count
101,003420,101,003420,1.000000000000,census_block_relationship_count
101,003421,101,003421,1.000000000000,census_block_relationship_count
101,003422,101,003422,1.000000000000,census_block_relationship_count
101,003423,101,003423,1.000000000000,census_block_relationship_count
101,003424,101,003424,1.000000000000,census_block_relationship_count
101,003425,101,003425,1.000000000000,census_block_relationship_count
101,003426,101,003426,1.000000000000,census_block_relationship_count
101,003427,101,003427,1.000000000000,census_block_relationship_count
101,003428,101,003428,1.000000000000,census_block_relationship_count
101,003429,101,003429,1.000000000000,census_block_relationship_count
101,003430,101,003430,1.000000000000,census_block_relationship_count
101,003431,101,003431,1.000000000000,census_block_relationship_count
101,003432,101,003432,1.000000000000,census_block_relationship_count
101,003433,101,003433,1.000000000000,census_block_relationship_count
101,003434,101,003420,0.003234626450,census_block_relationship_count
101,003434,101,003434,0.979322301236,census_block_relationship_count
101,003434,101,003437,0.017443072314,census_block_relationship_count
101,003435,101,003435,1.000000000000,census_block_relationship_count
101,003436,101,003436,1.000000000000,census_block_relationship_count
101,003437,101,003434,0.375000000000,census_block_relationship_count
101,003437,101,003437,0.625000000000,census_block_relationship_count
101,003438,101,003438,1.000000000000,census_block_relationship_count
101,003439,101,003434,0.200000000000,census_block_relationship_count
101,003439,101,003439,0.800000000000,census_block_relationship_count
101,003440,101,003440,1.000000000000,census_block_relationship_count
101,003441,101,003434,0.181818181818,census_block_relationship_count
101,003441,101,003441,0.818181818182,census_block_relationship_count
101,003442,101,003442,1.000000000000,census_block_relationship_count
101,003501,101,003501,1.000000000000,census_block_relationship_count
101,003502,101,003502,0.858968059307,census_block_relationship_count
101,003502,101,003507,0.141031940693,census_block_relationship_count
101,003503,101,003503,1.000000000000,census_block_relationship_count
101,003504,101,003504,1.000000000000,census_block_relationship_count
101,003505,101,003505,1.000000000000,census_block_relationship_count
101,003506,101,003506,0.941176470588,census_block_relationship_count
101,003506,101,003514,0.058823529412,census_block_relationship_count
101,003507,101,003507,1.000000000000,census_block_relationship_count
101,003508,101,003508,1.000000000000,census_block_relationship_count
101,003509,101,003509,1.000000000000,census_block_relationship_count
101,003510,101,003510,1.000000000000,census_block_relationship_count
101,003511,101,003511,1.000000000000,census_block_relationship_count
101,003512,101,003512,0.916666666667,census_block_relationship_count
101,003512,101,003514,0.083333333333,census_block_relationship_count
101,003513,101,003513,1.000000000000,census_block_relationship_count
101,003514,101,003514,1.000000000000,census_block_relationship_count
101,003515,101,002310,0.083333333333,census_block_relationship_count
101,003515,101,002313,0.083333333333,census_block_relationship_count
101,003515,101,003515,0.833333333333,census_block_relationship_count
101,003516,101,003516,1.000000000000,census_block_relationship_count
101,003517,101,003517,1.000000000000,census_block_relationship_count
101,003518,101,003518,1.000000000000,census_block_relationship_count
101,003519,101,003519,1.000000000000,census_block_relationship_count
101,003520,101,003520,1.000000000000,census_block_relationship_count
101,003521,101,003521,0.999077485892,census_block_relationship_count
101,003521,101,003522,0.000922514108,census_block_relationship_count
101,003522,101,003517,0.009011353888,census_block_relationship_count
101,003522,101,003522,0.990988646113,census_block_relationship_count
101,003523,101,003523,1.000000000000,census_block_relationship_count
101,003524,101,002310,0.230769230769,census_block_relationship_count
101,003524,101,003524,0.769230769231,census_block_relationship_count
101,003525,101,003525,1.000000000000,census_block_relationship_count
101,003526,101,002310,0.341964911448,census_block_relationship_count
101,003526,101,002311,0.002862674759,census_block_relationship_count
101,003526,101,003526,0.649925997924,census_block_relationship_count
101,003526,101,003527,0.005246415869,census_block_relationship_count
101,003527,101,003527,1.000000000000,census_block_relationship_count
101,003528,101,003528,1.000000000000,census_block_relationship_count
101,003529,101,002311,0.142857142857,census_block_relationship_count
101,003529,101,003529,0.857142857143,census_block_relationship_count
101,003530,101,003530,0.928571428571,census_block_relationship_count
101,003530,101,004218,0.071428571429,census_block_relationship_count
101,003531,101,003514,0.038274631050,census_block_relationship_count
101,003531,101,003517,0.023533581575,census_block_relationship_count
101,003531,101,003531,0.938191787375,census_block_relationship_count
101,003532,101,003532,1.000000000000,census_block_relationship_count
101,003601,101,003601,1.000000000000,census_block_relationship_count
101,003602,101,003602,1.000000000000,census_block_relationship_count
101,003603,101,003603,1.000000000000,census_block_relationship_count
101,003604,101,003604,1.000000000000,census_block_relationship_count
101,003605,101,003605,1.000000000000,census_block_relationship_count
101,003606,101,003606,1.000000000000,census_block_relationship_count
101,003607,101,003607,1.000000000000,census_block_relationship_count
101,003608,101,003608,1.000000000000,census_block_relationship_count
101,003609,101,003609,1.000000000000,census_block_relationship_count
101,003610,101,003610,1.000000000000,census_block_relationship_count
101,003611,101,003611,1.000000000000,census_block_relationship_count
101,003612,101,003612,1.000000000000,census_block_relationship_count
101,003613,101,003613,1.000000000000,census_block_relationship_count
101,003614,101,003614,1.000000000000,census_block_relationship_count
101,003615,101,003615,1.000000000000,census_block_relationship_count
101,003616,101,003616,1.000000000000,census_block_relationship_count
101,003617,101,003617,1.000000000000,census_block_relationship_count
101,003618,101,003618,1.000000000000,census_block_relationship_count
101,003619,101,003619,1.000000000000,census_block_relationship_count
101,003620,101,003620,1.000000000000,census_block_relationship_count
101,003621,101,003621,1.000000000000,census_block_relationship_count
101,003622,101,003622,1.000000000000,census_block_relationship_count
101,003623,101,003623,1.000000000000,census_block_relationship_count
101,003624,101,003624,1.000000000000,census_block_relationship_count
101,003625,101,003625,1.000000000000,census_block_relationship_count
101,003626,101,003626,1.000000000000,census_block_relationship_count
101,003627,101,003627,1.000000000000,census_block_relationship_count
101,003628,101,002719,0.033333333333,census_block_relationship_count
101,003628,101,003017,0.033333333333,census_block_relationship_count
101,003628,101,003628,0.733333333333,census_block_relationship_count
101,003628,101,003630,0.200000000000,census_block_relationship_count
101,003629,101,003629,0.750000000000,census_block_relationship_count
101,003629,101,003945,0.166666666667,census_block_relationship_count
101,003629,101,003946,0.083333333333,census_block_relationship_count
101,003630,101,003630,1.000000000000,census_block_relationship_count
101,003631,101,003631,1.000000000000,census_block_relationship_count
101,003632,101,003632,1.000000000000,census_block_relationship_count
101,003633,101,003633,1.000000000000,census_block_relationship_count
101,003634,101,000207,0.142857142857,census_block_relationship_count
101,003634,101,003634,0.857142857143,census_block_relationship_count
101,003635,101,000207,0.100000000000,census_block_relationship_count
101,003635,101,003635,0.900000000000,census_block_relationship_count
101,003636,101,003636,1.000000000000,census_block_relationship_count
101,003637,101,000120,0.125000000000,census_block_relationship_count
101,003637,101,003637,0.875000000000,census_block_relationship_count
101,003638,101,003638,1.000000000000,census_block_relationship_count
101,003639,101,003639,1.000000000000,census_block_relationship_count
101,003640,101,003640,1.000000000000,census_block_relationship_count
101,003641,101,003641,1.000000000000,census_block_relationship_count
101,003701,101,003701,1.000000000000,census_block_relationship_count
101,003702,101,003702,1.000000000000,census_block_relationship_count
101,003703,101,003703,1.000000000000,census_block_relationship_count
101,003704,101,003704,1.000000000000,census_block_relationship_count
101,003705,101,003705,1.000000000000,census_block_relationship_count
101,003706,101,003706,1.000000000000,census_block_relationship_count
101,003707,101,003707,1.000000000000,census_block_relationship_count
101,003708,101,003708,1.000000000000,census_block_relationship_count
101,003709,101,003709,1.000000000000,census_block_relationship_count
101,003710,101,003710,1.000000000000,census_block_relationship_count
101,003711,101,003711,1.000000000000,census_block_relationship_count
101,003712,101,003712,1.000000000000,census_block_relationship_count
101,003713,101,003713,1.000000000000,census_block_relationship_count
101,003714,101,003714,1.000000000000,census_block_relationship_count
101,003715,101,003715,1.000000000000,census_block_relationship_count
101,003716,101,003716,0.916666666667,census_block_relationship_count
101,003716,101,003721,0.083333333333,census_block_relationship_count
101,003717,101,003717,1.000000000000,census_block_relationship_count
101,003718,101,003718,1.000000000000,census_block_relationship_count
101,003719,101,003719,1.000000000000,census_block_relationship_count
101,003720,101,003720,1.000000000000,census_block_relationship_count
101,003721,101,003721,1.000000000000,census_block_relationship_count
101,003801,101,003801,0.916666666667,census_block_relationship_count
101,003801,101,003818,0.083333333333,census_block_relationship_count
101,003802,101,003802,1.000000000000,census_block_relationship_count
101,003803,101,003803,1.000000000000,census_block_relationship_count
101,003804,101,003804,1.000000000000,census_block_relationship_count
101,003805,101,003805,1.000000000000,census_block_relationship_count
101,003806,101,003806,0.956521739130,census_block_relationship_count
101,003806,101,003808,0.043478260870,census_block_relationship_count
101,003807,101,003807,1.000000000000,census_block_relationship_count
101,003808,101,003808,1.000000000000,census_block_relationship_count
101,003809,101,003806,0.018181818182,census_block_relationship_count
101,003809,101,003809,0.981818181818,census_block_relationship_count
101,003810,101,003806,0.076923076923,census_block_relationship_count
101,003810,101,003810,0.923076923077,census_block_relationship_count
101,003811,101,003811,1.000000000000,census_block_relationship_count
101,003812,101,003812,1.000000000000,census_block_relationship_count
101,003813,101,003813,0.814174226602,census_block_relationship_count
101,003813,101,003815,0.181818181817,census_block_relationship_count
101,003813,101,003820,0.004007591582,census_block_relationship_count
101,003814,101,003814,0.952335600910,census_block_relationship_count
101,003814,101,003815,0.047664399090,census_block_relationship_count
101,003815,101,003814,0.040367050945,census_block_relationship_count
101,003815,101,003815,0.959632949055,census_block_relationship_count
101,003816,101,003812,0.111111111111,census_block_relationship_count
101,003816,101,003816,0.888888888889,census_block_relationship_count
101,003817,101,003817,1.000000000000,census_block_relationship_count
101,003818,101,003818,1.000000000000,census_block_relationship_count
101,003819,101,003819,1.000000000000,census_block_relationship_count
101,003820,101,003813,0.013251767075,census_block_relationship_count
101,003820,101,003820,0.986748232925,census_block_relationship_count
101,003821,101,003821,1.000000000000,census_block_relationship_count
101,003901,101,003901,1.000000000000,census_block_relationship_count
101,003902,101,003902,1.000000000000,census_block_relationship_count
101,003903,101,003903,1.000000000000,census_block_relationship_count
101,003904,101,003904,1.000000000000,census_block_relationship_count
101,003905,101,003905,1.000000000000,census_block_relationship_count
101,003906,101,003906,1.000000000000,census_block_relationship_count
101,003907,101,003907,1.000000000000,census_block_relationship_count
101,003908,101,003908,1.000000000000,census_block_relationship_count
101,003909,101,003909,1.000000000000,census_block_relationship_count
101,003910,101,003910,1.000000000000,census_block_relationship_count
101,003911,101,003911,1.000000000000,census_block_relationship_count
101,003912,101,003912,1.000000000000,census_block_relationship_count
101,003913,101,003913,1.000000000000,census_block_relationship_count
101,003914,101,003914,1.000000000000,census_block_relationship_count
101,003915,101,003915,1.000000000000,census_block_relationship_count
101,003916,101,003916,1.000000000000,census_block_relationship_count
101,003917,101,003917,1.000000000000,census_block_relationship_count
101,003918,101,003918,1.000000000000,census_block_relationship_count
101,003919,101,003919,1.000000000000,census_block_relationship_count
101,003920,101,003920,1.000000000000,census_block_relationship_count
101,003921,101,003921,1.000000000000,census_block_relationship_count
101,003922,101,003922,1.000000000000,census_block_relationship_count
101,003923,101,003923,1.000000000000,census_block_relationship_count
101,003924,101,003914,0.038461538462,census_block_relationship_count
101,003924,101,003924,0.961538461538,census_block_relationship_count
101,003925,101,003925,1.000000000000,census_block_relationship_count
101,003926,101,003926,1.000000000000,census_block_relationship_count
101,003927,101,003927,1.000000000000,census_block_relationship_count
101,003928,101,003928,1.000000000000,census_block_relationship_count
101,003929,101,003914,0.090909090909,census_block_relationship_count
101,003929,101,003929,0.909090909091,census_block_relationship_count
101,003930,101,003930,1.000000000000,census_block_relationship_count
101,003931,101,003931,1.000000000000,census_block_relationship_count
101,003932,101,003932,1.000000000000,census_block_relationship_count
101,003933,101,003933,1.000000000000,census_block_relationship_count
101,003934,101,003934,1.000000000000,census_block_relationship_count
101,003935,101,003935,1.000000000000,census_block_relationship_count
101,003936,101,003914,0.105263157895,census_block_relationship_count
101,003936,101,003936,0.894736842105,census_block_relationship_count
101,003937,101,003937,1.000000000000,census_block_relationship_count
101,003938,101,003938,1.000000000000,census_block_relationship_count
101,003939,101,003939,1.000000000000,census_block_relationship_count
101,003940,101,003940,1.000000000000,census_block_relationship_count
101,003941,101,003914,0.076923076923,census_block_relationship_count
101,003941,101,003941,0.923076923077,census_block_relationship_count
101,003942,101,003942,1.000000000000,census_block_relationship_count
101,003943,101,003943,1.000000000000,census_block_relationship_count
101,003944,101,003944,1.000000000000,census_block_relationship_count
101,003945,101,003945,1.000000000000,census_block_relationship_count
101,003946,101,003946,1.000000000000,census_block_relationship_count
101,004001,101,004001,0.863447540032,census_block_relationship_count
101,004001,101,004028,0.119173477368,census_block_relationship_count
101,004001,101,004046,0.017378982600,census_block_relationship_count
101,004002,101,004002,1.000000000000,census_block_relationship_count
101,004003,101,004003,1.000000000000,census_block_relationship_count
101,004004,101,004004,1.000000000000,census_block_relationship_count
101,004005,101,004005,1.000000000000,census_block_relationship_count
101,004006,101,004006,1.000000000000,census_block_relationship_count
101,004007,101,004007,1.000000000000,census_block_relationship_count
101,004008,101,004008,1.000000000000,census_block_relationship_count
101,004009,101,004009,1.000000000000,census_block_relationship_count
101,004010,101,004010,0.981773713592,census_block_relationship_count
101,004010,101,004012,0.018226286408,census_block_relationship_count
101,004011,101,004011,0.833333333333,census_block_relationship_count
101,004011,101,004025,0.166666666667,census_block_relationship_count
101,004012,101,004012,1.000000000000,census_block_relationship_count
101,004013,101,004013,1.000000000000,census_block_relationship_count
101,004014,101,004014,1.000000000000,census_block_relationship_count
101,004015,101,004015,1.000000000000,census_block_relationship_count
101,004016,101,004016,1.000000000000,census_block_relationship_count
101,004017,101,004017,1.000000000000,census_block_relationship_count
101,004018,101,004018,1.000000000000,census_block_relationship_count
101,004019,101,004019,1.000000000000,census_block_relationship_count
101,004020,101,004020,1.000000000000,census_block_relationship_count
101,004021,101,004021,1.000000000000,census_block_relationship_count
101,004022,101,004022,1.000000000000,census_block_relationship_count
101,004023,101,004008,0.090909090909,census_block_relationship_count
101,004023,101,004023,0.909090909091,census_block_relationship_count
101,004024,101,004024,1.000000000000,census_block_relationship_count
101,004025,101,004025,1.000000000000,census_block_relationship_count
101,004026,101,004026,1.000000000000,census_block_relationship_count
101,004027,101,004027,1.000000000000,census_block_relationship_count
101,004028,101,004001,0.037106274100,census_block_relationship_count
101,004028,101,004028,0.962893725900,census_block_relationship_count
101,004029,101,004029,1.000000000000,census_block_relationship_count
101,004030,101,004001,0.000147899643,census_block_relationship_count
101,004030,101,004030,0.952856409326,census_block_relationship_count
101,004030,101,004042,0.025000000000,census_block_relationship_count
101,004030,101,004049,0.021995691031,census_block_relationship_count
101,004031,101,004031,0.916666666667,census_block_relationship_count
101,004031,101,004041,0.083333333333,census_block_relationship_count
101,004032,101,004032,1.000000000000,census_block_relationship_count
101,004033,101,004033,1.000000000000,census_block_relationship_count
101,004034,101,004034,0.900000000000,census_block_relationship_count
101,004034,101,004047,0.100000000000,census_block_relationship_count
101,004035,101,004035,1.000000000000,census_block_relationship_count
101,004036,101,004036,0.916666666667,census_block_relationship_count
101,004036,101,004037,0.083333333333,census_block_relationship_count
101,004037,101,004037,1.000000000000,census_block_relationship_count
101,004038,101,004038,1.000000000000,census_block_relationship_count
101,004039,101,004039,1.000000000000,census_block_relationship_count
101,004040,101,004030,0.738095238095,census_block_relationship_count
101,004040,101,004040,0.261904761905,census_block_relationship_count
101,004041,101,004037,0.076923076923,census_block_relationship_count
101,004041,101,004041,0.923076923077,census_block_relationship_count
101,004042,101,004037,0.004798018886,census_block_relationship_count
101,004042,101,004042,0.995201981114,census_block_relationship_count
101,004043,101,004043,1.000000000000,census_block_relationship_count
101,004044,101,004044,1.000000000000,census_block_relationship_count
101,004045,101,004042,0.264199851975,census_block_relationship_count
101,004045,101,004045,0.735800148025,census_block_relationship_count
101,004046,101,004001,0.181818181818,census_block_relationship_count
101,004046,101,004046,0.454401350764,census_block_relationship_count
101,004046,101,004050,0.363636363636,census_block_relationship_count
101,004046,101,004051,0.000144103782,census_block_relationship_count
101,004047,101,004047,1.000000000000,census_block_relationship_count
101,004048,101,004037,0.092853271389,census_block_relationship_count
101,004048,101,004042,0.018257839722,census_block_relationship_count
101,004048,101,004048,0.441859157889,census_block_relationship_count
101,004048,101,004049,0.447029731000,census_block_relationship_count
101,004049,101,004042,0.125000000000,census_block_relationship_count
101,004049,101,004049,0.875000000000,census_block_relationship_count
101,004050,101,004048,0.000192029767,census_block_relationship_count
101,004050,101,004049,0.006134221522,census_block_relationship_count
101,004050,101,004050,0.993673748711,census_block_relationship_count
101,004051,101,004046,0.093293784600,census_block_relationship_count
101,004051,101,004051,0.906706215400,census_block_relationship_count
101,004101,101,004101,0.944444444444,census_block_relationship_count
101,004101,101,006201,0.055555555556,census_block_relationship_count
101,004102,101,004102,1.000000000000,census_block_relationship_count
101,004103,101,004103,1.000000000000,census_block_relationship_count
101,004104,101,004104,1.000000000000,census_block_relationship_count
101,004105,101,004105,1.000000000000,census_block_relationship_count
101,004106,101,004106,1.000000000000,census_block_relationship_count
101,004107,101,004107,1.000000000000,census_block_relationship_count
101,004108,101,004108,1.000000000000,census_block_relationship_count
101,004109,101,004109,1.000000000000,census_block_relationship_count
101,004110,101,004110,1.000000000000,census_block_relationship_count
101,004111,101,004111,1.000000000000,census_block_relationship_count
101,004112,101,004112,1.000000000000,census_block_relationship_count
101,004113,101,004113,1.000000000000,census_block_relationship_count
101,004114,101,004114,1.000000000000,census_block_relationship_count
101,004115,101,004115,1.000000000000,census_block_relationship_count
101,004116,101,004116,1.000000000000,census_block_relationship_count
101,004117,101,004117,1.000000000000,census_block_relationship_count
101,004118,101,004118,1.000000000000,census_block_relationship_count
101,004119,101,004119,1.000000000000,census_block_relationship_count
101,004120,101,004120,1.000000000000,census_block_relationship_count
101,004121,101,004121,1.000000000000,census_block_relationship_count
101,004122,101,004122,1.000000000000,census_block_relationship_count
101,004123,101,004123,1.000000000000,census_block_relationship_count
101,004124,101,004124,1.000000000000,census_block_relationship_count
101,004125,101,004125,1.000000000000,census_block_relationship_count
101,004126,101,004126,1.000000000000,census_block_relationship_count
101,004201,101,004201,0.989094770547,census_block_relationship_count
101,004201,101,004205,0.010905229453,census_block_relationship_count
101,004202,101,004202,1.000000000000,census_block_relationship_count
101,004203,101,004203,1.000000000000,census_block_relationship_count
101,004204,101,004204,1.000000000000,census_block_relationship_count
101,004205,101,004205,1.000000000000,census_block_relationship_count
101,004206,101,004206,1.000000000000,census_block_relationship_count
101,004207,101,004204,0.010763980046,census_block_relationship_count
101,004207,101,004207,0.989236019954,census_block_relationship_count
101,004208,101,004208,1.000000000000,census_block_relationship_count
101,004209,101,004209,1.000000000000,census_block_relationship_count
101,004210,101,004210,1.000000000000,census_block_relationship_count
101,004211,101,004211,1.000000000000,census_block_relationship_count
101,004212,101,004212,1.000000000000,census_block_relationship_count
101,004213,101,004212,0.012372983653,census_block_relationship_count
101,004213,101,004213,0.987627016347,census_block_relationship_count
101,004214,101,004214,1.000000000000,census_block_relationship_count
101,004215,101,004215,1.000000000000,census_block_relationship_count
101,004216,101,004216,1.000000000000,census_block_relationship_count
101,004217,101,004217,1.000000000000,census_block_relationship_count
101,004218,101,004218,1.000000000000,census_block_relationship_count
101,004219,101,004219,1.000000000000,census_block_relationship_count
101,004220,101,004220,1.000000000000,census_block_relationship_count
101,004221,101,004221,1.000000000000,census_block_relationship_count
101,004222,101,004222,1.000000000000,census_block_relationship_count
101,004223,101,004223,1.000000000000,census_block_relationship_count
101,004224,101,004224,1.000000000000,census_block_relationship_count
101,004225,101,004225,1.000000000000,census_block_relationship_count
101,004301,101,004301,0.809523809524,census_block_relationship_count
101,004301,101,004905,0.190476190476,census_block_relationship_count
101,004302,101,004302,1.000000000000,census_block_relationship_count
101,004303,101,004303,1.000000000000,census_block_relationship_count
101,004304,101,004304,1.000000000000,census_block_relationship_count
101,004305,101,004305,1.000000000000,census_block_relationship_count
101,004306,101,004306,1.000000000000,census_block_relationship_count
101,004307,101,004307,1.000000000000,census_block_relationship_count
101,004308,101,004308,1.000000000000,census_block_relationship_count
101,004309,101,004309,1.000000000000,census_block_relationship_count
101,004310,101,004310,1.000000000000,census_block_relationship_count
101,004311,101,004311,1.000000000000,census_block_relationship_count
101,004312,101,004312,1.000000000000,census_block_relationship_count
101,004313,101,004313,1.000000000000,census_block_relationship_count
101,004314,101,004314,1.000000000000,census_block_relationship_count
101,004315,101,004315,1.000000000000,census_block_relationship_count
101,004316,101,004316,1.000000000000,census_block_relationship_count
101,004317,101,004317,1.000000000000,census_block_relationship_count
101,004318,101,004318,1.000000000000,census_block_relationship_count
101,004319,101,004319,1.000000000000,census_block_relationship_count
101,004320,101,004320,1.000000000000,census_block_relationship_count
101,004321,101,004321,1.000000000000,census_block_relationship_count
101,004322,101,004322,1.000000000000,census_block_relationship_count
101,004323,101,004323,1.000000000000,census_block_relationship_count
101,004324,101,004324,1.000000000000,census_block_relationship_count
101,004325,101,004325,1.000000000000,census_block_relationship_count
101,004401,101,004401,1.000000000000,census_block_relationship_count
101,004402,101,004402,1.000000000000,census_block_relationship_count
101,004403,101,004403,1.000000000000,census_block_relationship_count
101,004404,101,004404,1.000000000000,census_block_relationship_count
101,004405,101,004405,1.000000000000,census_block_relationship_count
101,004406,101,004406,1.000000000000,census_block_relationship_count
101,004407,101,004407,1.000000000000,census_block_relationship_count
101,004408,101,004408,1.000000000000,census_block_relationship_count
101,004409,101,004409,1.000000000000,census_block_relationship_count
101,004410,101,004410,1.000000000000,census_block_relationship_count
101,004411,101,004411,1.000000000000,census_block_relationship_count
101,004412,101,004412,1.000000000000,census_block_relationship_count
101,004413,101,004413,1.000000000000,census_block_relationship_count
101,004414,101,004408,0.009826216938,census_block_relationship_count
101,004414,101,004414,0.990173783063,census_block_relationship_count
101,004415,101,004415,1.000000000000,census_block_relationship_count
101,004416,101,004413,0.007835863200,census_block_relationship_count
101,004416,101,004416,0.992164136800,census_block_relationship_count
101,004417,101,004417,1.000000000000,census_block_relationship_count
101,004418,101,004418,1.000000000000,census_block_relationship_count
101,004419,101,004419,1.000000000000,census_block_relationship_count
101,004501,101,004501,1.000000000000,census_block_relationship_count
101,004502,101,004502,1.000000000000,census_block_relationship_count
101,004503,101,004503,1.000000000000,census_block_relationship_count
101,004504,101,004502,0.083333333333,census_block_relationship_count
101,004504,101,004504,0.916666666667,census_block_relationship_count
101,004505,101,004505,1.000000000000,census_block_relationship_count
101,004506,101,004506,1.000000000000,census_block_relationship_count
101,004507,101,004507,1.000000000000,census_block_relationship_count
101,004508,101,004508,1.000000000000,census_block_relationship_count
101,004509,101,004509,1.000000000000,census_block_relationship_count
101,004510,101,004510,1.000000000000,census_block_relationship_count
101,004511,101,004511,1.000000000000,census_block_relationship_count
101,004512,101,004512,1.000000000000,census_block_relationship_count
101,004513,101,004513,1.000000000000,census_block_relationship_count
101,004514,101,004514,1.000000000000,census_block_relationship_count
101,004515,101,004515,1.000000000000,census_block_relationship_count
101,004516,101,004516,1.000000000000,census_block_relationship_count
101,004517,101,004517,1.000000000000,census_block_relationship_count
101,004518,101,004518,1.000000000000,census_block_relationship_count
101,004519,101,004519,1.000000000000,census_block_relationship_count
101,004520,101,004505,0.180362089372,census_block_relationship_count
101,004520,101,004520,0.819637910628,census_block_relationship_count
101,004521,101,004521,1.000000000000,census_block_relationship_count
101,004522,101,004522,1.000000000000,census_block_relationship_count
101,004523,101,004523,1.000000000000,census_block_relationship_count
101,004524,101,004524,1.000000000000,census_block_relationship_count
101,004525,101,004505,0.111111111111,census_block_relationship_count
101,004525,101,004525,0.888888888889,census_block_relationship_count
101,004601,101,004601,1.000000000000,census_block_relationship_count
101,004602,101,004602,1.000000000000,census_block_relationship_count
101,004603,101,004603,1.000000000000,census_block_relationship_count
101,004604,101,004604,1.000000000000,census_block_relationship_count
101,004605,101,004605,1.000000000000,census_block_relationship_count
101,004606,101,004606,1.000000000000,census_block_relationship_count
101,004607,101,004607,1.000000000000,census_block_relationship_count
101,004608,101,004608,1.000000000000,census_block_relationship_count
101,004609,101,004609,1.000000000000,census_block_relationship_count
101,004610,101,004610,1.000000000000,census_block_relationship_count
101,004611,101,004611,1.000000000000,census_block_relationship_count
101,004612,101,004612,1.000000000000,census_block_relationship_count
101,004613,101,004613,1.000000000000,census_block_relationship_count
101,004614,101,004614,1.000000000000,census_block_relationship_count
101,004615,101,004615,1.000000000000,census_block_relationship_count
101,004616,101,004616,1.000000000000,census_block_relationship_count
101,004617,101,004617,1.000000000000,census_block_relationship_count
101,004618,101,004618,1.000000000000,census_block_relationship_count
101,004619,101,004619,1.000000000000,census_block_relationship_count
101,004620,101,004620,1.000000000000,census_block_relationship_count
101,004621,101,004621,1.000000000000,census_block_relationship_count
101,004622,101,004622,1.000000000000,census_block_relationship_count
101,004623,101,004623,1.000000000000,census_block_relationship_count
101,004701,101,004701,1.000000000000,census_block_relationship_count
101,004702,101,004702,1.000000000000,census_block_relationship_count
101,004703,101,004703,1.000000000000,census_block_relationship_count
101,004704,101,004704,1.000000000000,census_block_relationship_count
101,004705,101,004705,1.000000000000,census_block_relationship_count
101,004706,101,004706,1.000000000000,census_block_relationship_count
101,004707,101,004707,1.000000000000,census_block_relationship_count
101,004708,101,004708,1.000000000000,census_block_relationship_count
101,004709,101,004709,1.000000000000,census_block_relationship_count
101,004710,101,004710,1.000000000000,census_block_relationship_count
101,004711,101,004711,1.000000000000,census_block_relationship_count
101,004712,101,004712,1.000000000000,census_block_relationship_count
101,004713,101,004713,1.000000000000,census_block_relationship_count
101,004714,101,004714,1.000000000000,census_block_relationship_count
101,004801,101,004801,1.000000000000,census_block_relationship_count
101,004802,101,004802,1.000000000000,census_block_relationship_count
101,004803,101,004803,1.000000000000,census_block_relationship_count
101,004804,101,004804,1.000000000000,census_block_relationship_count
101,004805,101,004805,1.000000000000,census_block_relationship_count
101,004806,101,004806,1.000000000000,census_block_relationship_count
101,004807,101,004807,1.000000000000,census_block_relationship_count
101,004808,101,004808,1.000000000000,census_block_relationship_count
101,004809,101,004809,1.000000000000,census_block_relationship_count
101,004810,101,003630,0.000547717307,census_block_relationship_count
101,004810,101,004810,0.999452282693,census_block_relationship_count
101,004811,101,003630,0.046089107529,census_block_relationship_count
101,004811,101,004810,0.096768035329,census_block_relationship_count
101,004811,101,004811,0.714285714286,census_block_relationship_count
101,004811,101,004823,0.142857142857,census_block_relationship_count
101,004812,101,004812,1.000000000000,census_block_relationship_count
101,004813,101,004813,1.000000000000,census_block_relationship_count
101,004814,101,003930,0.166666666667,census_block_relationship_count
101,004814,101,004813,0.083333333333,census_block_relationship_count
101,004814,101,004814,0.750000000000,census_block_relationship_count
101,004815,101,004815,1.000000000000,census_block_relationship_count
101,004816,101,004816,1.000000000000,census_block_relationship_count
101,004817,101,004817,1.000000000000,census_block_relationship_count
101,004818,101,004818,1.000000000000,census_block_relationship_count
101,004819,101,004819,1.000000000000,census_block_relationship_count
101,004820,101,003930,0.142857142857,census_block_relationship_count
101,004820,101,004820,0.857142857143,census_block_relationship_count
101,004821,101,004810,0.086956521739,census_block_relationship_count
101,004821,101,004821,0.913043478261,census_block_relationship_count
101,004822,101,004822,1.000000000000,census_block_relationship_count
101,004823,101,004811,0.200000000000,census_block_relationship_count
101,004823,101,004823,0.800000000000,census_block_relationship_count
101,004901,101,004901,1.000000000000,census_block_relationship_count
101,004902,101,004890,1.000000000000,census_block_relationship_count
101,004903,101,004301,0.181818181818,census_block_relationship_count
101,004903,101,004890,0.818181818182,census_block_relationship_count
101,004904,101,004904,1.000000000000,census_block_relationship_count
101,004905,101,004301,0.166666666667,census_block_relationship_count
101,004905,101,004905,0.833333333333,census_block_relationship_count
101,004906,101,004895,1.000000000000,census_block_relationship_count
101,004907,101,004907,1.000000000000,census_block_relationship_count
101,004908,101,004908,1.000000000000,census_block_relationship_count
101,004909,101,004909,1.000000000000,census_block_relationship_count
101,004910,101,004910,1.000000000000,census_block_relationship_count
101,004911,101,004911,1.000000000000,census_block_relationship_count
101,004912,101,004912,1.000000000000,census_block_relationship_count
101,004913,101,004890,1.000000000000,census_block_relationship_count
101,004914,101,004914,1.000000000000,census_block_relationship_count
101,004915,101,004895,1.000000000000,census_block_relationship_count
101,004916,101,004916,1.000000000000,census_block_relationship_count
101,004917,101,004917,1.000000000000,census_block_relationship_count
101,004918,101,004918,1.000000000000,census_block_relationship_count
101,004919,101,004919,1.000000000000,census_block_relationship_count
101,004920,101,004920,1.000000000000,census_block_relationship_count
101,004921,101,004921,1.000000000000,census_block_relationship_count
101,004922,101,004916,0.051826158825,census_block_relationship_count
101,004922,101,004919,0.008390456237,census_block_relationship_count
101,004922,101,004922,0.929109543762,census_block_relationship_count
101,004922,101,006102,0.010673841175,census_block_relationship_count
101,004923,101,004870,0.926986838712,census_block_relationship_count
101,004923,101,004921,0.073013161288,census_block_relationship_count
101,004924,101,004875,1.000000000000,census_block_relationship_count
101,004925,101,004885,1.000000000000,census_block_relationship_count
101,005001,101,005001,1.000000000000,census_block_relationship_count
101,005002,101,005002,1.000000000000,census_block_relationship_count
101,005003,101,005003,0.875000000000,census_block_relationship_count
101,005003,101,005012,0.125000000000,census_block_relationship_count
101,005004,101,005004,1.000000000000,census_block_relationship_count
101,005005,101,005005,1.000000000000,census_block_relationship_count
101,005006,101,005006,1.000000000000,census_block_relationship_count
101,005007,101,005007,1.000000000000,census_block_relationship_count
101,005008,101,005008,1.000000000000,census_block_relationship_count
101,005009,101,005009,1.000000000000,census_block_relationship_count
101,005010,101,005010,1.000000000000,census_block_relationship_count
101,005011,101,005011,1.000000000000,census_block_relationship_count
101,005012,101,005012,1.000000000000,census_block_relationship_count
101,005013,101,005013,1.000000000000,census_block_relationship_count
101,005014,101,005014,1.000000000000,census_block_relationship_count
101,005015,101,005015,1.000000000000,census_block_relationship_count
101,005016,101,005016,1.000000000000,census_block_relationship_count
101,005017,101,005017,1.000000000000,census_block_relationship_count
101,005018,101,005018,1.000000000000,census_block_relationship_count
101,005019,101,005019,1.000000000000,census_block_relationship_count
101,005020,101,005020,1.000000000000,census_block_relationship_count
101,005021,101,005021,1.000000000000,census_block_relationship_count
101,005022,101,005022,1.000000000000,census_block_relationship_count
101,005023,101,005023,1.000000000000,census_block_relationship_count
101,005024,101,005024,1.000000000000,census_block_relationship_count
101,005025,101,005025,1.000000000000,census_block_relationship_count
101,005026,101,005026,1.000000000000,census_block_relationship_count
101,005027,101,005027,1.000000000000,census_block_relationship_count
101,005028,101,005028,1.000000000000,census_block_relationship_count
101,005029,101,005029,1.000000000000,census_block_relationship_count
101,005030,101,005030,1.000000000000,census_block_relationship_count
101,005101,101,005101,1.000000000000,census_block_relationship_count
101,005102,101,005102,1.000000000000,census_block_relationship_count
101,005103,101,005081,1.000000000000,census_block_relationship_count
101,005104,101,005082,1.000000000000,census_block_relationship_count
101,005105,101,005105,1.000000000000,census_block_relationship_count
101,005106,101,005106,1.000000000000,census_block_relationship_count
101,005107,101,005107,1.000000000000,census_block_relationship_count
101,005108,101,005081,0.166666666667,census_block_relationship_count
101,005108,101,005090,0.833333333333,census_block_relationship_count
101,005109,101,005109,1.000000000000,census_block_relationship_count
101,005110,101,005110,1.000000000000,census_block_relationship_count
101,005111,101,005111,1.000000000000,census_block_relationship_count
101,005112,101,005112,1.000000000000,census_block_relationship_count
101,005113,101,005113,1.000000000000,census_block_relationship_count
101,005114,101,005106,0.062500000000,census_block_relationship_count
101,005114,101,005114,0.937500000000,census_block_relationship_count
101,005115,101,005115,1.000000000000,census_block_relationship_count
101,005116,101,005116,1.000000000000,census_block_relationship_count
101,005117,101,005117,1.000000000000,census_block_relationship_count
101,005118,101,005118,1.000000000000,census_block_relationship_count
101,005119,101,005119,1.000000000000,census_block_relationship_count
101,005120,101,005082,0.333333333333,census_block_relationship_count
101,005120,101,005095,0.666666666667,census_block_relationship_count
101,005121,101,005121,1.000000000000,census_block_relationship_count
101,005122,101,005122,1.000000000000,census_block_relationship_count
101,005123,101,005123,1.000000000000,census_block_relationship_count
101,005124,101,005124,1.000000000000,census_block_relationship_count
101,005125,101,005125,1.000000000000,census_block_relationship_count
101,005126,101,005126,1.000000000000,census_block_relationship_count
101,005127,101,005127,1.000000000000,census_block_relationship_count
101,005128,101,005128,1.000000000000,census_block_relationship_count
101,005201,101,005201,1.000000000000,census_block_relationship_count
101,005202,101,005202,0.810546252640,census_block_relationship_count
101,005202,101,005206,0.189453747360,census_block_relationship_count
101,005203,101,005203,0.797227169441,census_block_relationship_count
101,005203,101,005207,0.187141768939,census_block_relationship_count
101,005203,101,005208,0.015631061620,census_block_relationship_count
101,005204,101,005204,1.000000000000,census_block_relationship_count
101,005205,101,005205,1.000000000000,census_block_relationship_count
101,005206,101,005206,1.000000000000,census_block_relationship_count
101,005207,101,005207,1.000000000000,census_block_relationship_count
101,005208,101,005203,0.058934300450,census_block_relationship_count
101,005208,101,005207,0.106392986550,census_block_relationship_count
101,005208,101,005208,0.822544198325,census_block_relationship_count
101,005208,101,005209,0.012128514675,census_block_relationship_count
101,005209,101,005206,0.100004584780,census_block_relationship_count
101,005209,101,005208,0.002834007180,census_block_relationship_count
101,005209,101,005209,0.897161408040,census_block_relationship_count
101,005210,101,005209,0.025641025641,census_block_relationship_count
101,005210,101,005210,0.974358974359,census_block_relationship_count
101,005211,101,005211,1.000000000000,census_block_relationship_count
101,005212,101,005212,1.000000000000,census_block_relationship_count
101,005213,101,005213,1.000000000000,census_block_relationship_count
101,005214,101,005214,1.000000000000,census_block_relationship_count
101,005215,101,005215,1.000000000000,census_block_relationship_count
101,005216,101,005216,1.000000000000,census_block_relationship_count
101,005217,101,005217,0.996588128971,census_block_relationship_count
101,005217,101,005222,0.003411871029,census_block_relationship_count
101,005218,101,005218,1.000000000000,census_block_relationship_count
101,005219,101,005219,1.000000000000,census_block_relationship_count
101,005220,101,003425,0.100000000000,census_block_relationship_count
101,005220,101,005220,0.900000000000,census_block_relationship_count
101,005221,101,005221,1.000000000000,census_block_relationship_count
101,005222,101,005217,0.001541815086,census_block_relationship_count
101,005222,101,005222,0.998458184914,census_block_relationship_count
101,005223,101,005223,1.000000000000,census_block_relationship_count
101,005224,101,005224,1.000000000000,census_block_relationship_count
101,005225,101,005225,1.000000000000,census_block_relationship_count
101,005226,101,005226,1.000000000000,census_block_relationship_count
101,005227,101,005227,1.000000000000,census_block_relationship_count
101,005228,101,005228,1.000000000000,census_block_relationship_count
101,005301,101,005301,1.000000000000,census_block_relationship_count
101,005302,101,005302,1.000000000000,census_block_relationship_count
101,005303,101,005303,1.000000000000,census_block_relationship_count
101,005304,101,005304,1.000000000000,census_block_relationship_count
101,005305,101,005305,1.000000000000,census_block_relationship_count
101,005306,101,005306,1.000000000000,census_block_relationship_count
101,005307,101,005307,1.000000000000,census_block_relationship_count
101,005308,101,005308,1.000000000000,census_block_relationship_count
101,005309,101,005309,1.000000000000,census_block_relationship_count
101,005310,101,005310,1.000000000000,census_block_relationship_count
101,005311,101,005311,1.000000000000,census_block_relationship_count
101,005312,101,005312,1.000000000000,census_block_relationship_count
101,005313,101,005313,1.000000000000,census_block_relationship_count
101,005314,101,005314,1.000000000000,census_block_relationship_count
101,005315,101,005315,1.000000000000,census_block_relationship_count
101,005316,101,005316,1.000000000000,census_block_relationship_count
101,005317,101,005317,1.000000000000,census_block_relationship_count
101,005318,101,005318,1.000000000000,census_block_relationship_count
101,005319,101,005319,1.000000000000,census_block_relationship_count
101,005320,101,005320,1.000000000000,census_block_relationship_count
101,005321,101,005321,1.000000000000,census_block_relationship_count
101,005322,101,005322,1.000000000000,census_block_relationship_count
101,005323,101,005323,1.000000000000,census_block_relationship_count
101,005401,101,005301,0.066666666667,census_block_relationship_count
101,005401,101,005401,0.666666666667,census_block_relationship_count
101,005401,101,006214,0.266666666667,census_block_relationship_count
101,005402,101,005402,0.700000000000,census_block_relationship_count
101,005402,101,006220,0.300000000000,census_block_relationship_count
101,005403,101,005403,0.785714285714,census_block_relationship_count
101,005403,101,005407,0.214285714286,census_block_relationship_count
101,005404,101,005403,0.111111111111,census_block_relationship_count
101,005404,101,005404,0.888888888889,census_block_relationship_count
101,005405,101,005405,1.000000000000,census_block_relationship_count
101,005406,101,005406,1.000000000000,census_block_relationship_count
101,005407,101,005407,1.000000000000,census_block_relationship_count
101,005408,101,005408,1.000000000000,census_block_relationship_count
101,005409,101,005409,1.000000000000,census_block_relationship_count
101,005410,101,005410,1.000000000000,census_block_relationship_count
101,005411,101,005411,1.000000000000,census_block_relationship_count
101,005412,101,005412,1.000000000000,census_block_relationship_count
101,005413,101,005413,1.000000000000,census_block_relationship_count
101,005414,101,005414,1.000000000000,census_block_relationship_count
101,005415,101,005415,0.989778314957,census_block_relationship_count
101,005415,101,005419,0.010221685043,census_block_relationship_count
101,005416,101,005416,1.000000000000,census_block_relationship_count
101,005417,101,005417,1.000000000000,census_block_relationship_count
101,005418,101,005418,1.000000000000,census_block_relationship_count
101,005419,101,005419,1.000000000000,census_block_relationship_count
101,005420,101,005420,1.000000000000,census_block_relationship_count
101,005421,101,005421,1.000000000000,census_block_relationship_count
101,005422,101,005422,1.000000000000,census_block_relationship_count
101,005501,101,005501,1.000000000000,census_block_relationship_count
101,005502,101,005502,1.000000000000,census_block_relationship_count
101,005503,101,005503,1.000000000000,census_block_relationship_count
101,005504,101,005504,1.000000000000,census_block_relationship_count
101,005505,101,005505,1.000000000000,census_block_relationship_count
101,005506,101,005506,1.000000000000,census_block_relationship_count
101,005507,101,005507,1.000000000000,census_block_relationship_count
101,005508,101,005508,1.000000000000,census_block_relationship_count
101,005509,101,005509,0.999893271433,census_block_relationship_count
101,005509,101,005513,0.000106728567,census_block_relationship_count
101,005510,101,005510,1.000000000000,census_block_relationship_count
101,005511,101,005511,1.000000000000,census_block_relationship_count
101,005512,101,005512,1.000000000000,census_block_relationship_count
101,005513,101,005513,1.000000000000,census_block_relationship_count
101,005514,101,005514,1.000000000000,census_block_relationship_count
101,005515,101,005515,1.000000000000,census_block_relationship_count
101,005516,101,005516,1.000000000000,census_block_relationship_count
101,005517,101,005517,1.000000000000,census_block_relationship_count
101,005518,101,005518,0.990158883825,census_block_relationship_count
101,005518,101,006412,0.009841116175,census_block_relationship_count
101,005519,101,005519,1.000000000000,census_block_relationship_count
101,005520,101,005520,1.000000000000,census_block_relationship_count
101,005521,101,005521,1.000000000000,census_block_relationship_count
101,005522,101,005522,1.000000000000,census_block_relationship_count
101,005523,101,005523,1.000000000000,census_block_relationship_count
101,005524,101,005524,1.000000000000,census_block_relationship_count
101,005525,101,005525,1.000000000000,census_block_relationship_count
101,005526,101,005526,1.000000000000,census_block_relationship_count
101,005527,101,005527,1.000000000000,census_block_relationship_count
101,005528,101,005528,1.000000000000,census_block_relationship_count
101,005529,101,005529,1.000000000000,census_block_relationship_count
101,005601,101,005601,1.000000000000,census_block_relationship_count
101,005602,101,005602,1.000000000000,census_block_relationship_count
101,005603,101,005603,1.000000000000,census_block_relationship_count
101,005604,101,005604,1.000000000000,census_block_relationship_count
101,005605,101,005605,1.000000000000,census_block_relationship_count
101,005606,101,005606,1.000000000000,census_block_relationship_count
101,005607,101,005607,1.000000000000,census_block_relationship_count
101,005608,101,005608,1.000000000000,census_block_relationship_count
101,005609,101,005609,1.000000000000,census_block_relationship_count
101,005610,101,005610,1.000000000000,census_block_relationship_count
101,005611,101,005611,1.000000000000,census_block_relationship_count
101,005612,101,005612,1.000000000000,census_block_relationship_count
101,005613,101,005613,1.000000000000,census_block_relationship_count
101,005614,101,005614,1.000000000000,census_block_relationship_count
101,005615,101,005615,1.000000000000,census_block_relationship_count
101,005616,101,005616,1.000000000000,census_block_relationship_count
101,005617,101,005617,1.000000000000,census_block_relationship_count
101,005618,101,005618,1.000000000000,census_block_relationship_count
101,005619,101,005619,1.000000000000,census_block_relationship_count
101,005620,101,005619,0.076923076923,census_block_relationship_count
101,005620,101,005620,0.923076923077,census_block_relationship_count
101,005621,101,005621,1.000000000000,census_block_relationship_count
101,005622,101,005622,0.995996748633,census_block_relationship_count
101,005622,101,005626,0.004003251367,census_block_relationship_count
101,005623,101,005623,1.000000000000,census_block_relationship_count
101,005624,101,005624,1.000000000000,census_block_relationship_count
101,005625,101,005625,1.000000000000,census_block_relationship_count
101,005626,101,005622,0.000550001500,census_block_relationship_count
101,005626,101,005626,0.911429708242,census_block_relationship_count
101,005626,101,005627,0.004686956925,census_block_relationship_count
101,005626,101,005708,0.083333333333,census_block_relationship_count
101,005627,101,005627,1.000000000000,census_block_relationship_count
101,005628,101,005628,1.000000000000,census_block_relationship_count
101,005629,101,005629,0.714285714286,census_block_relationship_count
101,005629,101,005704,0.142857142857,census_block_relationship_count
101,005629,101,005705,0.142857142857,census_block_relationship_count
101,005630,101,005630,1.000000000000,census_block_relationship_count
101,005631,101,005631,0.799712295860,census_block_relationship_count
101,005631,101,005635,0.000287704140,census_block_relationship_count
101,005631,101,005706,0.133333333333,census_block_relationship_count
101,005631,101,005727,0.066666666667,census_block_relationship_count
101,005632,101,005632,0.800000000000,census_block_relationship_count
101,005632,101,006415,0.200000000000,census_block_relationship_count
101,005633,101,005633,1.000000000000,census_block_relationship_count
101,005634,101,005634,1.000000000000,census_block_relationship_count
101,005635,101,005635,0.888888888889,census_block_relationship_count
101,005635,101,005727,0.111111111111,census_block_relationship_count
101,005636,101,005636,1.000000000000,census_block_relationship_count
101,005637,101,005637,1.000000000000,census_block_relationship_count
101,005638,101,005638,0.750000000000,census_block_relationship_count
101,005638,101,005705,0.250000000000,census_block_relationship_count
101,005639,101,005629,0.011739950340,census_block_relationship_count
101,005639,101,005639,0.788260049660,census_block_relationship_count
101,005639,101,005708,0.200000000000,census_block_relationship_count
101,005640,101,005640,1.000000000000,census_block_relationship_count
101,005641,101,005641,1.000000000000,census_block_relationship_count
101,005701,101,005701,0.998402351162,census_block_relationship_count
101,005701,101,005718,0.001597648838,census_block_relationship_count
101,005702,101,005702,0.899967468030,census_block_relationship_count
101,005702,101,005711,0.000032531970,census_block_relationship_count
101,005702,101,005727,0.100000000000,census_block_relationship_count
101,005703,101,005703,1.000000000000,census_block_relationship_count
101,005704,101,005704,1.000000000000,census_block_relationship_count
101,005705,101,005705,1.000000000000,census_block_relationship_count
101,005706,101,005706,1.000000000000,census_block_relationship_count
101,005707,101,005706,0.121104385200,census_block_relationship_count
101,005707,101,005707,0.878895614800,census_block_relationship_count
101,005708,101,005708,1.000000000000,census_block_relationship_count
101,005709,101,005709,1.000000000000,census_block_relationship_count
101,005710,101,005710,0.991754758488,census_block_relationship_count
101,005710,101,005727,0.008245241513,census_block_relationship_count
101,005711,101,005702,0.039336802450,census_block_relationship_count
101,005711,101,005710,0.083333333333,census_block_relationship_count
101,005711,101,005711,0.877329864217,census_block_relationship_count
101,005712,101,005712,1.000000000000,census_block_relationship_count
101,005713,101,005708,0.055555555556,census_block_relationship_count
101,005713,101,005713,0.944444444444,census_block_relationship_count
101,005714,101,005703,0.071428571429,census_block_relationship_count
101,005714,101,005714,0.928571428571,census_block_relationship_count
101,005715,101,005703,0.105263157895,census_block_relationship_count
101,005715,101,005715,0.894736842105,census_block_relationship_count
101,005716,101,005716,1.000000000000,census_block_relationship_count
101,005717,101,005717,1.000000000000,census_block_relationship_count
101,005718,101,005718,1.000000000000,census_block_relationship_count
101,005719,101,005719,1.000000000000,census_block_relationship_count
101,005720,101,005720,1.000000000000,census_block_relationship_count
101,005721,101,005701,0.125000000000,census_block_relationship_count
101,005721,101,005721,0.875000000000,census_block_relationship_count
101,005722,101,005722,1.000000000000,census_block_relationship_count
101,005723,101,005723,1.000000000000,census_block_relationship_count
101,005724,101,005724,1.000000000000,census_block_relationship_count
101,005725,101,005725,1.000000000000,census_block_relationship_count
101,005726,101,005703,0.285714285714,census_block_relationship_count
101,005726,101,005726,0.714285714286,census_block_relationship_count
101,005727,101,005710,0.019926789431,census_block_relationship_count
101,005727,101,005727,0.980073210569,census_block_relationship_count
101,005728,101,005728,1.000000000000,census_block_relationship_count
101,005801,101,005801,0.971488546086,census_block_relationship_count
101,005801,101,005818,0.028511453914,census_block_relationship_count
101,005802,101,005802,1.000000000000,census_block_relationship_count
101,005803,101,005803,0.968290350976,census_block_relationship_count
101,005803,101,005831,0.031709649024,census_block_relationship_count
101,005804,101,005804,1.000000000000,census_block_relationship_count
101,005805,101,005805,0.954545454545,census_block_relationship_count
101,005805,101,005821,0.045454545455,census_block_relationship_count
101,005806,101,005806,1.000000000000,census_block_relationship_count
101,005807,101,005807,1.000000000000,census_block_relationship_count
101,005808,101,005808,1.000000000000,census_block_relationship_count
101,005809,101,005809,1.000000000000,census_block_relationship_count
101,005810,101,005810,1.000000000000,census_block_relationship_count
101,005811,101,005811,1.000000000000,census_block_relationship_count
101,005812,101,005806,0.009907587689,census_block_relationship_count
101,005812,101,005812,0.990092412311,census_block_relationship_count
101,005813,101,005813,0.997528567558,census_block_relationship_count
101,005813,101,005817,0.002471432442,census_block_relationship_count
101,005814,101,005814,1.000000000000,census_block_relationship_count
101,005815,101,005815,1.000000000000,census_block_relationship_count
101,005816,101,005816,0.990799817318,census_block_relationship_count
101,005816,101,005826,0.009200182682,census_block_relationship_count
101,005817,101,005817,1.000000000000,census_block_relationship_count
101,005818,101,005818,1.000000000000,census_block_relationship_count
101,005819,101,005819,1.000000000000,census_block_relationship_count
101,005820,101,005820,1.000000000000,census_block_relationship_count
101,005821,101,005821,1.000000000000,census_block_relationship_count
101,005822,101,005822,1.000000000000,census_block_relationship_count
101,005823,101,005823,0.923076923077,census_block_relationship_count
101,005823,101,006610,0.076923076923,census_block_relationship_count
101,005824,101,005824,0.840000000000,census_block_relationship_count
101,005824,101,006605,0.138232800156,census_block_relationship_count
101,005824,101,006606,0.021767199844,census_block_relationship_count
101,005825,101,005825,1.000000000000,census_block_relationship_count
101,005826,101,005826,1.000000000000,census_block_relationship_count
101,005827,101,005827,1.000000000000,census_block_relationship_count
101,005828,101,005828,0.954545454545,census_block_relationship_count
101,005828,101,006610,0.045454545455,census_block_relationship_count
101,005829,101,005829,1.000000000000,census_block_relationship_count
101,005830,101,005830,1.000000000000,census_block_relationship_count
101,005831,101,005831,1.000000000000,census_block_relationship_count
101,005832,101,005832,1.000000000000,census_block_relationship_count
101,005833,101,005818,0.000025698912,census_block_relationship_count
101,005833,101,005833,0.874974301087,census_block_relationship_count
101,005833,101,005838,0.125000000000,census_block_relationship_count
101,005834,101,005834,1.000000000000,census_block_relationship_count
101,005835,101,005835,1.000000000000,census_block_relationship_count
101,005836,101,005836,1.000000000000,census_block_relationship_count
101,005837,101,005837,1.000000000000,census_block_relationship_count
101,005838,101,005838,1.000000000000,census_block_relationship_count
101,005839,101,005839,1.000000000000,census_block_relationship_count
101,005840,101,005825,0.111111111111,census_block_relationship_count
101,005840,101,005840,0.888888888889,census_block_relationship_count
101,005841,101,005841,1.000000000000,census_block_relationship_count
101,005842,101,005842,0.857142857143,census_block_relationship_count
101,005842,101,006610,0.142857142857,census_block_relationship_count
101,005843,101,005843,1.000000000000,census_block_relationship_count
101,005844,101,005844,1.000000000000,census_block_relationship_count
101,005901,101,005901,1.000000000000,census_block_relationship_count
101,005902,101,005902,1.000000000000,census_block_relationship_count
101,005903,101,005903,1.000000000000,census_block_relationship_count
101,005904,101,005902,0.007762424067,census_block_relationship_count
101,005904,101,005904,0.992237575933,census_block_relationship_count
101,005905,101,005905,1.000000000000,census_block_relationship_count
101,005906,101,005906,0.875000000000,census_block_relationship_count
101,005906,101,005916,0.125000000000,census_block_relationship_count
101,005907,101,005907,1.000000000000,census_block_relationship_count
101,005908,101,005908,1.000000000000,census_block_relationship_count
101,005909,101,005909,1.000000000000,census_block_relationship_count
101,005910,101,005910,1.000000000000,census_block_relationship_count
101,005911,101,005911,1.000000000000,census_block_relationship_count
101,005912,101,005912,1.000000000000,census_block_relationship_count
101,005913,101,005913,1.000000000000,census_block_relationship_count
101,005914,101,005914,1.000000000000,census_block_relationship_count
101,005915,101,005915,1.000000000000,census_block_relationship_count
101,005916,101,005916,1.000000000000,census_block_relationship_count
101,005917,101,005917,1.000000000000,census_block_relationship_count
101,005918,101,005918,1.000000000000,census_block_relationship_count
101,005919,101,005919,1.000000000000,census_block_relationship_count
101,005920,101,005920,1.000000000000,census_block_relationship_count
101,005921,101,005921,1.000000000000,census_block_relationship_count
101,005922,101,005922,1.000000000000,census_block_relationship_count
101,005923,101,005923,1.000000000000,census_block_relationship_count
101,005924,101,005924,1.000000000000,census_block_relationship_count
101,005925,101,005925,1.000000000000,census_block_relationship_count
101,006001,101,006001,1.000000000000,census_block_relationship_count
101,006002,101,006002,1.000000000000,census_block_relationship_count
101,006003,101,006003,1.000000000000,census_block_relationship_count
101,006004,101,006004,1.000000000000,census_block_relationship_count
101,006005,101,006005,1.000000000000,census_block_relationship_count
101,006006,101,006006,1.000000000000,census_block_relationship_count
101,006007,101,006007,1.000000000000,census_block_relationship_count
101,006008,101,006008,1.000000000000,census_block_relationship_count
101,006009,101,006009,1.000000000000,census_block_relationship_count
101,006010,101,006010,1.000000000000,census_block_relationship_count
101,006011,101,006011,1.000000000000,census_block_relationship_count
101,006012,101,006012,1.000000000000,census_block_relationship_count
101,006013,101,006013,1.000000000000,census_block_relationship_count
101,006014,101,006014,1.000000000000,census_block_relationship_count
101,006015,101,006015,1.000000000000,census_block_relationship_count
101,006016,101,006016,1.000000000000,census_block_relationship_count
101,006017,101,006017,1.000000000000,census_block_relationship_count
101,006018,101,006018,1.000000000000,census_block_relationship_count
101,006019,101,006019,1.000000000000,census_block_relationship_count
101,006020,101,006020,1.000000000000,census_block_relationship_count
101,006021,101,006021,1.000000000000,census_block_relationship_count
101,006022,101,006022,1.000000000000,census_block_relationship_count
101,006023,101,006023,1.000000000000,census_block_relationship_count
101,006101,101,006101,1.000000000000,census_block_relationship_count
101,006102,101,006102,1.000000000000,census_block_relationship_count
101,006103,101,006103,1.000000000000,census_block_relationship_count
101,006104,101,006104,1.000000000000,census_block_relationship_count
101,006105,101,006105,1.000000000000,census_block_relationship_count
101,006106,101,006106,1.000000000000,census_block_relationship_count
101,006107,101,006107,1.000000000000,census_block_relationship_count
101,006108,101,006108,1.000000000000,census_block_relationship_count
101,006109,101,006109,1.000000000000,census_block_relationship_count
101,006110,101,006110,1.000000000000,census_block_relationship_count
101,006111,101,006111,1.000000000000,census_block_relationship_count
101,006112,101,006112,0.928275953600,census_block_relationship_count
101,006112,101,006120,0.038877530400,census_block_relationship_count
101,006112,101,006128,0.032846516000,census_block_relationship_count
101,006113,101,006113,1.000000000000,census_block_relationship_count
101,006114,101,006114,1.000000000000,census_block_relationship_count
101,006115,101,006115,1.000000000000,census_block_relationship_count
101,006116,101,006116,1.000000000000,census_block_relationship_count
101,006117,101,006117,1.000000000000,census_block_relationship_count
101,006118,101,006118,1.000000000000,census_block_relationship_count
101,006119,101,006119,1.000000000000,census_block_relationship_count
101,006120,101,006112,0.002186554350,census_block_relationship_count
101,006120,101,006120,0.982915985350,census_block_relationship_count
101,006120,101,006128,0.014897460300,census_block_relationship_count
101,006121,101,006121,1.000000000000,census_block_relationship_count
101,006122,101,006122,1.000000000000,census_block_relationship_count
101,006123,101,006123,1.000000000000,census_block_relationship_count
101,006124,101,006124,1.000000000000,census_block_relationship_count
101,006125,101,006125,1.000000000000,census_block_relationship_count
101,006126,101,006126,1.000000000000,census_block_relationship_count
101,006127,101,006127,1.000000000000,census_block_relationship_count
101,006128,101,006128,1.000000000000,census_block_relationship_count
101,006201,101,006201,1.000000000000,census_block_relationship_count
101,006202,101,006202,1.000000000000,census_block_relationship_count
101,006203,101,006203,1.000000000000,census_block_relationship_count
101,006204,101,006204,1.000000000000,census_block_relationship_count
101,006205,101,006205,1.000000000000,census_block_relationship_count
101,006206,101,006206,1.000000000000,census_block_relationship_count
101,006207,101,006207,1.000000000000,census_block_relationship_count
101,006208,101,006208,1.000000000000,census_block_relationship_count
101,006209,101,006209,1.000000000000,census_block_relationship_count
101,006210,101,006210,1.000000000000,census_block_relationship_count
101,006211,101,006211,1.000000000000,census_block_relationship_count
101,006212,101,006212,1.000000000000,census_block_relationship_count
101,006213,101,006213,1.000000000000,census_block_relationship_count
101,006214,101,006214,1.000000000000,census_block_relationship_count
101,006215,101,006215,1.000000000000,census_block_relationship_count
101,006216,101,006216,1.000000000000,census_block_relationship_count
101,006217,101,006217,1.000000000000,census_block_relationship_count
101,006218,101,006218,1.000000000000,census_block_relationship_count
101,006219,101,006219,1.000000000000,census_block_relationship_count
101,006220,101,006220,1.000000000000,census_block_relationship_count
101,006221,101,006221,1.000000000000,census_block_relationship_count
101,006222,101,006222,1.000000000000,census_block_relationship_count
101,006223,101,006223,1.000000000000,census_block_relationship_count
101,006224,101,006224,1.000000000000,census_block_relationship_count
101,006225,101,006225,1.000000000000,census_block_relationship_count
101,006226,101,006226,1.000000000000,census_block_relationship_count
101,006301,101,006301,0.812500000000,census_block_relationship_count
101,006301,101,006302,0.062500000000,census_block_relationship_count
101,006301,101,006308,0.062500000000,census_block_relationship_count
101,006301,101,006314,0.062500000000,census_block_relationship_count
101,006302,101,006302,1.000000000000,census_block_relationship_count
101,006303,101,006303,1.000000000000,census_block_relationship_count
101,006304,101,006304,1.000000000000,census_block_relationship_count
101,006305,101,006305,1.000000000000,census_block_relationship_count
101,006306,101,006306,1.000000000000,census_block_relationship_count
101,006307,101,006307,0.335743803755,census_block_relationship_count
101,006307,101,006311,0.664256196245,census_block_relationship_count
101,006308,101,006308,1.000000000000,census_block_relationship_count
101,006309,101,006306,0.125000000000,census_block_relationship_count
101,006309,101,006309,0.875000000000,census_block_relationship_count
101,006310,101,006310,1.000000000000,census_block_relationship_count
101,006311,101,006311,0.167658706014,census_block_relationship_count
101,006311,101,006314,0.118055579700,census_block_relationship_count
101,006311,101,006323,0.714285714286,census_block_relationship_count
101,006312,101,006310,0.001433270633,census_block_relationship_count
101,006312,101,006312,0.998566729367,census_block_relationship_count
101,006313,101,006313,1.000000000000,census_block_relationship_count
101,006314,101,006314,1.000000000000,census_block_relationship_count
101,006315,101,006310,0.062500000000,census_block_relationship_count
101,006315,101,006312,0.349137931038,census_block_relationship_count
101,006315,101,006315,0.588362068962,census_block_relationship_count
101,006316,101,006316,1.000000000000,census_block_relationship_count
101,006317,101,006317,0.625797877333,census_block_relationship_count
101,006317,101,006318,0.253281775550,census_block_relationship_count
101,006317,101,006319,0.120920347117,census_block_relationship_count
101,006318,101,006318,1.000000000000,census_block_relationship_count
101,006319,101,006318,0.111111111111,census_block_relationship_count
101,006319,101,006319,0.888888888889,census_block_relationship_count
101,006320,101,006320,1.000000000000,census_block_relationship_count
101,006321,101,006321,0.762073544477,census_block_relationship_count
101,006321,101,006324,0.237926455523,census_block_relationship_count
101,006322,101,006322,1.000000000000,census_block_relationship_count
101,006323,101,006311,0.250000000000,census_block_relationship_count
101,006323,101,006323,0.750000000000,census_block_relationship_count
101,006324,101,006324,1.000000000000,census_block_relationship_count
101,006325,101,006325,1.000000000000,census_block_relationship_count
101,006401,101,006401,1.000000000000,census_block_relationship_count
101,006402,101,006402,1.000000000000,census_block_relationship_count
101,006403,101,006403,1.000000000000,census_block_relationship_count
101,006404,101,006404,1.000000000000,census_block_relationship_count
101,006405,101,006405,1.000000000000,census_block_relationship_count
101,006406,101,006406,1.000000000000,census_block_relationship_count
101,006407,101,006407,1.000000000000,census_block_relationship_count
101,006408,101,006408,1.000000000000,census_block_relationship_count
101,006409,101,006409,1.000000000000,census_block_relationship_count
101,006410,101,006410,1.000000000000,census_block_relationship_count
101,006411,101,006411,1.000000000000,census_block_relationship_count
101,006412,101,006412,1.000000000000,census_block_relationship_count
101,006413,101,006413,1.000000000000,census_block_relationship_count
101,006414,101,006414,1.000000000000,census_block_relationship_count
101,006415,101,005622,0.062500000000,census_block_relationship_count
101,006415,101,006407,0.125000000000,census_block_relationship_count
101,006415,101,006415,0.812500000000,census_block_relationship_count
101,006416,101,006416,0.998363088230,census_block_relationship_count
101,006416,101,006417,0.001636911770,census_block_relationship_count
101,006417,101,006417,1.000000000000,census_block_relationship_count
101,006418,101,006418,1.000000000000,census_block_relationship_count
101,006501,101,006501,1.000000000000,census_block_relationship_count
101,006502,101,006502,1.000000000000,census_block_relationship_count
101,006503,101,006503,1.000000000000,census_block_relationship_count
101,006504,101,006504,1.000000000000,census_block_relationship_count
101,006505,101,006505,1.000000000000,census_block_relationship_count
101,006506,101,006506,1.000000000000,census_block_relationship_count
101,006507,101,006504,0.026378448216,census_block_relationship_count
101,006507,101,006507,0.901532725591,census_block_relationship_count
101,006507,101,006512,0.072088826194,census_block_relationship_count
101,006508,101,006508,1.000000000000,census_block_relationship_count
101,006509,101,006509,1.000000000000,census_block_relationship_count
101,006510,101,006510,1.000000000000,census_block_relationship_count
101,006511,101,006511,0.885141066218,census_block_relationship_count
101,006511,101,006516,0.114858933782,census_block_relationship_count
101,006512,101,004117,0.024390243902,census_block_relationship_count
101,006512,101,006512,0.975609756098,census_block_relationship_count
101,006513,101,006513,1.000000000000,census_block_relationship_count
101,006514,101,006514,1.000000000000,census_block_relationship_count
101,006515,101,006515,1.000000000000,census_block_relationship_count
101,006516,101,006516,1.000000000000,census_block_relationship_count
101,006517,101,006517,1.000000000000,census_block_relationship_count
101,006518,101,006518,1.000000000000,census_block_relationship_count
101,006519,101,006519,1.000000000000,census_block_relationship_count
101,006520,101,006507,0.180137846133,census_block_relationship_count
101,006520,101,006520,0.819862153867,census_block_relationship_count
101,006521,101,006521,1.000000000000,census_block_relationship_count
101,006522,101,006522,1.000000000000,census_block_relationship_count
101,006523,101,006523,1.000000000000,census_block_relationship_count
101,006601,101,006601,1.000000000000,census_block_relationship_count
101,006602,101,006602,1.000000000000,census_block_relationship_count
101,006603,101,006603,1.000000000000,census_block_relationship_count
101,006604,101,006604,1.000000000000,census_block_relationship_count
101,006605,101,006605,0.995601131795,census_block_relationship_count
101,006605,101,006606,0.004398868205,census_block_relationship_count
101,006606,101,006605,0.073453867250,census_block_relationship_count
101,006606,101,006606,0.926546132750,census_block_relationship_count
101,006607,101,006602,0.035714285714,census_block_relationship_count
101,006607,101,006607,0.964285714286,census_block_relationship_count
101,006608,101,006608,1.000000000000,census_block_relationship_count
101,006609,101,006609,1.000000000000,census_block_relationship_count
101,006610,101,006610,1.000000000000,census_block_relationship_count
101,006611,101,006611,1.000000000000,census_block_relationship_count
101,006612,101,006612,1.000000000000,census_block_relationship_count
101,006613,101,006613,0.986260107260,census_block_relationship_count
101,006613,101,006616,0.013739892740,census_block_relationship_count
101,006614,101,006614,1.000000000000,census_block_relationship_count
101,006615,101,006615,1.000000000000,census_block_relationship_count
101,006616,101,006616,1.000000000000,census_block_relationship_count
101,006617,101,006617,1.000000000000,census_block_relationship_count
101,006618,101,006618,0.800000000000,census_block_relationship_count
101,006618,101,006640,0.200000000000,census_block_relationship_count
101,006619,101,006619,1.000000000000,census_block_relationship_count
101,006620,101,006620,1.000000000000,census_block_relationship_count
101,006621,101,006621,1.000000000000,census_block_relationship_count
101,006622,101,006622,1.000000000000,census_block_relationship_count
101,006623,101,006623,1.000000000000,census_block_relationship_count
101,006624,101,006624,1.000000000000,census_block_relationship_count
101,006625,101,006625,1.000000000000,census_block_relationship_count
101,006626,101,006626,1.000000000000,census_block_relationship_count
101,006627,101,006627,1.000000000000,census_block_relationship_count
101,006628,101,006628,1.000000000000,census_block_relationship_count
101,006629,101,006629,1.000000000000,census_block_relationship_count
101,006630,101,006630,1.000000000000,census_block_relationship_count
101,006631,101,006631,1.000000000000,census_block_relationship_count
101,006632,101,006632,1.000000000000,census_block_relationship_count
101,006633,101,006633,1.000000000000,census_block_relationship_count
101,006634,101,006634,1.000000000000,census_block_relationship_count
101,006635,101,006635,1.000000000000,census_block_relationship_count
101,006636,101,006636,1.000000000000,census_block_relationship_count
101,006637,101,006637,1.000000000000,census_block_relationship_count
101,006638,101,006603,0.005905698923,census_block_relationship_count
101,006638,101,006638,0.994094301077,census_block_relationship_count
101,006639,101,006639,1.000000000000,census_block_relationship_count
101,006640,101,006640,1.000000000000,census_block_relationship_count
101,006641,101,006641,1.000000000000,census_block_relationship_count
101,006642,101,006642,1.000000000000,census_block_relationship_count
101,006643,101,006643,1.000000000000,census_block_relationship_count
101,006644,101,006644,1.000000000000,census_block_relationship_count
101,006645,101,006645,1.000000000000,census_block_relationship_count
101,006646,101,006646,1.000000000000,census_block_relationship_count
103,000010,103,000010,1.000000000000,census_block_relationship_count
103,000020,103,000015,1.000000000000,census_block_relationship_count
103,000021,103,000022,1.000000000000,census_block_relationship_count
103,000025,103,000025,1.000000000000,census_block_relationship_count
103,000035,103,000035,1.000000000000,census_block_relationship_count
103,000040,103,000040,1.000000000000,census_block_relationship_count
103,000050,103,000045,1.000000000000,census_block_relationship_count
103,000051,103,000045,0.014354066986,census_block_relationship_count
103,000051,103,000052,0.985645933014,census_block_relationship_count
103,000055,103,000055,1.000000000000,census_block_relationship_count
103,000065,103,000065,1.000000000000,census_block_relationship_count
103,000070,103,000070,0.764705882353,census_block_relationship_count
103,000070,103,000080,0.235294117647,census_block_relationship_count
103,000080,103,000080,0.997691175635,census_block_relationship_count
103,000080,103,000140,0.002308824365,census_block_relationship_count
103,000090,103,000090,1.000000000000,census_block_relationship_count
103,000100,103,000100,1.000000000000,census_block_relationship_count
103,000110,103,000110,1.000000000000,census_block_relationship_count
103,000120,103,000120,1.000000000000,census_block_relationship_count
103,000130,103,000130,1.000000000000,census_block_relationship_count
103,000140,103,000080,0.024221289710,census_block_relationship_count
103,000140,103,000140,0.975778710290,census_block_relationship_count
105,000010,105,000010,1.000000000000,census_block_relationship_count
105,000020,105,000020,1.000000000000,census_block_relationship_count
105,000030,105,000030,1.000000000000,census_block_relationship_count
105,000040,105,000040,1.000000000000,census_block_relationship_count
105,000050,105,000050,1.000000000000,census_block_relationship_count
105,000060,105,000060,1.000000000000,census_block_relationship_count
105,000070,105,000060,0.049321587368,census_block_relationship_count
105,000070,105,000070,0.950678412632,census_block_relationship_count
105,000080,105,000340,1.000000000000,census_block_relationship_count
105,000090,105,000090,1.000000000000,census_block_relationship_count
105,000100,105,000100,1.000000000000,census_block_relationship_count
105,000110,105,000100,0.047619047619,census_block_relationship_count
105,000110,105,000110,0.952380952381,census_block_relationship_count
105,000120,105,000120,1.000000000000,census_block_relationship_count
105,000130,105,000130,1.000000000000,census_block_relationship_count
105,000140,105,000140,1.000000000000,census_block_relationship_count
105,000150,105,000150,1.000000000000,census_block_relationship_count
105,000160,105,000160,1.000000000000,census_block_relationship_count
105,000170,105,000170,1.000000000000,census_block_relationship_count
105,000180,105,000180,0.976807762172,census_block_relationship_count
105,000180,105,000190,0.023192237828,census_block_relationship_count
105,000190,105,000140,0.001104163444,census_block_relationship_count
105,000190,105,000180,0.102132846689,census_block_relationship_count
105,000190,105,000190,0.896762989867,census_block_relationship_count
105,000200,105,000200,1.000000000000,census_block_relationship_count
105,000210,105,000210,1.000000000000,census_block_relationship_count
105,000220,105,000220,1.000000000000,census_block_relationship_count
105,000230,105,000230,1.000000000000,census_block_relationship_count
105,000240,105,000245,1.000000000000,census_block_relationship_count
105,000250,105,000245,1.000000000000,census_block_relationship_count
105,000260,105,000260,1.000000000000,census_block_relationship_count
105,000270,105,000270,1.000000000000,census_block_relationship_count
105,000280,105,000280,1.000000000000,census_block_relationship_count
105,000290,105,000290,1.000000000000,census_block_relationship_count
105,000300,105,000300,1.000000000000,census_block_relationship_count
105,000310,105,000310,1.000000000000,census_block_relationship_count
105,000320,105,000320,1.000000000000,census_block_relationship_count
105,000330,105,000330,1.000000000000,census_block_relationship_count
105,000340,105,000340,1.000000000000,census_block_relationship_count
107,000010,107,000015,1.000000000000,census_block_relationship_count
107,000020,107,000025,1.000000000000,census_block_relationship_count
107,000060,107,000060,1.000000000000,census_block_relationship_count
107,000070,107,000070,1.000000000000,census_block_relationship_count
107,000090,107,000085,1.000000000000,census_block_relationship_count
107,000100,107,000105,1.000000000000,census_block_relationship_count
107,000120,107,000120,0.918051668476,census_block_relationship_count
107,000120,107,000135,0.061224489796,census_block_relationship_count
107,000120,107,000385,0.020723841729,census_block_relationship_count
107,000135,107,000120,0.037974683544,census_block_relationship_count
107,000135,107,000135,0.949367088608,census_block_relationship_count
107,000135,107,000155,0.012658227848,census_block_relationship_count
107,000155,107,000155,1.000000000000,census_block_relationship_count
107,000160,107,000120,0.034482758621,census_block_relationship_count
107,000160,107,000135,0.033847869972,census_block_relationship_count
107,000160,107,000160,0.931669371407,census_block_relationship_count
107,000170,107,000175,0.801061107766,census_block_relationship_count
107,000170,107,000185,0.198938892234,census_block_relationship_count
107,000185,107,000185,1.000000000000,census_block_relationship_count
107,000200,107,000205,1.000000000000,census_block_relationship_count
107,000220,107,000225,1.000000000000,census_block_relationship_count
107,000230,107,000235,1.000000000000,census_block_relationship_count
107,000250,107,000250,1.000000000000,census_block_relationship_count
107,000260,107,000260,1.000000000000,census_block_relationship_count
107,000270,107,000270,1.000000000000,census_block_relationship_count
107,000290,107,000285,1.000000000000,census_block_relationship_count
107,000300,107,000305,1.000000000000,census_block_relationship_count
107,000330,107,000330,1.000000000000,census_block_relationship_count
107,000340,107,000340,1.000000000000,census_block_relationship_count
107,000355,107,000355,1.000000000000,census_block_relationship_count
107,000375,107,000375,1.000000000000,census_block_relationship_count
107,000380,107,000385,1.000000000000,census_block_relationship_count
107,000400,107,000400,1.000000000000,census_block_relationship_count
107,000410,107,000415,1.000000000000,census_block_relationship_count
107,000430,107,000435,1.000000000000,census_block_relationship_count
107,000460,107,000460,1.000000000000,census_block_relationship_count
107,000470,107,000470,0.999680919788,census_block_relationship_count
107,000470,107,000480,0.000319080212,census_block_relationship_count
107,000480,107,000470,0.030366373241,census_block_relationship_count
107,000480,107,000480,0.969633626759,census_block_relationship_count
107,000490,107,000490,1.000000000000,census_block_relationship_count
107,000500,107,000505,1.000000000000,census_block_relationship_count
107,000520,107,000520,1.000000000000,census_block_relationship_count
107,000530,107,000535,1.000000000000,census_block_relationship_count
107,000550,107,000550,1.000000000000,census_block_relationship_count
107,000560,107,000565,1.000000000000,census_block_relationship_count
107,000570,107,000575,1.000000000000,census_block_relationship_count
107,000580,107,000585,1.000000000000,census_block_relationship_count
107,000625,107,000625,1.000000000000,census_block_relationship_count
107,000645,107,000645,1.000000000000,census_block_relationship_count
107,000660,107,000660,1.000000000000,census_block_relationship_count
107,000670,107,000670,1.000000000000,census_block_relationship_count
107,000695,107,000695,1.000000000000,census_block_relationship_count
107,000705,107,000705,1.000000000000,census_block_relationship_count
107,000715,107,000715,1.000000000000,census_block_relationship_count
107,000725,107,000725,1.000000000000,census_block_relationship_count
107,000740,107,000740,1.000000000000,census_block_relationship_count
107,000750,107,000750,1.000000000000,census_block_relationship_count
107,000765,107,000765,1.000000000000,census_block_relationship_count
107,000780,107,000780,1.000000000000,census_block_relationship_count
107,000790,107,000802,1.000000000000,census_block_relationship_count
107,000800,107,000792,1.000000000000,census_block_relationship_count
107,000801,107,000796,0.923076923077,census_block_relationship_count
107,000801,107,000802,0.076923076923,census_block_relationship_count
107,000815,107,000815,1.000000000000,census_block_relationship_count
107,000830,107,000830,1.000000000000,census_block_relationship_count
107,000835,107,000830,1.000000000000,census_block_relationship_count
107,000840,107,000830,0.089991731953,census_block_relationship_count
107,000840,107,000840,0.910008268047,census_block_relationship_count
107,000850,107,000850,1.000000000000,census_block_relationship_count
107,000860,107,000860,1.000000000000,census_block_relationship_count
107,000870,107,000870,1.000000000000,census_block_relationship_count
107,000880,107,000305,0.083333333333,census_block_relationship_count
107,000880,107,000870,0.049059365458,census_block_relationship_count
107,000880,107,000880,0.867607301208,census_block_relationship_count
107,000890,107,000890,1.000000000000,census_block_relationship_count
107,000900,107,000900,1.000000000000,census_block_relationship_count
107,000915,107,000912,1.000000000000,census_block_relationship_count
107,000930,107,000922,1.000000000000,census_block_relationship_count
107,000940,107,000940,0.346153846154,census_block_relationship_count
107,000940,107,000950,0.653846153846,census_block_relationship_count
107,000960,107,000960,1.000000000000,census_block_relationship_count
107,000980,107,000970,0.775993793044,census_block_relationship_count
107,000980,107,000980,0.224006206956,census_block_relationship_count
107,000990,107,000995,1.000000000000,census_block_relationship_count
107,001020,107,001015,1.000000000000,census_block_relationship_count
107,001040,107,001040,1.000000000000,census_block_relationship_count
107,001050,107,001035,1.000000000000,census_block_relationship_count
107,001060,107,001055,1.000000000000,census_block_relationship_count
107,001070,107,001075,1.000000000000,census_block_relationship_count
107,001100,107,001105,1.000000000000,census_block_relationship_count
107,001120,107,001115,1.000000000000,census_block_relationship_count
107,001150,107,001145,1.000000000000,census_block_relationship_count
107,001170,107,001165,1.000000000000,census_block_relationship_count
107,001190,107,001175,1.000000000000,census_block_relationship_count
107,001200,107,001200,1.000000000000,census_block_relationship_count
107,001210,107,001210,1.000000000000,census_block_relationship_count
107,001220,107,001225,1.000000000000,census_block_relationship_count
107,001240,107,001235,0.009259259259,census_block_relationship_count
107,001240,107,001255,0.990740740741,census_block_relationship_count
107,001250,107,001235,0.997924105736,census_block_relationship_count
107,001250,107,001255,0.002075894264,census_block_relationship_count
107,001260,107,001260,1.000000000000,census_block_relationship_count
107,001270,107,001275,1.000000000000,census_block_relationship_count
107,001290,107,001290,1.000000000000,census_block_relationship_count
107,001300,107,001300,1.000000000000,census_block_relationship_count
107,001310,107,001310,1.000000000000,census_block_relationship_count
107,001320,107,001320,1.000000000000,census_block_relationship_count
107,001330,107,001335,0.286984126984,census_block_relationship_count
107,001330,107,001345,0.379682539682,census_block_relationship_count
107,001330,107,001355,0.333333333333,census_block_relationship_count
107,001340,107,001345,0.428571428571,census_block_relationship_count
107,001340,107,001365,0.571428571429,census_block_relationship_count
107,001350,107,001355,0.984916518016,census_block_relationship_count
107,001350,107,001385,0.015083481984,census_block_relationship_count
107,001360,107,001375,0.958031985486,census_block_relationship_count
107,001360,107,001385,0.041968014514,census_block_relationship_count
107,001370,107,001385,1.000000000000,census_block_relationship_count
107,001440,107,001440,1.000000000000,census_block_relationship_count
107,001450,107,001455,1.000000000000,census_block_relationship_count
107,001470,107,001465,1.000000000000,census_block_relationship_count
107,001490,107,001475,1.000000000000,census_block_relationship_count
107,001500,107,001525,1.000000000000,census_block_relationship_count
107,001510,107,001505,0.161458149468,census_block_relationship_count
107,001510,107,001515,0.838541850532,census_block_relationship_count
107,001540,107,001505,1.000000000000,census_block_relationship_count
107,001550,107,001535,1.000000000000,census_block_relationship_count
107,001560,107,001565,1.000000000000,census_block_relationship_count
107,001580,107,001580,1.000000000000,census_block_relationship_count
107,001595,107,001595,1.000000000000,census_block_relationship_count
107,001610,107,001610,1.000000000000,census_block_relationship_count
107,001620,107,001625,1.000000000000,census_block_relationship_count
107,001640,107,001640,1.000000000000,census_block_relationship_count
107,001650,107,001650,1.000000000000,census_block_relationship_count
107,001660,107,001660,1.000000000000,census_block_relationship_count
107,001670,107,001672,1.000000000000,census_block_relationship_count
107,001671,107,001682,1.000000000000,census_block_relationship_count
107,001683,107,001678,1.000000000000,census_block_relationship_count
107,001690,107,001690,0.782608695652,census_block_relationship_count
107,001690,107,001700,0.217391304348,census_block_relationship_count
107,001700,107,001690,0.027397260274,census_block_relationship_count
107,001700,107,001700,0.972602739726,census_block_relationship_count
107,001710,107,001710,1.000000000000,census_block_relationship_count
107,001730,107,001725,1.000000000000,census_block_relationship_count
107,001735,107,001735,1.000000000000,census_block_relationship_count
107,001760,107,001766,1.000000000000,census_block_relationship_count
107,001770,107,001762,1.000000000000,census_block_relationship_count
107,001775,107,001772,1.000000000000,census_block_relationship_count
109,000010,109,000010,1.000000000000,census_block_relationship_count
109,000020,109,000020,1.000000000000,census_block_relationship_count
109,000030,109,000030,1.000000000000,census_block_relationship_count
109,000040,109,000040,1.000000000000,census_block_relationship_count
109,000050,109,000050,1.000000000000,census_block_relationship_count
109,000060,109,000060,1.000000000000,census_block_relationship_count
109,000080,109,000080,1.000000000000,census_block_relationship_count
109,000090,109,000090,1.000000000000,census_block_relationship_count
109,000100,109,000100,1.000000000000,census_block_relationship_count
109,000110,109,000110,1.000000000000,census_block_relationship_count
109,000130,109,000130,1.000000000000,census_block_relationship_count
109,000140,109,000140,1.000000000000,census_block_relationship_count
109,000150,109,000140,0.005128205128,census_block_relationship_count
109,000150,109,000150,0.994871794872,census_block_relationship_count
109,000170,109,000170,1.000000000000,census_block_relationship_count
109,000180,109,000180,1.000000000000,census_block_relationship_count
109,000190,109,000190,0.966666666667,census_block_relationship_count
109,000190,109,000200,0.033333333333,census_block_relationship_count
109,000200,109,000200,1.000000000000,census_block_relationship_count
109,000220,109,000220,1.000000000000,census_block_relationship_count
109,000230,109,000230,1.000000000000,census_block_relationship_count
109,000240,109,000240,1.000000000000,census_block_relationship_count
109,000250,109,000240,0.002823047507,census_block_relationship_count
109,000250,109,000250,0.997176952493,census_block_relationship_count
109,000260,109,000260,1.000000000000,census_block_relationship_count
109,000270,109,000270,1.000000000000,census_block_relationship_count
109,00PR26,109,000165,1.000000000000,census_block_relationship_count
109,00PR28,109,000155,1.000000000000,census_block_relationship_count
111,000010,111,000010,1.000000000000,census_block_relationship_count
111,000020,111,000020,1.000000000000,census_block_relationship_count
111,000030,111,000030,1.000000000000,census_block_relationship_count
111,000040,111,000040,1.000000000000,census_block_relationship_count
111,000050,111,000050,1.000000000000,census_block_relationship_count
111,000060,111,000060,1.000000000000,census_block_relationship_count
111,000070,111,000070,1.000000000000,census_block_relationship_count
111,000080,111,000080,0.991071428571,census_block_relationship_count
111,000080,111,000510,0.008928571429,census_block_relationship_count
111,000090,111,000090,1.000000000000,census_block_relationship_count
111,000100,111,000100,1.000000000000,census_block_relationship_count
111,000110,111,000110,1.000000000000,census_block_relationship_count
111,000120,111,000120,0.988285138715,census_block_relationship_count
111,000120,111,000150,0.011714861285,census_block_relationship_count
111,000130,111,000130,1.000000000000,census_block_relationship_count
111,000140,111,000140,1.000000000000,census_block_relationship_count
111,000150,111,000120,0.037551726898,census_block_relationship_count
111,000150,111,000150,0.962448273102,census_block_relationship_count
111,000160,111,000160,1.000000000000,census_block_relationship_count
111,000170,111,000170,1.000000000000,census_block_relationship_count
111,000180,111,000180,1.000000000000,census_block_relationship_count
111,000190,111,000190,1.000000000000,census_block_relationship_count
111,000200,111,000200,1.000000000000,census_block_relationship_count
111,000210,111,000210,1.000000000000,census_block_relationship_count
111,000220,111,000220,1.000000000000,census_block_relationship_count
111,000230,111,000230,1.000000000000,census_block_relationship_count
111,000240,111,000240,1.000000000000,census_block_relationship_count
111,000250,111,000250,1.000000000000,census_block_relationship_count
111,000260,111,000260,1.000000000000,census_block_relationship_count
111,000270,111,000270,1.000000000000,census_block_relationship_count
111,000280,111,000280,1.000000000000,census_block_relationship_count
111,000290,111,000290,1.000000000000,census_block_relationship_count
111,000300,111,000300,1.000000000000,census_block_relationship_count
111,000310,111,000310,1.000000000000,census_block_relationship_count
111,000320,111,000320,1.000000000000,census_block_relationship_count
111,000330,111,000330,1.000000000000,census_block_relationship_count
111,000340,111,000340,1.000000000000,census_block_relationship_count
111,000350,111,000350,1.000000000000,census_block_relationship_count
111,000360,111,000360,1.000000000000,census_block_relationship_count
111,000370,111,000370,1.000000000000,census_block_relationship_count
111,000380,111,000380,1.000000000000,census_block_relationship_count
111,000390,111,000390,1.000000000000,census_block_relationship_count
111,000400,111,000400,1.000000000000,census_block_relationship_count
111,000410,111,000410,1.000000000000,census_block_relationship_count
111,000420,111,000420,0.989536122879,census_block_relationship_count
111,000420,111,000680,0.010463877121,census_block_relationship_count
111,000430,111,000430,1.000000000000,census_block_relationship_count
111,000440,111,000440,1.000000000000,census_block_relationship_count
111,000450,111,000450,1.000000000000,census_block_relationship_count
111,000460,111,000330,0.088600548379,census_block_relationship_count
111,000460,111,000460,0.911399451621,census_block_relationship_count
111,000470,111,000470,1.000000000000,census_block_relationship_count
111,000480,111,000480,1.000000000000,census_block_relationship_count
111,000490,111,000490,1.000000000000,census_block_relationship_count
111,000500,111,000500,1.000000000000,census_block_relationship_count
111,000510,111,000510,1.000000000000,census_block_relationship_count
111,000520,111,000520,1.000000000000,census_block_relationship_count
111,000530,111,000530,1.000000000000,census_block_relationship_count
111,000540,111,000540,1.000000000000,census_block_relationship_count
111,000550,111,000550,1.000000000000,census_block_relationship_count
111,000560,111,000560,1.000000000000,census_block_relationship_count
111,000570,111,000570,1.000000000000,census_block_relationship_count
111,000580,111,000580,1.000000000000,census_block_relationship_count
111,000590,111,000430,0.006039580330,census_block_relationship_count
111,000590,111,000590,0.993960419670,census_block_relationship_count
111,000600,111,000600,1.000000000000,census_block_relationship_count
111,000610,111,000610,1.000000000000,census_block_relationship_count
111,000620,111,000620,1.000000000000,census_block_relationship_count
111,000630,111,000630,1.000000000000,census_block_relationship_count
111,000640,111,000640,1.000000000000,census_block_relationship_count
111,000650,111,000650,1.000000000000,census_block_relationship_count
111,000660,111,000660,1.000000000000,census_block_relationship_count
111,000670,111,000670,1.000000000000,census_block_relationship_count
111,000680,111,000680,1.000000000000,census_block_relationship_count
113,000010,113,000010,1.000000000000,census_block_relationship_count
113,000020,113,000020,1.000000000000,census_block_relationship_count
113,000030,113,000030,1.000000000000,census_block_relationship_count
113,000040,113,000040,1.000000000000,census_block_relationship_count
113,000050,113,000050,1.000000000000,census_block_relationship_count
113,000060,113,000060,1.000000000000,census_block_relationship_count
113,000070,113,000070,1.000000000000,census_block_relationship_count
113,000080,113,000080,1.000000000000,census_block_relationship_count
113,000090,113,000090,1.000000000000,census_block_relationship_count
113,000100,113,000100,1.000000000000,census_block_relationship_count
113,000110,113,000110,1.000000000000,census_block_relationship_count
113,000120,113,000120,1.000000000000,census_block_relationship_count
113,000130,113,000130,1.000000000000,census_block_relationship_count
113,000140,113,000140,1.000000000000,census_block_relationship_count
113,000150,113,000150,1.000000000000,census_block_relationship_count
115,000010,115,000010,1.000000000000,census_block_relationship_count
115,000020,115,000020,1.000000000000,census_block_relationship_count
115,000030,115,000030,1.000000000000,census_block_relationship_count
115,000040,115,000040,0.998042035657,census_block_relationship_count
115,000040,115,000310,0.001957964343,census_block_relationship_count
115,000050,115,000050,1.000000000000,census_block_relationship_count
115,000060,115,000060,1.000000000000,census_block_relationship_count
115,000070,115,000070,1.000000000000,census_block_relationship_count
115,000080,115,000080,1.000000000000,census_block_relationship_count
115,000090,115,000092,1.000000000000,census_block_relationship_count
115,000100,115,000092,1.000000000000,census_block_relationship_count
115,000110,115,000110,1.000000000000,census_block_relationship_count
115,000120,115,000120,1.000000000000,census_block_relationship_count
115,000130,115,000130,1.000000000000,census_block_relationship_count
115,000140,115,000140,1.000000000000,census_block_relationship_count
115,000150,115,000150,0.999991121770,census_block_relationship_count
115,000150,115,000160,0.000008878230,census_block_relationship_count
115,000160,115,000160,1.000000000000,census_block_relationship_count
115,000170,115,000170,1.000000000000,census_block_relationship_count
115,000180,115,000180,1.000000000000,census_block_relationship_count
115,000190,115,000190,1.000000000000,census_block_relationship_count
115,000200,115,000200,1.000000000000,census_block_relationship_count
115,000210,115,000210,1.000000000000,census_block_relationship_count
115,000220,115,000220,1.000000000000,census_block_relationship_count
115,000230,115,000230,1.000000000000,census_block_relationship_count
115,000240,115,000240,1.000000000000,census_block_relationship_count
115,000250,115,000250,1.000000000000,census_block_relationship_count
115,000260,115,000260,1.000000000000,census_block_relationship_count
115,000270,115,000270,1.000000000000,census_block_relationship_count
115,000280,115,000280,1.000000000000,census_block_relationship_count
115,000290,115,000290,1.000000000000,census_block_relationship_count
115,000300,115,000300,1.000000000000,census_block_relationship_count
115,000310,115,000300,0.000058547146,census_block_relationship_count
115,000310,115,000310,0.999941452854,census_block_relationship_count
115,000320,115,000320,1.000000000000,census_block_relationship_count
115,000330,115,000330,1.000000000000,census_block_relationship_count
115,000340,115,000340,1.000000000000,census_block_relationship_count
115,000350,115,000350,1.000000000000,census_block_relationship_count
115,000360,115,000360,1.000000000000,census_block_relationship_count
115,000370,115,000370,1.000000000000,census_block_relationship_count
115,000380,115,000380,1.000000000000,census_block_relationship_count
115,000390,115,000392,1.000000000000,census_block_relationship_count
115,000400,115,000240,0.049934537409,census_block_relationship_count
115,000400,115,000392,0.950065462591,census_block_relationship_count
115,000410,115,000410,1.000000000000,census_block_relationship_count
115,000420,115,000420,1.000000000000,census_block_relationship_count
115,000430,115,000430,1.000000000000,census_block_relationship_count
117,000010,117,000010,0.985294117647,census_block_relationship_count
117,000010,117,000120,0.014705882353,census_block_relationship_count
117,000020,117,000020,1.000000000000,census_block_relationship_count
117,000030,117,000030,0.963782359537,census_block_relationship_count
117,000030,117,000445,0.036217640463,census_block_relationship_count
117,000040,117,000045,0.993460750883,census_block_relationship_count
117,000040,117,000270,0.006539249117,census_block_relationship_count
117,000050,117,000010,0.000079475676,census_block_relationship_count
117,000050,117,000045,0.996168511593,census_block_relationship_count
117,000050,117,000100,0.003712859052,census_block_relationship_count
117,000050,117,000110,0.000039153679,census_block_relationship_count
117,000060,117,000060,0.997789919304,census_block_relationship_count
117,000060,117,000100,0.001947083522,census_block_relationship_count
117,000060,117,000350,0.000000367579,census_block_relationship_count
117,000060,117,000445,0.000262629595,census_block_relationship_count
117,000070,117,000070,0.999976820475,census_block_relationship_count
117,000070,117,000350,0.000023179525,census_block_relationship_count
117,000080,117,000080,0.987910554369,census_block_relationship_count
117,000080,117,000310,0.000485331559,census_block_relationship_count
117,000080,117,000320,0.010268518619,census_block_relationship_count
117,000080,117,000360,0.001335595452,census_block_relationship_count
117,000090,117,000030,0.020728466910,census_block_relationship_count
117,000090,117,000090,0.950962909880,census_block_relationship_count
117,000090,117,000200,0.012993251467,census_block_relationship_count
117,000090,117,000300,0.008674561702,census_block_relationship_count
117,000090,117,000445,0.006640810041,census_block_relationship_count
117,000100,117,000045,0.017619011528,census_block_relationship_count
117,000100,117,000100,0.975433111398,census_block_relationship_count
117,000100,117,000270,0.001874514203,census_block_relationship_count
117,000100,117,000430,0.005073362871,census_block_relationship_count
117,000110,117,000100,0.011904761905,census_block_relationship_count
117,000110,117,000110,0.975729726943,census_block_relationship_count
117,000110,117,000120,0.011904761905,census_block_relationship_count
117,000110,117,000130,0.000460749248,census_block_relationship_count
117,000120,117,000010,0.000645401970,census_block_relationship_count
117,000120,117,000045,0.005450020870,census_block_relationship_count
117,000120,117,000100,0.000010987930,census_block_relationship_count
117,000120,117,000110,0.000327038615,census_block_relationship_count
117,000120,117,000120,0.993566550615,census_block_relationship_count
117,000130,117,000110,0.029850746269,census_block_relationship_count
117,000130,117,000130,0.970149253731,census_block_relationship_count
117,000150,117,000150,1.000000000000,census_block_relationship_count
117,000160,117,000090,0.014689307651,census_block_relationship_count
117,000160,117,000160,0.954579138437,census_block_relationship_count
117,000160,117,000210,0.010858675133,census_block_relationship_count
117,000160,117,000270,0.014830047870,census_block_relationship_count
117,000160,117,000300,0.005042830908,census_block_relationship_count
117,000170,117,000070,0.013536365240,census_block_relationship_count
117,000170,117,000170,0.983218909559,census_block_relationship_count
117,000170,117,000350,0.003244725201,census_block_relationship_count
117,000180,117,000010,0.000665695859,census_block_relationship_count
117,000180,117,000180,0.969399201323,census_block_relationship_count
117,000180,117,000392,0.029935102818,census_block_relationship_count
117,000190,117,000190,0.963254939552,census_block_relationship_count
117,000190,117,000340,0.036745060448,census_block_relationship_count
117,000200,117,000200,1.000000000000,census_block_relationship_count
117,000210,117,000210,0.998698055713,census_block_relationship_count
117,000210,117,000220,0.001301944287,census_block_relationship_count
117,000220,117,000220,1.000000000000,census_block_relationship_count
117,000230,117,000010,0.013873813444,census_block_relationship_count
117,000230,117,000230,0.917886028285,census_block_relationship_count
117,000230,117,000240,0.017906764553,census_block_relationship_count
117,000230,117,000280,0.032531336939,census_block_relationship_count
117,000230,117,000392,0.017802056779,census_block_relationship_count
117,000240,117,000230,0.028317534175,census_block_relationship_count
117,000240,117,000240,0.971682465825,census_block_relationship_count
117,000251,117,000251,0.987685529034,census_block_relationship_count
117,000251,117,000320,0.012314470966,census_block_relationship_count
117,000270,117,000045,0.000566467803,census_block_relationship_count
117,000270,117,000160,0.000021132726,census_block_relationship_count
117,000270,117,000270,0.999412399471,census_block_relationship_count
117,000280,117,000010,0.008474576271,census_block_relationship_count
117,000280,117,000110,0.023341311406,census_block_relationship_count
117,000280,117,000120,0.012005362355,census_block_relationship_count
117,000280,117,000130,0.028394570694,census_block_relationship_count
117,000280,117,000280,0.927784179274,census_block_relationship_count
117,000291,117,000150,0.062662188569,census_block_relationship_count
117,000291,117,000160,0.003215241645,census_block_relationship_count
117,000291,117,000210,0.024575556400,census_block_relationship_count
117,000291,117,000291,0.909547013386,census_block_relationship_count
117,000300,117,000090,0.000108810807,census_block_relationship_count
117,000300,117,000150,0.003541310088,census_block_relationship_count
117,000300,117,000300,0.996349879105,census_block_relationship_count
117,000310,117,000080,0.015741805824,census_block_relationship_count
117,000310,117,000310,0.984258194176,census_block_relationship_count
117,000320,117,000045,0.010671955136,census_block_relationship_count
117,000320,117,000080,0.000153580123,census_block_relationship_count
117,000320,117,000251,0.000026532748,census_block_relationship_count
117,000320,117,000270,0.005584637701,census_block_relationship_count
117,000320,117,000320,0.962546455026,census_block_relationship_count
117,000320,117,000340,0.000391693232,census_block_relationship_count
117,000320,117,000360,0.020625146034,census_block_relationship_count
117,000330,117,000330,0.999366266375,census_block_relationship_count
117,000330,117,000340,0.000633733625,census_block_relationship_count
117,000340,117,000340,1.000000000000,census_block_relationship_count
117,000350,117,000110,0.060168608599,census_block_relationship_count
117,000350,117,000350,0.939831391401,census_block_relationship_count
117,000360,117,000340,0.000153780649,census_block_relationship_count
117,000360,117,000360,0.999846219351,census_block_relationship_count
117,000370,117,000160,0.010189016389,census_block_relationship_count
117,000370,117,000270,0.037744493558,census_block_relationship_count
117,000370,117,000340,0.009900990099,census_block_relationship_count
117,000370,117,000370,0.908954404850,census_block_relationship_count
117,000370,117,000380,0.033211095104,census_block_relationship_count
117,000380,117,000370,0.001098577091,census_block_relationship_count
117,000380,117,000380,0.998901422909,census_block_relationship_count
117,000390,117,000392,1.000000000000,census_block_relationship_count
117,000400,117,000392,1.000000000000,census_block_relationship_count
117,000410,117,000360,0.000023934022,census_block_relationship_count
117,000410,117,000392,0.067359483143,census_block_relationship_count
117,000410,117,000410,0.932616582835,census_block_relationship_count
117,000420,117,000420,1.000000000000,census_block_relationship_count
117,000430,117,000100,0.000268027468,census_block_relationship_count
117,000430,117,000430,0.999731972532,census_block_relationship_count
117,000440,117,000030,0.004130948862,census_block_relationship_count
117,000440,117,000070,0.024542073825,census_block_relationship_count
117,000440,117,000445,0.943163556047,census_block_relationship_count
117,000440,117,000460,0.028163421266,census_block_relationship_count
117,000460,117,000445,0.000529131144,census_block_relationship_count
117,000460,117,000460,0.999470868856,census_block_relationship_count
119,000010,119,000010,1.000000000000,census_block_relationship_count
119,000020,119,000020,1.000000000000,census_block_relationship_count
119,000030,119,000030,1.000000000000,census_block_relationship_count
119,000040,119,000040,1.000000000000,census_block_relationship_count
119,000051,119,000051,0.976039788673,census_block_relationship_count
119,000051,119,000200,0.023960211327,census_block_relationship_count
119,000055,119,000055,1.000000000000,census_block_relationship_count
119,000060,119,000060,1.000000000000,census_block_relationship_count
119,000070,119,000070,1.000000000000,census_block_relationship_count
119,000080,119,000080,1.000000000000,census_block_relationship_count
119,000090,119,000090,1.000000000000,census_block_relationship_count
119,000100,119,000100,1.000000000000,census_block_relationship_count
119,000110,119,000110,1.000000000000,census_block_relationship_count
119,000120,119,000120,1.000000000000,census_block_relationship_count
119,000130,119,000130,1.000000000000,census_block_relationship_count
119,000140,119,000140,1.000000000000,census_block_relationship_count
119,000150,119,000150,1.000000000000,census_block_relationship_count
119,000160,119,000160,1.000000000000,census_block_relationship_count
119,000170,119,000170,1.000000000000,census_block_relationship_count
119,000180,119,000180,1.000000000000,census_block_relationship_count
119,000190,119,000190,1.000000000000,census_block_relationship_count
119,000200,119,000040,0.072970753550,census_block_relationship_count
119,000200,119,000205,0.927029246450,census_block_relationship_count
119,000205,119,000200,1.000000000000,census_block_relationship_count
119,000210,119,000210,1.000000000000,census_block_relationship_count
119,000220,119,000220,1.000000000000,census_block_relationship_count
119,000230,119,000230,1.000000000000,census_block_relationship_count
119,000240,119,000240,1.000000000000,census_block_relationship_count
119,000250,119,000250,1.000000000000,census_block_relationship_count
121,000010,121,000010,1.000000000000,census_block_relationship_count
121,000020,121,000020,1.000000000000,census_block_relationship_count
121,000030,121,000030,1.000000000000,census_block_relationship_count
121,000040,121,000040,1.000000000000,census_block_relationship_count
121,000050,121,000050,1.000000000000,census_block_relationship_count
121,000060,121,000060,1.000000000000,census_block_relationship_count
121,000070,121,000070,1.000000000000,census_block_relationship_count
121,000100,121,000102,1.000000000000,census_block_relationship_count
121,000105,121,000102,1.000000000000,census_block_relationship_count
121,000115,121,000116,1.000000000000,census_block_relationship_count
121,000125,121,000126,1.000000000000,census_block_relationship_count
121,000135,121,000136,1.000000000000,census_block_relationship_count
121,000140,121,000116,0.567567567568,census_block_relationship_count
121,000140,121,000136,0.432432432432,census_block_relationship_count
121,000170,121,000170,1.000000000000,census_block_relationship_count
121,000225,121,000195,1.000000000000,census_block_relationship_count
121,000250,121,000225,1.000000000000,census_block_relationship_count
121,000265,121,000265,1.000000000000,census_block_relationship_count
121,000290,121,000290,1.000000000000,census_block_relationship_count
121,000300,121,000020,0.036212866751,census_block_relationship_count
121,000300,121,000300,0.963787133249,census_block_relationship_count
121,000310,121,000310,1.000000000000,census_block_relationship_count
121,000320,121,000320,1.000000000000,census_block_relationship_count
121,000330,121,000330,1.000000000000,census_block_relationship_count
121,000355,121,000355,1.000000000000,census_block_relationship_count
121,000375,121,000375,1.000000000000,census_block_relationship_count
121,000395,121,000395,1.000000000000,census_block_relationship_count
121,000405,121,000405,1.000000000000,census_block_relationship_count
121,000425,121,000425,1.000000000000,census_block_relationship_count
121,000445,121,000445,1.000000000000,census_block_relationship_count
121,000465,121,000465,1.000000000000,census_block_relationship_count
121,000530,121,000530,1.000000000000,census_block_relationship_count
121,000540,121,000540,1.000000000000,census_block_relationship_count
121,000550,121,000550,1.000000000000,census_block_relationship_count
121,000560,121,000560,1.000000000000,census_block_relationship_count
121,000570,121,000570,1.000000000000,census_block_relationship_count
121,000575,121,000575,1.000000000000,census_block_relationship_count
121,000580,121,000580,1.000000000000,census_block_relationship_count
121,000595,121,000596,1.000000000000,census_block_relationship_count
121,000620,121,000596,1.000000000000,census_block_relationship_count
121,000640,121,000640,1.000000000000,census_block_relationship_count
121,000650,121,000650,1.000000000000,census_block_relationship_count
121,000660,121,000660,1.000000000000,census_block_relationship_count
121,000670,121,000675,1.000000000000,census_block_relationship_count
121,000680,121,000680,1.000000000000,census_block_relationship_count
121,000690,121,000690,1.000000000000,census_block_relationship_count
121,000695,121,000695,1.000000000000,census_block_relationship_count
121,000700,121,000675,1.000000000000,census_block_relationship_count
121,000730,121,000730,1.000000000000,census_block_relationship_count
121,000740,121,000740,1.000000000000,census_block_relationship_count
123,000010,123,000010,1.000000000000,census_block_relationship_count
123,000020,123,000020,1.000000000000,census_block_relationship_count
123,000030,123,000030,1.000000000000,census_block_relationship_count
123,000040,123,000040,1.000000000000,census_block_relationship_count
123,000050,123,000050,1.000000000000,census_block_relationship_count
123,000060,123,000060,0.964987504074,census_block_relationship_count
123,000060,123,000070,0.035012495926,census_block_relationship_count
123,000070,123,000060,0.077620812611,census_block_relationship_count
123,000070,123,000070,0.922379187389,census_block_relationship_count
123,000080,123,000080,1.000000000000,census_block_relationship_count
123,000090,123,000090,1.000000000000,census_block_relationship_count
123,000100,123,000100,1.000000000000,census_block_relationship_count
123,000110,123,000110,1.000000000000,census_block_relationship_count
123,000125,123,000125,1.000000000000,census_block_relationship_count
123,000140,123,000140,1.000000000000,census_block_relationship_count
123,000150,123,000150,1.000000000000,census_block_relationship_count
123,000165,123,000165,1.000000000000,census_block_relationship_count
123,000181,123,000181,1.000000000000,census_block_relationship_count
123,000195,123,000195,1.000000000000,census_block_relationship_count
123,000220,123,000220,1.000000000000,census_block_relationship_count
123,000231,123,000231,1.000000000000,census_block_relationship_count
123,000250,123,000250,1.000000000000,census_block_relationship_count
123,000255,123,000255,1.000000000000,census_block_relationship_count
123,000260,123,000260,1.000000000000,census_block_relationship_count
123,000290,123,000290,1.000000000000,census_block_relationship_count
123,000300,123,000300,1.000000000000,census_block_relationship_count
123,000310,123,000310,1.000000000000,census_block_relationship_count
123,000320,123,000320,1.000000000000,census_block_relationship_count
123,000331,123,000331,1.000000000000,census_block_relationship_count
123,000351,123,000351,1.000000000000,census_block_relationship_count
123,000361,123,000361,1.000000000000,census_block_relationship_count
123,000370,123,000370,1.000000000000,census_block_relationship_count
123,000400,123,000400,1.000000000000,census_block_relationship_count
123,000410,123,000410,1.000000000000,census_block_relationship_count
123,000420,123,000420,1.000000000000,census_block_relationship_count
125,000010,125,000010,0.826355747158,census_block_relationship_count
125,000010,125,001540,0.039549005248,census_block_relationship_count
125,000010,125,001710,0.134095247594,census_block_relationship_count
125,000020,125,000020,0.694736842105,census_block_relationship_count
125,000020,125,000030,0.305263157895,census_block_relationship_count
125,000030,125,000030,1.000000000000,census_block_relationship_count
125,000040,125,000040,1.000000000000,census_block_relationship_count
125,000050,125,000050,1.000000000000,census_block_relationship_count
125,000060,125,000050,1.000000000000,census_block_relationship_count
125,000070,125,000070,1.000000000000,census_block_relationship_count
125,000080,125,000080,0.963940627971,census_block_relationship_count
125,000080,125,001300,0.036059372029,census_block_relationship_count
125,000095,125,000095,1.000000000000,census_block_relationship_count
125,000110,125,000110,1.000000000000,census_block_relationship_count
125,000125,125,000125,1.000000000000,census_block_relationship_count
125,000130,125,000130,1.000000000000,census_block_relationship_count
125,000140,125,000140,1.000000000000,census_block_relationship_count
125,000160,125,000160,1.000000000000,census_block_relationship_count
125,000170,125,000170,1.000000000000,census_block_relationship_count
125,000180,125,000235,1.000000000000,census_block_relationship_count
125,000185,125,000185,1.000000000000,census_block_relationship_count
125,000190,125,000190,1.000000000000,census_block_relationship_count
125,000215,125,000215,1.000000000000,census_block_relationship_count
125,000235,125,000185,0.005149504469,census_block_relationship_count
125,000235,125,000235,0.994850495531,census_block_relationship_count
125,000250,125,000272,1.000000000000,census_block_relationship_count
125,000260,125,000260,0.979814766137,census_block_relationship_count
125,000260,125,000272,0.020185233863,census_block_relationship_count
125,000270,125,000272,1.000000000000,census_block_relationship_count
125,000280,125,000280,0.861834411138,census_block_relationship_count
125,000280,125,001300,0.066374141130,census_block_relationship_count
125,000280,125,001310,0.071791447732,census_block_relationship_count
125,000290,125,000290,1.000000000000,census_block_relationship_count
125,000300,125,000300,1.000000000000,census_block_relationship_count
125,000310,125,000310,1.000000000000,census_block_relationship_count
125,000320,125,000320,0.999985601308,census_block_relationship_count
125,000320,125,000330,0.000014398692,census_block_relationship_count
125,000330,125,000330,1.000000000000,census_block_relationship_count
125,000340,125,000340,1.000000000000,census_block_relationship_count
125,000350,125,000372,0.089285714286,census_block_relationship_count
125,000350,125,000384,0.232142857143,census_block_relationship_count
125,000350,125,000392,0.678571428571,census_block_relationship_count
125,000360,125,000352,0.219178082192,census_block_relationship_count
125,000360,125,000358,0.369863013699,census_block_relationship_count
125,000360,125,000364,0.315068493151,census_block_relationship_count
125,000360,125,000372,0.054794520548,census_block_relationship_count
125,000360,125,000384,0.041095890411,census_block_relationship_count
125,000370,125,000352,1.000000000000,census_block_relationship_count
125,000380,125,000352,0.038461538462,census_block_relationship_count
125,000380,125,000364,0.549331103679,census_block_relationship_count
125,000380,125,000372,0.392976588629,census_block_relationship_count
125,000380,125,000384,0.019230769231,census_block_relationship_count
125,000390,125,000378,0.694444444441,census_block_relationship_count
125,000390,125,000384,0.305555555559,census_block_relationship_count
125,000400,125,000392,0.185702496054,census_block_relationship_count
125,000400,125,000398,0.814297503946,census_block_relationship_count
125,000410,125,000410,1.000000000000,census_block_relationship_count
125,000420,125,000420,1.000000000000,census_block_relationship_count
125,000430,125,000430,1.000000000000,census_block_relationship_count
125,000440,125,000440,1.000000000000,census_block_relationship_count
125,000450,125,000450,1.000000000000,census_block_relationship_count
125,000460,125,000460,1.000000000000,census_block_relationship_count
125,000470,125,000500,1.000000000000,census_block_relationship_count
125,000485,125,000485,1.000000000000,census_block_relationship_count
125,000490,125,000490,1.000000000000,census_block_relationship_count
125,000500,125,000500,1.000000000000,census_block_relationship_count
125,000510,125,000485,1.000000000000,census_block_relationship_count
125,000520,125,000520,1.000000000000,census_block_relationship_count
125,000530,125,000530,1.000000000000,census_block_relationship_count
125,000540,125,000540,1.000000000000,census_block_relationship_count
125,000550,125,000550,1.000000000000,census_block_relationship_count
125,000560,125,000540,1.000000000000,census_block_relationship_count
125,000570,125,000570,1.000000000000,census_block_relationship_count
125,000580,125,000580,1.000000000000,census_block_relationship_count
125,000590,125,000590,1.000000000000,census_block_relationship_count
125,000600,125,000600,1.000000000000,census_block_relationship_count
125,000610,125,000610,1.000000000000,census_block_relationship_count
125,000620,125,000620,1.000000000000,census_block_relationship_count
125,000630,125,000630,1.000000000000,census_block_relationship_count
125,000645,125,000645,1.000000000000,census_block_relationship_count
125,000650,125,000650,0.999088101530,census_block_relationship_count
125,000650,125,001190,0.000911898470,census_block_relationship_count
125,000670,125,000670,1.000000000000,census_block_relationship_count
125,000680,125,000682,0.459677419355,census_block_relationship_count
125,000680,125,000692,0.540322580645,census_block_relationship_count
125,000690,125,000682,0.525000000000,census_block_relationship_count
125,000690,125,000692,0.475000000000,census_block_relationship_count
125,000700,125,000700,1.000000000000,census_block_relationship_count
125,000715,125,000715,1.000000000000,census_block_relationship_count
125,000735,125,000735,1.000000000000,census_block_relationship_count
125,000745,125,000745,1.000000000000,census_block_relationship_count
125,000750,125,000745,1.000000000000,census_block_relationship_count
125,000765,125,000765,1.000000000000,census_block_relationship_count
125,000770,125,000735,1.000000000000,census_block_relationship_count
125,000790,125,000790,1.000000000000,census_block_relationship_count
125,000800,125,000800,1.000000000000,census_block_relationship_count
125,000810,125,000810,1.000000000000,census_block_relationship_count
125,000820,125,000820,1.000000000000,census_block_relationship_count
125,000830,125,000830,1.000000000000,census_block_relationship_count
125,000840,125,000840,1.000000000000,census_block_relationship_count
125,000850,125,000840,1.000000000000,census_block_relationship_count
125,000860,125,000860,1.000000000000,census_block_relationship_count
125,000870,125,000860,1.000000000000,census_block_relationship_count
125,000880,125,000880,1.000000000000,census_block_relationship_count
125,000890,125,000890,1.000000000000,census_block_relationship_count
125,000900,125,000900,1.000000000000,census_block_relationship_count
125,000910,125,000910,1.000000000000,census_block_relationship_count
125,000920,125,000920,1.000000000000,census_block_relationship_count
125,000930,125,000930,1.000000000000,census_block_relationship_count
125,000940,125,000940,1.000000000000,census_block_relationship_count
125,000950,125,000950,1.000000000000,census_block_relationship_count
125,000960,125,000960,0.949494949495,census_block_relationship_count
125,000960,125,000970,0.050505050505,census_block_relationship_count
125,000970,125,000970,1.000000000000,census_block_relationship_count
125,000980,125,000980,1.000000000000,census_block_relationship_count
125,000995,125,000995,1.000000000000,census_block_relationship_count
125,001010,125,001010,1.000000000000,census_block_relationship_count
125,001020,125,001020,1.000000000000,census_block_relationship_count
125,001030,125,001030,1.000000000000,census_block_relationship_count
125,001040,125,001040,1.000000000000,census_block_relationship_count
125,001050,125,001050,1.000000000000,census_block_relationship_count
125,001075,125,001075,1.000000000000,census_block_relationship_count
125,001090,125,001090,1.000000000000,census_block_relationship_count
125,001105,125,001105,1.000000000000,census_block_relationship_count
125,001125,125,001125,1.000000000000,census_block_relationship_count
125,001140,125,001140,1.000000000000,census_block_relationship_count
125,001150,125,001150,1.000000000000,census_block_relationship_count
125,001165,125,001165,1.000000000000,census_block_relationship_count
125,001180,125,001180,1.000000000000,census_block_relationship_count
125,001190,125,001190,0.999905400601,census_block_relationship_count
125,001190,125,001200,0.000094599399,census_block_relationship_count
125,001200,125,001200,0.999996183359,census_block_relationship_count
125,001200,125,001220,0.000003816641,census_block_relationship_count
125,001210,125,001190,0.002801120446,census_block_relationship_count
125,001210,125,001210,0.997198879554,census_block_relationship_count
125,001220,125,001190,0.052887555675,census_block_relationship_count
125,001220,125,001200,0.051422416720,census_block_relationship_count
125,001220,125,001220,0.895690027605,census_block_relationship_count
125,001230,125,001230,1.000000000000,census_block_relationship_count
125,001240,125,001240,1.000000000000,census_block_relationship_count
125,001250,125,001250,1.000000000000,census_block_relationship_count
125,001260,125,001250,1.000000000000,census_block_relationship_count
125,001270,125,001270,1.000000000000,census_block_relationship_count
125,001280,125,001270,1.000000000000,census_block_relationship_count
125,001290,125,000020,0.080970591422,census_block_relationship_count
125,001290,125,001290,0.919029408578,census_block_relationship_count
125,001300,125,001300,1.000000000000,census_block_relationship_count
125,001310,125,001310,0.955282912684,census_block_relationship_count
125,001310,125,001845,0.044717087316,census_block_relationship_count
125,001320,125,001318,0.500000000000,census_block_relationship_count
125,001320,125,001324,0.225806451613,census_block_relationship_count
125,001320,125,001328,0.129032258065,census_block_relationship_count
125,001320,125,001332,0.145161290323,census_block_relationship_count
125,001330,125,001328,0.742857142857,census_block_relationship_count
125,001330,125,001332,0.257142857143,census_block_relationship_count
125,001340,125,001348,1.000000000000,census_block_relationship_count
125,001350,125,001348,0.250000000000,census_block_relationship_count
125,001350,125,001356,0.500000000000,census_block_relationship_count
125,001350,125,001368,0.250000000000,census_block_relationship_count
125,001360,125,001332,0.104166666665,census_block_relationship_count
125,001360,125,001336,0.666666666668,census_block_relationship_count
125,001360,125,001348,0.229166666667,census_block_relationship_count
125,001370,125,001324,0.000128114791,census_block_relationship_count
125,001370,125,001362,0.228571428571,census_block_relationship_count
125,001370,125,001368,0.771300456637,census_block_relationship_count
125,001380,125,001375,0.729729729729,census_block_relationship_count
125,001380,125,001385,0.270270270271,census_block_relationship_count
125,001390,125,001390,0.863636363636,census_block_relationship_count
125,001390,125,001410,0.136363636364,census_block_relationship_count
125,001400,125,001400,1.000000000000,census_block_relationship_count
125,001410,125,001410,1.000000000000,census_block_relationship_count
125,001420,125,001420,1.000000000000,census_block_relationship_count
125,001430,125,001430,1.000000000000,census_block_relationship_count
125,001440,125,001440,1.000000000000,census_block_relationship_count
125,001450,125,001450,1.000000000000,census_block_relationship_count
125,001460,125,001460,1.000000000000,census_block_relationship_count
125,001470,125,001470,1.000000000000,census_block_relationship_count
125,001480,125,001480,1.000000000000,census_block_relationship_count
125,001490,125,001490,1.000000000000,census_block_relationship_count
125,001500,125,001500,1.000000000000,census_block_relationship_count
125,001510,125,001510,1.000000000000,census_block_relationship_count
125,001520,125,001520,1.000000000000,census_block_relationship_count
125,001530,125,001530,1.000000000000,census_block_relationship_count
125,001540,125,001540,1.000000000000,census_block_relationship_count
125,001550,125,001550,1.000000000000,census_block_relationship_count
125,001560,125,001560,1.000000000000,census_block_relationship_count
125,001570,125,001570,1.000000000000,census_block_relationship_count
125,001580,125,001580,1.000000000000,census_block_relationship_count
125,001590,125,001590,1.000000000000,census_block_relationship_count
125,001600,125,001600,1.000000000000,census_block_relationship_count
125,001610,125,001560,0.104209799861,census_block_relationship_count
125,001610,125,001610,0.895790200139,census_block_relationship_count
125,001620,125,001620,1.000000000000,census_block_relationship_count
125,001630,125,001375,0.010309278351,census_block_relationship_count
125,001630,125,001630,0.989690721649,census_block_relationship_count
125,001635,125,001300,0.023260783809,census_block_relationship_count
125,001635,125,001635,0.976739216191,census_block_relationship_count
125,001645,125,001300,0.033715392124,census_block_relationship_count
125,001645,125,001645,0.966284607876,census_block_relationship_count
125,001650,125,001672,0.647056991725,census_block_relationship_count
125,001650,125,001682,0.058823529412,census_block_relationship_count
125,001650,125,001688,0.294119478864,census_block_relationship_count
125,001660,125,001662,0.173913043478,census_block_relationship_count
125,001660,125,001672,0.521739130435,census_block_relationship_count
125,001660,125,001682,0.152173913043,census_block_relationship_count
125,001660,125,001688,0.152173913043,census_block_relationship_count
125,001670,125,001672,0.014285714286,census_block_relationship_count
125,001670,125,001692,0.985714285714,census_block_relationship_count
125,001680,125,001662,0.933333333333,census_block_relationship_count
125,001680,125,001672,0.066666666667,census_block_relationship_count
125,001690,125,001652,1.000000000000,census_block_relationship_count
125,001700,125,000790,0.050505795011,census_block_relationship_count
125,001700,125,001700,0.949494204989,census_block_relationship_count
125,001710,125,000010,0.342978561197,census_block_relationship_count
125,001710,125,001710,0.657021438803,census_block_relationship_count
125,001720,125,001720,1.000000000000,census_block_relationship_count
125,001730,125,001730,1.000000000000,census_block_relationship_count
125,001740,125,001745,1.000000000000,census_block_relationship_count
125,001750,125,001745,1.000000000000,census_block_relationship_count
125,001760,125,001760,1.000000000000,census_block_relationship_count
125,001770,125,001770,1.000000000000,census_block_relationship_count
125,001780,125,001780,1.000000000000,census_block_relationship_count
125,001790,125,001790,1.000000000000,census_block_relationship_count
125,001815,125,001815,1.000000000000,census_block_relationship_count
125,001830,125,001830,1.000000000000,census_block_relationship_count
125,001845,125,001290,0.018181818182,census_block_relationship_count
125,001845,125,001310,0.003187658675,census_block_relationship_count
125,001845,125,001845,0.977954901736,census_block_relationship_count
125,001845,125,001945,0.000675621407,census_block_relationship_count
125,001850,125,001290,0.188993781084,census_block_relationship_count
125,001850,125,001850,0.811006218916,census_block_relationship_count
125,001860,125,001860,1.000000000000,census_block_relationship_count
125,001875,125,001875,1.000000000000,census_block_relationship_count
125,001890,125,001890,1.000000000000,census_block_relationship_count
125,001900,125,001900,1.000000000000,census_block_relationship_count
125,001910,125,001910,1.000000000000,census_block_relationship_count
125,001920,125,001920,1.000000000000,census_block_relationship_count
125,001930,125,001910,1.000000000000,census_block_relationship_count
125,001945,125,001310,0.002129063473,census_block_relationship_count
125,001945,125,001945,0.997870936527,census_block_relationship_count
125,001960,125,000682,1.000000000000,census_block_relationship_count
125,001970,125,001970,1.000000000000,census_block_relationship_count
125,001980,125,001980,1.000000000000,census_block_relationship_count
125,001990,125,001990,1.000000000000,census_block_relationship_count
125,002000,125,002000,1.000000000000,census_block_relationship_count
125,002010,125,002000,0.000194379924,census_block_relationship_count
125,002010,125,002010,0.999805620076,census_block_relationship_count
125,002020,125,002020,1.000000000000,census_block_relationship_count
125,002030,125,002030,1.000000000000,census_block_relationship_count
125,002045,125,002045,1.000000000000,census_block_relationship_count
125,002180,125,001510,1.000000000000,census_block_relationship_count
125,003450,125,001075,1.000000000000,census_block_relationship_count
125,0PR185,125,000125,1.000000000000,census_block_relationship_count
125,0PR187,125,000215,1.000000000000,census_block_relationship_count
125,0PR188,125,000185,1.000000000000,census_block_relationship_count
125,0PR190,125,000645,1.000000000000,census_block_relationship_count
125,0PR191,125,000715,1.000000000000,census_block_relationship_count
125,0PR193,125,000765,1.000000000000,census_block_relationship_count
125,PR1321,125,000392,1.000000000000,census_block_relationship_count
127,000010,127,000010,1.000000000000,census_block_relationship_count
127,000020,127,000020,1.000000000000,census_block_relationship_count
127,000030,127,000030,1.000000000000,census_block_relationship_count
127,000040,127,000040,0.997598436685,census_block_relationship_count
127,000040,127,000270,0.002401563315,census_block_relationship_count
127,000050,127,000050,1.000000000000,census_block_relationship_count
127,000060,127,000060,1.000000000000,census_block_relationship_count
127,000070,127,000070,1.000000000000,census_block_relationship_count
127,000080,127,000080,1.000000000000,census_block_relationship_count
127,000090,127,000090,1.000000000000,census_block_relationship_count
127,000100,127,000100,1.000000000000,census_block_relationship_count
127,000110,127,000110,1.000000000000,census_block_relationship_count
127,000120,127,000120,1.000000000000,census_block_relationship_count
127,000130,127,000130,1.000000000000,census_block_relationship_count
127,000140,127,000155,0.980392156861,census_block_relationship_count
127,000140,127,000165,0.019607843139,census_block_relationship_count
127,000150,127,000145,1.000000000000,census_block_relationship_count
127,000160,127,000155,1.000000000000,census_block_relationship_count
127,000170,127,000165,1.000000000000,census_block_relationship_count
127,000180,127,000145,1.000000000000,census_block_relationship_count
127,000190,127,000190,1.000000000000,census_block_relationship_count
127,000200,127,000200,1.000000000000,census_block_relationship_count
127,000210,127,000210,1.000000000000,census_block_relationship_count
127,000220,127,000040,0.008745986955,census_block_relationship_count
127,000220,127,000220,0.991254013045,census_block_relationship_count
127,000230,127,000230,1.000000000000,census_block_relationship_count
127,000240,127,000240,1.000000000000,census_block_relationship_count
127,000250,127,000250,1.000000000000,census_block_relationship_count
127,000260,127,000260,1.000000000000,census_block_relationship_count
127,000270,127,000270,1.000000000000,census_block_relationship_count
127,000280,127,000070,0.003495659444,census_block_relationship_count
127,000280,127,000280,0.996504340556,census_block_relationship_count
127,000290,127,000290,1.000000000000,census_block_relationship_count
127,000300,127,000300,1.000000000000,census_block_relationship_count
127,000310,127,000310,1.000000000000,census_block_relationship_count
127,000320,127,000320,1.000000000000,census_block_relationship_count
127,000330,127,000330,1.000000000000,census_block_relationship_count
127,000340,127,000340,0.975000000000,census_block_relationship_count
127,000340,127,000350,0.025000000000,census_block_relationship_count
127,000350,127,000350,0.873239436620,census_block_relationship_count
127,000350,127,000360,0.126760563380,census_block_relationship_count
127,000360,127,000350,0.060606060606,census_block_relationship_count
127,000360,127,000360,0.939393939394,census_block_relationship_count
127,000370,127,000370,1.000000000000,census_block_relationship_count
129,000010,129,000010,1.000000000000,census_block_relationship_count
129,000020,129,000020,0.967588345039,census_block_relationship_count
129,000020,129,000040,0.032411654961,census_block_relationship_count
129,000030,129,000030,1.000000000000,census_block_relationship_count
129,000040,129,000040,0.996259744062,census_block_relationship_count
129,000040,129,003000,0.003740255938,census_block_relationship_count
129,000050,129,000050,1.000000000000,census_block_relationship_count
129,000060,129,000060,1.000000000000,census_block_relationship_count
129,000070,129,000070,1.000000000000,census_block_relationship_count
129,000080,129,000080,1.000000000000,census_block_relationship_count
129,000090,129,000090,0.627906976744,census_block_relationship_count
129,000090,129,000100,0.372093023256,census_block_relationship_count
129,000100,129,000100,0.808510638298,census_block_relationship_count
129,000100,129,000110,0.191489361702,census_block_relationship_count
129,000110,129,000100,0.120000000000,census_block_relationship_count
129,000110,129,000110,0.880000000000,census_block_relationship_count
129,000120,129,000120,1.000000000000,census_block_relationship_count
129,000130,129,000130,1.000000000000,census_block_relationship_count
129,000140,129,000140,1.000000000000,census_block_relationship_count
129,000150,129,000150,1.000000000000,census_block_relationship_count
129,000160,129,000160,1.000000000000,census_block_relationship_count
129,000170,129,000170,1.000000000000,census_block_relationship_count
129,000180,129,000180,1.000000000000,census_block_relationship_count
129,000190,129,000190,1.000000000000,census_block_relationship_count
129,000200,129,000200,0.989901632428,census_block_relationship_count
129,000200,129,000220,0.010098367572,census_block_relationship_count
129,000210,129,000210,0.886466489897,census_block_relationship_count
129,000210,129,000240,0.033843996932,census_block_relationship_count
129,000210,129,000250,0.029481231112,census_block_relationship_count
129,000210,129,000280,0.033199282524,census_block_relationship_count
129,000210,129,000300,0.017008999534,census_block_relationship_count
129,000220,129,000220,0.942857142857,census_block_relationship_count
129,000220,129,000320,0.057142857143,census_block_relationship_count
129,000230,129,000210,0.001330376939,census_block_relationship_count
129,000230,129,000230,0.990174144849,census_block_relationship_count
129,000230,129,000290,0.008495478212,census_block_relationship_count
129,000240,129,000230,0.055555555556,census_block_relationship_count
129,000240,129,000240,0.944444444444,census_block_relationship_count
129,000250,129,000210,0.083266746103,census_block_relationship_count
129,000250,129,000250,0.859790473482,census_block_relationship_count
129,000250,129,000290,0.056942780415,census_block_relationship_count
129,000260,129,000260,1.000000000000,census_block_relationship_count
129,000270,129,000200,0.025911840952,census_block_relationship_count
129,000270,129,000260,0.014152472610,census_block_relationship_count
129,000270,129,000270,0.927516424311,census_block_relationship_count
129,000270,129,000280,0.032419262127,census_block_relationship_count
129,000280,129,000280,1.000000000000,census_block_relationship_count
129,000290,129,000270,0.008827963302,census_block_relationship_count
129,000290,129,000290,0.991172036698,census_block_relationship_count
129,000300,129,000210,0.002370195108,census_block_relationship_count
129,000300,129,000240,0.133697411379,census_block_relationship_count
129,000300,129,000300,0.863932393513,census_block_relationship_count
129,000310,129,000310,1.000000000000,census_block_relationship_count
129,000320,129,000220,0.209302325581,census_block_relationship_count
129,000320,129,000320,0.790697674419,census_block_relationship_count
129,000330,129,000330,1.000000000000,census_block_relationship_count
129,000340,129,000340,1.000000000000,census_block_relationship_count
129,000350,129,000350,1.000000000000,census_block_relationship_count
129,000360,129,000360,1.000000000000,census_block_relationship_count
129,000370,129,000370,1.000000000000,census_block_relationship_count
129,000380,129,000380,1.000000000000,census_block_relationship_count
129,000390,129,000390,1.000000000000,census_block_relationship_count
129,000400,129,000400,1.000000000000,census_block_relationship_count
129,000410,129,000410,1.000000000000,census_block_relationship_count
129,000420,129,000420,0.997081943607,census_block_relationship_count
129,000420,129,000440,0.002918056393,census_block_relationship_count
129,000430,129,000420,0.017756104824,census_block_relationship_count
129,000430,129,000430,0.982243895176,census_block_relationship_count
129,000440,129,000420,0.044546577671,census_block_relationship_count
129,000440,129,000440,0.955453422329,census_block_relationship_count
129,000450,129,000450,1.000000000000,census_block_relationship_count
129,000460,129,000460,1.000000000000,census_block_relationship_count
129,000470,129,000470,1.000000000000,census_block_relationship_count
129,000480,129,000480,1.000000000000,census_block_relationship_count
129,000490,129,000490,1.000000000000,census_block_relationship_count
129,000500,129,000500,1.000000000000,census_block_relationship_count
129,000510,129,000510,1.000000000000,census_block_relationship_count
129,000520,129,000510,0.021276595745,census_block_relationship_count
129,000520,129,000520,0.944053846585,census_block_relationship_count
129,000520,129,000610,0.034669557670,census_block_relationship_count
129,000530,129,000530,1.000000000000,census_block_relationship_count
129,000540,129,000540,1.000000000000,census_block_relationship_count
129,000550,129,000550,1.000000000000,census_block_relationship_count
129,000560,129,000560,1.000000000000,census_block_relationship_count
129,000570,129,000570,1.000000000000,census_block_relationship_count
129,000580,129,000580,1.000000000000,census_block_relationship_count
129,000590,129,000590,1.000000000000,census_block_relationship_count
129,000600,129,000600,1.000000000000,census_block_relationship_count
129,000610,129,000610,1.000000000000,census_block_relationship_count
129,000620,129,000620,1.000000000000,census_block_relationship_count
129,000630,129,000630,1.000000000000,census_block_relationship_count
129,000640,129,000640,1.000000000000,census_block_relationship_count
129,000650,129,000650,1.000000000000,census_block_relationship_count
129,000660,129,000660,0.972340713866,census_block_relationship_count
129,000660,129,000880,0.027659286134,census_block_relationship_count
129,000670,129,000670,1.000000000000,census_block_relationship_count
129,000680,129,000680,0.952531631660,census_block_relationship_count
129,000680,129,000710,0.046768414619,census_block_relationship_count
129,000680,129,000850,0.000699953721,census_block_relationship_count
129,000690,129,000690,0.798298706014,census_block_relationship_count
129,000690,129,000770,0.008844480429,census_block_relationship_count
129,000690,129,000790,0.190211824747,census_block_relationship_count
129,000690,129,000900,0.002644988810,census_block_relationship_count
129,000700,129,000700,1.000000000000,census_block_relationship_count
129,000710,129,000710,1.000000000000,census_block_relationship_count
129,000720,129,000720,1.000000000000,census_block_relationship_count
129,000730,129,000730,0.944701526918,census_block_relationship_count
129,000730,129,000740,0.055298473082,census_block_relationship_count
129,000740,129,000740,0.767351754100,census_block_relationship_count
129,000740,129,000780,0.101504674903,census_block_relationship_count
129,000740,129,000880,0.131143570997,census_block_relationship_count
129,000750,129,000750,1.000000000000,census_block_relationship_count
129,000760,129,000760,1.000000000000,census_block_relationship_count
129,000770,129,000770,0.901538461540,census_block_relationship_count
129,000770,129,000790,0.031794871793,census_block_relationship_count
129,000770,129,000900,0.066666666667,census_block_relationship_count
129,000780,129,000740,0.006550387706,census_block_relationship_count
129,000780,129,000780,0.993449612294,census_block_relationship_count
129,000790,129,000790,1.000000000000,census_block_relationship_count
129,000800,129,000800,1.000000000000,census_block_relationship_count
129,000810,129,000810,1.000000000000,census_block_relationship_count
129,000820,129,000820,0.872727272727,census_block_relationship_count
129,000820,129,000910,0.127272727273,census_block_relationship_count
129,000830,129,000830,0.909979960475,census_block_relationship_count
129,000830,129,000890,0.090020039525,census_block_relationship_count
129,000840,129,000840,1.000000000000,census_block_relationship_count
129,000850,129,000710,0.029411764708,census_block_relationship_count
129,000850,129,000850,0.970588235292,census_block_relationship_count
129,000860,129,000860,1.000000000000,census_block_relationship_count
129,000870,129,000810,0.286534593096,census_block_relationship_count
129,000870,129,000870,0.680139720915,census_block_relationship_count
129,000870,129,000930,0.033325685989,census_block_relationship_count
129,000880,129,000660,0.003228937134,census_block_relationship_count
129,000880,129,000880,0.996771062866,census_block_relationship_count
129,000890,129,000830,0.045977011494,census_block_relationship_count
129,000890,129,000890,0.954022988506,census_block_relationship_count
129,000900,129,000690,0.102627295654,census_block_relationship_count
129,000900,129,000770,0.071428571429,census_block_relationship_count
129,000900,129,000900,0.825944132917,census_block_relationship_count
129,000910,129,000820,0.161290322579,census_block_relationship_count
129,000910,129,000910,0.838709677421,census_block_relationship_count
129,000920,129,000920,1.000000000000,census_block_relationship_count
129,000930,129,000810,0.037585052550,census_block_relationship_count
129,000930,129,000870,0.041344858437,census_block_relationship_count
129,000930,129,000930,0.921070089013,census_block_relationship_count
129,000940,129,000940,1.000000000000,census_block_relationship_count
129,000950,129,000950,1.000000000000,census_block_relationship_count
129,000960,129,000960,1.000000000000,census_block_relationship_count
129,000980,129,000970,1.000000000000,census_block_relationship_count
129,000990,129,000990,1.000000000000,census_block_relationship_count
129,001000,129,001000,1.000000000000,census_block_relationship_count
129,001005,129,000970,0.171428571429,census_block_relationship_count
129,001005,129,000980,0.828571428571,census_block_relationship_count
129,001010,129,001020,1.000000000000,census_block_relationship_count
129,001015,129,001010,1.000000000000,census_block_relationship_count
129,001030,129,001030,0.974358974359,census_block_relationship_count
129,001030,129,001040,0.025641025641,census_block_relationship_count
129,001040,129,001030,0.038461538462,census_block_relationship_count
129,001040,129,001040,0.961538461538,census_block_relationship_count
129,001050,129,001050,1.000000000000,census_block_relationship_count
129,001060,129,001060,1.000000000000,census_block_relationship_count
129,001070,129,001070,1.000000000000,census_block_relationship_count
129,001080,129,001080,1.000000000000,census_block_relationship_count
129,001090,129,001090,1.000000000000,census_block_relationship_count
129,001100,129,001100,1.000000000000,census_block_relationship_count
129,001110,129,001110,1.000000000000,census_block_relationship_count
129,001120,129,001120,1.000000000000,census_block_relationship_count
129,001130,129,001130,1.000000000000,census_block_relationship_count
129,001140,129,001140,1.000000000000,census_block_relationship_count
129,001150,129,001150,1.000000000000,census_block_relationship_count
129,001160,129,001160,1.000000000000,census_block_relationship_count
129,001170,129,001170,1.000000000000,census_block_relationship_count
129,001180,129,001180,0.924389588237,census_block_relationship_count
129,001180,129,001210,0.075610411763,census_block_relationship_count
129,001190,129,001190,0.988235294118,census_block_relationship_count
129,001190,129,001220,0.011764705882,census_block_relationship_count
129,001200,129,001200,0.979932200122,census_block_relationship_count
129,001200,129,001230,0.020067799878,census_block_relationship_count
129,001210,129,001180,0.023449926052,census_block_relationship_count
129,001210,129,001210,0.976550073948,census_block_relationship_count
129,001220,129,001190,0.013383191802,census_block_relationship_count
129,001220,129,001220,0.986616808198,census_block_relationship_count
129,001230,129,001200,0.004794902826,census_block_relationship_count
129,001230,129,001230,0.995205097174,census_block_relationship_count
129,001240,129,001245,1.000000000000,census_block_relationship_count
129,001250,129,001245,1.000000000000,census_block_relationship_count
129,001260,129,001260,1.000000000000,census_block_relationship_count
129,001270,129,001270,0.971428571429,census_block_relationship_count
129,001270,129,001330,0.028571428571,census_block_relationship_count
129,001280,129,001280,1.000000000000,census_block_relationship_count
129,001290,129,001290,1.000000000000,census_block_relationship_count
129,001300,129,001300,1.000000000000,census_block_relationship_count
129,001310,129,001310,1.000000000000,census_block_relationship_count
129,001320,129,001260,0.101585630100,census_block_relationship_count
129,001320,129,001320,0.898414369900,census_block_relationship_count
129,001330,129,001330,1.000000000000,census_block_relationship_count
129,001340,129,001340,1.000000000000,census_block_relationship_count
129,001350,129,001350,1.000000000000,census_block_relationship_count
129,001360,129,001360,1.000000000000,census_block_relationship_count
129,001370,129,001370,1.000000000000,census_block_relationship_count
129,001380,129,001380,1.000000000000,census_block_relationship_count
129,001390,129,001390,0.976744186047,census_block_relationship_count
129,001390,129,001400,0.023255813953,census_block_relationship_count
129,001400,129,001400,0.966187455759,census_block_relationship_count
129,001400,129,001410,0.033812544241,census_block_relationship_count
129,001410,129,001410,1.000000000000,census_block_relationship_count
129,001420,129,001420,1.000000000000,census_block_relationship_count
129,001430,129,001430,1.000000000000,census_block_relationship_count
129,001440,129,001440,0.954545454545,census_block_relationship_count
129,001440,129,001460,0.045454545455,census_block_relationship_count
129,001450,129,001450,1.000000000000,census_block_relationship_count
129,001460,129,001460,1.000000000000,census_block_relationship_count
129,001470,129,001470,1.000000000000,census_block_relationship_count
129,001480,129,001480,1.000000000000,census_block_relationship_count
129,001490,129,001490,1.000000000000,census_block_relationship_count
129,001500,129,001420,0.000661264911,census_block_relationship_count
129,001500,129,001500,0.999338735089,census_block_relationship_count
129,001510,129,001510,1.000000000000,census_block_relationship_count
129,001520,129,001520,1.000000000000,census_block_relationship_count
129,001530,129,001530,1.000000000000,census_block_relationship_count
129,001540,129,001540,1.000000000000,census_block_relationship_count
129,001550,129,001550,1.000000000000,census_block_relationship_count
129,001560,129,001560,1.000000000000,census_block_relationship_count
129,001570,129,001550,0.059541785277,census_block_relationship_count
129,001570,129,001570,0.940458214723,census_block_relationship_count
129,001580,129,001580,1.000000000000,census_block_relationship_count
129,001590,129,001590,1.000000000000,census_block_relationship_count
129,001600,129,001600,0.978174044914,census_block_relationship_count
129,001600,129,001610,0.021825955086,census_block_relationship_count
129,001610,129,001540,0.019607843137,census_block_relationship_count
129,001610,129,001610,0.980392156863,census_block_relationship_count
129,001620,129,001620,1.000000000000,census_block_relationship_count
129,001630,129,001630,1.000000000000,census_block_relationship_count
129,001640,129,001640,1.000000000000,census_block_relationship_count
129,001650,129,001650,1.000000000000,census_block_relationship_count
129,001660,129,001660,1.000000000000,census_block_relationship_count
129,001670,129,001670,1.000000000000,census_block_relationship_count
129,001680,129,001670,0.016129032258,census_block_relationship_count
129,001680,129,001682,0.451612903226,census_block_relationship_count
129,001680,129,001684,0.532258064516,census_block_relationship_count
129,001690,129,001692,0.275000000000,census_block_relationship_count
129,001690,129,001694,0.725000000000,census_block_relationship_count
129,001700,129,001700,1.000000000000,census_block_relationship_count
129,001710,129,001660,0.082114386669,census_block_relationship_count
129,001710,129,001692,0.054472813366,census_block_relationship_count
129,001710,129,001694,0.009415207149,census_block_relationship_count
129,001710,129,001710,0.853997592816,census_block_relationship_count
129,001720,129,001720,1.000000000000,census_block_relationship_count
129,001730,129,001730,1.000000000000,census_block_relationship_count
129,001740,129,001740,0.984615384615,census_block_relationship_count
129,001740,129,001840,0.015384615385,census_block_relationship_count
129,001750,129,001750,0.978656887954,census_block_relationship_count
129,001750,129,001800,0.021343112046,census_block_relationship_count
129,001760,129,001760,1.000000000000,census_block_relationship_count
129,001770,129,001760,0.302571254926,census_block_relationship_count
129,001770,129,001770,0.697428745074,census_block_relationship_count
129,001780,129,001780,0.913043478261,census_block_relationship_count
129,001780,129,001870,0.086956521739,census_block_relationship_count
129,001790,129,001790,1.000000000000,census_block_relationship_count
129,001800,129,001800,1.000000000000,census_block_relationship_count
129,001810,129,001810,1.000000000000,census_block_relationship_count
129,001820,129,001820,1.000000000000,census_block_relationship_count
129,001830,129,001830,1.000000000000,census_block_relationship_count
129,001840,129,001840,1.000000000000,census_block_relationship_count
129,001850,129,001850,1.000000000000,census_block_relationship_count
129,001860,129,001860,1.000000000000,census_block_relationship_count
129,001870,129,001870,1.000000000000,census_block_relationship_count
129,001880,129,001880,1.000000000000,census_block_relationship_count
129,001890,129,001890,1.000000000000,census_block_relationship_count
129,001900,129,001900,1.000000000000,census_block_relationship_count
129,001910,129,001910,1.000000000000,census_block_relationship_count
129,001920,129,001920,1.000000000000,census_block_relationship_count
129,001930,129,001930,0.963636363636,census_block_relationship_count
129,001930,129,001965,0.036363636364,census_block_relationship_count
129,001935,129,001935,1.000000000000,census_block_relationship_count
129,001955,129,001955,0.954545454545,census_block_relationship_count
129,001955,129,001965,0.045454545455,census_block_relationship_count
129,001960,129,001960,1.000000000000,census_block_relationship_count
129,001965,129,001965,1.000000000000,census_block_relationship_count
129,001995,129,001995,1.000000000000,census_block_relationship_count
129,002005,129,002005,1.000000000000,census_block_relationship_count
129,002010,129,002010,1.000000000000,census_block_relationship_count
129,002020,129,002020,1.000000000000,census_block_relationship_count
129,002030,129,002030,1.000000000000,census_block_relationship_count
129,002035,129,002035,1.000000000000,census_block_relationship_count
129,002040,129,002040,1.000000000000,census_block_relationship_count
129,002050,129,002050,1.000000000000,census_block_relationship_count
129,002060,129,002060,1.000000000000,census_block_relationship_count
129,002075,129,002075,1.000000000000,census_block_relationship_count
129,002080,129,002080,0.904761904762,census_block_relationship_count
129,002080,129,002095,0.095238095238,census_block_relationship_count
129,002095,129,002080,0.102655689098,census_block_relationship_count
129,002095,129,002095,0.897344310902,census_block_relationship_count
129,002100,129,002100,1.000000000000,census_block_relationship_count
129,002110,129,002095,0.044444444444,census_block_relationship_count
129,002110,129,002110,0.955555555556,census_block_relationship_count
129,002125,129,002125,1.000000000000,census_block_relationship_count
129,002140,129,002140,1.000000000000,census_block_relationship_count
129,002150,129,002150,1.000000000000,census_block_relationship_count
129,002160,129,002160,1.000000000000,census_block_relationship_count
129,002170,129,002170,1.000000000000,census_block_relationship_count
129,002180,129,002180,1.000000000000,census_block_relationship_count
129,002190,129,002190,1.000000000000,census_block_relationship_count
129,002200,129,002200,1.000000000000,census_block_relationship_count
129,002210,129,002180,0.104477611942,census_block_relationship_count
129,002210,129,002210,0.895522388058,census_block_relationship_count
129,002220,129,002190,0.115384615385,census_block_relationship_count
129,002220,129,002220,0.884615384615,census_block_relationship_count
129,002230,129,002210,0.333333333333,census_block_relationship_count
129,002230,129,002230,0.666666666667,census_block_relationship_count
129,002240,129,002240,1.000000000000,census_block_relationship_count
129,002250,129,002250,1.000000000000,census_block_relationship_count
129,002260,129,002260,1.000000000000,census_block_relationship_count
129,002270,129,002250,0.300000000000,census_block_relationship_count
129,002270,129,002295,0.700000000000,census_block_relationship_count
129,002280,129,002280,1.000000000000,census_block_relationship_count
129,002290,129,002240,0.041666666667,census_block_relationship_count
129,002290,129,002290,0.958333333333,census_block_relationship_count
129,002300,129,002300,1.000000000000,census_block_relationship_count
129,002310,129,002310,1.000000000000,census_block_relationship_count
129,002320,129,002320,0.977960654872,census_block_relationship_count
129,002320,129,002370,0.022039345128,census_block_relationship_count
129,002330,129,002330,1.000000000000,census_block_relationship_count
129,002340,129,002310,0.001152887262,census_block_relationship_count
129,002340,129,002340,0.998847112738,census_block_relationship_count
129,002350,129,002350,1.000000000000,census_block_relationship_count
129,002360,129,002360,0.994082840237,census_block_relationship_count
129,002360,129,002380,0.005917159763,census_block_relationship_count
129,002370,129,002320,0.053466121133,census_block_relationship_count
129,002370,129,002370,0.946533878867,census_block_relationship_count
129,002380,129,002360,0.066666666667,census_block_relationship_count
129,002380,129,002380,0.933333333333,census_block_relationship_count
129,002390,129,002390,1.000000000000,census_block_relationship_count
129,002400,129,002400,1.000000000000,census_block_relationship_count
129,002410,129,002410,1.000000000000,census_block_relationship_count
129,002420,129,002420,1.000000000000,census_block_relationship_count
129,002430,129,002430,1.000000000000,census_block_relationship_count
129,002440,129,002440,1.000000000000,census_block_relationship_count
129,002450,129,002450,1.000000000000,census_block_relationship_count
129,002460,129,002460,1.000000000000,census_block_relationship_count
129,002470,129,002470,1.000000000000,census_block_relationship_count
129,002480,129,002480,1.000000000000,census_block_relationship_count
129,002490,129,002480,0.004975598393,census_block_relationship_count
129,002490,129,002490,0.995024401607,census_block_relationship_count
129,002500,129,002500,1.000000000000,census_block_relationship_count
129,002510,129,002510,0.970056969503,census_block_relationship_count
129,002510,129,002560,0.029943030497,census_block_relationship_count
129,002520,129,002520,0.977691535985,census_block_relationship_count
129,002520,129,002530,0.022308464015,census_block_relationship_count
129,002530,129,002530,1.000000000000,census_block_relationship_count
129,002540,129,002510,0.023809523810,census_block_relationship_count
129,002540,129,002540,0.941904761904,census_block_relationship_count
129,002540,129,002550,0.034285714286,census_block_relationship_count
129,002550,129,002510,0.242962832728,census_block_relationship_count
129,002550,129,002530,0.021341339217,census_block_relationship_count
129,002550,129,002540,0.013579420765,census_block_relationship_count
129,002550,129,002550,0.722116407291,census_block_relationship_count
129,002560,129,002560,1.000000000000,census_block_relationship_count
129,002570,129,002570,1.000000000000,census_block_relationship_count
129,002580,129,002580,1.000000000000,census_block_relationship_count
129,002590,129,002580,0.149227102396,census_block_relationship_count
129,002590,129,002590,0.850772897604,census_block_relationship_count
129,002600,129,002600,1.000000000000,census_block_relationship_count
129,002610,129,002610,1.000000000000,census_block_relationship_count
129,002620,129,002620,1.000000000000,census_block_relationship_count
129,002630,129,002620,0.165370282392,census_block_relationship_count
129,002630,129,002630,0.701538335928,census_block_relationship_count
129,002630,129,002650,0.133091381680,census_block_relationship_count
129,002640,129,002640,1.000000000000,census_block_relationship_count
129,002650,129,002650,1.000000000000,census_block_relationship_count
129,002660,129,002660,1.000000000000,census_block_relationship_count
129,002670,129,002670,1.000000000000,census_block_relationship_count
129,002680,129,002680,0.957302035943,census_block_relationship_count
129,002680,129,002690,0.042697964057,census_block_relationship_count
129,002690,129,002690,1.000000000000,census_block_relationship_count
129,002700,129,002700,1.000000000000,census_block_relationship_count
129,002710,129,002700,0.109752185986,census_block_relationship_count
129,002710,129,002710,0.890247814014,census_block_relationship_count
129,002720,129,002720,1.000000000000,census_block_relationship_count
129,002730,129,002730,1.000000000000,census_block_relationship_count
129,002740,129,002740,1.000000000000,census_block_relationship_count
129,002750,129,002750,0.995537697807,census_block_relationship_count
129,002750,129,002870,0.004462302193,census_block_relationship_count
129,002760,129,002760,0.971428571429,census_block_relationship_count
129,002760,129,002820,0.028571428571,census_block_relationship_count
129,002770,129,002770,1.000000000000,census_block_relationship_count
129,002780,129,002780,0.992267731376,census_block_relationship_count
129,002780,129,002830,0.007732268624,census_block_relationship_count
129,002790,129,002790,1.000000000000,census_block_relationship_count
129,002800,129,002750,0.000022963017,census_block_relationship_count
129,002800,129,002800,0.955843753523,census_block_relationship_count
129,002800,129,002870,0.044133283460,census_block_relationship_count
129,002810,129,002810,1.000000000000,census_block_relationship_count
129,002820,129,002820,1.000000000000,census_block_relationship_count
129,002830,129,002830,1.000000000000,census_block_relationship_count
129,002840,129,002840,0.958225094181,census_block_relationship_count
129,002840,129,002852,0.041774905819,census_block_relationship_count
129,002850,129,002780,0.025641025641,census_block_relationship_count
129,002850,129,002851,0.410304708742,census_block_relationship_count
129,002850,129,002852,0.564054265617,census_block_relationship_count
129,002860,129,002760,0.068965517241,census_block_relationship_count
129,002860,129,002860,0.931034482759,census_block_relationship_count
129,002870,129,002750,0.039889422170,census_block_relationship_count
129,002870,129,002870,0.960110577830,census_block_relationship_count
129,002880,129,002880,1.000000000000,census_block_relationship_count
129,002890,129,002890,1.000000000000,census_block_relationship_count
129,002900,129,002900,1.000000000000,census_block_relationship_count
129,002910,129,002910,1.000000000000,census_block_relationship_count
129,002920,129,002920,1.000000000000,census_block_relationship_count
129,002930,129,002930,1.000000000000,census_block_relationship_count
129,002940,129,002940,1.000000000000,census_block_relationship_count
129,002950,129,002950,1.000000000000,census_block_relationship_count
129,002960,129,002960,1.000000000000,census_block_relationship_count
129,002970,129,002960,0.115734800079,census_block_relationship_count
129,002970,129,002970,0.861504208395,census_block_relationship_count
129,002970,129,002990,0.022760991525,census_block_relationship_count
129,002980,129,002980,1.000000000000,census_block_relationship_count
129,002990,129,002990,1.000000000000,census_block_relationship_count
129,003000,129,003000,1.000000000000,census_block_relationship_count
129,003010,129,003010,1.000000000000,census_block_relationship_count
129,003020,129,003020,1.000000000000,census_block_relationship_count
129,003030,129,003030,1.000000000000,census_block_relationship_count
129,003040,129,003040,1.000000000000,census_block_relationship_count
129,003050,129,003050,0.928571428571,census_block_relationship_count
129,003050,129,003060,0.071428571429,census_block_relationship_count
129,003060,129,003060,1.000000000000,census_block_relationship_count
129,003070,129,003070,1.000000000000,census_block_relationship_count
131,000010,131,000010,0.998976061064,census_block_relationship_count
131,000010,131,000100,0.001023938936,census_block_relationship_count
131,000020,131,000020,0.921989171601,census_block_relationship_count
131,000020,131,000060,0.078010828399,census_block_relationship_count
131,000030,131,000030,0.998162464277,census_block_relationship_count
131,000030,131,000200,0.001837535723,census_block_relationship_count
131,000040,131,000040,1.000000000000,census_block_relationship_count
131,000050,131,000050,1.000000000000,census_block_relationship_count
131,000060,131,000060,1.000000000000,census_block_relationship_count
131,000070,131,000030,0.013487563804,census_block_relationship_count
131,000070,131,000075,0.967993917678,census_block_relationship_count
131,000070,131,000200,0.018518518519,census_block_relationship_count
131,000080,131,000075,0.941176470588,census_block_relationship_count
131,000080,131,000220,0.058823529412,census_block_relationship_count
131,000090,131,000090,1.000000000000,census_block_relationship_count
131,000100,131,000100,1.000000000000,census_block_relationship_count
131,000110,131,000110,1.000000000000,census_block_relationship_count
131,000120,131,000120,0.978275772310,census_block_relationship_count
131,000120,131,000290,0.004775075147,census_block_relationship_count
131,000120,131,000300,0.016949152542,census_block_relationship_count
131,000130,131,000130,0.993278967183,census_block_relationship_count
131,000130,131,000300,0.006721032817,census_block_relationship_count
131,000140,131,000140,1.000000000000,census_block_relationship_count
131,000150,131,000150,1.000000000000,census_block_relationship_count
131,000160,131,000160,1.000000000000,census_block_relationship_count
131,000170,131,000175,1.000000000000,census_block_relationship_count
131,000180,131,000175,1.000000000000,census_block_relationship_count
131,000190,131,000190,1.000000000000,census_block_relationship_count
131,000200,131,000030,0.015267592276,census_block_relationship_count
131,000200,131,000200,0.984732407724,census_block_relationship_count
131,000210,131,000210,1.000000000000,census_block_relationship_count
131,000220,131,000220,1.000000000000,census_block_relationship_count
131,000230,131,000230,1.000000000000,census_block_relationship_count
131,000240,131,000240,0.942687147160,census_block_relationship_count
131,000240,131,000270,0.037735849057,census_block_relationship_count
131,000240,131,000290,0.019577003783,census_block_relationship_count
131,000250,131,000250,0.935761787726,census_block_relationship_count
131,000250,131,000260,0.006698531209,census_block_relationship_count
131,000250,131,000280,0.057539681066,census_block_relationship_count
131,000260,131,000250,0.054905803786,census_block_relationship_count
131,000260,131,000260,0.890551884061,census_block_relationship_count
131,000260,131,000270,0.054362080743,census_block_relationship_count
131,000260,131,000280,0.000180231410,census_block_relationship_count
131,000270,131,000260,0.142857142857,census_block_relationship_count
131,000270,131,000270,0.857142857143,census_block_relationship_count
131,000280,131,000250,0.048997770173,census_block_relationship_count
131,000280,131,000280,0.951002229827,census_block_relationship_count
131,000290,131,000120,0.003664225852,census_block_relationship_count
131,000290,131,000290,0.996335774148,census_block_relationship_count
131,000300,131,000010,0.020670157174,census_block_relationship_count
131,000300,131,000300,0.979329842826,census_block_relationship_count
133,000010,133,000010,1.000000000000,census_block_relationship_count
133,000020,133,000020,1.000000000000,census_block_relationship_count
133,000030,133,000030,0.986111111111,census_block_relationship_count
133,000030,133,000040,0.013888888889,census_block_relationship_count
133,000040,133,000040,1.000000000000,census_block_relationship_count
133,000050,133,000050,0.983050847458,census_block_relationship_count
133,000050,133,000060,0.016949152542,census_block_relationship_count
133,000060,133,000060,1.000000000000,census_block_relationship_count
133,000070,133,000070,1.000000000000,census_block_relationship_count
133,000080,133,000080,1.000000000000,census_block_relationship_count
133,000090,133,000090,1.000000000000,census_block_relationship_count
133,000100,133,000100,0.882352941176,census_block_relationship_count
133,000100,133,000728,0.117647058824,census_block_relationship_count
133,000110,133,000110,1.000000000000,census_block_relationship_count
133,000120,133,000120,1.000000000000,census_block_relationship_count
133,000130,133,000130,1.000000000000,census_block_relationship_count
133,000140,133,000010,0.000043786408,census_block_relationship_count
133,000140,133,000140,0.999956213592,census_block_relationship_count
133,000155,133,000155,1.000000000000,census_block_relationship_count
133,000160,133,000160,1.000000000000,census_block_relationship_count
133,000170,133,000170,1.000000000000,census_block_relationship_count
133,000175,133,000175,1.000000000000,census_block_relationship_count
133,000180,133,000180,1.000000000000,census_block_relationship_count
133,000190,133,000190,0.983333333333,census_block_relationship_count
133,000190,133,000410,0.016666666667,census_block_relationship_count
133,000200,133,000200,1.000000000000,census_block_relationship_count
133,000210,133,000210,1.000000000000,census_block_relationship_count
133,000220,133,000220,0.982758620690,census_block_relationship_count
133,000220,133,000245,0.017241379310,census_block_relationship_count
133,000235,133,000235,1.000000000000,census_block_relationship_count
133,000240,133,000240,1.000000000000,census_block_relationship_count
133,000245,133,000245,1.000000000000,census_block_relationship_count
133,000250,133,000250,1.000000000000,census_block_relationship_count
133,000260,133,000260,1.000000000000,census_block_relationship_count
133,000270,133,000270,1.000000000000,census_block_relationship_count
133,000280,133,000280,0.990860432191,census_block_relationship_count
133,000280,133,000290,0.009139567809,census_block_relationship_count
133,000290,133,000280,0.000127055343,census_block_relationship_count
133,000290,133,000290,0.999872944657,census_block_relationship_count
133,000300,133,000300,1.000000000000,census_block_relationship_count
133,000310,133,000310,1.000000000000,census_block_relationship_count
133,000320,133,000320,0.979884883793,census_block_relationship_count
133,000320,133,000390,0.001202509817,census_block_relationship_count
133,000320,133,000400,0.018912606391,census_block_relationship_count
133,000330,133,000330,1.000000000000,census_block_relationship_count
133,000340,133,000340,1.000000000000,census_block_relationship_count
133,000350,133,000350,1.000000000000,census_block_relationship_count
133,000360,133,000360,1.000000000000,census_block_relationship_count
133,000370,133,000370,1.000000000000,census_block_relationship_count
133,000380,133,000380,1.000000000000,census_block_relationship_count
133,000390,133,000320,0.014546590711,census_block_relationship_count
133,000390,133,000390,0.985453409289,census_block_relationship_count
133,000400,133,000320,0.010667005917,census_block_relationship_count
133,000400,133,000400,0.984686429434,census_block_relationship_count
133,000400,133,001160,0.002989908093,census_block_relationship_count
133,000400,133,001170,0.001656656555,census_block_relationship_count
133,000410,133,000410,1.000000000000,census_block_relationship_count
133,000420,133,000420,1.000000000000,census_block_relationship_count
133,000430,133,000430,1.000000000000,census_block_relationship_count
133,000440,133,000440,0.979009436546,census_block_relationship_count
133,000440,133,000950,0.020990563454,census_block_relationship_count
133,000450,133,000450,1.000000000000,census_block_relationship_count
133,000460,133,000460,1.000000000000,census_block_relationship_count
133,000470,133,000470,1.000000000000,census_block_relationship_count
133,000480,133,000480,1.000000000000,census_block_relationship_count
133,000490,133,000490,1.000000000000,census_block_relationship_count
133,000500,133,000500,1.000000000000,census_block_relationship_count
133,000510,133,000510,0.999852731269,census_block_relationship_count
133,000510,133,000520,0.000147268731,census_block_relationship_count
133,000520,133,000520,1.000000000000,census_block_relationship_count
133,000531,133,000531,1.000000000000,census_block_relationship_count
133,000533,133,000533,0.984615384615,census_block_relationship_count
133,000533,133,000675,0.015384615385,census_block_relationship_count
133,000536,133,000200,0.000024102159,census_block_relationship_count
133,000536,133,000536,0.999975897841,census_block_relationship_count
133,000539,133,000539,1.000000000000,census_block_relationship_count
133,000541,133,000541,1.000000000000,census_block_relationship_count
133,000543,133,000543,1.000000000000,census_block_relationship_count
133,000546,133,000546,1.000000000000,census_block_relationship_count
133,000550,133,000200,0.024691358025,census_block_relationship_count
133,000550,133,000550,0.975308641975,census_block_relationship_count
133,000560,133,000560,1.000000000000,census_block_relationship_count
133,000570,133,000570,1.000000000000,census_block_relationship_count
133,000580,133,000580,1.000000000000,census_block_relationship_count
133,000590,133,000590,1.000000000000,census_block_relationship_count
133,000600,133,000600,1.000000000000,census_block_relationship_count
133,000610,133,000610,1.000000000000,census_block_relationship_count
133,000620,133,000620,1.000000000000,census_block_relationship_count
133,000630,133,000630,1.000000000000,census_block_relationship_count
133,000640,133,000640,1.000000000000,census_block_relationship_count
133,000650,133,000650,1.000000000000,census_block_relationship_count
133,000660,133,000410,0.008547008547,census_block_relationship_count
133,000660,133,000660,0.991452991453,census_block_relationship_count
133,000675,133,000675,0.987804878049,census_block_relationship_count
133,000675,133,001230,0.012195121951,census_block_relationship_count
133,000690,133,000690,1.000000000000,census_block_relationship_count
133,000700,133,000700,1.000000000000,census_block_relationship_count
133,000707,133,000707,1.000000000000,census_block_relationship_count
133,000714,133,000714,1.000000000000,census_block_relationship_count
133,000721,133,000721,0.988764044944,census_block_relationship_count
133,000721,133,000728,0.011235955056,census_block_relationship_count
133,000728,133,000721,0.000011261134,census_block_relationship_count
133,000728,133,000728,0.999988738866,census_block_relationship_count
133,000730,133,000730,1.000000000000,census_block_relationship_count
133,000740,133,000740,1.000000000000,census_block_relationship_count
133,000750,133,000750,1.000000000000,census_block_relationship_count
133,000760,133,000760,1.000000000000,census_block_relationship_count
133,000770,133,000770,1.000000000000,census_block_relationship_count
133,000780,133,000780,1.000000000000,census_block_relationship_count
133,000790,133,000790,1.000000000000,census_block_relationship_count
133,000800,133,000800,1.000000000000,census_block_relationship_count
133,000810,133,000810,1.000000000000,census_block_relationship_count
133,000820,133,000820,1.000000000000,census_block_relationship_count
133,000830,133,000830,1.000000000000,census_block_relationship_count
133,000840,133,000840,1.000000000000,census_block_relationship_count
133,000850,133,000850,1.000000000000,census_block_relationship_count
133,000860,133,000860,1.000000000000,census_block_relationship_count
133,000870,133,000870,1.000000000000,census_block_relationship_count
133,000880,133,000880,1.000000000000,census_block_relationship_count
133,000890,133,000890,1.000000000000,census_block_relationship_count
133,000900,133,000900,1.000000000000,census_block_relationship_count
133,000910,133,000910,1.000000000000,census_block_relationship_count
133,000920,133,000920,0.998401946139,census_block_relationship_count
133,000920,133,000940,0.001598053861,census_block_relationship_count
133,000930,133,000930,1.000000000000,census_block_relationship_count
133,000940,133,000940,1.000000000000,census_block_relationship_count
133,000950,133,000440,0.006391789308,census_block_relationship_count
133,000950,133,000470,0.000377003549,census_block_relationship_count
133,000950,133,000950,0.993231207143,census_block_relationship_count
133,000960,133,000960,1.000000000000,census_block_relationship_count
133,000970,133,000970,1.000000000000,census_block_relationship_count
133,000980,133,000980,1.000000000000,census_block_relationship_count
133,000990,133,000990,1.000000000000,census_block_relationship_count
133,001000,133,001000,1.000000000000,census_block_relationship_count
133,001010,133,001010,1.000000000000,census_block_relationship_count
133,001020,133,001020,1.000000000000,census_block_relationship_count
133,001030,133,001030,1.000000000000,census_block_relationship_count
133,001040,133,001040,1.000000000000,census_block_relationship_count
133,001050,133,001054,0.195000000000,census_block_relationship_count
133,001050,133,001058,0.350000000000,census_block_relationship_count
133,001050,133,001062,0.455000000000,census_block_relationship_count
133,001065,133,001065,1.000000000000,census_block_relationship_count
133,001075,133,001075,1.000000000000,census_block_relationship_count
133,001100,133,001100,1.000000000000,census_block_relationship_count
133,001110,133,001110,1.000000000000,census_block_relationship_count
133,001120,133,001120,1.000000000000,census_block_relationship_count
133,001130,133,001130,1.000000000000,census_block_relationship_count
133,001140,133,001140,1.000000000000,census_block_relationship_count
133,001150,133,001150,1.000000000000,census_block_relationship_count
133,001160,133,000400,0.004208842274,census_block_relationship_count
133,001160,133,001160,0.995791157726,census_block_relationship_count
133,001170,133,001170,1.000000000000,census_block_relationship_count
133,001180,133,000400,0.029609971664,census_block_relationship_count
133,001180,133,001180,0.970390028336,census_block_relationship_count
133,001190,133,000120,0.051238836154,census_block_relationship_count
133,001190,133,001190,0.944469734328,census_block_relationship_count
133,001190,133,001399,0.000020663210,census_block_relationship_count
133,001190,133,001427,0.001868063816,census_block_relationship_count
133,001190,133,001428,0.002402702492,census_block_relationship_count
133,001200,133,001200,0.999325553962,census_block_relationship_count
133,001200,133,001220,0.000274412494,census_block_relationship_count
133,001200,133,001300,0.000400033544,census_block_relationship_count
133,001210,133,001210,0.990740740741,census_block_relationship_count
133,001210,133,001330,0.009259259259,census_block_relationship_count
133,001220,133,001220,0.999840956416,census_block_relationship_count
133,001220,133,001300,0.000159043584,census_block_relationship_count
133,001230,133,001230,1.000000000000,census_block_relationship_count
133,001240,133,001240,1.000000000000,census_block_relationship_count
133,001250,133,001250,1.000000000000,census_block_relationship_count
133,001260,133,001260,1.000000000000,census_block_relationship_count
133,001275,133,001210,0.011235955056,census_block_relationship_count
133,001275,133,001275,0.988764044944,census_block_relationship_count
133,001290,133,001290,1.000000000000,census_block_relationship_count
133,001300,133,001300,1.000000000000,census_block_relationship_count
133,001310,133,001310,1.000000000000,census_block_relationship_count
133,001320,133,001320,1.000000000000,census_block_relationship_count
133,001330,133,001210,0.004598821155,census_block_relationship_count
133,001330,133,001330,0.995401178845,census_block_relationship_count
133,001340,133,001340,1.000000000000,census_block_relationship_count
133,001350,133,001350,1.000000000000,census_block_relationship_count
133,001360,133,001360,1.000000000000,census_block_relationship_count
133,001370,133,001370,1.000000000000,census_block_relationship_count
133,001383,133,001383,1.000000000000,census_block_relationship_count
133,001386,133,001386,1.000000000000,census_block_relationship_count
133,001389,133,001389,1.000000000000,census_block_relationship_count
133,001393,133,001393,1.000000000000,census_block_relationship_count
133,001396,133,001396,1.000000000000,census_block_relationship_count
133,001399,133,000760,0.001947690740,census_block_relationship_count
133,001399,133,001399,0.998052309260,census_block_relationship_count
133,001403,133,001403,1.000000000000,census_block_relationship_count
133,001406,133,001406,1.000000000000,census_block_relationship_count
133,001409,133,001409,1.000000000000,census_block_relationship_count
133,001413,133,001413,1.000000000000,census_block_relationship_count
133,001416,133,001416,1.000000000000,census_block_relationship_count
133,001419,133,001419,1.000000000000,census_block_relationship_count
133,001423,133,001423,1.000000000000,census_block_relationship_count
133,001426,133,001426,1.000000000000,census_block_relationship_count
133,001429,133,001190,0.022256700321,census_block_relationship_count
133,001429,133,001427,0.727743299679,census_block_relationship_count
133,001429,133,001428,0.250000000000,census_block_relationship_count
133,001430,133,001430,1.000000000000,census_block_relationship_count
133,001440,133,001440,1.000000000000,census_block_relationship_count
