countyfp,vtd20,current_countyfp,current_vtd,current_precinct_norm,weight,method
001,000010,001,001010,ADAMS - 001010,1.000000000000,vtd20_identity
001,000020,001,001020,ADAMS - 001020,1.000000000000,vtd20_identity
001,000030,001,001030,ADAMS - 001030,1.000000000000,vtd20_identity
001,000040,001,001260,ADAMS - 001260,0.020408163265,census_block_count
001,000040,001,001040,ADAMS - 001040,0.959183673469,census_block_count
001,000040,001,001010,ADAMS - 001010,0.020408163265,census_block_count
001,000050,001,001050,ADAMS - 001050,1.000000000000,vtd20_identity
001,000060,001,001060,ADAMS - 001060,1.000000000000,vtd20_identity
001,000070,001,001070,ADAMS - 001070,1.000000000000,vtd20_identity
001,000078,001,001320,ADAMS - 001320,0.016129032258,census_block_count
001,000078,001,001080,ADAMS - 001080,0.983870967742,census_block_count
001,000082,001,001080,ADAMS - 001080,1.000000000000,vtd20_identity
001,000090,001,001090,ADAMS - 001090,1.000000000000,vtd20_identity
001,000100,001,001100,ADAMS - 001100,1.000000000000,vtd20_identity
001,000110,001,001110,ADAMS - 001110,1.000000000000,vtd20_identity
001,000120,001,001120,ADAMS - 001120,1.000000000000,vtd20_identity
001,000130,001,001130,ADAMS - 001130,1.000000000000,vtd20_identity
001,000140,001,001140,ADAMS - 001140,1.000000000000,vtd20_identity
001,000150,001,001150,ADAMS - 001150,1.000000000000,vtd20_identity
001,000160,001,001160,ADAMS - 001160,1.000000000000,vtd20_identity
001,000170,001,001170,ADAMS - 001170,1.000000000000,vtd20_identity
001,000180,001,001180,ADAMS - 001180,1.000000000000,vtd20_identity
001,000190,001,001190,ADAMS - 001190,1.000000000000,vtd20_identity
001,000200,001,001200,ADAMS - 001200,1.000000000000,vtd20_identity
001,000210,001,001120,ADAMS - 001120,0.011111111111,census_block_count
001,000210,001,001250,ADAMS - 001250,0.011111111111,census_block_count
001,000210,001,001220,ADAMS - 001220,0.633333333333,census_block_count
001,000210,001,001210,ADAMS - 001210,0.344444444444,census_block_count
001,000230,001,001230,ADAMS - 001230,1.000000000000,vtd20_identity
001,000240,001,001120,ADAMS - 001120,0.025641025641,census_block_count
001,000240,001,001250,ADAMS - 001250,0.512820512821,census_block_count
001,000240,001,001240,ADAMS - 001240,0.423076923077,census_block_count
001,000240,001,001140,ADAMS - 001140,0.038461538462,census_block_count
001,000260,001,001260,ADAMS - 001260,1.000000000000,vtd20_identity
001,000270,001,001270,ADAMS - 001270,1.000000000000,vtd20_identity
001,000280,001,001280,ADAMS - 001280,1.000000000000,vtd20_identity
001,000290,001,001300,ADAMS - 001300,0.268115942029,census_block_count
001,000290,001,001310,ADAMS - 001310,0.036231884058,census_block_count
001,000290,001,001290,ADAMS - 001290,0.688405797101,census_block_count
001,000290,001,001460,ADAMS - 001460,0.007246376812,census_block_count
001,000310,001,001310,ADAMS - 001310,1.000000000000,vtd20_identity
001,000320,001,001320,ADAMS - 001320,0.946666666667,census_block_count
001,000320,001,001080,ADAMS - 001080,0.053333333333,census_block_count
001,000330,001,001330,ADAMS - 001330,1.000000000000,vtd20_identity
001,000340,001,001340,ADAMS - 001340,1.000000000000,vtd20_identity
001,000350,001,001350,ADAMS - 001350,1.000000000000,vtd20_identity
001,000360,001,001360,ADAMS - 001360,1.000000000000,vtd20_identity
001,000370,001,001370,ADAMS - 001370,1.000000000000,vtd20_identity
001,000380,001,001380,ADAMS - 001380,1.000000000000,vtd20_identity
001,000385,001,001385,ADAMS - 001385,1.000000000000,vtd20_identity
001,000390,001,001390,ADAMS - 001390,1.000000000000,vtd20_identity
001,000400,001,001400,ADAMS - 001400,1.000000000000,vtd20_identity
001,000410,001,001410,ADAMS - 001410,1.000000000000,vtd20_identity
001,000425,001,001425,ADAMS - 001425,1.000000000000,vtd20_identity
001,000427,001,001427,ADAMS - 001427,1.000000000000,vtd20_identity
001,000432,001,001430,ADAMS - 001430,1.000000000000,vtd20_identity
001,000434,001,001435,ADAMS - 001435,1.000000000000,vtd20_identity
001,000436,001,001430,ADAMS - 001430,1.000000000000,census_block_count
001,000440,001,001440,ADAMS - 001440,1.000000000000,vtd20_identity
001,000450,001,001450,ADAMS - 001450,1.000000000000,vtd20_identity
001,000460,001,001460,ADAMS - 001460,1.000000000000,vtd20_identity
001,000480,001,001480,ADAMS - 001480,1.000000000000,vtd20_identity
001,000490,001,001490,ADAMS - 001490,1.000000000000,vtd20_identity
003,000010,003,003010,ALLEGHENY - 003010,1.000000000000,vtd20_identity
003,000021,003,003021,ALLEGHENY - 003021,1.000000000000,vtd20_identity
003,000031,003,003031,ALLEGHENY - 003031,1.000000000000,vtd20_identity
003,000050,003,003050,ALLEGHENY - 003050,1.000000000000,vtd20_identity
003,000061,003,003061,ALLEGHENY - 003061,1.000000000000,vtd20_identity
003,000081,003,003081,ALLEGHENY - 003081,1.000000000000,vtd20_identity
003,000091,003,003091,ALLEGHENY - 003091,1.000000000000,vtd20_identity
003,000101,003,003101,ALLEGHENY - 003101,1.000000000000,vtd20_identity
003,000111,003,003111,ALLEGHENY - 003111,1.000000000000,vtd20_identity
003,000121,003,003121,ALLEGHENY - 003121,1.000000000000,vtd20_identity
003,000130,003,003130,ALLEGHENY - 003130,1.000000000000,vtd20_identity
003,000140,003,003140,ALLEGHENY - 003140,1.000000000000,vtd20_identity
003,000151,003,003151,ALLEGHENY - 003151,1.000000000000,census_block_count
003,000161,003,003161,ALLEGHENY - 003161,1.000000000000,vtd20_identity
003,000171,003,003171,ALLEGHENY - 003171,1.000000000000,vtd20_identity
003,000181,003,003181,ALLEGHENY - 003181,1.000000000000,vtd20_identity
003,000191,003,003191,ALLEGHENY - 003191,1.000000000000,vtd20_identity
003,000201,003,003201,ALLEGHENY - 003201,1.000000000000,vtd20_identity
003,000211,003,003211,ALLEGHENY - 003211,1.000000000000,vtd20_identity
003,000221,003,003221,ALLEGHENY - 003221,1.000000000000,vtd20_identity
003,000225,003,003225,ALLEGHENY - 003225,1.000000000000,vtd20_identity
003,000231,003,003231,ALLEGHENY - 003231,1.000000000000,vtd20_identity
003,000235,003,003235,ALLEGHENY - 003235,0.777777777778,census_block_count
003,000235,003,003191,ALLEGHENY - 003191,0.222222222222,census_block_count
003,000261,003,003261,ALLEGHENY - 003261,1.000000000000,vtd20_identity
003,000271,003,003271,ALLEGHENY - 003271,1.000000000000,vtd20_identity
003,000281,003,003281,ALLEGHENY - 003281,1.000000000000,vtd20_identity
003,000291,003,003291,ALLEGHENY - 003291,1.000000000000,vtd20_identity
003,000295,003,003295,ALLEGHENY - 003295,1.000000000000,vtd20_identity
003,000301,003,003301,ALLEGHENY - 003301,1.000000000000,vtd20_identity
003,000305,003,003305,ALLEGHENY - 003305,1.000000000000,vtd20_identity
003,000310,003,003310,ALLEGHENY - 003310,1.000000000000,vtd20_identity
003,000321,003,003321,ALLEGHENY - 003321,1.000000000000,vtd20_identity
003,000331,003,003331,ALLEGHENY - 003331,1.000000000000,vtd20_identity
003,000351,003,003351,ALLEGHENY - 003351,1.000000000000,vtd20_identity
003,000361,003,003361,ALLEGHENY - 003361,1.000000000000,vtd20_identity
003,000371,003,003371,ALLEGHENY - 003371,1.000000000000,vtd20_identity
003,000381,003,003381,ALLEGHENY - 003381,1.000000000000,vtd20_identity
003,000400,003,003400,ALLEGHENY - 003400,1.000000000000,vtd20_identity
003,000411,003,003411,ALLEGHENY - 003411,1.000000000000,vtd20_identity
003,000430,003,003430,ALLEGHENY - 003430,1.000000000000,vtd20_identity
003,000441,003,003441,ALLEGHENY - 003441,0.850000000000,census_block_count
003,000441,003,003452,ALLEGHENY - 003452,0.100000000000,census_block_count
003,000441,003,003466,ALLEGHENY - 003466,0.050000000000,census_block_count
003,000446,003,003446,ALLEGHENY - 003446,1.000000000000,vtd20_identity
003,000452,003,003452,ALLEGHENY - 003452,1.000000000000,vtd20_identity
003,000461,003,003461,ALLEGHENY - 003461,1.000000000000,vtd20_identity
003,000466,003,003466,ALLEGHENY - 003466,1.000000000000,vtd20_identity
003,000472,003,003472,ALLEGHENY - 003472,1.000000000000,vtd20_identity
003,000481,003,003481,ALLEGHENY - 003481,1.000000000000,vtd20_identity
003,000486,003,003486,ALLEGHENY - 003486,1.000000000000,vtd20_identity
003,000493,003,003493,ALLEGHENY - 003493,1.000000000000,vtd20_identity
003,000501,003,003501,ALLEGHENY - 003501,1.000000000000,vtd20_identity
003,000511,003,003511,ALLEGHENY - 003511,1.000000000000,vtd20_identity
003,000522,003,003522,ALLEGHENY - 003522,0.736842105263,census_block_count
003,000522,003,003441,ALLEGHENY - 003441,0.210526315789,census_block_count
003,000522,003,003452,ALLEGHENY - 003452,0.052631578947,census_block_count
003,000530,003,003530,ALLEGHENY - 003530,1.000000000000,vtd20_identity
003,000540,003,003540,ALLEGHENY - 003540,1.000000000000,vtd20_identity
003,000542,003,003542,ALLEGHENY - 003542,1.000000000000,vtd20_identity
003,000551,003,003551,ALLEGHENY - 003551,1.000000000000,vtd20_identity
003,000562,003,003562,ALLEGHENY - 003562,1.000000000000,vtd20_identity
003,000565,003,003565,ALLEGHENY - 003565,1.000000000000,vtd20_identity
003,000571,003,003571,ALLEGHENY - 003571,1.000000000000,vtd20_identity
003,000576,003,003576,ALLEGHENY - 003576,1.000000000000,vtd20_identity
003,000582,003,003582,ALLEGHENY - 003582,1.000000000000,vtd20_identity
003,000591,003,003591,ALLEGHENY - 003591,1.000000000000,vtd20_identity
003,000596,003,003596,ALLEGHENY - 003596,1.000000000000,vtd20_identity
003,000602,003,003602,ALLEGHENY - 003602,1.000000000000,vtd20_identity
003,000603,003,003603,ALLEGHENY - 003603,1.000000000000,vtd20_identity
003,000623,003,003623,ALLEGHENY - 003623,1.000000000000,vtd20_identity
003,000624,003,003624,ALLEGHENY - 003624,1.000000000000,vtd20_identity
003,000625,003,003625,ALLEGHENY - 003625,1.000000000000,vtd20_identity
003,000631,003,003631,ALLEGHENY - 003631,1.000000000000,vtd20_identity
003,000650,003,003650,ALLEGHENY - 003650,1.000000000000,vtd20_identity
003,000660,003,003660,ALLEGHENY - 003660,1.000000000000,vtd20_identity
003,000670,003,003670,ALLEGHENY - 003670,1.000000000000,vtd20_identity
003,000711,003,003711,ALLEGHENY - 003711,1.000000000000,vtd20_identity
003,000720,003,003720,ALLEGHENY - 003720,1.000000000000,vtd20_identity
003,000721,003,003721,ALLEGHENY - 003721,1.000000000000,vtd20_identity
003,000750,003,003750,ALLEGHENY - 003750,1.000000000000,vtd20_identity
003,000760,003,003760,ALLEGHENY - 003760,1.000000000000,vtd20_identity
003,000770,003,003770,ALLEGHENY - 003770,1.000000000000,vtd20_identity
003,000781,003,003781,ALLEGHENY - 003781,1.000000000000,vtd20_identity
003,000791,003,003791,ALLEGHENY - 003791,1.000000000000,vtd20_identity
003,000801,003,003801,ALLEGHENY - 003801,1.000000000000,vtd20_identity
003,000811,003,003811,ALLEGHENY - 003811,1.000000000000,vtd20_identity
003,000821,003,003821,ALLEGHENY - 003821,1.000000000000,vtd20_identity
003,000831,003,003831,ALLEGHENY - 003831,1.000000000000,vtd20_identity
003,000841,003,003841,ALLEGHENY - 003841,1.000000000000,vtd20_identity
003,000851,003,003851,ALLEGHENY - 003851,1.000000000000,vtd20_identity
003,000861,003,003861,ALLEGHENY - 003861,1.000000000000,vtd20_identity
003,000865,003,003865,ALLEGHENY - 003865,1.000000000000,vtd20_identity
003,000871,003,003871,ALLEGHENY - 003871,1.000000000000,vtd20_identity
003,000881,003,003881,ALLEGHENY - 003881,1.000000000000,vtd20_identity
003,000891,003,003891,ALLEGHENY - 003891,1.000000000000,vtd20_identity
003,000901,003,003901,ALLEGHENY - 003901,1.000000000000,vtd20_identity
003,000920,003,003920,ALLEGHENY - 003920,1.000000000000,vtd20_identity
003,000930,003,003930,ALLEGHENY - 003930,1.000000000000,vtd20_identity
003,000940,003,003940,ALLEGHENY - 003940,1.000000000000,vtd20_identity
003,000950,003,003950,ALLEGHENY - 003950,1.000000000000,vtd20_identity
003,000961,003,003961,ALLEGHENY - 003961,1.000000000000,vtd20_identity
003,000980,003,003980,ALLEGHENY - 003980,1.000000000000,vtd20_identity
003,000990,003,003990,ALLEGHENY - 003990,1.000000000000,vtd20_identity
003,001000,003,0031000,ALLEGHENY - 0031000,1.000000000000,vtd20_identity
003,001011,003,0031011,ALLEGHENY - 0031011,1.000000000000,vtd20_identity
003,001021,003,0031021,ALLEGHENY - 0031021,0.948717948718,census_block_count
003,001021,003,003130,ALLEGHENY - 003130,0.051282051282,census_block_count
003,001031,003,0031031,ALLEGHENY - 0031031,1.000000000000,vtd20_identity
003,001041,003,0031041,ALLEGHENY - 0031041,1.000000000000,vtd20_identity
003,001051,003,0031051,ALLEGHENY - 0031051,1.000000000000,vtd20_identity
003,001061,003,0031061,ALLEGHENY - 0031061,1.000000000000,vtd20_identity
003,001068,003,0031068,ALLEGHENY - 0031068,1.000000000000,vtd20_identity
003,001073,003,0031073,ALLEGHENY - 0031073,1.000000000000,vtd20_identity
003,001080,003,0031080,ALLEGHENY - 0031080,1.000000000000,vtd20_identity
003,001091,003,0031091,ALLEGHENY - 0031091,1.000000000000,vtd20_identity
003,001101,003,0031101,ALLEGHENY - 0031101,1.000000000000,vtd20_identity
003,001110,003,0031110,ALLEGHENY - 0031110,1.000000000000,vtd20_identity
003,001120,003,0031120,ALLEGHENY - 0031120,1.000000000000,vtd20_identity
003,001130,003,0031130,ALLEGHENY - 0031130,1.000000000000,vtd20_identity
003,001140,003,0031140,ALLEGHENY - 0031140,1.000000000000,vtd20_identity
003,001150,003,0031150,ALLEGHENY - 0031150,1.000000000000,vtd20_identity
003,001160,003,0031160,ALLEGHENY - 0031160,1.000000000000,vtd20_identity
003,001170,003,0031170,ALLEGHENY - 0031170,1.000000000000,vtd20_identity
003,001180,003,0031180,ALLEGHENY - 0031180,1.000000000000,vtd20_identity
003,001190,003,0031190,ALLEGHENY - 0031190,1.000000000000,vtd20_identity
003,001200,003,0031200,ALLEGHENY - 0031200,1.000000000000,vtd20_identity
003,001210,003,0031210,ALLEGHENY - 0031210,1.000000000000,vtd20_identity
003,001220,003,0031220,ALLEGHENY - 0031220,1.000000000000,vtd20_identity
003,001230,003,0031230,ALLEGHENY - 0031230,1.000000000000,vtd20_identity
003,001240,003,0031240,ALLEGHENY - 0031240,1.000000000000,vtd20_identity
003,001250,003,0031250,ALLEGHENY - 0031250,1.000000000000,vtd20_identity
003,001260,003,0031260,ALLEGHENY - 0031260,1.000000000000,vtd20_identity
003,001282,003,0031281,ALLEGHENY - 0031281,1.000000000000,vtd20_identity
003,001292,003,0031290,ALLEGHENY - 0031290,1.000000000000,vtd20_identity
003,001302,003,0031300,ALLEGHENY - 0031300,1.000000000000,vtd20_identity
003,001322,003,0031320,ALLEGHENY - 0031320,1.000000000000,vtd20_identity
003,001324,003,0031281,ALLEGHENY - 0031281,0.923076923077,census_block_count
003,001324,003,003F401,ALLEGHENY - 003F401,0.076923076923,census_block_count
003,001326,003,0031300,ALLEGHENY - 0031300,0.424242424242,census_block_count
003,001326,003,003920,ALLEGHENY - 003920,0.030303030303,census_block_count
003,001326,003,0031281,ALLEGHENY - 0031281,0.515151515152,census_block_count
003,001326,003,0031290,ALLEGHENY - 0031290,0.030303030303,census_block_count
003,001331,003,0031331,ALLEGHENY - 0031331,1.000000000000,vtd20_identity
003,001341,003,0031341,ALLEGHENY - 0031341,1.000000000000,vtd20_identity
003,001351,003,0031351,ALLEGHENY - 0031351,1.000000000000,vtd20_identity
003,001371,003,0031371,ALLEGHENY - 0031371,1.000000000000,vtd20_identity
003,001381,003,0031381,ALLEGHENY - 0031381,1.000000000000,vtd20_identity
003,001390,003,0031390,ALLEGHENY - 0031390,1.000000000000,vtd20_identity
003,001400,003,0031400,ALLEGHENY - 0031400,1.000000000000,vtd20_identity
003,001411,003,0031411,ALLEGHENY - 0031411,1.000000000000,vtd20_identity
003,001420,003,0031420,ALLEGHENY - 0031420,1.000000000000,vtd20_identity
003,001440,003,0031440,ALLEGHENY - 0031440,1.000000000000,vtd20_identity
003,001451,003,0031451,ALLEGHENY - 0031451,1.000000000000,vtd20_identity
003,001471,003,0031471,ALLEGHENY - 0031471,1.000000000000,vtd20_identity
003,001490,003,0031490,ALLEGHENY - 0031490,1.000000000000,vtd20_identity
003,001500,003,0031500,ALLEGHENY - 0031500,1.000000000000,vtd20_identity
003,001510,003,0031510,ALLEGHENY - 0031510,1.000000000000,vtd20_identity
003,001520,003,0031520,ALLEGHENY - 0031520,1.000000000000,vtd20_identity
003,001541,003,0031541,ALLEGHENY - 0031541,1.000000000000,vtd20_identity
003,001550,003,0031550,ALLEGHENY - 0031550,1.000000000000,vtd20_identity
003,001561,003,0031561,ALLEGHENY - 0031561,1.000000000000,vtd20_identity
003,001570,003,0031570,ALLEGHENY - 0031570,1.000000000000,vtd20_identity
003,001580,003,0031580,ALLEGHENY - 0031580,1.000000000000,vtd20_identity
003,001590,003,0031590,ALLEGHENY - 0031590,1.000000000000,vtd20_identity
003,001600,003,0031600,ALLEGHENY - 0031600,1.000000000000,vtd20_identity
003,001610,003,0031610,ALLEGHENY - 0031610,1.000000000000,vtd20_identity
003,001630,003,0031630,ALLEGHENY - 0031630,1.000000000000,vtd20_identity
003,001641,003,0031641,ALLEGHENY - 0031641,1.000000000000,vtd20_identity
003,001660,003,0031660,ALLEGHENY - 0031660,1.000000000000,vtd20_identity
003,001670,003,0031670,ALLEGHENY - 0031670,1.000000000000,vtd20_identity
003,001680,003,0031680,ALLEGHENY - 0031680,1.000000000000,vtd20_identity
003,001690,003,0031690,ALLEGHENY - 0031690,1.000000000000,vtd20_identity
003,001700,003,0031700,ALLEGHENY - 0031700,1.000000000000,vtd20_identity
003,001710,003,0031710,ALLEGHENY - 0031710,1.000000000000,vtd20_identity
003,001730,003,0031730,ALLEGHENY - 0031730,1.000000000000,vtd20_identity
003,001740,003,0031740,ALLEGHENY - 0031740,1.000000000000,vtd20_identity
003,001750,003,0031750,ALLEGHENY - 0031750,1.000000000000,vtd20_identity
003,001770,003,0031770,ALLEGHENY - 0031770,1.000000000000,vtd20_identity
003,001780,003,0031780,ALLEGHENY - 0031780,1.000000000000,vtd20_identity
003,001790,003,0031790,ALLEGHENY - 0031790,1.000000000000,vtd20_identity
003,001811,003,0031811,ALLEGHENY - 0031811,1.000000000000,vtd20_identity
003,001831,003,0031831,ALLEGHENY - 0031831,1.000000000000,vtd20_identity
003,001850,003,0031850,ALLEGHENY - 0031850,1.000000000000,vtd20_identity
003,001860,003,0031860,ALLEGHENY - 0031860,1.000000000000,vtd20_identity
003,001870,003,0031870,ALLEGHENY - 0031870,1.000000000000,vtd20_identity
003,001880,003,0031880,ALLEGHENY - 0031880,1.000000000000,vtd20_identity
003,001890,003,0031890,ALLEGHENY - 0031890,1.000000000000,vtd20_identity
003,001901,003,0031901,ALLEGHENY - 0031901,1.000000000000,vtd20_identity
003,001921,003,0031921,ALLEGHENY - 0031921,1.000000000000,vtd20_identity
003,001931,003,0031931,ALLEGHENY - 0031931,1.000000000000,vtd20_identity
003,001941,003,0031941,ALLEGHENY - 0031941,1.000000000000,vtd20_identity
003,001960,003,0031960,ALLEGHENY - 0031960,1.000000000000,vtd20_identity
003,001970,003,0031970,ALLEGHENY - 0031970,1.000000000000,vtd20_identity
003,001980,003,0031980,ALLEGHENY - 0031980,1.000000000000,vtd20_identity
003,001981,003,0032040,ALLEGHENY - 0032040,1.000000000000,vtd20_identity
003,001990,003,0032030,ALLEGHENY - 0032030,1.000000000000,vtd20_identity
003,001998,003,0032000,ALLEGHENY - 0032000,0.137254901961,census_block_count
003,001998,003,0032001,ALLEGHENY - 0032001,0.705882352941,census_block_count
003,001998,003,0032040,ALLEGHENY - 0032040,0.156862745098,census_block_count
003,002010,003,0032010,ALLEGHENY - 0032010,1.000000000000,vtd20_identity
003,002011,003,0032011,ALLEGHENY - 0032011,1.000000000000,vtd20_identity
003,002022,003,0032020,ALLEGHENY - 0032020,1.000000000000,vtd20_identity
003,002025,003,0031990,ALLEGHENY - 0031990,1.000000000000,vtd20_identity
003,002032,003,0032050,ALLEGHENY - 0032050,1.000000000000,vtd20_identity
003,002035,003,0032051,ALLEGHENY - 0032051,1.000000000000,vtd20_identity
003,002043,003,0032060,ALLEGHENY - 0032060,0.791666666667,census_block_count
003,002043,003,0032291,ALLEGHENY - 0032291,0.041666666667,census_block_count
003,002043,003,0033210,ALLEGHENY - 0033210,0.020833333333,census_block_count
003,002043,003,0032305,ALLEGHENY - 0032305,0.041666666667,census_block_count
003,002043,003,0031981,ALLEGHENY - 0031981,0.104166666667,census_block_count
003,002071,003,0032071,ALLEGHENY - 0032071,1.000000000000,vtd20_identity
003,002090,003,0032090,ALLEGHENY - 0032090,1.000000000000,vtd20_identity
003,002100,003,0032100,ALLEGHENY - 0032100,1.000000000000,vtd20_identity
003,002111,003,0032111,ALLEGHENY - 0032111,1.000000000000,vtd20_identity
003,002131,003,0032131,ALLEGHENY - 0032131,1.000000000000,vtd20_identity
003,002150,003,0032150,ALLEGHENY - 0032150,1.000000000000,vtd20_identity
003,002160,003,0032160,ALLEGHENY - 0032160,1.000000000000,vtd20_identity
003,002170,003,0032170,ALLEGHENY - 0032170,1.000000000000,vtd20_identity
003,002180,003,0032180,ALLEGHENY - 0032180,1.000000000000,vtd20_identity
003,002190,003,0032190,ALLEGHENY - 0032190,1.000000000000,vtd20_identity
003,002200,003,0032200,ALLEGHENY - 0032200,1.000000000000,vtd20_identity
003,002211,003,0032211,ALLEGHENY - 0032211,1.000000000000,vtd20_identity
003,002221,003,0032221,ALLEGHENY - 0032221,1.000000000000,vtd20_identity
003,002231,003,0032231,ALLEGHENY - 0032231,1.000000000000,vtd20_identity
003,002240,003,0032240,ALLEGHENY - 0032240,1.000000000000,vtd20_identity
003,002251,003,0032251,ALLEGHENY - 0032251,1.000000000000,vtd20_identity
003,002261,003,0032261,ALLEGHENY - 0032261,1.000000000000,vtd20_identity
003,002268,003,0032268,ALLEGHENY - 0032268,1.000000000000,vtd20_identity
003,002274,003,0032274,ALLEGHENY - 0032274,1.000000000000,vtd20_identity
003,002280,003,0032280,ALLEGHENY - 0032280,1.000000000000,vtd20_identity
003,002291,003,0032291,ALLEGHENY - 0032291,1.000000000000,vtd20_identity
003,002300,003,0032300,ALLEGHENY - 0032300,1.000000000000,vtd20_identity
003,002305,003,0032305,ALLEGHENY - 0032305,1.000000000000,vtd20_identity
003,002310,003,0032310,ALLEGHENY - 0032310,1.000000000000,vtd20_identity
003,002321,003,0032321,ALLEGHENY - 0032321,1.000000000000,vtd20_identity
003,002331,003,0032331,ALLEGHENY - 0032331,1.000000000000,vtd20_identity
003,002338,003,0032338,ALLEGHENY - 0032338,1.000000000000,vtd20_identity
003,002344,003,0032344,ALLEGHENY - 0032344,1.000000000000,vtd20_identity
003,002350,003,0032350,ALLEGHENY - 0032350,1.000000000000,vtd20_identity
003,002351,003,0032351,ALLEGHENY - 0032351,1.000000000000,vtd20_identity
003,002352,003,0032352,ALLEGHENY - 0032352,0.454545454545,census_block_count
003,002352,003,0032351,ALLEGHENY - 0032351,0.545454545455,census_block_count
003,002360,003,0032360,ALLEGHENY - 0032360,0.800000000000,census_block_count
003,002360,003,0035381,ALLEGHENY - 0035381,0.066666666667,census_block_count
003,002360,003,0032350,ALLEGHENY - 0032350,0.133333333333,census_block_count
003,002362,003,0032360,ALLEGHENY - 0032360,1.000000000000,vtd20_identity
003,002369,003,0032361,ALLEGHENY - 0032361,1.000000000000,vtd20_identity
003,002370,003,0032370,ALLEGHENY - 0032370,0.642857142857,census_block_count
003,002370,003,0032352,ALLEGHENY - 0032352,0.285714285714,census_block_count
003,002370,003,0032351,ALLEGHENY - 0032351,0.071428571429,census_block_count
003,002371,003,0032371,ALLEGHENY - 0032371,1.000000000000,vtd20_identity
003,002372,003,0032372,ALLEGHENY - 0032372,1.000000000000,vtd20_identity
003,002381,003,0032381,ALLEGHENY - 0032381,1.000000000000,vtd20_identity
003,002400,003,0032400,ALLEGHENY - 0032400,1.000000000000,vtd20_identity
003,002411,003,0032411,ALLEGHENY - 0032411,1.000000000000,vtd20_identity
003,002421,003,0032421,ALLEGHENY - 0032421,1.000000000000,vtd20_identity
003,002430,003,0032430,ALLEGHENY - 0032430,1.000000000000,vtd20_identity
003,002440,003,0032440,ALLEGHENY - 0032440,1.000000000000,vtd20_identity
003,002470,003,0032470,ALLEGHENY - 0032470,1.000000000000,vtd20_identity
003,002480,003,0032480,ALLEGHENY - 0032480,1.000000000000,vtd20_identity
003,002491,003,0032491,ALLEGHENY - 0032491,1.000000000000,vtd20_identity
003,002501,003,0032501,ALLEGHENY - 0032501,1.000000000000,vtd20_identity
003,002510,003,0032510,ALLEGHENY - 0032510,1.000000000000,vtd20_identity
003,002521,003,0032521,ALLEGHENY - 0032521,1.000000000000,vtd20_identity
003,002541,003,0032541,ALLEGHENY - 0032541,1.000000000000,vtd20_identity
003,002550,003,0032550,ALLEGHENY - 0032550,1.000000000000,vtd20_identity
003,002560,003,0032560,ALLEGHENY - 0032560,1.000000000000,vtd20_identity
003,002571,003,0032571,ALLEGHENY - 0032571,1.000000000000,vtd20_identity
003,002576,003,0032576,ALLEGHENY - 0032576,1.000000000000,vtd20_identity
003,002581,003,0032581,ALLEGHENY - 0032581,1.000000000000,vtd20_identity
003,002586,003,0032586,ALLEGHENY - 0032586,1.000000000000,vtd20_identity
003,002591,003,0032591,ALLEGHENY - 0032591,1.000000000000,vtd20_identity
003,002620,003,0032620,ALLEGHENY - 0032620,1.000000000000,vtd20_identity
003,002625,003,0032625,ALLEGHENY - 0032625,1.000000000000,vtd20_identity
003,002630,003,0032630,ALLEGHENY - 0032630,1.000000000000,vtd20_identity
003,002631,003,0032631,ALLEGHENY - 0032631,1.000000000000,vtd20_identity
003,002640,003,0032640,ALLEGHENY - 0032640,1.000000000000,vtd20_identity
003,002641,003,0032641,ALLEGHENY - 0032641,1.000000000000,vtd20_identity
003,002650,003,0032650,ALLEGHENY - 0032650,1.000000000000,vtd20_identity
003,002660,003,0032660,ALLEGHENY - 0032660,1.000000000000,vtd20_identity
003,002670,003,0032670,ALLEGHENY - 0032670,1.000000000000,vtd20_identity
003,002680,003,0032680,ALLEGHENY - 0032680,1.000000000000,vtd20_identity
003,002690,003,0032690,ALLEGHENY - 0032690,1.000000000000,vtd20_identity
003,002700,003,0032700,ALLEGHENY - 0032700,1.000000000000,vtd20_identity
003,002710,003,0032710,ALLEGHENY - 0032710,1.000000000000,vtd20_identity
003,002730,003,0032730,ALLEGHENY - 0032730,1.000000000000,vtd20_identity
003,002740,003,0032740,ALLEGHENY - 0032740,1.000000000000,vtd20_identity
003,002750,003,0032750,ALLEGHENY - 0032750,1.000000000000,vtd20_identity
003,002760,003,0032760,ALLEGHENY - 0032760,1.000000000000,vtd20_identity
003,002770,003,0032770,ALLEGHENY - 0032770,1.000000000000,vtd20_identity
003,002780,003,0032780,ALLEGHENY - 0032780,1.000000000000,vtd20_identity
003,002790,003,0032790,ALLEGHENY - 0032790,1.000000000000,vtd20_identity
003,002801,003,0032801,ALLEGHENY - 0032801,1.000000000000,vtd20_identity
003,002821,003,0032821,ALLEGHENY - 0032821,1.000000000000,vtd20_identity
003,002830,003,0032830,ALLEGHENY - 0032830,1.000000000000,vtd20_identity
003,002851,003,0032851,ALLEGHENY - 0032851,1.000000000000,vtd20_identity
003,002870,003,0032870,ALLEGHENY - 0032870,1.000000000000,vtd20_identity
003,002881,003,0032881,ALLEGHENY - 0032881,1.000000000000,vtd20_identity
003,002900,003,0032900,ALLEGHENY - 0032900,1.000000000000,vtd20_identity
003,002910,003,0032910,ALLEGHENY - 0032910,1.000000000000,vtd20_identity
003,002920,003,0032910,ALLEGHENY - 0032910,0.125000000000,census_block_count
003,002920,003,0032920,ALLEGHENY - 0032920,0.875000000000,census_block_count
003,002930,003,0032930,ALLEGHENY - 0032930,0.823529411765,census_block_count
003,002930,003,0032920,ALLEGHENY - 0032920,0.176470588235,census_block_count
003,002940,003,0032940,ALLEGHENY - 0032940,1.000000000000,vtd20_identity
003,002950,003,0032950,ALLEGHENY - 0032950,1.000000000000,vtd20_identity
003,002961,003,0032961,ALLEGHENY - 0032961,1.000000000000,vtd20_identity
003,002971,003,0032971,ALLEGHENY - 0032971,1.000000000000,vtd20_identity
003,002981,003,0032981,ALLEGHENY - 0032981,1.000000000000,vtd20_identity
003,003000,003,0033000,ALLEGHENY - 0033000,1.000000000000,vtd20_identity
003,003010,003,0033010,ALLEGHENY - 0033010,1.000000000000,vtd20_identity
003,003021,003,0033021,ALLEGHENY - 0033021,1.000000000000,vtd20_identity
003,003031,003,0033031,ALLEGHENY - 0033031,1.000000000000,vtd20_identity
003,003051,003,0033051,ALLEGHENY - 0033051,1.000000000000,vtd20_identity
003,003060,003,0033060,ALLEGHENY - 0033060,1.000000000000,vtd20_identity
003,003070,003,0033070,ALLEGHENY - 0033070,1.000000000000,vtd20_identity
003,003080,003,0033080,ALLEGHENY - 0033080,1.000000000000,vtd20_identity
003,003091,003,0033091,ALLEGHENY - 0033091,1.000000000000,vtd20_identity
003,003095,003,0033095,ALLEGHENY - 0033095,1.000000000000,vtd20_identity
003,003101,003,0033101,ALLEGHENY - 0033101,1.000000000000,vtd20_identity
003,003120,003,0033120,ALLEGHENY - 0033120,1.000000000000,vtd20_identity
003,003125,003,0033125,ALLEGHENY - 0033125,1.000000000000,vtd20_identity
003,003131,003,0033131,ALLEGHENY - 0033131,1.000000000000,vtd20_identity
003,003135,003,0033135,ALLEGHENY - 0033135,1.000000000000,vtd20_identity
003,003140,003,0033140,ALLEGHENY - 0033140,1.000000000000,vtd20_identity
003,003150,003,0033150,ALLEGHENY - 0033150,1.000000000000,census_block_count
003,003151,003,0033151,ALLEGHENY - 0033151,1.000000000000,census_block_count
003,003161,003,0033161,ALLEGHENY - 0033161,1.000000000000,vtd20_identity
003,003181,003,0033181,ALLEGHENY - 0033181,1.000000000000,vtd20_identity
003,003191,003,0033191,ALLEGHENY - 0033191,1.000000000000,vtd20_identity
003,003210,003,0033210,ALLEGHENY - 0033210,1.000000000000,vtd20_identity
003,003221,003,0033225,ALLEGHENY - 0033225,1.000000000000,vtd20_identity
003,003225,003,0033231,ALLEGHENY - 0033231,1.000000000000,vtd20_identity
003,003232,003,0033221,ALLEGHENY - 0033221,0.411764705882,census_block_count
003,003232,003,0033231,ALLEGHENY - 0033231,0.470588235294,census_block_count
003,003232,003,0032352,ALLEGHENY - 0032352,0.117647058824,census_block_count
003,003233,003,0033225,ALLEGHENY - 0033225,0.500000000000,census_block_count
003,003233,003,0033231,ALLEGHENY - 0033231,0.500000000000,census_block_count
003,003236,003,0033225,ALLEGHENY - 0033225,1.000000000000,census_block_count
003,003237,003,0033221,ALLEGHENY - 0033221,1.000000000000,vtd20_identity
003,003238,003,003770,ALLEGHENY - 003770,0.025641025641,census_block_count
003,003238,003,0033225,ALLEGHENY - 0033225,0.974358974359,census_block_count
003,003240,003,0033290,ALLEGHENY - 0033290,0.108108108108,census_block_count
003,003240,003,0033360,ALLEGHENY - 0033360,0.027027027027,census_block_count
003,003240,003,0033240,ALLEGHENY - 0033240,0.378378378378,census_block_count
003,003240,003,0033155,ALLEGHENY - 0033155,0.486486486486,census_block_count
003,003250,003,0033250,ALLEGHENY - 0033250,1.000000000000,vtd20_identity
003,003260,003,0033260,ALLEGHENY - 0033260,1.000000000000,vtd20_identity
003,003270,003,0033270,ALLEGHENY - 0033270,1.000000000000,vtd20_identity
003,003280,003,0033280,ALLEGHENY - 0033280,1.000000000000,vtd20_identity
003,003290,003,0033290,ALLEGHENY - 0033290,1.000000000000,vtd20_identity
003,003300,003,0033300,ALLEGHENY - 0033300,1.000000000000,vtd20_identity
003,003310,003,0033310,ALLEGHENY - 0033310,1.000000000000,vtd20_identity
003,003320,003,0033320,ALLEGHENY - 0033320,1.000000000000,vtd20_identity
003,003330,003,0033330,ALLEGHENY - 0033330,1.000000000000,vtd20_identity
003,003340,003,0033340,ALLEGHENY - 0033340,1.000000000000,vtd20_identity
003,003350,003,0033350,ALLEGHENY - 0033350,1.000000000000,vtd20_identity
003,003360,003,0033360,ALLEGHENY - 0033360,1.000000000000,vtd20_identity
003,003370,003,0033370,ALLEGHENY - 0033370,1.000000000000,vtd20_identity
003,003380,003,0033380,ALLEGHENY - 0033380,1.000000000000,vtd20_identity
003,003390,003,0033390,ALLEGHENY - 0033390,1.000000000000,vtd20_identity
003,003400,003,0033400,ALLEGHENY - 0033400,1.000000000000,vtd20_identity
003,003410,003,0033410,ALLEGHENY - 0033410,0.478260869565,census_block_count
003,003410,003,0033440,ALLEGHENY - 0033440,0.391304347826,census_block_count
003,003410,003,0033250,ALLEGHENY - 0033250,0.043478260870,census_block_count
003,003410,003,0033430,ALLEGHENY - 0033430,0.086956521739,census_block_count
003,003420,003,0033420,ALLEGHENY - 0033420,1.000000000000,vtd20_identity
003,003430,003,0033430,ALLEGHENY - 0033430,1.000000000000,vtd20_identity
003,003440,003,0033440,ALLEGHENY - 0033440,1.000000000000,census_block_count
003,003450,003,0033450,ALLEGHENY - 0033450,1.000000000000,vtd20_identity
003,003460,003,0033460,ALLEGHENY - 0033460,1.000000000000,vtd20_identity
003,003471,003,0033471,ALLEGHENY - 0033471,1.000000000000,vtd20_identity
003,003491,003,0033491,ALLEGHENY - 0033491,1.000000000000,vtd20_identity
003,003511,003,0033511,ALLEGHENY - 0033511,1.000000000000,vtd20_identity
003,003530,003,0033530,ALLEGHENY - 0033530,1.000000000000,vtd20_identity
003,003540,003,0033540,ALLEGHENY - 0033540,1.000000000000,vtd20_identity
003,003551,003,0033551,ALLEGHENY - 0033551,1.000000000000,vtd20_identity
003,003570,003,0033570,ALLEGHENY - 0033570,1.000000000000,vtd20_identity
003,003580,003,0033580,ALLEGHENY - 0033580,1.000000000000,vtd20_identity
003,003590,003,0033590,ALLEGHENY - 0033590,1.000000000000,vtd20_identity
003,003600,003,0033600,ALLEGHENY - 0033600,1.000000000000,vtd20_identity
003,003620,003,0033620,ALLEGHENY - 0033620,1.000000000000,vtd20_identity
003,003630,003,0033630,ALLEGHENY - 0033630,1.000000000000,vtd20_identity
003,003640,003,0033640,ALLEGHENY - 0033640,1.000000000000,vtd20_identity
003,003650,003,0033650,ALLEGHENY - 0033650,1.000000000000,vtd20_identity
003,003670,003,0033670,ALLEGHENY - 0033670,1.000000000000,vtd20_identity
003,003680,003,0033680,ALLEGHENY - 0033680,1.000000000000,vtd20_identity
003,003690,003,0033690,ALLEGHENY - 0033690,1.000000000000,vtd20_identity
003,003700,003,0033710,ALLEGHENY - 0033710,1.000000000000,vtd20_identity
003,003710,003,0033720,ALLEGHENY - 0033720,1.000000000000,vtd20_identity
003,003720,003,0033730,ALLEGHENY - 0033730,1.000000000000,vtd20_identity
003,003730,003,0033700,ALLEGHENY - 0033700,1.000000000000,vtd20_identity
003,003770,003,0033770,ALLEGHENY - 0033770,1.000000000000,vtd20_identity
003,003780,003,0033800,ALLEGHENY - 0033800,0.038461538462,census_block_count
003,003780,003,0033780,ALLEGHENY - 0033780,0.923076923077,census_block_count
003,003780,003,0033940,ALLEGHENY - 0033940,0.038461538462,census_block_count
003,003790,003,0033790,ALLEGHENY - 0033790,1.000000000000,vtd20_identity
003,003800,003,0033800,ALLEGHENY - 0033800,1.000000000000,vtd20_identity
003,003810,003,0033810,ALLEGHENY - 0033810,1.000000000000,vtd20_identity
003,003820,003,0033820,ALLEGHENY - 0033820,1.000000000000,vtd20_identity
003,003840,003,0033840,ALLEGHENY - 0033840,1.000000000000,vtd20_identity
003,003850,003,0033850,ALLEGHENY - 0033850,1.000000000000,vtd20_identity
003,003860,003,0033860,ALLEGHENY - 0033860,1.000000000000,vtd20_identity
003,003870,003,0033870,ALLEGHENY - 0033870,1.000000000000,vtd20_identity
003,003880,003,0033880,ALLEGHENY - 0033880,1.000000000000,vtd20_identity
003,003900,003,0033900,ALLEGHENY - 0033900,1.000000000000,vtd20_identity
003,003910,003,0033910,ALLEGHENY - 0033910,1.000000000000,vtd20_identity
003,003920,003,0033920,ALLEGHENY - 0033920,1.000000000000,vtd20_identity
003,003930,003,0033930,ALLEGHENY - 0033930,1.000000000000,vtd20_identity
003,003940,003,0033940,ALLEGHENY - 0033940,1.000000000000,vtd20_identity
003,003941,003,0033941,ALLEGHENY - 0033941,1.000000000000,vtd20_identity
003,003950,003,0033950,ALLEGHENY - 0033950,1.000000000000,vtd20_identity
003,003970,003,0033970,ALLEGHENY - 0033970,1.000000000000,vtd20_identity
003,003975,003,0033975,ALLEGHENY - 0033975,1.000000000000,vtd20_identity
003,003980,003,0033980,ALLEGHENY - 0033980,1.000000000000,vtd20_identity
003,003990,003,0033990,ALLEGHENY - 0033990,1.000000000000,vtd20_identity
003,004000,003,0034000,ALLEGHENY - 0034000,1.000000000000,vtd20_identity
003,004010,003,0034010,ALLEGHENY - 0034010,1.000000000000,vtd20_identity
003,004020,003,0034020,ALLEGHENY - 0034020,1.000000000000,vtd20_identity
003,004030,003,0034030,ALLEGHENY - 0034030,1.000000000000,vtd20_identity
003,004031,003,0034031,ALLEGHENY - 0034031,1.000000000000,vtd20_identity
003,004040,003,0034040,ALLEGHENY - 0034040,1.000000000000,vtd20_identity
003,004050,003,0034050,ALLEGHENY - 0034050,1.000000000000,vtd20_identity
003,004060,003,0034060,ALLEGHENY - 0034060,1.000000000000,vtd20_identity
003,004070,003,0034070,ALLEGHENY - 0034070,1.000000000000,vtd20_identity
003,004080,003,0034080,ALLEGHENY - 0034080,1.000000000000,vtd20_identity
003,004090,003,0034090,ALLEGHENY - 0034090,1.000000000000,vtd20_identity
003,004100,003,0034100,ALLEGHENY - 0034100,1.000000000000,vtd20_identity
003,004110,003,0034110,ALLEGHENY - 0034110,1.000000000000,vtd20_identity
003,004120,003,0034120,ALLEGHENY - 0034120,1.000000000000,vtd20_identity
003,004130,003,0034130,ALLEGHENY - 0034130,1.000000000000,vtd20_identity
003,004140,003,0034140,ALLEGHENY - 0034140,1.000000000000,vtd20_identity
003,004150,003,0034150,ALLEGHENY - 0034150,1.000000000000,vtd20_identity
003,004160,003,0034160,ALLEGHENY - 0034160,1.000000000000,vtd20_identity
003,004170,003,0034170,ALLEGHENY - 0034170,1.000000000000,vtd20_identity
003,004180,003,0034180,ALLEGHENY - 0034180,1.000000000000,vtd20_identity
003,004190,003,0034190,ALLEGHENY - 0034190,1.000000000000,vtd20_identity
003,004191,003,0034191,ALLEGHENY - 0034191,1.000000000000,vtd20_identity
003,004200,003,0034200,ALLEGHENY - 0034200,1.000000000000,vtd20_identity
003,004210,003,0034210,ALLEGHENY - 0034210,1.000000000000,vtd20_identity
003,004220,003,0034220,ALLEGHENY - 0034220,1.000000000000,vtd20_identity
003,004241,003,0034241,ALLEGHENY - 0034241,1.000000000000,vtd20_identity
003,004245,003,0034245,ALLEGHENY - 0034245,1.000000000000,vtd20_identity
003,004251,003,0034251,ALLEGHENY - 0034251,1.000000000000,vtd20_identity
003,004255,003,0034255,ALLEGHENY - 0034255,1.000000000000,vtd20_identity
003,004261,003,0034261,ALLEGHENY - 0034261,1.000000000000,vtd20_identity
003,004271,003,0034271,ALLEGHENY - 0034271,1.000000000000,vtd20_identity
003,004281,003,0034281,ALLEGHENY - 0034281,1.000000000000,vtd20_identity
003,004291,003,0034291,ALLEGHENY - 0034291,1.000000000000,vtd20_identity
003,004301,003,0034301,ALLEGHENY - 0034301,0.833333333333,census_block_count
003,004301,003,0032180,ALLEGHENY - 0032180,0.100000000000,census_block_count
003,004301,003,0031500,ALLEGHENY - 0031500,0.033333333333,census_block_count
003,004301,003,0034261,ALLEGHENY - 0034261,0.033333333333,census_block_count
003,004311,003,0034311,ALLEGHENY - 0034311,1.000000000000,vtd20_identity
003,004330,003,0034330,ALLEGHENY - 0034330,1.000000000000,vtd20_identity
003,004331,003,0034331,ALLEGHENY - 0034331,1.000000000000,vtd20_identity
003,004341,003,0034341,ALLEGHENY - 0034341,1.000000000000,vtd20_identity
003,004350,003,0034350,ALLEGHENY - 0034350,1.000000000000,vtd20_identity
003,004361,003,0034361,ALLEGHENY - 0034361,1.000000000000,vtd20_identity
003,004371,003,0034371,ALLEGHENY - 0034371,1.000000000000,vtd20_identity
003,004380,003,0034380,ALLEGHENY - 0034380,1.000000000000,vtd20_identity
003,004391,003,0034391,ALLEGHENY - 0034391,1.000000000000,vtd20_identity
003,004400,003,0034400,ALLEGHENY - 0034400,1.000000000000,vtd20_identity
003,004410,003,0034410,ALLEGHENY - 0034410,1.000000000000,vtd20_identity
003,004420,003,0034440,ALLEGHENY - 0034440,0.166666666667,census_block_count
003,004420,003,0034420,ALLEGHENY - 0034420,0.416666666667,census_block_count
003,004420,003,0034570,ALLEGHENY - 0034570,0.416666666667,census_block_count
003,004430,003,0034430,ALLEGHENY - 0034430,1.000000000000,vtd20_identity
003,004440,003,0034440,ALLEGHENY - 0034440,1.000000000000,vtd20_identity
003,004451,003,0034451,ALLEGHENY - 0034451,1.000000000000,vtd20_identity
003,004461,003,0034461,ALLEGHENY - 0034461,1.000000000000,vtd20_identity
003,004470,003,0034470,ALLEGHENY - 0034470,1.000000000000,vtd20_identity
003,004480,003,0034480,ALLEGHENY - 0034480,1.000000000000,vtd20_identity
003,004490,003,0034490,ALLEGHENY - 0034490,1.000000000000,vtd20_identity
003,004500,003,0034500,ALLEGHENY - 0034500,1.000000000000,vtd20_identity
003,004510,003,0034510,ALLEGHENY - 0034510,1.000000000000,vtd20_identity
003,004520,003,0034520,ALLEGHENY - 0034520,1.000000000000,vtd20_identity
003,004530,003,0034530,ALLEGHENY - 0034530,1.000000000000,vtd20_identity
003,004540,003,0034540,ALLEGHENY - 0034540,1.000000000000,vtd20_identity
003,004550,003,0034550,ALLEGHENY - 0034550,1.000000000000,vtd20_identity
003,004560,003,0034560,ALLEGHENY - 0034560,1.000000000000,vtd20_identity
003,004570,003,0034500,ALLEGHENY - 0034500,0.142857142857,census_block_count
003,004570,003,0034570,ALLEGHENY - 0034570,0.571428571429,census_block_count
003,004570,003,0034530,ALLEGHENY - 0034530,0.285714285714,census_block_count
003,004580,003,0034580,ALLEGHENY - 0034580,1.000000000000,vtd20_identity
003,004590,003,0034590,ALLEGHENY - 0034590,1.000000000000,vtd20_identity
003,004600,003,0034600,ALLEGHENY - 0034600,1.000000000000,vtd20_identity
003,004610,003,0034610,ALLEGHENY - 0034610,1.000000000000,vtd20_identity
003,004620,003,0034620,ALLEGHENY - 0034620,1.000000000000,vtd20_identity
003,004630,003,0034630,ALLEGHENY - 0034630,1.000000000000,vtd20_identity
003,004640,003,0034640,ALLEGHENY - 0034640,1.000000000000,vtd20_identity
003,004650,003,0034650,ALLEGHENY - 0034650,1.000000000000,vtd20_identity
003,004670,003,0034670,ALLEGHENY - 0034670,1.000000000000,vtd20_identity
003,004680,003,0034680,ALLEGHENY - 0034680,1.000000000000,vtd20_identity
003,004690,003,0034690,ALLEGHENY - 0034690,1.000000000000,vtd20_identity
003,004700,003,0034700,ALLEGHENY - 0034700,1.000000000000,vtd20_identity
003,004710,003,0034710,ALLEGHENY - 0034710,1.000000000000,vtd20_identity
003,004721,003,0034721,ALLEGHENY - 0034721,1.000000000000,vtd20_identity
003,004730,003,0034730,ALLEGHENY - 0034730,1.000000000000,vtd20_identity
003,004741,003,0034741,ALLEGHENY - 0034741,1.000000000000,vtd20_identity
003,004751,003,0034751,ALLEGHENY - 0034751,1.000000000000,vtd20_identity
003,004780,003,0034780,ALLEGHENY - 0034780,1.000000000000,vtd20_identity
003,004790,003,0034790,ALLEGHENY - 0034790,1.000000000000,vtd20_identity
003,004800,003,0034800,ALLEGHENY - 0034800,1.000000000000,vtd20_identity
003,004810,003,0034810,ALLEGHENY - 0034810,1.000000000000,vtd20_identity
003,004820,003,0034820,ALLEGHENY - 0034820,1.000000000000,vtd20_identity
003,004830,003,0034830,ALLEGHENY - 0034830,1.000000000000,vtd20_identity
003,004840,003,0034840,ALLEGHENY - 0034840,1.000000000000,vtd20_identity
003,004850,003,0034850,ALLEGHENY - 0034850,1.000000000000,vtd20_identity
003,004860,003,0034860,ALLEGHENY - 0034860,1.000000000000,vtd20_identity
003,004870,003,0034870,ALLEGHENY - 0034870,1.000000000000,vtd20_identity
003,004880,003,0034880,ALLEGHENY - 0034880,1.000000000000,vtd20_identity
003,004890,003,0034890,ALLEGHENY - 0034890,1.000000000000,vtd20_identity
003,004900,003,0034900,ALLEGHENY - 0034900,1.000000000000,vtd20_identity
003,004910,003,0034910,ALLEGHENY - 0034910,1.000000000000,vtd20_identity
003,004920,003,0034920,ALLEGHENY - 0034920,1.000000000000,vtd20_identity
003,004930,003,0034930,ALLEGHENY - 0034930,1.000000000000,vtd20_identity
003,004940,003,0034940,ALLEGHENY - 0034940,1.000000000000,vtd20_identity
003,004950,003,0034950,ALLEGHENY - 0034950,1.000000000000,vtd20_identity
003,004960,003,0034960,ALLEGHENY - 0034960,1.000000000000,vtd20_identity
003,004971,003,0034971,ALLEGHENY - 0034971,1.000000000000,vtd20_identity
003,004991,003,0034991,ALLEGHENY - 0034991,1.000000000000,vtd20_identity
003,005001,003,0035001,ALLEGHENY - 0035001,1.000000000000,vtd20_identity
003,005030,003,0035030,ALLEGHENY - 0035030,1.000000000000,vtd20_identity
003,005041,003,0035041,ALLEGHENY - 0035041,1.000000000000,vtd20_identity
003,005060,003,0035060,ALLEGHENY - 0035060,1.000000000000,vtd20_identity
003,005071,003,0035071,ALLEGHENY - 0035071,1.000000000000,vtd20_identity
003,005076,003,0035076,ALLEGHENY - 0035076,1.000000000000,vtd20_identity
003,005081,003,0035081,ALLEGHENY - 0035081,1.000000000000,vtd20_identity
003,005091,003,0035091,ALLEGHENY - 0035091,1.000000000000,vtd20_identity
003,005100,003,0035100,ALLEGHENY - 0035100,1.000000000000,vtd20_identity
003,005101,003,0035101,ALLEGHENY - 0035101,1.000000000000,vtd20_identity
003,005110,003,0035110,ALLEGHENY - 0035110,1.000000000000,vtd20_identity
003,005120,003,0035120,ALLEGHENY - 0035120,1.000000000000,vtd20_identity
003,005130,003,0035130,ALLEGHENY - 0035130,1.000000000000,vtd20_identity
003,005131,003,0035131,ALLEGHENY - 0035131,1.000000000000,vtd20_identity
003,005140,003,0035140,ALLEGHENY - 0035140,1.000000000000,vtd20_identity
003,005141,003,0035141,ALLEGHENY - 0035141,1.000000000000,vtd20_identity
003,005150,003,0035150,ALLEGHENY - 0035150,1.000000000000,vtd20_identity
003,005151,003,0035151,ALLEGHENY - 0035151,1.000000000000,vtd20_identity
003,005160,003,0035160,ALLEGHENY - 0035160,1.000000000000,vtd20_identity
003,005161,003,0035161,ALLEGHENY - 0035161,1.000000000000,vtd20_identity
003,005170,003,0035170,ALLEGHENY - 0035170,1.000000000000,vtd20_identity
003,005181,003,0035181,ALLEGHENY - 0035181,1.000000000000,vtd20_identity
003,005191,003,0035271,ALLEGHENY - 0035271,0.090909090909,census_block_count
003,005191,003,0035181,ALLEGHENY - 0035181,0.045454545455,census_block_count
003,005191,003,0035191,ALLEGHENY - 0035191,0.863636363637,census_block_count
003,005201,003,0035201,ALLEGHENY - 0035201,1.000000000000,vtd20_identity
003,005210,003,0035210,ALLEGHENY - 0035210,1.000000000000,vtd20_identity
003,005225,003,0035225,ALLEGHENY - 0035225,1.000000000000,vtd20_identity
003,005230,003,0035230,ALLEGHENY - 0035230,1.000000000000,vtd20_identity
003,005241,003,0035241,ALLEGHENY - 0035241,0.892857142857,census_block_count
003,005241,003,0035225,ALLEGHENY - 0035225,0.035714285714,census_block_count
003,005241,003,003F371,ALLEGHENY - 003F371,0.071428571429,census_block_count
003,005261,003,0035261,ALLEGHENY - 0035261,1.000000000000,vtd20_identity
003,005271,003,0035271,ALLEGHENY - 0035271,1.000000000000,vtd20_identity
003,005281,003,0035281,ALLEGHENY - 0035281,1.000000000000,vtd20_identity
003,005291,003,0035291,ALLEGHENY - 0035291,1.000000000000,vtd20_identity
003,005301,003,0035301,ALLEGHENY - 0035301,1.000000000000,vtd20_identity
003,005310,003,0035310,ALLEGHENY - 0035310,1.000000000000,vtd20_identity
003,005321,003,0035321,ALLEGHENY - 0035321,1.000000000000,vtd20_identity
003,005331,003,0035331,ALLEGHENY - 0035331,1.000000000000,vtd20_identity
003,005341,003,0035341,ALLEGHENY - 0035341,1.000000000000,vtd20_identity
003,005351,003,0035351,ALLEGHENY - 0035351,1.000000000000,vtd20_identity
003,005370,003,0035370,ALLEGHENY - 0035370,1.000000000000,vtd20_identity
003,005378,003,0035381,ALLEGHENY - 0035381,0.941176470588,census_block_count
003,005378,003,003F070,ALLEGHENY - 003F070,0.058823529412,census_block_count
003,005382,003,0035385,ALLEGHENY - 0035385,1.000000000000,vtd20_identity
003,005386,003,0035381,ALLEGHENY - 0035381,1.000000000000,vtd20_identity
003,005390,003,0035390,ALLEGHENY - 0035390,1.000000000000,vtd20_identity
003,005400,003,0035400,ALLEGHENY - 0035400,1.000000000000,vtd20_identity
003,005410,003,0035410,ALLEGHENY - 0035410,1.000000000000,vtd20_identity
003,005420,003,0035420,ALLEGHENY - 0035420,1.000000000000,vtd20_identity
003,005430,003,0035430,ALLEGHENY - 0035430,1.000000000000,vtd20_identity
003,005440,003,0035440,ALLEGHENY - 0035440,1.000000000000,vtd20_identity
003,005450,003,0035450,ALLEGHENY - 0035450,1.000000000000,vtd20_identity
003,005460,003,0035460,ALLEGHENY - 0035460,1.000000000000,vtd20_identity
003,005470,003,0035470,ALLEGHENY - 0035470,1.000000000000,vtd20_identity
003,005480,003,0035480,ALLEGHENY - 0035480,1.000000000000,vtd20_identity
003,005490,003,0035490,ALLEGHENY - 0035490,1.000000000000,vtd20_identity
003,005500,003,0035500,ALLEGHENY - 0035500,1.000000000000,vtd20_identity
003,005510,003,0035510,ALLEGHENY - 0035510,1.000000000000,vtd20_identity
003,005520,003,0035520,ALLEGHENY - 0035520,1.000000000000,vtd20_identity
003,005521,003,0035521,ALLEGHENY - 0035521,1.000000000000,vtd20_identity
003,005522,003,0035522,ALLEGHENY - 0035522,1.000000000000,vtd20_identity
003,005530,003,0035530,ALLEGHENY - 0035530,1.000000000000,vtd20_identity
003,005540,003,0035540,ALLEGHENY - 0035540,1.000000000000,vtd20_identity
003,005550,003,0035550,ALLEGHENY - 0035550,1.000000000000,vtd20_identity
003,005560,003,0035560,ALLEGHENY - 0035560,1.000000000000,vtd20_identity
003,005561,003,0035561,ALLEGHENY - 0035561,1.000000000000,vtd20_identity
003,005570,003,0035570,ALLEGHENY - 0035570,1.000000000000,vtd20_identity
003,005580,003,0035580,ALLEGHENY - 0035580,1.000000000000,vtd20_identity
003,005590,003,0035590,ALLEGHENY - 0035590,1.000000000000,vtd20_identity
003,005600,003,0035600,ALLEGHENY - 0035600,1.000000000000,vtd20_identity
003,005601,003,0035601,ALLEGHENY - 0035601,1.000000000000,vtd20_identity
003,005602,003,0035602,ALLEGHENY - 0035602,1.000000000000,vtd20_identity
003,005610,003,0035610,ALLEGHENY - 0035610,1.000000000000,vtd20_identity
003,005620,003,0035620,ALLEGHENY - 0035620,1.000000000000,vtd20_identity
003,005630,003,0035630,ALLEGHENY - 0035630,1.000000000000,vtd20_identity
003,005640,003,0035640,ALLEGHENY - 0035640,1.000000000000,vtd20_identity
003,005641,003,0035641,ALLEGHENY - 0035641,1.000000000000,vtd20_identity
003,005642,003,0035642,ALLEGHENY - 0035642,1.000000000000,vtd20_identity
003,005650,003,0035650,ALLEGHENY - 0035650,1.000000000000,vtd20_identity
003,005660,003,0035660,ALLEGHENY - 0035660,1.000000000000,vtd20_identity
003,005670,003,0035670,ALLEGHENY - 0035670,1.000000000000,vtd20_identity
003,005680,003,0035680,ALLEGHENY - 0035680,1.000000000000,vtd20_identity
003,005681,003,0035681,ALLEGHENY - 0035681,1.000000000000,vtd20_identity
003,005682,003,0035682,ALLEGHENY - 0035682,1.000000000000,vtd20_identity
003,005683,003,0035683,ALLEGHENY - 0035683,1.000000000000,vtd20_identity
003,005690,003,0035690,ALLEGHENY - 0035690,1.000000000000,vtd20_identity
003,005700,003,0035700,ALLEGHENY - 0035700,1.000000000000,vtd20_identity
003,005710,003,0035710,ALLEGHENY - 0035710,1.000000000000,vtd20_identity
003,005720,003,0035720,ALLEGHENY - 0035720,1.000000000000,vtd20_identity
003,005721,003,0035721,ALLEGHENY - 0035721,1.000000000000,vtd20_identity
003,005722,003,0035722,ALLEGHENY - 0035722,1.000000000000,vtd20_identity
003,005730,003,0035730,ALLEGHENY - 0035730,1.000000000000,vtd20_identity
003,005740,003,0035740,ALLEGHENY - 0035740,1.000000000000,vtd20_identity
003,005750,003,0035750,ALLEGHENY - 0035750,1.000000000000,vtd20_identity
003,005760,003,0035760,ALLEGHENY - 0035760,1.000000000000,vtd20_identity
003,005770,003,0035770,ALLEGHENY - 0035770,1.000000000000,vtd20_identity
003,005780,003,0035780,ALLEGHENY - 0035780,1.000000000000,vtd20_identity
003,005785,003,0035800,ALLEGHENY - 0035800,1.000000000000,vtd20_identity
003,005788,003,0035790,ALLEGHENY - 0035790,1.000000000000,vtd20_identity
003,005791,003,0035790,ALLEGHENY - 0035790,0.909090909091,census_block_count
003,005791,003,003E300,ALLEGHENY - 003E300,0.090909090909,census_block_count
003,005795,003,0035800,ALLEGHENY - 0035800,1.000000000000,census_block_count
003,005805,003,0035810,ALLEGHENY - 0035810,1.000000000000,vtd20_identity
003,005808,003,0035790,ALLEGHENY - 0035790,1.000000000000,census_block_count
003,005812,003,0035800,ALLEGHENY - 0035800,0.647058823529,census_block_count
003,005812,003,0035810,ALLEGHENY - 0035810,0.352941176471,census_block_count
003,005815,003,0035790,ALLEGHENY - 0035790,1.000000000000,census_block_count
003,005821,003,0035821,ALLEGHENY - 0035821,1.000000000000,vtd20_identity
003,005830,003,0035830,ALLEGHENY - 0035830,1.000000000000,vtd20_identity
003,005840,003,0035840,ALLEGHENY - 0035840,1.000000000000,vtd20_identity
003,005870,003,0035870,ALLEGHENY - 0035870,1.000000000000,vtd20_identity
003,005880,003,0035880,ALLEGHENY - 0035880,1.000000000000,vtd20_identity
003,005920,003,0035920,ALLEGHENY - 0035920,1.000000000000,vtd20_identity
003,005940,003,0035940,ALLEGHENY - 0035940,1.000000000000,vtd20_identity
003,005960,003,0035960,ALLEGHENY - 0035960,1.000000000000,vtd20_identity
003,005970,003,0035970,ALLEGHENY - 0035970,1.000000000000,vtd20_identity
003,005980,003,0035980,ALLEGHENY - 0035980,1.000000000000,vtd20_identity
003,006000,003,0036000,ALLEGHENY - 0036000,1.000000000000,vtd20_identity
003,006020,003,0036020,ALLEGHENY - 0036020,1.000000000000,vtd20_identity
003,006090,003,0036090,ALLEGHENY - 0036090,1.000000000000,vtd20_identity
003,006110,003,0036110,ALLEGHENY - 0036110,1.000000000000,vtd20_identity
003,006130,003,0036130,ALLEGHENY - 0036130,1.000000000000,vtd20_identity
003,006150,003,0036150,ALLEGHENY - 0036150,1.000000000000,vtd20_identity
003,006170,003,0036170,ALLEGHENY - 0036170,1.000000000000,vtd20_identity
003,006190,003,0036190,ALLEGHENY - 0036190,1.000000000000,vtd20_identity
003,006210,003,0036210,ALLEGHENY - 0036210,1.000000000000,vtd20_identity
003,006230,003,0036230,ALLEGHENY - 0036230,1.000000000000,vtd20_identity
003,006250,003,0036250,ALLEGHENY - 0036250,1.000000000000,vtd20_identity
003,006270,003,0036270,ALLEGHENY - 0036270,1.000000000000,vtd20_identity
003,006290,003,0036290,ALLEGHENY - 0036290,1.000000000000,vtd20_identity
003,006310,003,0036310,ALLEGHENY - 0036310,1.000000000000,vtd20_identity
003,006330,003,0036330,ALLEGHENY - 0036330,1.000000000000,vtd20_identity
003,006350,003,0036350,ALLEGHENY - 0036350,1.000000000000,vtd20_identity
003,006370,003,0036370,ALLEGHENY - 0036370,1.000000000000,vtd20_identity
003,006390,003,0036390,ALLEGHENY - 0036390,1.000000000000,vtd20_identity
003,006400,003,0036400,ALLEGHENY - 0036400,1.000000000000,vtd20_identity
003,006410,003,0036410,ALLEGHENY - 0036410,1.000000000000,vtd20_identity
003,006420,003,0036420,ALLEGHENY - 0036420,1.000000000000,vtd20_identity
003,006440,003,0036440,ALLEGHENY - 0036440,1.000000000000,vtd20_identity
003,006460,003,0036460,ALLEGHENY - 0036460,1.000000000000,vtd20_identity
003,006480,003,0036480,ALLEGHENY - 0036480,1.000000000000,vtd20_identity
003,006500,003,0036500,ALLEGHENY - 0036500,1.000000000000,vtd20_identity
003,006520,003,0036520,ALLEGHENY - 0036520,1.000000000000,vtd20_identity
003,006540,003,0036540,ALLEGHENY - 0036540,1.000000000000,vtd20_identity
003,006560,003,0036560,ALLEGHENY - 0036560,1.000000000000,vtd20_identity
003,006580,003,0036580,ALLEGHENY - 0036580,1.000000000000,vtd20_identity
003,006600,003,0036600,ALLEGHENY - 0036600,1.000000000000,vtd20_identity
003,006620,003,0036620,ALLEGHENY - 0036620,1.000000000000,vtd20_identity
003,006640,003,0036640,ALLEGHENY - 0036640,1.000000000000,vtd20_identity
003,006660,003,0036660,ALLEGHENY - 0036660,1.000000000000,vtd20_identity
003,006665,003,0036665,ALLEGHENY - 0036665,1.000000000000,vtd20_identity
003,006675,003,0036675,ALLEGHENY - 0036675,1.000000000000,vtd20_identity
003,006680,003,0036680,ALLEGHENY - 0036680,1.000000000000,vtd20_identity
003,006685,003,0036685,ALLEGHENY - 0036685,1.000000000000,vtd20_identity
003,006700,003,0036700,ALLEGHENY - 0036700,1.000000000000,vtd20_identity
003,006715,003,0036715,ALLEGHENY - 0036715,1.000000000000,vtd20_identity
003,006720,003,0036720,ALLEGHENY - 0036720,1.000000000000,vtd20_identity
003,006740,003,0036740,ALLEGHENY - 0036740,1.000000000000,vtd20_identity
003,006760,003,0036760,ALLEGHENY - 0036760,1.000000000000,vtd20_identity
003,006780,003,0036780,ALLEGHENY - 0036780,1.000000000000,vtd20_identity
003,006860,003,0036860,ALLEGHENY - 0036860,1.000000000000,vtd20_identity
003,006870,003,0036870,ALLEGHENY - 0036870,1.000000000000,vtd20_identity
003,006880,003,0036880,ALLEGHENY - 0036880,1.000000000000,vtd20_identity
003,006900,003,0036900,ALLEGHENY - 0036900,1.000000000000,vtd20_identity
003,006920,003,0036920,ALLEGHENY - 0036920,1.000000000000,vtd20_identity
003,007000,003,0037000,ALLEGHENY - 0037000,1.000000000000,vtd20_identity
003,007020,003,0037020,ALLEGHENY - 0037020,1.000000000000,vtd20_identity
003,007040,003,0037040,ALLEGHENY - 0037040,1.000000000000,vtd20_identity
003,007060,003,0037060,ALLEGHENY - 0037060,1.000000000000,vtd20_identity
003,007080,003,0037080,ALLEGHENY - 0037080,1.000000000000,vtd20_identity
003,007100,003,0037100,ALLEGHENY - 0037100,1.000000000000,vtd20_identity
003,007120,003,0037120,ALLEGHENY - 0037120,1.000000000000,vtd20_identity
003,007140,003,0037140,ALLEGHENY - 0037140,1.000000000000,vtd20_identity
003,007160,003,0037160,ALLEGHENY - 0037160,1.000000000000,vtd20_identity
003,007180,003,0037180,ALLEGHENY - 0037180,1.000000000000,vtd20_identity
003,007200,003,0037200,ALLEGHENY - 0037200,1.000000000000,vtd20_identity
003,007220,003,0037220,ALLEGHENY - 0037220,1.000000000000,vtd20_identity
003,007240,003,0037240,ALLEGHENY - 0037240,1.000000000000,vtd20_identity
003,007250,003,0037250,ALLEGHENY - 0037250,1.000000000000,vtd20_identity
003,007270,003,0037270,ALLEGHENY - 0037270,1.000000000000,vtd20_identity
003,007290,003,0037290,ALLEGHENY - 0037290,1.000000000000,vtd20_identity
003,007310,003,0037310,ALLEGHENY - 0037310,1.000000000000,vtd20_identity
003,007330,003,0037330,ALLEGHENY - 0037330,1.000000000000,vtd20_identity
003,007350,003,0037350,ALLEGHENY - 0037350,1.000000000000,vtd20_identity
003,007370,003,0037370,ALLEGHENY - 0037370,1.000000000000,vtd20_identity
003,007390,003,0037390,ALLEGHENY - 0037390,1.000000000000,vtd20_identity
003,007410,003,0037410,ALLEGHENY - 0037410,1.000000000000,vtd20_identity
003,007430,003,0037430,ALLEGHENY - 0037430,1.000000000000,vtd20_identity
003,007450,003,0037450,ALLEGHENY - 0037450,1.000000000000,vtd20_identity
003,007470,003,0037470,ALLEGHENY - 0037470,1.000000000000,vtd20_identity
003,007490,003,0037490,ALLEGHENY - 0037490,1.000000000000,vtd20_identity
003,007510,003,0037510,ALLEGHENY - 0037510,1.000000000000,vtd20_identity
003,007540,003,0037540,ALLEGHENY - 0037540,1.000000000000,vtd20_identity
003,007560,003,0037560,ALLEGHENY - 0037560,1.000000000000,vtd20_identity
003,007580,003,0037580,ALLEGHENY - 0037580,1.000000000000,vtd20_identity
003,007600,003,0037600,ALLEGHENY - 0037600,1.000000000000,vtd20_identity
003,007620,003,0037620,ALLEGHENY - 0037620,1.000000000000,vtd20_identity
003,007640,003,0037640,ALLEGHENY - 0037640,1.000000000000,vtd20_identity
003,007660,003,0037660,ALLEGHENY - 0037660,1.000000000000,vtd20_identity
003,007680,003,0037680,ALLEGHENY - 0037680,1.000000000000,vtd20_identity
003,007700,003,0037700,ALLEGHENY - 0037700,1.000000000000,vtd20_identity
003,007810,003,0037810,ALLEGHENY - 0037810,1.000000000000,vtd20_identity
003,007830,003,0037830,ALLEGHENY - 0037830,1.000000000000,vtd20_identity
003,007870,003,0037870,ALLEGHENY - 0037870,1.000000000000,vtd20_identity
003,007890,003,0037890,ALLEGHENY - 0037890,1.000000000000,vtd20_identity
003,007910,003,0037910,ALLEGHENY - 0037910,1.000000000000,vtd20_identity
003,007930,003,0037930,ALLEGHENY - 0037930,1.000000000000,vtd20_identity
003,007950,003,0037950,ALLEGHENY - 0037950,1.000000000000,vtd20_identity
003,007970,003,0037970,ALLEGHENY - 0037970,1.000000000000,vtd20_identity
003,007990,003,0037990,ALLEGHENY - 0037990,1.000000000000,vtd20_identity
003,008010,003,0038010,ALLEGHENY - 0038010,1.000000000000,vtd20_identity
003,008030,003,0038030,ALLEGHENY - 0038030,1.000000000000,vtd20_identity
003,008050,003,0038050,ALLEGHENY - 0038050,1.000000000000,vtd20_identity
003,008070,003,0038070,ALLEGHENY - 0038070,1.000000000000,vtd20_identity
003,008090,003,0038090,ALLEGHENY - 0038090,1.000000000000,vtd20_identity
003,008100,003,0038100,ALLEGHENY - 0038100,1.000000000000,vtd20_identity
003,008110,003,0038110,ALLEGHENY - 0038110,1.000000000000,vtd20_identity
003,008120,003,0038120,ALLEGHENY - 0038120,1.000000000000,vtd20_identity
003,008140,003,0038140,ALLEGHENY - 0038140,1.000000000000,vtd20_identity
003,008160,003,0038160,ALLEGHENY - 0038160,1.000000000000,vtd20_identity
003,008180,003,0038180,ALLEGHENY - 0038180,1.000000000000,vtd20_identity
003,008200,003,0038200,ALLEGHENY - 0038200,1.000000000000,vtd20_identity
003,008210,003,0038210,ALLEGHENY - 0038210,1.000000000000,vtd20_identity
003,008240,003,0038240,ALLEGHENY - 0038240,1.000000000000,vtd20_identity
003,008260,003,0038260,ALLEGHENY - 0038260,1.000000000000,vtd20_identity
003,008280,003,0038280,ALLEGHENY - 0038280,1.000000000000,vtd20_identity
003,008300,003,0038300,ALLEGHENY - 0038300,1.000000000000,vtd20_identity
003,008320,003,0038320,ALLEGHENY - 0038320,1.000000000000,vtd20_identity
003,008340,003,0038340,ALLEGHENY - 0038340,1.000000000000,vtd20_identity
003,008360,003,0038360,ALLEGHENY - 0038360,1.000000000000,vtd20_identity
003,008370,003,0038370,ALLEGHENY - 0038370,1.000000000000,vtd20_identity
003,008390,003,0038390,ALLEGHENY - 0038390,1.000000000000,vtd20_identity
003,008410,003,0038410,ALLEGHENY - 0038410,1.000000000000,vtd20_identity
003,008430,003,0038430,ALLEGHENY - 0038430,1.000000000000,vtd20_identity
003,008450,003,0038450,ALLEGHENY - 0038450,1.000000000000,vtd20_identity
003,008470,003,0038470,ALLEGHENY - 0038470,1.000000000000,vtd20_identity
003,008490,003,0038490,ALLEGHENY - 0038490,1.000000000000,vtd20_identity
003,008510,003,0038510,ALLEGHENY - 0038510,1.000000000000,vtd20_identity
003,008530,003,0038530,ALLEGHENY - 0038530,1.000000000000,vtd20_identity
003,008550,003,0038550,ALLEGHENY - 0038550,1.000000000000,vtd20_identity
003,008570,003,0038570,ALLEGHENY - 0038570,1.000000000000,vtd20_identity
003,008590,003,0038590,ALLEGHENY - 0038590,1.000000000000,vtd20_identity
003,008610,003,0038610,ALLEGHENY - 0038610,1.000000000000,vtd20_identity
003,008630,003,0038630,ALLEGHENY - 0038630,1.000000000000,vtd20_identity
003,008650,003,0038650,ALLEGHENY - 0038650,1.000000000000,vtd20_identity
003,008670,003,0038670,ALLEGHENY - 0038670,1.000000000000,vtd20_identity
003,008690,003,0038690,ALLEGHENY - 0038690,1.000000000000,vtd20_identity
003,008710,003,0038710,ALLEGHENY - 0038710,1.000000000000,vtd20_identity
003,008720,003,0038720,ALLEGHENY - 0038720,1.000000000000,vtd20_identity
003,008730,003,0038730,ALLEGHENY - 0038730,1.000000000000,vtd20_identity
003,008750,003,0038750,ALLEGHENY - 0038750,1.000000000000,vtd20_identity
003,008770,003,0038770,ALLEGHENY - 0038770,1.000000000000,vtd20_identity
003,008790,003,0038790,ALLEGHENY - 0038790,1.000000000000,vtd20_identity
003,008810,003,0038810,ALLEGHENY - 0038810,1.000000000000,vtd20_identity
003,008830,003,0038830,ALLEGHENY - 0038830,1.000000000000,vtd20_identity
003,008850,003,0038850,ALLEGHENY - 0038850,1.000000000000,vtd20_identity
003,008870,003,0038870,ALLEGHENY - 0038870,1.000000000000,vtd20_identity
003,008890,003,0038890,ALLEGHENY - 0038890,1.000000000000,vtd20_identity
003,008910,003,0038910,ALLEGHENY - 0038910,1.000000000000,vtd20_identity
003,008930,003,0038930,ALLEGHENY - 0038930,1.000000000000,vtd20_identity
003,008950,003,0038950,ALLEGHENY - 0038950,1.000000000000,vtd20_identity
003,008970,003,0038970,ALLEGHENY - 0038970,1.000000000000,vtd20_identity
003,008990,003,0038990,ALLEGHENY - 0038990,1.000000000000,vtd20_identity
003,009010,003,0039010,ALLEGHENY - 0039010,1.000000000000,vtd20_identity
003,009030,003,0039030,ALLEGHENY - 0039030,1.000000000000,vtd20_identity
003,009050,003,0039050,ALLEGHENY - 0039050,1.000000000000,vtd20_identity
003,009070,003,0039070,ALLEGHENY - 0039070,1.000000000000,vtd20_identity
003,009080,003,0039080,ALLEGHENY - 0039080,1.000000000000,vtd20_identity
003,009090,003,0039090,ALLEGHENY - 0039090,1.000000000000,vtd20_identity
003,009110,003,0039110,ALLEGHENY - 0039110,1.000000000000,vtd20_identity
003,009130,003,0039130,ALLEGHENY - 0039130,1.000000000000,vtd20_identity
003,009150,003,0039150,ALLEGHENY - 0039150,1.000000000000,vtd20_identity
003,009170,003,0039170,ALLEGHENY - 0039170,1.000000000000,vtd20_identity
003,009190,003,0039190,ALLEGHENY - 0039190,1.000000000000,vtd20_identity
003,009210,003,0039210,ALLEGHENY - 0039210,1.000000000000,vtd20_identity
003,009230,003,0039230,ALLEGHENY - 0039230,1.000000000000,vtd20_identity
003,009250,003,0039250,ALLEGHENY - 0039250,1.000000000000,vtd20_identity
003,009270,003,0039270,ALLEGHENY - 0039270,1.000000000000,vtd20_identity
003,009290,003,0039290,ALLEGHENY - 0039290,1.000000000000,vtd20_identity
003,009310,003,0039310,ALLEGHENY - 0039310,1.000000000000,vtd20_identity
003,009330,003,0039330,ALLEGHENY - 0039330,1.000000000000,vtd20_identity
003,009350,003,0039350,ALLEGHENY - 0039350,1.000000000000,vtd20_identity
003,009370,003,0039370,ALLEGHENY - 0039370,1.000000000000,vtd20_identity
003,009390,003,0039390,ALLEGHENY - 0039390,1.000000000000,vtd20_identity
003,009410,003,0039410,ALLEGHENY - 0039410,1.000000000000,vtd20_identity
003,009430,003,0039430,ALLEGHENY - 0039430,1.000000000000,vtd20_identity
003,009450,003,0039450,ALLEGHENY - 0039450,1.000000000000,vtd20_identity
003,009470,003,0039470,ALLEGHENY - 0039470,1.000000000000,vtd20_identity
003,009490,003,0039490,ALLEGHENY - 0039490,1.000000000000,vtd20_identity
003,009510,003,0039510,ALLEGHENY - 0039510,1.000000000000,vtd20_identity
003,009530,003,0039530,ALLEGHENY - 0039530,1.000000000000,vtd20_identity
003,009550,003,0039550,ALLEGHENY - 0039550,1.000000000000,vtd20_identity
003,009570,003,0039570,ALLEGHENY - 0039570,1.000000000000,vtd20_identity
003,009590,003,0039590,ALLEGHENY - 0039590,1.000000000000,vtd20_identity
003,009610,003,0039610,ALLEGHENY - 0039610,1.000000000000,vtd20_identity
003,009630,003,0039630,ALLEGHENY - 0039630,1.000000000000,vtd20_identity
003,009650,003,0039650,ALLEGHENY - 0039650,1.000000000000,vtd20_identity
003,009670,003,0039670,ALLEGHENY - 0039670,1.000000000000,vtd20_identity
003,009690,003,0039690,ALLEGHENY - 0039690,1.000000000000,vtd20_identity
003,009710,003,0039710,ALLEGHENY - 0039710,1.000000000000,vtd20_identity
003,009730,003,0039730,ALLEGHENY - 0039730,1.000000000000,vtd20_identity
003,009740,003,0039740,ALLEGHENY - 0039740,1.000000000000,vtd20_identity
003,009750,003,0039750,ALLEGHENY - 0039750,1.000000000000,vtd20_identity
003,009760,003,0039760,ALLEGHENY - 0039760,1.000000000000,vtd20_identity
003,009770,003,0039770,ALLEGHENY - 0039770,1.000000000000,vtd20_identity
003,009780,003,0039780,ALLEGHENY - 0039780,1.000000000000,vtd20_identity
003,009790,003,0039790,ALLEGHENY - 0039790,1.000000000000,census_block_count
003,009800,003,0039800,ALLEGHENY - 0039800,1.000000000000,vtd20_identity
003,009810,003,0039810,ALLEGHENY - 0039810,1.000000000000,vtd20_identity
003,009820,003,0039820,ALLEGHENY - 0039820,1.000000000000,vtd20_identity
003,009840,003,0039840,ALLEGHENY - 0039840,1.000000000000,vtd20_identity
003,009860,003,0039860,ALLEGHENY - 0039860,1.000000000000,vtd20_identity
003,009880,003,0039880,ALLEGHENY - 0039880,1.000000000000,vtd20_identity
003,009900,003,0039900,ALLEGHENY - 0039900,1.000000000000,vtd20_identity
003,009920,003,0039920,ALLEGHENY - 0039920,1.000000000000,vtd20_identity
003,009940,003,0039940,ALLEGHENY - 0039940,1.000000000000,vtd20_identity
003,009960,003,0039960,ALLEGHENY - 0039960,1.000000000000,vtd20_identity
003,009980,003,0039980,ALLEGHENY - 0039980,1.000000000000,vtd20_identity
003,00A000,003,003A000,ALLEGHENY - 003A000,1.000000000000,vtd20_identity
003,00A020,003,003A020,ALLEGHENY - 003A020,1.000000000000,vtd20_identity
003,00A040,003,003A040,ALLEGHENY - 003A040,1.000000000000,vtd20_identity
003,00A060,003,003A060,ALLEGHENY - 003A060,1.000000000000,vtd20_identity
003,00A080,003,003A080,ALLEGHENY - 003A080,1.000000000000,vtd20_identity
003,00A100,003,003A100,ALLEGHENY - 003A100,1.000000000000,vtd20_identity
003,00A120,003,003A120,ALLEGHENY - 003A120,1.000000000000,vtd20_identity
003,00A130,003,003A130,ALLEGHENY - 003A130,1.000000000000,vtd20_identity
003,00A150,003,003A150,ALLEGHENY - 003A150,1.000000000000,vtd20_identity
003,00A170,003,003A170,ALLEGHENY - 003A170,1.000000000000,vtd20_identity
003,00A190,003,003A190,ALLEGHENY - 003A190,1.000000000000,vtd20_identity
003,00A210,003,003A210,ALLEGHENY - 003A210,1.000000000000,vtd20_identity
003,00A230,003,003A230,ALLEGHENY - 003A230,1.000000000000,vtd20_identity
003,00A250,003,003A250,ALLEGHENY - 003A250,1.000000000000,vtd20_identity
003,00A270,003,003A270,ALLEGHENY - 003A270,1.000000000000,vtd20_identity
003,00A290,003,003A290,ALLEGHENY - 003A290,1.000000000000,vtd20_identity
003,00A310,003,003A310,ALLEGHENY - 003A310,1.000000000000,vtd20_identity
003,00A330,003,003A330,ALLEGHENY - 003A330,1.000000000000,vtd20_identity
003,00A350,003,003A350,ALLEGHENY - 003A350,1.000000000000,vtd20_identity
003,00A375,003,003A430,ALLEGHENY - 003A430,0.107142857143,census_block_count
003,00A375,003,003A410,ALLEGHENY - 003A410,0.035714285714,census_block_count
003,00A375,003,003A390,ALLEGHENY - 003A390,0.035714285714,census_block_count
003,00A375,003,003A370,ALLEGHENY - 003A370,0.750000000000,census_block_count
003,00A375,003,003151,ALLEGHENY - 003151,0.071428571429,census_block_count
003,00A390,003,003A390,ALLEGHENY - 003A390,1.000000000000,vtd20_identity
003,00A415,003,003A440,ALLEGHENY - 003A440,1.000000000000,vtd20_identity
003,00A480,003,003A480,ALLEGHENY - 003A480,1.000000000000,vtd20_identity
003,00A500,003,003A500,ALLEGHENY - 003A500,1.000000000000,vtd20_identity
003,00A520,003,003A520,ALLEGHENY - 003A520,1.000000000000,vtd20_identity
003,00A540,003,003A540,ALLEGHENY - 003A540,1.000000000000,vtd20_identity
003,00A560,003,003A560,ALLEGHENY - 003A560,1.000000000000,vtd20_identity
003,00A580,003,003A580,ALLEGHENY - 003A580,1.000000000000,vtd20_identity
003,00A600,003,003A600,ALLEGHENY - 003A600,1.000000000000,vtd20_identity
003,00A620,003,003A620,ALLEGHENY - 003A620,1.000000000000,vtd20_identity
003,00A660,003,003A660,ALLEGHENY - 003A660,1.000000000000,vtd20_identity
003,00A680,003,003A680,ALLEGHENY - 003A680,1.000000000000,vtd20_identity
003,00A700,003,003A700,ALLEGHENY - 003A700,1.000000000000,vtd20_identity
003,00A720,003,003A720,ALLEGHENY - 003A720,1.000000000000,vtd20_identity
003,00A740,003,003A740,ALLEGHENY - 003A740,1.000000000000,vtd20_identity
003,00A760,003,003A760,ALLEGHENY - 003A760,1.000000000000,vtd20_identity
003,00A780,003,003A780,ALLEGHENY - 003A780,1.000000000000,vtd20_identity
003,00A800,003,003A800,ALLEGHENY - 003A800,1.000000000000,vtd20_identity
003,00A820,003,003A820,ALLEGHENY - 003A820,1.000000000000,vtd20_identity
003,00A840,003,003A840,ALLEGHENY - 003A840,1.000000000000,vtd20_identity
003,00A860,003,003A860,ALLEGHENY - 003A860,1.000000000000,vtd20_identity
003,00A870,003,003A870,ALLEGHENY - 003A870,1.000000000000,vtd20_identity
003,00A890,003,003A890,ALLEGHENY - 003A890,1.000000000000,vtd20_identity
003,00A910,003,003A910,ALLEGHENY - 003A910,1.000000000000,vtd20_identity
003,00A930,003,003A930,ALLEGHENY - 003A930,1.000000000000,vtd20_identity
003,00A950,003,003A950,ALLEGHENY - 003A950,1.000000000000,vtd20_identity
003,00A970,003,003A970,ALLEGHENY - 003A970,1.000000000000,vtd20_identity
003,00A990,003,003A990,ALLEGHENY - 003A990,1.000000000000,vtd20_identity
003,00B010,003,003B010,ALLEGHENY - 003B010,1.000000000000,vtd20_identity
003,00B030,003,003B030,ALLEGHENY - 003B030,1.000000000000,vtd20_identity
003,00B050,003,003B050,ALLEGHENY - 003B050,1.000000000000,vtd20_identity
003,00B070,003,003B070,ALLEGHENY - 003B070,1.000000000000,vtd20_identity
003,00B090,003,003B090,ALLEGHENY - 003B090,1.000000000000,vtd20_identity
003,00B110,003,003B110,ALLEGHENY - 003B110,1.000000000000,vtd20_identity
003,00B130,003,003B130,ALLEGHENY - 003B130,1.000000000000,vtd20_identity
003,00B150,003,003B150,ALLEGHENY - 003B150,1.000000000000,vtd20_identity
003,00B170,003,003B170,ALLEGHENY - 003B170,1.000000000000,vtd20_identity
003,00B190,003,003B190,ALLEGHENY - 003B190,1.000000000000,vtd20_identity
003,00B210,003,003B210,ALLEGHENY - 003B210,1.000000000000,vtd20_identity
003,00B230,003,003B230,ALLEGHENY - 003B230,1.000000000000,vtd20_identity
003,00B250,003,003B250,ALLEGHENY - 003B250,1.000000000000,vtd20_identity
003,00B270,003,003B270,ALLEGHENY - 003B270,1.000000000000,vtd20_identity
003,00B290,003,003B290,ALLEGHENY - 003B290,1.000000000000,vtd20_identity
003,00B310,003,003B310,ALLEGHENY - 003B310,1.000000000000,vtd20_identity
003,00B330,003,003B330,ALLEGHENY - 003B330,1.000000000000,vtd20_identity
003,00B350,003,003B350,ALLEGHENY - 003B350,1.000000000000,vtd20_identity
003,00B370,003,003B370,ALLEGHENY - 003B370,1.000000000000,vtd20_identity
003,00B390,003,003B390,ALLEGHENY - 003B390,1.000000000000,vtd20_identity
003,00B410,003,003B410,ALLEGHENY - 003B410,1.000000000000,vtd20_identity
003,00B430,003,003B430,ALLEGHENY - 003B430,1.000000000000,vtd20_identity
003,00B450,003,003B450,ALLEGHENY - 003B450,1.000000000000,vtd20_identity
003,00B470,003,003B470,ALLEGHENY - 003B470,1.000000000000,vtd20_identity
003,00B480,003,003B480,ALLEGHENY - 003B480,1.000000000000,vtd20_identity
003,00B490,003,003B490,ALLEGHENY - 003B490,1.000000000000,vtd20_identity
003,00B500,003,003B500,ALLEGHENY - 003B500,1.000000000000,vtd20_identity
003,00B510,003,003B510,ALLEGHENY - 003B510,1.000000000000,vtd20_identity
003,00B520,003,003B520,ALLEGHENY - 003B520,1.000000000000,vtd20_identity
003,00B530,003,003B530,ALLEGHENY - 003B530,1.000000000000,vtd20_identity
003,00B540,003,003B540,ALLEGHENY - 003B540,1.000000000000,vtd20_identity
003,00B560,003,003B560,ALLEGHENY - 003B560,1.000000000000,vtd20_identity
003,00B580,003,003B580,ALLEGHENY - 003B580,1.000000000000,vtd20_identity
003,00B600,003,003B600,ALLEGHENY - 003B600,1.000000000000,vtd20_identity
003,00B620,003,003B620,ALLEGHENY - 003B620,1.000000000000,vtd20_identity
003,00B640,003,003B640,ALLEGHENY - 003B640,1.000000000000,vtd20_identity
003,00B660,003,003B660,ALLEGHENY - 003B660,1.000000000000,vtd20_identity
003,00B680,003,003B680,ALLEGHENY - 003B680,1.000000000000,vtd20_identity
003,00B700,003,003B700,ALLEGHENY - 003B700,1.000000000000,vtd20_identity
003,00B720,003,003B720,ALLEGHENY - 003B720,1.000000000000,vtd20_identity
003,00B740,003,003B740,ALLEGHENY - 003B740,1.000000000000,vtd20_identity
003,00B760,003,003B760,ALLEGHENY - 003B760,1.000000000000,vtd20_identity
003,00B780,003,003B780,ALLEGHENY - 003B780,1.000000000000,vtd20_identity
003,00B800,003,003B800,ALLEGHENY - 003B800,1.000000000000,vtd20_identity
003,00B820,003,003B820,ALLEGHENY - 003B820,1.000000000000,vtd20_identity
003,00B840,003,003B840,ALLEGHENY - 003B840,1.000000000000,vtd20_identity
003,00B860,003,003B860,ALLEGHENY - 003B860,1.000000000000,vtd20_identity
003,00B880,003,003B880,ALLEGHENY - 003B880,1.000000000000,vtd20_identity
003,00B900,003,003B900,ALLEGHENY - 003B900,1.000000000000,vtd20_identity
003,00B920,003,003B920,ALLEGHENY - 003B920,1.000000000000,vtd20_identity
003,00B940,003,003B940,ALLEGHENY - 003B940,1.000000000000,vtd20_identity
003,00B960,003,003B960,ALLEGHENY - 003B960,1.000000000000,vtd20_identity
003,00B980,003,003B980,ALLEGHENY - 003B980,1.000000000000,vtd20_identity
003,00C040,003,003C040,ALLEGHENY - 003C040,1.000000000000,vtd20_identity
003,00C050,003,003C050,ALLEGHENY - 003C050,1.000000000000,vtd20_identity
003,00C070,003,003C070,ALLEGHENY - 003C070,1.000000000000,vtd20_identity
003,00C080,003,003C080,ALLEGHENY - 003C080,1.000000000000,vtd20_identity
003,00C120,003,003C120,ALLEGHENY - 003C120,1.000000000000,vtd20_identity
003,00C140,003,003C140,ALLEGHENY - 003C140,1.000000000000,vtd20_identity
003,00C160,003,003C160,ALLEGHENY - 003C160,1.000000000000,vtd20_identity
003,00C220,003,003C220,ALLEGHENY - 003C220,1.000000000000,vtd20_identity
003,00C240,003,003C240,ALLEGHENY - 003C240,1.000000000000,vtd20_identity
003,00C260,003,003C260,ALLEGHENY - 003C260,1.000000000000,vtd20_identity
003,00C280,003,003C280,ALLEGHENY - 003C280,1.000000000000,vtd20_identity
003,00C300,003,003C300,ALLEGHENY - 003C300,1.000000000000,vtd20_identity
003,00C320,003,003C320,ALLEGHENY - 003C320,1.000000000000,vtd20_identity
003,00C360,003,003C360,ALLEGHENY - 003C360,1.000000000000,vtd20_identity
003,00C380,003,003C380,ALLEGHENY - 003C380,1.000000000000,vtd20_identity
003,00C400,003,003C400,ALLEGHENY - 003C400,1.000000000000,vtd20_identity
003,00C420,003,003C420,ALLEGHENY - 003C420,1.000000000000,vtd20_identity
003,00C440,003,003C440,ALLEGHENY - 003C440,1.000000000000,vtd20_identity
003,00C460,003,003C460,ALLEGHENY - 003C460,1.000000000000,vtd20_identity
003,00C480,003,003C480,ALLEGHENY - 003C480,1.000000000000,vtd20_identity
003,00C540,003,003C540,ALLEGHENY - 003C540,1.000000000000,vtd20_identity
003,00C560,003,003C560,ALLEGHENY - 003C560,1.000000000000,vtd20_identity
003,00C580,003,003C580,ALLEGHENY - 003C580,1.000000000000,vtd20_identity
003,00C600,003,003C600,ALLEGHENY - 003C600,1.000000000000,vtd20_identity
003,00C620,003,003C620,ALLEGHENY - 003C620,1.000000000000,vtd20_identity
003,00C640,003,003C640,ALLEGHENY - 003C640,1.000000000000,vtd20_identity
003,00C660,003,003C660,ALLEGHENY - 003C660,1.000000000000,vtd20_identity
003,00C680,003,003C680,ALLEGHENY - 003C680,1.000000000000,vtd20_identity
003,00C700,003,003C700,ALLEGHENY - 003C700,1.000000000000,vtd20_identity
003,00C720,003,003C720,ALLEGHENY - 003C720,1.000000000000,vtd20_identity
003,00C740,003,003C740,ALLEGHENY - 003C740,1.000000000000,vtd20_identity
003,00C750,003,003C750,ALLEGHENY - 003C750,1.000000000000,vtd20_identity
003,00C770,003,003C770,ALLEGHENY - 003C770,1.000000000000,vtd20_identity
003,00C790,003,003C790,ALLEGHENY - 003C790,1.000000000000,vtd20_identity
003,00C810,003,003C810,ALLEGHENY - 003C810,1.000000000000,vtd20_identity
003,00C830,003,003C830,ALLEGHENY - 003C830,1.000000000000,vtd20_identity
003,00C840,003,003C840,ALLEGHENY - 003C840,1.000000000000,vtd20_identity
003,00C860,003,003C860,ALLEGHENY - 003C860,1.000000000000,vtd20_identity
003,00C880,003,003C880,ALLEGHENY - 003C880,1.000000000000,vtd20_identity
003,00C900,003,003C900,ALLEGHENY - 003C900,1.000000000000,vtd20_identity
003,00C920,003,003C920,ALLEGHENY - 003C920,1.000000000000,vtd20_identity
003,00C940,003,003C940,ALLEGHENY - 003C940,1.000000000000,vtd20_identity
003,00C960,003,003C960,ALLEGHENY - 003C960,1.000000000000,vtd20_identity
003,00C980,003,003C980,ALLEGHENY - 003C980,1.000000000000,vtd20_identity
003,00C990,003,003C990,ALLEGHENY - 003C990,1.000000000000,vtd20_identity
003,00D010,003,003D010,ALLEGHENY - 003D010,1.000000000000,vtd20_identity
003,00D030,003,003D030,ALLEGHENY - 003D030,1.000000000000,vtd20_identity
003,00D050,003,003D050,ALLEGHENY - 003D050,1.000000000000,vtd20_identity
003,00D070,003,003D070,ALLEGHENY - 003D070,1.000000000000,vtd20_identity
003,00D090,003,003D090,ALLEGHENY - 003D090,1.000000000000,vtd20_identity
003,00D140,003,003D140,ALLEGHENY - 003D140,1.000000000000,vtd20_identity
003,00D160,003,003D160,ALLEGHENY - 003D160,1.000000000000,vtd20_identity
003,00D180,003,003D180,ALLEGHENY - 003D180,1.000000000000,vtd20_identity
003,00D200,003,003D200,ALLEGHENY - 003D200,1.000000000000,vtd20_identity
003,00D220,003,003D220,ALLEGHENY - 003D220,1.000000000000,vtd20_identity
003,00D240,003,003D240,ALLEGHENY - 003D240,1.000000000000,vtd20_identity
003,00D260,003,003D260,ALLEGHENY - 003D260,1.000000000000,vtd20_identity
003,00D280,003,003D280,ALLEGHENY - 003D280,1.000000000000,vtd20_identity
003,00D300,003,003D300,ALLEGHENY - 003D300,1.000000000000,vtd20_identity
003,00D310,003,003D310,ALLEGHENY - 003D310,1.000000000000,vtd20_identity
003,00D320,003,003D320,ALLEGHENY - 003D320,1.000000000000,vtd20_identity
003,00D340,003,003D340,ALLEGHENY - 003D340,1.000000000000,vtd20_identity
003,00D360,003,003D360,ALLEGHENY - 003D360,1.000000000000,vtd20_identity
003,00D380,003,003D380,ALLEGHENY - 003D380,1.000000000000,vtd20_identity
003,00D400,003,003D400,ALLEGHENY - 003D400,1.000000000000,vtd20_identity
003,00D420,003,003D420,ALLEGHENY - 003D420,1.000000000000,vtd20_identity
003,00D440,003,003D440,ALLEGHENY - 003D440,1.000000000000,vtd20_identity
003,00D460,003,003D460,ALLEGHENY - 003D460,1.000000000000,vtd20_identity
003,00D480,003,003D480,ALLEGHENY - 003D480,1.000000000000,vtd20_identity
003,00D500,003,003D500,ALLEGHENY - 003D500,1.000000000000,vtd20_identity
003,00D520,003,003D520,ALLEGHENY - 003D520,1.000000000000,vtd20_identity
003,00D540,003,003D540,ALLEGHENY - 003D540,1.000000000000,vtd20_identity
003,00D560,003,003D560,ALLEGHENY - 003D560,1.000000000000,vtd20_identity
003,00D580,003,003D580,ALLEGHENY - 003D580,1.000000000000,vtd20_identity
003,00D600,003,003D600,ALLEGHENY - 003D600,1.000000000000,vtd20_identity
003,00D620,003,003D620,ALLEGHENY - 003D620,1.000000000000,vtd20_identity
003,00D640,003,003D640,ALLEGHENY - 003D640,1.000000000000,vtd20_identity
003,00D660,003,003D660,ALLEGHENY - 003D660,1.000000000000,vtd20_identity
003,00D690,003,003D690,ALLEGHENY - 003D690,1.000000000000,vtd20_identity
003,00D710,003,003D710,ALLEGHENY - 003D710,1.000000000000,vtd20_identity
003,00D730,003,003D730,ALLEGHENY - 003D730,1.000000000000,vtd20_identity
003,00D750,003,003D750,ALLEGHENY - 003D750,1.000000000000,vtd20_identity
003,00D770,003,003D770,ALLEGHENY - 003D770,1.000000000000,vtd20_identity
003,00D790,003,003D790,ALLEGHENY - 003D790,1.000000000000,vtd20_identity
003,00D810,003,003D810,ALLEGHENY - 003D810,1.000000000000,vtd20_identity
003,00D830,003,003D830,ALLEGHENY - 003D830,1.000000000000,vtd20_identity
003,00D850,003,003D850,ALLEGHENY - 003D850,1.000000000000,vtd20_identity
003,00D870,003,003D870,ALLEGHENY - 003D870,1.000000000000,vtd20_identity
003,00D890,003,003D890,ALLEGHENY - 003D890,1.000000000000,vtd20_identity
003,00D910,003,003D910,ALLEGHENY - 003D910,1.000000000000,vtd20_identity
003,00D930,003,003D930,ALLEGHENY - 003D930,1.000000000000,vtd20_identity
003,00D950,003,003D950,ALLEGHENY - 003D950,1.000000000000,vtd20_identity
003,00D970,003,003D970,ALLEGHENY - 003D970,1.000000000000,vtd20_identity
003,00D980,003,003D980,ALLEGHENY - 003D980,1.000000000000,vtd20_identity
003,00D990,003,003D990,ALLEGHENY - 003D990,1.000000000000,vtd20_identity
003,00E000,003,003E000,ALLEGHENY - 003E000,1.000000000000,vtd20_identity
003,00E010,003,003E010,ALLEGHENY - 003E010,1.000000000000,vtd20_identity
003,00E020,003,003E020,ALLEGHENY - 003E020,1.000000000000,vtd20_identity
003,00E030,003,003E030,ALLEGHENY - 003E030,1.000000000000,vtd20_identity
003,00E032,003,003E032,ALLEGHENY - 003E032,1.000000000000,vtd20_identity
003,00E034,003,003E034,ALLEGHENY - 003E034,1.000000000000,vtd20_identity
003,00E036,003,003E036,ALLEGHENY - 003E036,1.000000000000,vtd20_identity
003,00E038,003,003E038,ALLEGHENY - 003E038,1.000000000000,vtd20_identity
003,00E040,003,003E040,ALLEGHENY - 003E040,1.000000000000,vtd20_identity
003,00E045,003,003E045,ALLEGHENY - 003E045,1.000000000000,vtd20_identity
003,00E050,003,003E050,ALLEGHENY - 003E050,1.000000000000,vtd20_identity
003,00E055,003,003E055,ALLEGHENY - 003E055,1.000000000000,vtd20_identity
003,00E060,003,003E060,ALLEGHENY - 003E060,1.000000000000,vtd20_identity
003,00E065,003,003E065,ALLEGHENY - 003E065,1.000000000000,vtd20_identity
003,00E070,003,003E070,ALLEGHENY - 003E070,1.000000000000,vtd20_identity
003,00E075,003,003E075,ALLEGHENY - 003E075,1.000000000000,vtd20_identity
003,00E080,003,003E080,ALLEGHENY - 003E080,1.000000000000,vtd20_identity
003,00E085,003,003E085,ALLEGHENY - 003E085,1.000000000000,vtd20_identity
003,00E090,003,003E090,ALLEGHENY - 003E090,1.000000000000,vtd20_identity
003,00E100,003,003E100,ALLEGHENY - 003E100,1.000000000000,vtd20_identity
003,00E105,003,003E105,ALLEGHENY - 003E105,1.000000000000,vtd20_identity
003,00E110,003,003E110,ALLEGHENY - 003E110,1.000000000000,vtd20_identity
003,00E115,003,003E115,ALLEGHENY - 003E115,1.000000000000,vtd20_identity
003,00E120,003,003E120,ALLEGHENY - 003E120,1.000000000000,vtd20_identity
003,00E125,003,003E125,ALLEGHENY - 003E125,1.000000000000,vtd20_identity
003,00E130,003,003E130,ALLEGHENY - 003E130,1.000000000000,vtd20_identity
003,00E135,003,003E135,ALLEGHENY - 003E135,1.000000000000,vtd20_identity
003,00E140,003,003E140,ALLEGHENY - 003E140,1.000000000000,vtd20_identity
003,00E145,003,003E145,ALLEGHENY - 003E145,1.000000000000,vtd20_identity
003,00E151,003,003E151,ALLEGHENY - 003E151,1.000000000000,vtd20_identity
003,00E181,003,003E181,ALLEGHENY - 003E181,1.000000000000,vtd20_identity
003,00E190,003,003E190,ALLEGHENY - 003E190,1.000000000000,vtd20_identity
003,00E200,003,003E200,ALLEGHENY - 003E200,1.000000000000,vtd20_identity
003,00E210,003,003E210,ALLEGHENY - 003E210,1.000000000000,vtd20_identity
003,00E220,003,003E220,ALLEGHENY - 003E220,1.000000000000,vtd20_identity
003,00E230,003,003E230,ALLEGHENY - 003E230,1.000000000000,vtd20_identity
003,00E260,003,003E260,ALLEGHENY - 003E260,1.000000000000,vtd20_identity
003,00E270,003,003E270,ALLEGHENY - 003E270,1.000000000000,vtd20_identity
003,00E280,003,003E280,ALLEGHENY - 003E280,1.000000000000,vtd20_identity
003,00E290,003,003E290,ALLEGHENY - 003E290,1.000000000000,vtd20_identity
003,00E300,003,003E320,ALLEGHENY - 003E320,1.000000000000,vtd20_identity
003,00E310,003,003E330,ALLEGHENY - 003E330,1.000000000000,vtd20_identity
003,00E320,003,003E330,ALLEGHENY - 003E330,0.312500000000,census_block_count
003,00E320,003,0032620,ALLEGHENY - 0032620,0.062500000000,census_block_count
003,00E320,003,003E331,ALLEGHENY - 003E331,0.625000000000,census_block_count
003,00E330,003,003E331,ALLEGHENY - 003E331,1.000000000000,vtd20_identity
003,00E331,003,003E330,ALLEGHENY - 003E330,0.416666666667,census_block_count
003,00E331,003,003E332,ALLEGHENY - 003E332,0.333333333333,census_block_count
003,00E331,003,003E320,ALLEGHENY - 003E320,0.250000000000,census_block_count
003,00E332,003,003E332,ALLEGHENY - 003E332,0.500000000000,census_block_count
003,00E332,003,003E333,ALLEGHENY - 003E333,0.500000000000,census_block_count
003,00E333,003,003E330,ALLEGHENY - 003E330,0.030303030303,census_block_count
003,00E333,003,003E334,ALLEGHENY - 003E334,0.515151515152,census_block_count
003,00E333,003,003E300,ALLEGHENY - 003E300,0.060606060606,census_block_count
003,00E333,003,003E310,ALLEGHENY - 003E310,0.363636363636,census_block_count
003,00E333,003,003E333,ALLEGHENY - 003E333,0.030303030303,census_block_count
003,00E334,003,003E300,ALLEGHENY - 003E300,1.000000000000,vtd20_identity
003,00E342,003,003E342,ALLEGHENY - 003E342,1.000000000000,vtd20_identity
003,00E346,003,003E346,ALLEGHENY - 003E346,1.000000000000,vtd20_identity
003,00E351,003,003E351,ALLEGHENY - 003E351,1.000000000000,vtd20_identity
003,00E356,003,003E356,ALLEGHENY - 003E356,1.000000000000,vtd20_identity
003,00E361,003,003E361,ALLEGHENY - 003E361,1.000000000000,vtd20_identity
003,00E366,003,003E366,ALLEGHENY - 003E366,1.000000000000,vtd20_identity
003,00E371,003,003E371,ALLEGHENY - 003E371,1.000000000000,vtd20_identity
003,00E376,003,003E376,ALLEGHENY - 003E376,1.000000000000,vtd20_identity
003,00E381,003,003E381,ALLEGHENY - 003E381,1.000000000000,vtd20_identity
003,00E425,003,003E425,ALLEGHENY - 003E425,1.000000000000,vtd20_identity
003,00E435,003,003E435,ALLEGHENY - 003E435,1.000000000000,vtd20_identity
003,00E445,003,003E445,ALLEGHENY - 003E445,1.000000000000,vtd20_identity
003,00E455,003,003E455,ALLEGHENY - 003E455,1.000000000000,vtd20_identity
003,00E465,003,003E465,ALLEGHENY - 003E465,1.000000000000,vtd20_identity
003,00E475,003,003E475,ALLEGHENY - 003E475,1.000000000000,vtd20_identity
003,00E485,003,003E485,ALLEGHENY - 003E485,1.000000000000,vtd20_identity
003,00E495,003,003E495,ALLEGHENY - 003E495,1.000000000000,vtd20_identity
003,00E505,003,003E505,ALLEGHENY - 003E505,1.000000000000,vtd20_identity
003,00E515,003,003E515,ALLEGHENY - 003E515,1.000000000000,vtd20_identity
003,00E525,003,003E525,ALLEGHENY - 003E525,1.000000000000,vtd20_identity
003,00E535,003,003E535,ALLEGHENY - 003E535,1.000000000000,vtd20_identity
003,00E545,003,003E545,ALLEGHENY - 003E545,1.000000000000,vtd20_identity
003,00E555,003,003E555,ALLEGHENY - 003E555,1.000000000000,vtd20_identity
003,00E565,003,003E565,ALLEGHENY - 003E565,1.000000000000,vtd20_identity
003,00E575,003,003E575,ALLEGHENY - 003E575,1.000000000000,vtd20_identity
003,00E585,003,003E585,ALLEGHENY - 003E585,1.000000000000,vtd20_identity
003,00E595,003,003E595,ALLEGHENY - 003E595,1.000000000000,vtd20_identity
003,00E605,003,003E605,ALLEGHENY - 003E605,1.000000000000,vtd20_identity
003,00E615,003,003E615,ALLEGHENY - 003E615,1.000000000000,vtd20_identity
003,00E625,003,003E625,ALLEGHENY - 003E625,1.000000000000,vtd20_identity
003,00E635,003,003E635,ALLEGHENY - 003E635,1.000000000000,vtd20_identity
003,00E645,003,003E645,ALLEGHENY - 003E645,1.000000000000,vtd20_identity
003,00E655,003,003E655,ALLEGHENY - 003E655,1.000000000000,vtd20_identity
003,00E665,003,003E665,ALLEGHENY - 003E665,1.000000000000,vtd20_identity
003,00E675,003,003E675,ALLEGHENY - 003E675,1.000000000000,vtd20_identity
003,00E685,003,003E685,ALLEGHENY - 003E685,1.000000000000,vtd20_identity
003,00E695,003,003E695,ALLEGHENY - 003E695,1.000000000000,vtd20_identity
003,00E705,003,003E705,ALLEGHENY - 003E705,1.000000000000,vtd20_identity
003,00E715,003,003E715,ALLEGHENY - 003E715,1.000000000000,vtd20_identity
003,00E725,003,003E725,ALLEGHENY - 003E725,1.000000000000,vtd20_identity
003,00E735,003,003E735,ALLEGHENY - 003E735,1.000000000000,vtd20_identity
003,00E745,003,003E745,ALLEGHENY - 003E745,1.000000000000,vtd20_identity
003,00E770,003,003E770,ALLEGHENY - 003E770,1.000000000000,vtd20_identity
003,00E780,003,003E780,ALLEGHENY - 003E780,1.000000000000,vtd20_identity
003,00E791,003,003E791,ALLEGHENY - 003E791,1.000000000000,vtd20_identity
003,00E810,003,003E810,ALLEGHENY - 003E810,1.000000000000,vtd20_identity
003,00E815,003,003E815,ALLEGHENY - 003E815,1.000000000000,vtd20_identity
003,00E841,003,003E841,ALLEGHENY - 003E841,1.000000000000,vtd20_identity
003,00E850,003,003E850,ALLEGHENY - 003E850,1.000000000000,vtd20_identity
003,00E870,003,003E870,ALLEGHENY - 003E870,1.000000000000,vtd20_identity
003,00E880,003,003E880,ALLEGHENY - 003E880,1.000000000000,vtd20_identity
003,00E891,003,003E891,ALLEGHENY - 003E891,1.000000000000,vtd20_identity
003,00E901,003,003E901,ALLEGHENY - 003E901,1.000000000000,vtd20_identity
003,00E931,003,003E931,ALLEGHENY - 003E931,1.000000000000,vtd20_identity
003,00E940,003,003E940,ALLEGHENY - 003E940,1.000000000000,vtd20_identity
003,00E950,003,003E950,ALLEGHENY - 003E950,1.000000000000,vtd20_identity
003,00E960,003,003E960,ALLEGHENY - 003E960,1.000000000000,vtd20_identity
003,00E970,003,003E970,ALLEGHENY - 003E970,1.000000000000,vtd20_identity
003,00E980,003,003E980,ALLEGHENY - 003E980,1.000000000000,vtd20_identity
003,00E990,003,003E990,ALLEGHENY - 003E990,1.000000000000,vtd20_identity
003,00F000,003,003F000,ALLEGHENY - 003F000,1.000000000000,vtd20_identity
003,00F010,003,003F010,ALLEGHENY - 003F010,1.000000000000,vtd20_identity
003,00F020,003,003F020,ALLEGHENY - 003F020,1.000000000000,vtd20_identity
003,00F030,003,003F030,ALLEGHENY - 003F030,1.000000000000,census_block_count
003,00F041,003,003F030,ALLEGHENY - 003F030,0.142857142857,census_block_count
003,00F041,003,003F041,ALLEGHENY - 003F041,0.857142857143,census_block_count
003,00F060,003,003F060,ALLEGHENY - 003F060,1.000000000000,vtd20_identity
003,00F070,003,003F070,ALLEGHENY - 003F070,1.000000000000,vtd20_identity
003,00F080,003,003F080,ALLEGHENY - 003F080,1.000000000000,vtd20_identity
003,00F090,003,003F090,ALLEGHENY - 003F090,1.000000000000,vtd20_identity
003,00F100,003,003F100,ALLEGHENY - 003F100,1.000000000000,vtd20_identity
003,00F101,003,003F101,ALLEGHENY - 003F101,1.000000000000,vtd20_identity
003,00F102,003,003F102,ALLEGHENY - 003F102,1.000000000000,vtd20_identity
003,00F110,003,003F110,ALLEGHENY - 003F110,1.000000000000,vtd20_identity
003,00F120,003,003F120,ALLEGHENY - 003F120,1.000000000000,vtd20_identity
003,00F130,003,003F130,ALLEGHENY - 003F130,1.000000000000,vtd20_identity
003,00F140,003,003F140,ALLEGHENY - 003F140,1.000000000000,vtd20_identity
003,00F141,003,003F141,ALLEGHENY - 003F141,1.000000000000,vtd20_identity
003,00F150,003,003F150,ALLEGHENY - 003F150,1.000000000000,vtd20_identity
003,00F160,003,003F160,ALLEGHENY - 003F160,1.000000000000,vtd20_identity
003,00F170,003,003F170,ALLEGHENY - 003F170,1.000000000000,vtd20_identity
003,00F171,003,003F171,ALLEGHENY - 003F171,1.000000000000,vtd20_identity
003,00F172,003,003F172,ALLEGHENY - 003F172,1.000000000000,vtd20_identity
003,00F180,003,003F180,ALLEGHENY - 003F180,1.000000000000,vtd20_identity
003,00F190,003,003F190,ALLEGHENY - 003F190,1.000000000000,vtd20_identity
003,00F200,003,003F200,ALLEGHENY - 003F200,1.000000000000,vtd20_identity
003,00F201,003,003F201,ALLEGHENY - 003F201,1.000000000000,vtd20_identity
003,00F202,003,003F202,ALLEGHENY - 003F202,1.000000000000,vtd20_identity
003,00F210,003,003F210,ALLEGHENY - 003F210,1.000000000000,vtd20_identity
003,00F220,003,003F220,ALLEGHENY - 003F220,1.000000000000,vtd20_identity
003,00F230,003,003F230,ALLEGHENY - 003F230,1.000000000000,vtd20_identity
003,00F240,003,003F240,ALLEGHENY - 003F240,1.000000000000,vtd20_identity
003,00F241,003,003F241,ALLEGHENY - 003F241,1.000000000000,vtd20_identity
003,00F250,003,003F250,ALLEGHENY - 003F250,1.000000000000,vtd20_identity
003,00F260,003,003F260,ALLEGHENY - 003F260,1.000000000000,vtd20_identity
003,00F270,003,003F270,ALLEGHENY - 003F270,1.000000000000,vtd20_identity
003,00F280,003,003F280,ALLEGHENY - 003F280,1.000000000000,vtd20_identity
003,00F281,003,003F281,ALLEGHENY - 003F281,1.000000000000,vtd20_identity
003,00F290,003,003F290,ALLEGHENY - 003F290,1.000000000000,vtd20_identity
003,00F300,003,003F300,ALLEGHENY - 003F300,1.000000000000,vtd20_identity
003,00F310,003,003F310,ALLEGHENY - 003F310,1.000000000000,vtd20_identity
003,00F320,003,003F320,ALLEGHENY - 003F320,1.000000000000,vtd20_identity
003,00F331,003,003F331,ALLEGHENY - 003F331,1.000000000000,vtd20_identity
003,00F351,003,003F351,ALLEGHENY - 003F351,1.000000000000,vtd20_identity
003,00F371,003,003F371,ALLEGHENY - 003F371,1.000000000000,vtd20_identity
003,00F392,003,003F391,ALLEGHENY - 003F391,1.000000000000,vtd20_identity
003,00F395,003,003F401,ALLEGHENY - 003F401,1.000000000000,census_block_count
003,00F398,003,003F411,ALLEGHENY - 003F411,1.000000000000,vtd20_identity
003,00F399,003,003F401,ALLEGHENY - 003F401,1.000000000000,census_block_count
003,00F405,003,003F421,ALLEGHENY - 003F421,1.000000000000,vtd20_identity
003,00F409,003,003F431,ALLEGHENY - 003F431,1.000000000000,vtd20_identity
003,00F412,003,003F431,ALLEGHENY - 003F431,1.000000000000,census_block_count
003,00F415,003,003F441,ALLEGHENY - 003F441,1.000000000000,vtd20_identity
003,00F417,003,003F431,ALLEGHENY - 003F431,1.000000000000,census_block_count
003,00F425,003,003F401,ALLEGHENY - 003F401,1.000000000000,census_block_count
003,00F427,003,003F441,ALLEGHENY - 003F441,0.200000000000,census_block_count
003,00F427,003,003F411,ALLEGHENY - 003F411,0.800000000000,census_block_count
003,00F435,003,003F441,ALLEGHENY - 003F441,0.250000000000,census_block_count
003,00F435,003,003F421,ALLEGHENY - 003F421,0.500000000000,census_block_count
003,00F435,003,003F391,ALLEGHENY - 003F391,0.250000000000,census_block_count
003,00F437,003,003F401,ALLEGHENY - 003F401,1.000000000000,vtd20_identity
003,00F445,003,003F441,ALLEGHENY - 003F441,0.466666666667,census_block_count
003,00F445,003,003F421,ALLEGHENY - 003F421,0.533333333333,census_block_count
003,00F462,003,003F460,ALLEGHENY - 003F460,1.000000000000,census_block_count
003,00F464,003,003F460,ALLEGHENY - 003F460,1.000000000000,vtd20_identity
003,00F470,003,003F470,ALLEGHENY - 003F470,1.000000000000,vtd20_identity
003,00F480,003,003F480,ALLEGHENY - 003F480,1.000000000000,vtd20_identity
003,00F490,003,003F490,ALLEGHENY - 003F490,1.000000000000,vtd20_identity
003,00F500,003,003F500,ALLEGHENY - 003F500,1.000000000000,vtd20_identity
003,00F510,003,003F510,ALLEGHENY - 003F510,1.000000000000,vtd20_identity
003,00F520,003,003F520,ALLEGHENY - 003F520,1.000000000000,vtd20_identity
003,00F522,003,003F522,ALLEGHENY - 003F522,1.000000000000,vtd20_identity
003,00F524,003,003F524,ALLEGHENY - 003F524,1.000000000000,vtd20_identity
003,00F526,003,003F526,ALLEGHENY - 003F526,1.000000000000,vtd20_identity
003,00F528,003,003F528,ALLEGHENY - 003F528,1.000000000000,vtd20_identity
003,00F529,003,003F529,ALLEGHENY - 003F529,1.000000000000,vtd20_identity
003,00F530,003,003F530,ALLEGHENY - 003F530,1.000000000000,vtd20_identity
003,00F561,003,003F561,ALLEGHENY - 003F561,1.000000000000,vtd20_identity
003,00F570,003,003F570,ALLEGHENY - 003F570,1.000000000000,vtd20_identity
003,00F580,003,003F580,ALLEGHENY - 003F580,1.000000000000,vtd20_identity
003,00F585,003,003F585,ALLEGHENY - 003F585,1.000000000000,vtd20_identity
003,00F600,003,003F600,ALLEGHENY - 003F600,1.000000000000,vtd20_identity
003,00F610,003,003F610,ALLEGHENY - 003F610,1.000000000000,vtd20_identity
003,00F620,003,003F620,ALLEGHENY - 003F620,1.000000000000,vtd20_identity
003,00F630,003,003F630,ALLEGHENY - 003F630,1.000000000000,vtd20_identity
003,00F641,003,003F641,ALLEGHENY - 003F641,1.000000000000,vtd20_identity
003,00F661,003,003F661,ALLEGHENY - 003F661,1.000000000000,vtd20_identity
003,00F680,003,003F680,ALLEGHENY - 003F680,1.000000000000,vtd20_identity
003,00F690,003,003F690,ALLEGHENY - 003F690,1.000000000000,vtd20_identity
003,00F700,003,003F700,ALLEGHENY - 003F700,1.000000000000,vtd20_identity
003,00F710,003,003F710,ALLEGHENY - 003F710,1.000000000000,vtd20_identity
003,00F720,003,003F720,ALLEGHENY - 003F720,1.000000000000,vtd20_identity
003,00F730,003,003F730,ALLEGHENY - 003F730,1.000000000000,vtd20_identity
003,00F740,003,003F740,ALLEGHENY - 003F740,1.000000000000,vtd20_identity
003,00F750,003,003F750,ALLEGHENY - 003F750,1.000000000000,vtd20_identity
003,00F760,003,003F760,ALLEGHENY - 003F760,1.000000000000,vtd20_identity
003,00F770,003,003F770,ALLEGHENY - 003F770,1.000000000000,vtd20_identity
003,00F780,003,003F780,ALLEGHENY - 003F780,1.000000000000,vtd20_identity
003,00F790,003,003F790,ALLEGHENY - 003F790,1.000000000000,vtd20_identity
003,00F800,003,003F800,ALLEGHENY - 003F800,1.000000000000,vtd20_identity
003,00F810,003,003F810,ALLEGHENY - 003F810,1.000000000000,vtd20_identity
003,00F820,003,003F820,ALLEGHENY - 003F820,1.000000000000,vtd20_identity
003,00F830,003,003F830,ALLEGHENY - 003F830,1.000000000000,vtd20_identity
003,00F840,003,003F840,ALLEGHENY - 003F840,1.000000000000,vtd20_identity
003,00F891,003,003F891,ALLEGHENY - 003F891,1.000000000000,vtd20_identity
003,00F900,003,003F900,ALLEGHENY - 003F900,1.000000000000,vtd20_identity
003,00F921,003,003F921,ALLEGHENY - 003F921,1.000000000000,vtd20_identity
003,00F940,003,003F940,ALLEGHENY - 003F940,1.000000000000,vtd20_identity
003,00F950,003,003F950,ALLEGHENY - 003F950,1.000000000000,vtd20_identity
003,00F960,003,003F960,ALLEGHENY - 003F960,1.000000000000,vtd20_identity
003,00F970,003,003F970,ALLEGHENY - 003F970,1.000000000000,vtd20_identity
003,00F981,003,003F981,ALLEGHENY - 003F981,1.000000000000,vtd20_identity
003,00G000,003,003G000,ALLEGHENY - 003G000,1.000000000000,vtd20_identity
003,00G011,003,003G011,ALLEGHENY - 003G011,1.000000000000,vtd20_identity
003,00G030,003,003G030,ALLEGHENY - 003G030,1.000000000000,vtd20_identity
003,00G041,003,003G041,ALLEGHENY - 003G041,1.000000000000,vtd20_identity
003,00G060,003,003G060,ALLEGHENY - 003G060,1.000000000000,vtd20_identity
003,00G070,003,003G070,ALLEGHENY - 003G070,1.000000000000,vtd20_identity
003,00G080,003,003G080,ALLEGHENY - 003G080,1.000000000000,vtd20_identity
003,00G081,003,003G081,ALLEGHENY - 003G081,1.000000000000,vtd20_identity
003,00G082,003,003G082,ALLEGHENY - 003G082,1.000000000000,vtd20_identity
003,00G090,003,003G090,ALLEGHENY - 003G090,1.000000000000,vtd20_identity
003,00G100,003,003G100,ALLEGHENY - 003G100,1.000000000000,vtd20_identity
003,00G110,003,003G110,ALLEGHENY - 003G110,1.000000000000,vtd20_identity
003,00G111,003,003G111,ALLEGHENY - 003G111,1.000000000000,vtd20_identity
003,00G120,003,003G120,ALLEGHENY - 003G120,1.000000000000,vtd20_identity
003,00G130,003,003G130,ALLEGHENY - 003G130,1.000000000000,vtd20_identity
003,00G140,003,003G140,ALLEGHENY - 003G140,1.000000000000,vtd20_identity
003,00G150,003,003G150,ALLEGHENY - 003G150,1.000000000000,vtd20_identity
003,00G160,003,003G160,ALLEGHENY - 003G160,1.000000000000,vtd20_identity
003,00G170,003,003G170,ALLEGHENY - 003G170,1.000000000000,vtd20_identity
003,00G171,003,003G171,ALLEGHENY - 003G171,1.000000000000,vtd20_identity
003,00G180,003,003G180,ALLEGHENY - 003G180,1.000000000000,vtd20_identity
003,00G190,003,003G190,ALLEGHENY - 003G190,1.000000000000,vtd20_identity
003,00G200,003,003G200,ALLEGHENY - 003G200,1.000000000000,vtd20_identity
003,00G210,003,003G210,ALLEGHENY - 003G210,1.000000000000,vtd20_identity
003,00G220,003,003G220,ALLEGHENY - 003G220,1.000000000000,vtd20_identity
003,00G230,003,003G230,ALLEGHENY - 003G230,1.000000000000,vtd20_identity
003,00G240,003,003G240,ALLEGHENY - 003G240,1.000000000000,vtd20_identity
003,00G250,003,003G250,ALLEGHENY - 003G250,1.000000000000,vtd20_identity
003,00G260,003,003G260,ALLEGHENY - 003G260,1.000000000000,vtd20_identity
003,00G271,003,003G271,ALLEGHENY - 003G271,1.000000000000,vtd20_identity
003,00G281,003,003G281,ALLEGHENY - 003G281,1.000000000000,vtd20_identity
003,00G291,003,003G291,ALLEGHENY - 003G291,1.000000000000,vtd20_identity
003,00G301,003,003G301,ALLEGHENY - 003G301,1.000000000000,vtd20_identity
003,00G311,003,003G311,ALLEGHENY - 003G311,1.000000000000,vtd20_identity
003,00G320,003,003G320,ALLEGHENY - 003G320,1.000000000000,vtd20_identity
003,00G323,003,003G323,ALLEGHENY - 003G323,1.000000000000,vtd20_identity
003,00G325,003,003G325,ALLEGHENY - 003G325,1.000000000000,vtd20_identity
003,00G330,003,003G330,ALLEGHENY - 003G330,1.000000000000,vtd20_identity
003,00G341,003,003G341,ALLEGHENY - 003G341,1.000000000000,vtd20_identity
003,00G360,003,003G360,ALLEGHENY - 003G360,1.000000000000,vtd20_identity
003,00G370,003,003G370,ALLEGHENY - 003G370,1.000000000000,vtd20_identity
003,00G380,003,003G380,ALLEGHENY - 003G380,1.000000000000,vtd20_identity
003,00G390,003,003G390,ALLEGHENY - 003G390,1.000000000000,vtd20_identity
003,00G400,003,003G400,ALLEGHENY - 003G400,1.000000000000,vtd20_identity
003,00G410,003,003G410,ALLEGHENY - 003G410,1.000000000000,vtd20_identity
003,00G420,003,003G420,ALLEGHENY - 003G420,1.000000000000,vtd20_identity
003,00G430,003,003G430,ALLEGHENY - 003G430,1.000000000000,vtd20_identity
003,00G440,003,003G440,ALLEGHENY - 003G440,1.000000000000,vtd20_identity
003,00G450,003,003G450,ALLEGHENY - 003G450,1.000000000000,vtd20_identity
003,00G460,003,003G460,ALLEGHENY - 003G460,1.000000000000,vtd20_identity
003,00G470,003,003G470,ALLEGHENY - 003G470,1.000000000000,vtd20_identity
003,00G480,003,003G480,ALLEGHENY - 003G480,1.000000000000,vtd20_identity
003,00G490,003,003G490,ALLEGHENY - 003G490,1.000000000000,vtd20_identity
003,00G500,003,003G500,ALLEGHENY - 003G500,1.000000000000,vtd20_identity
003,00G510,003,003G510,ALLEGHENY - 003G510,1.000000000000,vtd20_identity
003,00G520,003,003G520,ALLEGHENY - 003G520,1.000000000000,vtd20_identity
003,00G530,003,003G530,ALLEGHENY - 003G530,1.000000000000,vtd20_identity
003,00G540,003,003G540,ALLEGHENY - 003G540,1.000000000000,vtd20_identity
003,00G550,003,003G550,ALLEGHENY - 003G550,1.000000000000,vtd20_identity
003,00G560,003,003G560,ALLEGHENY - 003G560,1.000000000000,vtd20_identity
003,00G570,003,003G570,ALLEGHENY - 003G570,1.000000000000,vtd20_identity
003,00G580,003,003G580,ALLEGHENY - 003G580,1.000000000000,vtd20_identity
003,00G590,003,003G590,ALLEGHENY - 003G590,1.000000000000,vtd20_identity
003,00G600,003,003G600,ALLEGHENY - 003G600,1.000000000000,vtd20_identity
003,00G611,003,003G611,ALLEGHENY - 003G611,1.000000000000,vtd20_identity
003,00G621,003,003G621,ALLEGHENY - 003G621,1.000000000000,vtd20_identity
003,00G630,003,003G630,ALLEGHENY - 003G630,1.000000000000,vtd20_identity
003,00G640,003,003G640,ALLEGHENY - 003G640,1.000000000000,vtd20_identity
003,00G645,003,003G645,ALLEGHENY - 003G645,1.000000000000,vtd20_identity
003,00G650,003,003G650,ALLEGHENY - 003G650,1.000000000000,vtd20_identity
003,00G660,003,003G660,ALLEGHENY - 003G660,1.000000000000,vtd20_identity
003,00G670,003,003G670,ALLEGHENY - 003G670,1.000000000000,vtd20_identity
003,00G680,003,003G680,ALLEGHENY - 003G680,1.000000000000,vtd20_identity
003,00G690,003,003G690,ALLEGHENY - 003G690,1.000000000000,vtd20_identity
003,00G700,003,003G700,ALLEGHENY - 003G700,1.000000000000,vtd20_identity
003,00G710,003,003G710,ALLEGHENY - 003G710,1.000000000000,vtd20_identity
003,00G720,003,003G720,ALLEGHENY - 003G720,1.000000000000,vtd20_identity
003,00G730,003,003G730,ALLEGHENY - 003G730,1.000000000000,vtd20_identity
003,00G740,003,003G740,ALLEGHENY - 003G740,1.000000000000,vtd20_identity
003,00G750,003,003G750,ALLEGHENY - 003G750,1.000000000000,vtd20_identity
003,00G760,003,003G760,ALLEGHENY - 003G760,1.000000000000,vtd20_identity
003,00G770,003,003G770,ALLEGHENY - 003G770,1.000000000000,vtd20_identity
003,00G780,003,003G780,ALLEGHENY - 003G780,1.000000000000,vtd20_identity
003,00G790,003,003G790,ALLEGHENY - 003G790,1.000000000000,vtd20_identity
003,00G800,003,003G800,ALLEGHENY - 003G800,1.000000000000,vtd20_identity
003,00G810,003,003G810,ALLEGHENY - 003G810,1.000000000000,vtd20_identity
003,00G820,003,003G820,ALLEGHENY - 003G820,1.000000000000,vtd20_identity
003,00G830,003,003G830,ALLEGHENY - 003G830,1.000000000000,vtd20_identity
003,00G840,003,003G840,ALLEGHENY - 003G840,1.000000000000,vtd20_identity
003,00G850,003,003G850,ALLEGHENY - 003G850,1.000000000000,vtd20_identity
003,00G852,003,003G852,ALLEGHENY - 003G852,1.000000000000,vtd20_identity
003,00G854,003,003G854,ALLEGHENY - 003G854,1.000000000000,vtd20_identity
003,00G856,003,003G856,ALLEGHENY - 003G856,1.000000000000,vtd20_identity
003,00G858,003,003G858,ALLEGHENY - 003G858,1.000000000000,vtd20_identity
003,00G860,003,003G860,ALLEGHENY - 003G860,1.000000000000,vtd20_identity
003,00G871,003,003G871,ALLEGHENY - 003G871,1.000000000000,vtd20_identity
003,00G881,003,003G881,ALLEGHENY - 003G881,1.000000000000,vtd20_identity
003,00G891,003,003G891,ALLEGHENY - 003G891,1.000000000000,vtd20_identity
003,00G901,003,003G901,ALLEGHENY - 003G901,1.000000000000,vtd20_identity
003,00G910,003,003G910,ALLEGHENY - 003G910,1.000000000000,vtd20_identity
003,00G920,003,003G920,ALLEGHENY - 003G920,1.000000000000,vtd20_identity
003,00G931,003,003G931,ALLEGHENY - 003G931,1.000000000000,vtd20_identity
003,00G940,003,003G940,ALLEGHENY - 003G940,1.000000000000,vtd20_identity
003,00G951,003,003G951,ALLEGHENY - 003G951,0.454545454545,census_block_count
003,00G951,003,003H021,ALLEGHENY - 003H021,0.045454545455,census_block_count
003,00G951,003,003G985,ALLEGHENY - 003G985,0.500000000000,census_block_count
003,00G960,003,003G960,ALLEGHENY - 003G960,1.000000000000,vtd20_identity
003,00G970,003,003G970,ALLEGHENY - 003G970,1.000000000000,vtd20_identity
003,00G981,003,003G981,ALLEGHENY - 003G981,1.000000000000,vtd20_identity
003,00G991,003,003G991,ALLEGHENY - 003G991,1.000000000000,vtd20_identity
003,00H011,003,003H011,ALLEGHENY - 003H011,1.000000000000,vtd20_identity
003,00H021,003,003H021,ALLEGHENY - 003H021,1.000000000000,vtd20_identity
003,00H031,003,003H031,ALLEGHENY - 003H031,1.000000000000,vtd20_identity
003,00H051,003,003H051,ALLEGHENY - 003H051,1.000000000000,vtd20_identity
003,00H070,003,003H070,ALLEGHENY - 003H070,1.000000000000,vtd20_identity
003,00H080,003,003H080,ALLEGHENY - 003H080,1.000000000000,vtd20_identity
003,00H091,003,003H091,ALLEGHENY - 003H091,1.000000000000,vtd20_identity
003,00H101,003,003H101,ALLEGHENY - 003H101,1.000000000000,vtd20_identity
003,00H111,003,003H111,ALLEGHENY - 003H111,1.000000000000,vtd20_identity
003,00H121,003,003H121,ALLEGHENY - 003H121,1.000000000000,vtd20_identity
003,00H135,003,003H135,ALLEGHENY - 003H135,1.000000000000,vtd20_identity
003,00H155,003,003H155,ALLEGHENY - 003H155,1.000000000000,vtd20_identity
005,000015,005,005480,ARMSTRONG - 005480,0.008264462810,census_block_count
005,000015,005,005020,ARMSTRONG - 005020,0.471074380165,census_block_count
005,000015,005,005010,ARMSTRONG - 005010,0.520661157025,census_block_count
005,000030,005,005030,ARMSTRONG - 005030,1.000000000000,vtd20_identity
005,000040,005,005040,ARMSTRONG - 005040,1.000000000000,census_block_count
005,000050,005,005050,ARMSTRONG - 005050,1.000000000000,vtd20_identity
005,000060,005,005060,ARMSTRONG - 005060,1.000000000000,vtd20_identity
005,000075,005,005080,ARMSTRONG - 005080,0.486486486486,census_block_count
005,000075,005,005070,ARMSTRONG - 005070,0.513513513514,census_block_count
005,000090,005,005090,ARMSTRONG - 005090,1.000000000000,vtd20_identity
005,000100,005,005100,ARMSTRONG - 005100,1.000000000000,vtd20_identity
005,000112,005,005130,ARMSTRONG - 005130,0.065217391304,census_block_count
005,000112,005,005110,ARMSTRONG - 005110,0.619565217391,census_block_count
005,000112,005,005120,ARMSTRONG - 005120,0.315217391304,census_block_count
005,000130,005,005130,ARMSTRONG - 005130,1.000000000000,vtd20_identity
005,000140,005,005140,ARMSTRONG - 005140,1.000000000000,vtd20_identity
005,000150,005,005150,ARMSTRONG - 005150,1.000000000000,vtd20_identity
005,000160,005,005160,ARMSTRONG - 005160,1.000000000000,vtd20_identity
005,000170,005,005170,ARMSTRONG - 005170,1.000000000000,vtd20_identity
005,000180,005,005180,ARMSTRONG - 005180,1.000000000000,vtd20_identity
005,000192,005,005190,ARMSTRONG - 005190,0.517857142857,census_block_count
005,000192,005,005210,ARMSTRONG - 005210,0.482142857143,census_block_count
005,000202,005,005440,ARMSTRONG - 005440,0.052631578947,census_block_count
005,000202,005,005490,ARMSTRONG - 005490,0.026315789474,census_block_count
005,000202,005,005220,ARMSTRONG - 005220,0.552631578947,census_block_count
005,000202,005,005200,ARMSTRONG - 005200,0.368421052632,census_block_count
005,000230,005,005230,ARMSTRONG - 005230,1.000000000000,vtd20_identity
005,000242,005,005240,ARMSTRONG - 005240,0.581818181818,census_block_count
005,000242,005,005660,ARMSTRONG - 005660,0.018181818182,census_block_count
005,000242,005,005250,ARMSTRONG - 005250,0.400000000000,census_block_count
005,000265,005,005260,ARMSTRONG - 005260,0.592592592593,census_block_count
005,000265,005,005390,ARMSTRONG - 005390,0.037037037037,census_block_count
005,000265,005,005280,ARMSTRONG - 005280,0.370370370370,census_block_count
005,000270,005,005270,ARMSTRONG - 005270,1.000000000000,vtd20_identity
005,000290,005,005290,ARMSTRONG - 005290,1.000000000000,vtd20_identity
005,000300,005,005300,ARMSTRONG - 005300,1.000000000000,vtd20_identity
005,000310,005,005310,ARMSTRONG - 005310,1.000000000000,vtd20_identity
005,000320,005,005320,ARMSTRONG - 005320,1.000000000000,vtd20_identity
005,000330,005,005330,ARMSTRONG - 005330,1.000000000000,vtd20_identity
005,000340,005,005340,ARMSTRONG - 005340,1.000000000000,vtd20_identity
005,000350,005,005350,ARMSTRONG - 005350,1.000000000000,vtd20_identity
005,000360,005,005360,ARMSTRONG - 005360,1.000000000000,vtd20_identity
005,000370,005,005370,ARMSTRONG - 005370,1.000000000000,vtd20_identity
005,000380,005,005380,ARMSTRONG - 005380,1.000000000000,vtd20_identity
005,000392,005,005390,ARMSTRONG - 005390,0.532846715328,census_block_count
005,000392,005,005400,ARMSTRONG - 005400,0.467153284672,census_block_count
005,000410,005,005410,ARMSTRONG - 005410,1.000000000000,vtd20_identity
005,000425,005,005420,ARMSTRONG - 005420,0.409090909091,census_block_count
005,000425,005,005610,ARMSTRONG - 005610,0.015151515152,census_block_count
005,000425,005,005430,ARMSTRONG - 005430,0.575757575758,census_block_count
005,000440,005,005440,ARMSTRONG - 005440,1.000000000000,vtd20_identity
005,000450,005,005450,ARMSTRONG - 005450,1.000000000000,vtd20_identity
005,000460,005,005460,ARMSTRONG - 005460,1.000000000000,vtd20_identity
005,000470,005,005470,ARMSTRONG - 005470,1.000000000000,vtd20_identity
005,000480,005,005480,ARMSTRONG - 005480,1.000000000000,vtd20_identity
005,000490,005,005490,ARMSTRONG - 005490,1.000000000000,vtd20_identity
005,000500,005,005500,ARMSTRONG - 005500,1.000000000000,vtd20_identity
005,000510,005,005510,ARMSTRONG - 005510,1.000000000000,vtd20_identity
005,000520,005,005520,ARMSTRONG - 005520,1.000000000000,vtd20_identity
005,000532,005,005530,ARMSTRONG - 005530,0.722222222222,census_block_count
005,000532,005,005540,ARMSTRONG - 005540,0.277777777778,census_block_count
005,000550,005,005550,ARMSTRONG - 005550,1.000000000000,vtd20_identity
005,000560,005,005560,ARMSTRONG - 005560,1.000000000000,vtd20_identity
005,000570,005,005570,ARMSTRONG - 005570,1.000000000000,vtd20_identity
005,000580,005,005580,ARMSTRONG - 005580,1.000000000000,vtd20_identity
005,000590,005,005590,ARMSTRONG - 005590,1.000000000000,vtd20_identity
005,000605,005,005600,ARMSTRONG - 005600,0.177215189873,census_block_count
005,000605,005,005610,ARMSTRONG - 005610,0.822784810127,census_block_count
005,000620,005,005620,ARMSTRONG - 005620,1.000000000000,vtd20_identity
005,000630,005,005630,ARMSTRONG - 005630,1.000000000000,vtd20_identity
005,000640,005,005640,ARMSTRONG - 005640,1.000000000000,vtd20_identity
005,000650,005,005650,ARMSTRONG - 005650,0.980769230769,census_block_count
005,000650,005,005270,ARMSTRONG - 005270,0.019230769231,census_block_count
005,000660,005,005660,ARMSTRONG - 005660,1.000000000000,vtd20_identity
005,000670,005,005670,ARMSTRONG - 005670,1.000000000000,vtd20_identity
005,000680,005,005680,ARMSTRONG - 005680,1.000000000000,vtd20_identity
005,000695,005,005690,ARMSTRONG - 005690,0.267605633803,census_block_count
005,000695,005,005700,ARMSTRONG - 005700,0.732394366197,census_block_count
005,000710,005,005710,ARMSTRONG - 005710,1.000000000000,vtd20_identity
005,000720,005,005720,ARMSTRONG - 005720,1.000000000000,vtd20_identity
005,000730,005,005730,ARMSTRONG - 005730,1.000000000000,vtd20_identity
005,000740,005,005740,ARMSTRONG - 005740,1.000000000000,vtd20_identity
007,000005,007,007005,BEAVER - 007005,1.000000000000,vtd20_identity
007,000015,007,007015,BEAVER - 007015,1.000000000000,vtd20_identity
007,000026,007,007026,BEAVER - 007026,1.000000000000,vtd20_identity
007,000036,007,007095,BEAVER - 007095,0.157894736842,census_block_count
007,000036,007,007015,BEAVER - 007015,0.368421052632,census_block_count
007,000036,007,007036,BEAVER - 007036,0.368421052632,census_block_count
007,000036,007,007995,BEAVER - 007995,0.105263157895,census_block_count
007,000045,007,007045,BEAVER - 007045,1.000000000000,vtd20_identity
007,000055,007,007055,BEAVER - 007055,1.000000000000,vtd20_identity
007,000065,007,007065,BEAVER - 007065,1.000000000000,vtd20_identity
007,000075,007,007075,BEAVER - 007075,1.000000000000,vtd20_identity
007,000095,007,007045,BEAVER - 007045,0.095238095238,census_block_count
007,000095,007,007095,BEAVER - 007095,0.619047619048,census_block_count
007,000095,007,007026,BEAVER - 007026,0.095238095238,census_block_count
007,000095,007,007055,BEAVER - 007055,0.190476190476,census_block_count
007,000155,007,007155,BEAVER - 007155,1.000000000000,vtd20_identity
007,000165,007,007165,BEAVER - 007165,1.000000000000,vtd20_identity
007,000175,007,007175,BEAVER - 007175,1.000000000000,vtd20_identity
007,000185,007,007185,BEAVER - 007185,1.000000000000,vtd20_identity
007,000195,007,007195,BEAVER - 007195,1.000000000000,vtd20_identity
007,000250,007,007250,BEAVER - 007250,1.000000000000,vtd20_identity
007,000265,007,007265,BEAVER - 007265,1.000000000000,vtd20_identity
007,000275,007,007275,BEAVER - 007275,1.000000000000,vtd20_identity
007,000290,007,007290,BEAVER - 007290,1.000000000000,vtd20_identity
007,000300,007,007300,BEAVER - 007300,1.000000000000,vtd20_identity
007,000310,007,007310,BEAVER - 007310,1.000000000000,vtd20_identity
007,000325,007,007325,BEAVER - 007325,1.000000000000,vtd20_identity
007,000335,007,007335,BEAVER - 007335,1.000000000000,vtd20_identity
007,000345,007,007345,BEAVER - 007345,1.000000000000,vtd20_identity
007,000355,007,007355,BEAVER - 007355,1.000000000000,vtd20_identity
007,000365,007,007365,BEAVER - 007365,1.000000000000,vtd20_identity
007,000375,007,007375,BEAVER - 007375,1.000000000000,vtd20_identity
007,000405,007,007405,BEAVER - 007405,1.000000000000,vtd20_identity
007,000420,007,007420,BEAVER - 007420,1.000000000000,vtd20_identity
007,000435,007,007435,BEAVER - 007435,1.000000000000,vtd20_identity
007,000440,007,007440,BEAVER - 007440,1.000000000000,vtd20_identity
007,000450,007,007450,BEAVER - 007450,1.000000000000,vtd20_identity
007,000460,007,007460,BEAVER - 007460,1.000000000000,vtd20_identity
007,000465,007,007465,BEAVER - 007465,1.000000000000,vtd20_identity
007,000490,007,007490,BEAVER - 007490,1.000000000000,vtd20_identity
007,000500,007,007500,BEAVER - 007500,1.000000000000,vtd20_identity
007,000510,007,007510,BEAVER - 007510,1.000000000000,vtd20_identity
007,000520,007,007520,BEAVER - 007520,1.000000000000,vtd20_identity
007,000530,007,007530,BEAVER - 007530,1.000000000000,vtd20_identity
007,000540,007,007540,BEAVER - 007540,1.000000000000,vtd20_identity
007,000550,007,007550,BEAVER - 007550,1.000000000000,vtd20_identity
007,000560,007,007560,BEAVER - 007560,1.000000000000,vtd20_identity
007,000570,007,007570,BEAVER - 007570,1.000000000000,vtd20_identity
007,000580,007,007580,BEAVER - 007580,1.000000000000,vtd20_identity
007,000590,007,007590,BEAVER - 007590,1.000000000000,vtd20_identity
007,000600,007,007600,BEAVER - 007600,1.000000000000,vtd20_identity
007,000610,007,007610,BEAVER - 007610,1.000000000000,vtd20_identity
007,000620,007,007620,BEAVER - 007620,1.000000000000,vtd20_identity
007,000630,007,007630,BEAVER - 007630,1.000000000000,vtd20_identity
007,000640,007,007640,BEAVER - 007640,1.000000000000,vtd20_identity
007,000650,007,007650,BEAVER - 007650,1.000000000000,vtd20_identity
007,000660,007,007660,BEAVER - 007660,1.000000000000,vtd20_identity
007,000670,007,007670,BEAVER - 007670,1.000000000000,vtd20_identity
007,000680,007,007680,BEAVER - 007680,1.000000000000,vtd20_identity
007,000695,007,007695,BEAVER - 007695,1.000000000000,vtd20_identity
007,000705,007,007705,BEAVER - 007705,1.000000000000,vtd20_identity
007,000710,007,007710,BEAVER - 007710,1.000000000000,vtd20_identity
007,000720,007,007720,BEAVER - 007720,1.000000000000,vtd20_identity
007,000735,007,007735,BEAVER - 007735,1.000000000000,vtd20_identity
007,000750,007,007750,BEAVER - 007750,1.000000000000,vtd20_identity
007,000760,007,007760,BEAVER - 007760,1.000000000000,vtd20_identity
007,000770,007,007770,BEAVER - 007770,1.000000000000,vtd20_identity
007,000780,007,007780,BEAVER - 007780,1.000000000000,vtd20_identity
007,000808,007,007808,BEAVER - 007808,1.000000000000,vtd20_identity
007,000820,007,007820,BEAVER - 007820,1.000000000000,vtd20_identity
007,000830,007,007830,BEAVER - 007830,1.000000000000,vtd20_identity
007,000840,007,007840,BEAVER - 007840,1.000000000000,vtd20_identity
007,000850,007,007850,BEAVER - 007850,1.000000000000,vtd20_identity
007,000860,007,007860,BEAVER - 007860,1.000000000000,vtd20_identity
007,000875,007,007875,BEAVER - 007875,1.000000000000,vtd20_identity
007,000885,007,007885,BEAVER - 007885,1.000000000000,census_block_count
007,000905,007,007905,BEAVER - 007905,0.891891891892,census_block_count
007,000905,007,007885,BEAVER - 007885,0.054054054054,census_block_count
007,000905,007,007195,BEAVER - 007195,0.054054054054,census_block_count
007,000920,007,007920,BEAVER - 007920,1.000000000000,vtd20_identity
007,000930,007,007930,BEAVER - 007930,1.000000000000,vtd20_identity
007,000940,007,007940,BEAVER - 007940,1.000000000000,vtd20_identity
007,000950,007,007950,BEAVER - 007950,1.000000000000,vtd20_identity
007,000960,007,007960,BEAVER - 007960,1.000000000000,vtd20_identity
007,000975,007,007975,BEAVER - 007975,1.000000000000,vtd20_identity
007,000985,007,007985,BEAVER - 007985,1.000000000000,vtd20_identity
007,000995,007,007995,BEAVER - 007995,1.000000000000,vtd20_identity
007,001005,007,0071005,BEAVER - 0071005,1.000000000000,vtd20_identity
007,001015,007,0071015,BEAVER - 0071015,1.000000000000,vtd20_identity
007,001025,007,0071025,BEAVER - 0071025,1.000000000000,vtd20_identity
007,001040,007,0071040,BEAVER - 0071040,1.000000000000,vtd20_identity
007,001055,007,0071055,BEAVER - 0071055,1.000000000000,vtd20_identity
007,001070,007,0071070,BEAVER - 0071070,1.000000000000,vtd20_identity
007,001080,007,0071080,BEAVER - 0071080,1.000000000000,vtd20_identity
007,001095,007,0071095,BEAVER - 0071095,1.000000000000,vtd20_identity
007,001115,007,0071115,BEAVER - 0071115,1.000000000000,vtd20_identity
007,001125,007,0071125,BEAVER - 0071125,1.000000000000,vtd20_identity
007,001148,007,0071148,BEAVER - 0071148,1.000000000000,vtd20_identity
007,001165,007,0071165,BEAVER - 0071165,1.000000000000,vtd20_identity
007,001175,007,0071175,BEAVER - 0071175,1.000000000000,vtd20_identity
007,001185,007,0071185,BEAVER - 0071185,1.000000000000,vtd20_identity
007,001195,007,0071195,BEAVER - 0071195,1.000000000000,vtd20_identity
007,001200,007,0071200,BEAVER - 0071200,1.000000000000,vtd20_identity
007,001210,007,0071210,BEAVER - 0071210,1.000000000000,vtd20_identity
007,001220,007,0071220,BEAVER - 0071220,1.000000000000,vtd20_identity
007,001230,007,0071230,BEAVER - 0071230,1.000000000000,vtd20_identity
007,001240,007,0071240,BEAVER - 0071240,1.000000000000,vtd20_identity
007,001250,007,0071250,BEAVER - 0071250,1.000000000000,vtd20_identity
007,001260,007,0071260,BEAVER - 0071260,1.000000000000,vtd20_identity
007,001270,007,0071270,BEAVER - 0071270,1.000000000000,vtd20_identity
007,001280,007,0071280,BEAVER - 0071280,1.000000000000,vtd20_identity
007,001290,007,0071290,BEAVER - 0071290,1.000000000000,vtd20_identity
007,001300,007,0071300,BEAVER - 0071300,1.000000000000,vtd20_identity
007,001310,007,0071310,BEAVER - 0071310,1.000000000000,vtd20_identity
007,001320,007,0071320,BEAVER - 0071320,1.000000000000,vtd20_identity
007,001330,007,0071330,BEAVER - 0071330,1.000000000000,vtd20_identity
007,001340,007,0071340,BEAVER - 0071340,1.000000000000,vtd20_identity
007,001350,007,0071350,BEAVER - 0071350,1.000000000000,vtd20_identity
007,001360,007,0071360,BEAVER - 0071360,1.000000000000,vtd20_identity
007,001370,007,0071370,BEAVER - 0071370,1.000000000000,vtd20_identity
007,001380,007,0071380,BEAVER - 0071380,1.000000000000,vtd20_identity
007,001390,007,0071390,BEAVER - 0071390,1.000000000000,vtd20_identity
007,001400,007,0071400,BEAVER - 0071400,1.000000000000,vtd20_identity
007,001410,007,0071410,BEAVER - 0071410,1.000000000000,vtd20_identity
007,001420,007,0071420,BEAVER - 0071420,1.000000000000,vtd20_identity
007,001430,007,0071430,BEAVER - 0071430,1.000000000000,vtd20_identity
007,001445,007,0071445,BEAVER - 0071445,1.000000000000,vtd20_identity
007,001460,007,0071460,BEAVER - 0071460,1.000000000000,vtd20_identity
007,001470,007,0071470,BEAVER - 0071470,1.000000000000,vtd20_identity
007,001480,007,0071480,BEAVER - 0071480,1.000000000000,vtd20_identity
007,001490,007,0071490,BEAVER - 0071490,1.000000000000,vtd20_identity
007,001500,007,0071500,BEAVER - 0071500,1.000000000000,vtd20_identity
007,001510,007,0071510,BEAVER - 0071510,1.000000000000,vtd20_identity
007,001520,007,0071520,BEAVER - 0071520,1.000000000000,vtd20_identity
007,001535,007,0071535,BEAVER - 0071535,1.000000000000,vtd20_identity
007,001550,007,0071550,BEAVER - 0071550,1.000000000000,vtd20_identity
007,001560,007,0071560,BEAVER - 0071560,1.000000000000,vtd20_identity
009,000010,009,009010,BEDFORD - 009010,1.000000000000,vtd20_identity
009,000020,009,009020,BEDFORD - 009020,1.000000000000,vtd20_identity
009,000030,009,009030,BEDFORD - 009030,1.000000000000,vtd20_identity
009,000040,009,009040,BEDFORD - 009040,1.000000000000,vtd20_identity
009,000050,009,009050,BEDFORD - 009050,1.000000000000,vtd20_identity
009,000065,009,009070,BEDFORD - 009070,0.393442622951,census_block_count
009,000065,009,009060,BEDFORD - 009060,0.573770491803,census_block_count
009,000065,009,009110,BEDFORD - 009110,0.008196721311,census_block_count
009,000065,009,009210,BEDFORD - 009210,0.008196721311,census_block_count
009,000065,009,009150,BEDFORD - 009150,0.016393442623,census_block_count
009,000080,009,009080,BEDFORD - 009080,1.000000000000,vtd20_identity
009,000090,009,009090,BEDFORD - 009090,1.000000000000,vtd20_identity
009,000100,009,009100,BEDFORD - 009100,1.000000000000,vtd20_identity
009,000110,009,009110,BEDFORD - 009110,1.000000000000,vtd20_identity
009,000120,009,009120,BEDFORD - 009120,1.000000000000,vtd20_identity
009,000130,009,009130,BEDFORD - 009130,1.000000000000,vtd20_identity
009,000140,009,009140,BEDFORD - 009140,1.000000000000,vtd20_identity
009,000150,009,009150,BEDFORD - 009150,1.000000000000,vtd20_identity
009,000160,009,009160,BEDFORD - 009160,1.000000000000,vtd20_identity
009,000170,009,009170,BEDFORD - 009170,1.000000000000,vtd20_identity
009,000180,009,009180,BEDFORD - 009180,1.000000000000,vtd20_identity
009,000190,009,009190,BEDFORD - 009190,1.000000000000,vtd20_identity
009,000200,009,009200,BEDFORD - 009200,1.000000000000,vtd20_identity
009,000210,009,009210,BEDFORD - 009210,1.000000000000,vtd20_identity
009,000220,009,009220,BEDFORD - 009220,1.000000000000,vtd20_identity
009,000230,009,009230,BEDFORD - 009230,1.000000000000,vtd20_identity
009,000240,009,009240,BEDFORD - 009240,1.000000000000,vtd20_identity
009,000250,009,009250,BEDFORD - 009250,1.000000000000,vtd20_identity
009,000260,009,009260,BEDFORD - 009260,1.000000000000,vtd20_identity
009,000270,009,009270,BEDFORD - 009270,1.000000000000,vtd20_identity
009,000280,009,009280,BEDFORD - 009280,1.000000000000,vtd20_identity
009,000290,009,009290,BEDFORD - 009290,1.000000000000,vtd20_identity
009,000300,009,009300,BEDFORD - 009300,1.000000000000,vtd20_identity
009,000310,009,009310,BEDFORD - 009310,1.000000000000,vtd20_identity
009,000320,009,009320,BEDFORD - 009320,1.000000000000,vtd20_identity
009,000330,009,009330,BEDFORD - 009330,1.000000000000,vtd20_identity
009,000340,009,009340,BEDFORD - 009340,1.000000000000,vtd20_identity
009,000355,009,009090,BEDFORD - 009090,0.017857142857,census_block_count
009,000355,009,009360,BEDFORD - 009360,0.678571428571,census_block_count
009,000355,009,009350,BEDFORD - 009350,0.294642857143,census_block_count
009,000355,009,009260,BEDFORD - 009260,0.008928571429,census_block_count
009,000370,009,009370,BEDFORD - 009370,1.000000000000,vtd20_identity
009,000380,009,009380,BEDFORD - 009380,1.000000000000,vtd20_identity
009,000390,009,009390,BEDFORD - 009390,1.000000000000,vtd20_identity
009,000400,009,009400,BEDFORD - 009400,1.000000000000,vtd20_identity
009,000410,009,009410,BEDFORD - 009410,1.000000000000,vtd20_identity
009,000420,009,009420,BEDFORD - 009420,1.000000000000,vtd20_identity
011,000020,011,011020,BERKS - 011020,1.000000000000,vtd20_identity
011,000032,011,011030,BERKS - 011030,1.000000000000,census_block_count
011,000034,011,011030,BERKS - 011030,1.000000000000,vtd20_identity
011,000040,011,011040,BERKS - 011040,1.000000000000,vtd20_identity
011,000051,011,011330,BERKS - 011330,0.027027027027,census_block_count
011,000051,011,011050,BERKS - 011050,0.972972972973,census_block_count
011,000052,011,011050,BERKS - 011050,0.464285714286,census_block_count
011,000052,011,011040,BERKS - 011040,0.535714285714,census_block_count
011,000054,011,011050,BERKS - 011050,0.228571428571,census_block_count
011,000054,011,011040,BERKS - 011040,0.771428571429,census_block_count
011,000056,011,011050,BERKS - 011050,0.830508474576,census_block_count
011,000056,011,011040,BERKS - 011040,0.169491525424,census_block_count
011,000058,011,011050,BERKS - 011050,1.000000000000,vtd20_identity
011,000060,011,011060,BERKS - 011060,1.000000000000,vtd20_identity
011,000070,011,011070,BERKS - 011070,1.000000000000,vtd20_identity
011,000080,011,011080,BERKS - 011080,1.000000000000,vtd20_identity
011,000090,011,011090,BERKS - 011090,1.000000000000,vtd20_identity
011,000100,011,011100,BERKS - 011100,1.000000000000,vtd20_identity
011,000110,011,011110,BERKS - 011110,1.000000000000,vtd20_identity
011,000120,011,011120,BERKS - 011120,1.000000000000,vtd20_identity
011,000130,011,011130,BERKS - 011130,1.000000000000,vtd20_identity
011,000140,011,011140,BERKS - 011140,1.000000000000,vtd20_identity
011,000150,011,011150,BERKS - 011150,1.000000000000,vtd20_identity
011,000160,011,011160,BERKS - 011160,1.000000000000,vtd20_identity
011,000170,011,011170,BERKS - 011170,1.000000000000,vtd20_identity
011,000180,011,011180,BERKS - 011180,1.000000000000,vtd20_identity
011,000188,011,011190,BERKS - 011190,1.000000000000,census_block_count
011,000192,011,011190,BERKS - 011190,1.000000000000,vtd20_identity
011,000200,011,011200,BERKS - 011200,1.000000000000,vtd20_identity
011,000208,011,011830,BERKS - 011830,0.032786885246,census_block_count
011,000208,011,011210,BERKS - 011210,0.967213114754,census_block_count
011,000212,011,011210,BERKS - 011210,1.000000000000,vtd20_identity
011,000220,011,011220,BERKS - 011220,1.000000000000,vtd20_identity
011,000230,011,011230,BERKS - 011230,1.000000000000,vtd20_identity
011,000240,011,011240,BERKS - 011240,0.434782608695,census_block_count
011,000240,011,011270,BERKS - 011270,0.423913043478,census_block_count
011,000240,011,0111350,BERKS - 0111350,0.010869565217,census_block_count
011,000240,011,011490,BERKS - 011490,0.010869565217,census_block_count
011,000240,011,011250,BERKS - 011250,0.119565217391,census_block_count
011,000250,011,011250,BERKS - 011250,1.000000000000,vtd20_identity
011,000260,011,011260,BERKS - 011260,1.000000000000,vtd20_identity
011,000270,011,011270,BERKS - 011270,1.000000000000,census_block_count
011,000280,011,011280,BERKS - 011280,0.419354838710,census_block_count
011,000280,011,011710,BERKS - 011710,0.112903225806,census_block_count
011,000280,011,011260,BERKS - 011260,0.032258064516,census_block_count
011,000280,011,011250,BERKS - 011250,0.435483870968,census_block_count
011,000292,011,011290,BERKS - 011290,1.000000000000,vtd20_identity
011,000295,011,011290,BERKS - 011290,1.000000000000,census_block_count
011,000299,011,011300,BERKS - 011300,1.000000000000,census_block_count
011,000301,011,011300,BERKS - 011300,1.000000000000,vtd20_identity
011,000310,011,011310,BERKS - 011310,1.000000000000,vtd20_identity
011,000320,011,011320,BERKS - 011320,1.000000000000,vtd20_identity
011,000330,011,011330,BERKS - 011330,1.000000000000,vtd20_identity
011,000340,011,011340,BERKS - 011340,1.000000000000,vtd20_identity
011,000355,011,011350,BERKS - 011350,1.000000000000,vtd20_identity
011,000358,011,011140,BERKS - 011140,0.019607843137,census_block_count
011,000358,011,011360,BERKS - 011360,0.941176470588,census_block_count
011,000358,011,011365,BERKS - 011365,0.039215686275,census_block_count
011,000365,011,011365,BERKS - 011365,1.000000000000,vtd20_identity
011,000380,011,011380,BERKS - 011380,1.000000000000,vtd20_identity
011,000384,011,011387,BERKS - 011387,0.038461538462,census_block_count
011,000384,011,011385,BERKS - 011385,0.961538461538,census_block_count
011,000388,011,011387,BERKS - 011387,0.636363636364,census_block_count
011,000388,011,011365,BERKS - 011365,0.363636363636,census_block_count
011,000391,011,0111580,BERKS - 0111580,0.071428571429,census_block_count
011,000391,011,011390,BERKS - 011390,0.928571428571,census_block_count
011,000392,011,011387,BERKS - 011387,1.000000000000,vtd20_identity
011,000393,011,011390,BERKS - 011390,1.000000000000,vtd20_identity
011,000395,011,011385,BERKS - 011385,1.000000000000,vtd20_identity
011,000397,011,011350,BERKS - 011350,1.000000000000,census_block_count
011,000399,011,011360,BERKS - 011360,1.000000000000,vtd20_identity
011,000402,011,011400,BERKS - 011400,0.986301369863,census_block_count
011,000402,011,0111390,BERKS - 0111390,0.013698630137,census_block_count
011,000406,011,011400,BERKS - 011400,1.000000000000,vtd20_identity
011,000410,011,011410,BERKS - 011410,1.000000000000,vtd20_identity
011,000420,011,011420,BERKS - 011420,1.000000000000,vtd20_identity
011,000430,011,011430,BERKS - 011430,1.000000000000,vtd20_identity
011,000440,011,011440,BERKS - 011440,1.000000000000,vtd20_identity
011,000450,011,011450,BERKS - 011450,1.000000000000,vtd20_identity
011,000460,011,011460,BERKS - 011460,1.000000000000,vtd20_identity
011,000470,011,011470,BERKS - 011470,1.000000000000,vtd20_identity
011,000480,011,011480,BERKS - 011480,1.000000000000,vtd20_identity
011,000490,011,011490,BERKS - 011490,1.000000000000,vtd20_identity
011,000500,011,011500,BERKS - 011500,1.000000000000,vtd20_identity
011,000510,011,011510,BERKS - 011510,1.000000000000,vtd20_identity
011,000520,011,011520,BERKS - 011520,1.000000000000,vtd20_identity
011,000530,011,011530,BERKS - 011530,1.000000000000,vtd20_identity
011,000540,011,011540,BERKS - 011540,1.000000000000,vtd20_identity
011,000545,011,011545,BERKS - 011545,1.000000000000,vtd20_identity
011,000570,011,011570,BERKS - 011570,1.000000000000,vtd20_identity
011,000580,011,011580,BERKS - 011580,1.000000000000,vtd20_identity
011,000590,011,011590,BERKS - 011590,1.000000000000,vtd20_identity
011,000600,011,011720,BERKS - 011720,0.045454545455,census_block_count
011,000600,011,011600,BERKS - 011600,0.909090909091,census_block_count
011,000600,011,011390,BERKS - 011390,0.045454545455,census_block_count
011,000610,011,011610,BERKS - 011610,1.000000000000,vtd20_identity
011,000618,011,011620,BERKS - 011620,1.000000000000,vtd20_identity
011,000623,011,011630,BERKS - 011630,1.000000000000,vtd20_identity
011,000628,011,011630,BERKS - 011630,0.060606060606,census_block_count
011,000628,011,011620,BERKS - 011620,0.939393939394,census_block_count
011,000640,011,011640,BERKS - 011640,1.000000000000,vtd20_identity
011,000646,011,011635,BERKS - 011635,1.000000000000,vtd20_identity
011,000652,011,011645,BERKS - 011645,1.000000000000,vtd20_identity
011,000654,011,011655,BERKS - 011655,1.000000000000,vtd20_identity
011,000662,011,011635,BERKS - 011635,0.416666666667,census_block_count
011,000662,011,011655,BERKS - 011655,0.583333333333,census_block_count
011,000670,011,011670,BERKS - 011670,1.000000000000,vtd20_identity
011,000680,011,011680,BERKS - 011680,1.000000000000,vtd20_identity
011,000690,011,011690,BERKS - 011690,1.000000000000,vtd20_identity
011,000700,011,011700,BERKS - 011700,1.000000000000,vtd20_identity
011,000710,011,011710,BERKS - 011710,1.000000000000,vtd20_identity
011,000720,011,011720,BERKS - 011720,1.000000000000,vtd20_identity
011,000730,011,011730,BERKS - 011730,1.000000000000,vtd20_identity
011,000742,011,011740,BERKS - 011740,0.916666666667,census_block_count
011,000742,011,0111600,BERKS - 0111600,0.083333333333,census_block_count
011,000750,011,011750,BERKS - 011750,1.000000000000,vtd20_identity
011,000760,011,011760,BERKS - 011760,1.000000000000,vtd20_identity
011,000767,011,011767,BERKS - 011767,1.000000000000,vtd20_identity
011,000770,011,011740,BERKS - 011740,0.112244897959,census_block_count
011,000770,011,0111600,BERKS - 0111600,0.704081632653,census_block_count
011,000770,011,011770,BERKS - 011770,0.183673469388,census_block_count
011,000771,011,011773,BERKS - 011773,1.000000000000,vtd20_identity
011,000776,011,011773,BERKS - 011773,1.000000000000,census_block_count
011,000779,011,011767,BERKS - 011767,1.000000000000,census_block_count
011,000782,011,011740,BERKS - 011740,1.000000000000,vtd20_identity
011,000785,011,011785,BERKS - 011785,1.000000000000,vtd20_identity
011,000790,011,011790,BERKS - 011790,1.000000000000,vtd20_identity
011,000800,011,011800,BERKS - 011800,1.000000000000,vtd20_identity
011,000810,011,011810,BERKS - 011810,1.000000000000,vtd20_identity
011,000820,011,011820,BERKS - 011820,1.000000000000,vtd20_identity
011,000830,011,011830,BERKS - 011830,1.000000000000,vtd20_identity
011,000840,011,011840,BERKS - 011840,1.000000000000,vtd20_identity
011,000850,011,011850,BERKS - 011850,1.000000000000,vtd20_identity
011,000860,011,011860,BERKS - 011860,1.000000000000,vtd20_identity
011,000880,011,011880,BERKS - 011880,1.000000000000,vtd20_identity
011,000885,011,011885,BERKS - 011885,1.000000000000,vtd20_identity
011,000910,011,011910,BERKS - 011910,1.000000000000,vtd20_identity
011,000920,011,011920,BERKS - 011920,1.000000000000,vtd20_identity
011,000930,011,011930,BERKS - 011930,1.000000000000,vtd20_identity
011,000940,011,011940,BERKS - 011940,1.000000000000,vtd20_identity
011,000960,011,011960,BERKS - 011960,1.000000000000,vtd20_identity
011,000970,011,011970,BERKS - 011970,1.000000000000,vtd20_identity
011,000980,011,011980,BERKS - 011980,1.000000000000,vtd20_identity
011,000990,011,011990,BERKS - 011990,1.000000000000,vtd20_identity
011,001000,011,0111000,BERKS - 0111000,1.000000000000,vtd20_identity
011,001010,011,0111010,BERKS - 0111010,1.000000000000,vtd20_identity
011,001020,011,0111020,BERKS - 0111020,1.000000000000,vtd20_identity
011,001030,011,0111030,BERKS - 0111030,1.000000000000,vtd20_identity
011,001040,011,0111040,BERKS - 0111040,1.000000000000,vtd20_identity
011,001050,011,0111050,BERKS - 0111050,1.000000000000,vtd20_identity
011,001060,011,0111060,BERKS - 0111060,1.000000000000,vtd20_identity
011,001070,011,0111070,BERKS - 0111070,1.000000000000,vtd20_identity
011,001080,011,0111080,BERKS - 0111080,1.000000000000,vtd20_identity
011,001095,011,0111100,BERKS - 0111100,0.428571428571,census_block_count
011,001095,011,0111090,BERKS - 0111090,0.571428571429,census_block_count
011,001110,011,0111110,BERKS - 0111110,1.000000000000,vtd20_identity
011,001120,011,0111120,BERKS - 0111120,1.000000000000,vtd20_identity
011,001130,011,0111130,BERKS - 0111130,1.000000000000,vtd20_identity
011,001140,011,0111140,BERKS - 0111140,1.000000000000,vtd20_identity
011,001145,011,0111145,BERKS - 0111145,1.000000000000,vtd20_identity
011,001160,011,0111160,BERKS - 0111160,1.000000000000,vtd20_identity
011,001170,011,0111170,BERKS - 0111170,1.000000000000,vtd20_identity
011,001185,011,011767,BERKS - 011767,0.016393442623,census_block_count
011,001185,011,0111200,BERKS - 0111200,0.639344262295,census_block_count
011,001185,011,011750,BERKS - 011750,0.131147540984,census_block_count
011,001185,011,0111380,BERKS - 0111380,0.016393442623,census_block_count
011,001185,011,0111180,BERKS - 0111180,0.196721311475,census_block_count
011,001210,011,0111210,BERKS - 0111210,1.000000000000,vtd20_identity
011,001220,011,0111220,BERKS - 0111220,1.000000000000,vtd20_identity
011,001230,011,0111230,BERKS - 0111230,1.000000000000,vtd20_identity
011,001240,011,0111240,BERKS - 0111240,1.000000000000,vtd20_identity
011,001250,011,0111250,BERKS - 0111250,1.000000000000,vtd20_identity
011,001260,011,0111260,BERKS - 0111260,1.000000000000,vtd20_identity
011,001285,011,011730,BERKS - 011730,0.086956521739,census_block_count
011,001285,011,0111280,BERKS - 0111280,0.275362318841,census_block_count
011,001285,011,0111290,BERKS - 0111290,0.637681159420,census_block_count
011,001305,011,0111300,BERKS - 0111300,0.547619047619,census_block_count
011,001305,011,0111320,BERKS - 0111320,0.452380952381,census_block_count
011,001310,011,0111310,BERKS - 0111310,1.000000000000,vtd20_identity
011,001330,011,0111330,BERKS - 0111330,1.000000000000,vtd20_identity
011,001340,011,0111340,BERKS - 0111340,1.000000000000,vtd20_identity
011,001350,011,0111360,BERKS - 0111360,0.062500000000,census_block_count
011,001350,011,0111350,BERKS - 0111350,0.937500000000,census_block_count
011,001360,011,0111360,BERKS - 0111360,1.000000000000,vtd20_identity
011,001370,011,0111370,BERKS - 0111370,1.000000000000,vtd20_identity
011,001380,011,0111380,BERKS - 0111380,1.000000000000,vtd20_identity
011,001390,011,0111390,BERKS - 0111390,1.000000000000,vtd20_identity
011,001398,011,0111400,BERKS - 0111400,0.833333333333,census_block_count
011,001398,011,011785,BERKS - 011785,0.020833333333,census_block_count
011,001398,011,0111420,BERKS - 0111420,0.145833333333,census_block_count
011,001405,011,0111410,BERKS - 0111410,1.000000000000,vtd20_identity
011,001412,011,0111420,BERKS - 0111420,1.000000000000,vtd20_identity
011,001418,011,0111400,BERKS - 0111400,1.000000000000,vtd20_identity
011,001430,011,0111430,BERKS - 0111430,1.000000000000,vtd20_identity
011,001438,011,0111440,BERKS - 0111440,1.000000000000,vtd20_identity
011,001442,011,0111450,BERKS - 0111450,0.027027027027,census_block_count
011,001442,011,0111390,BERKS - 0111390,0.027027027027,census_block_count
011,001442,011,0111440,BERKS - 0111440,0.945945945946,census_block_count
011,001448,011,0111450,BERKS - 0111450,0.964285714286,census_block_count
011,001448,011,0111440,BERKS - 0111440,0.035714285714,census_block_count
011,001452,011,0111450,BERKS - 0111450,1.000000000000,vtd20_identity
011,001460,011,0111460,BERKS - 0111460,1.000000000000,vtd20_identity
011,001470,011,0111470,BERKS - 0111470,1.000000000000,vtd20_identity
011,001477,011,0111475,BERKS - 0111475,1.000000000000,vtd20_identity
011,001480,011,0111480,BERKS - 0111480,1.000000000000,vtd20_identity
011,001485,011,0111485,BERKS - 0111485,1.000000000000,vtd20_identity
011,001487,011,011450,BERKS - 011450,0.021739130435,census_block_count
011,001487,011,0111475,BERKS - 0111475,0.978260869565,census_block_count
011,001495,011,0111490,BERKS - 0111490,1.000000000000,census_block_count
011,001502,011,0111490,BERKS - 0111490,1.000000000000,vtd20_identity
011,001510,011,0111560,BERKS - 0111560,1.000000000000,vtd20_identity
011,001520,011,0111520,BERKS - 0111520,1.000000000000,vtd20_identity
011,001530,011,0111530,BERKS - 0111530,1.000000000000,vtd20_identity
011,001540,011,0111540,BERKS - 0111540,1.000000000000,vtd20_identity
011,001550,011,0111550,BERKS - 0111550,1.000000000000,vtd20_identity
011,001558,011,0111555,BERKS - 0111555,1.000000000000,vtd20_identity
011,001560,011,0111510,BERKS - 0111510,0.074074074074,census_block_count
011,001560,011,0111560,BERKS - 0111560,0.925925925926,census_block_count
011,001571,011,0111570,BERKS - 0111570,1.000000000000,vtd20_identity
011,001572,011,0111710,BERKS - 0111710,1.000000000000,vtd20_identity
011,001574,011,0111510,BERKS - 0111510,0.538461538462,census_block_count
011,001574,011,0111490,BERKS - 0111490,0.076923076923,census_block_count
011,001574,011,0111560,BERKS - 0111560,0.384615384615,census_block_count
011,001576,011,0111510,BERKS - 0111510,0.970588235294,census_block_count
011,001576,011,011260,BERKS - 011260,0.029411764706,census_block_count
011,001578,011,0111510,BERKS - 0111510,1.000000000000,vtd20_identity
011,001579,011,0111555,BERKS - 0111555,0.714285714286,census_block_count
011,001579,011,0111570,BERKS - 0111570,0.285714285714,census_block_count
011,001580,011,0111580,BERKS - 0111580,1.000000000000,vtd20_identity
011,001610,011,0111610,BERKS - 0111610,1.000000000000,vtd20_identity
011,001620,011,0111620,BERKS - 0111620,1.000000000000,vtd20_identity
011,001630,011,0111630,BERKS - 0111630,1.000000000000,vtd20_identity
011,001640,011,0111640,BERKS - 0111640,1.000000000000,vtd20_identity
011,001650,011,0111650,BERKS - 0111650,1.000000000000,vtd20_identity
011,001660,011,0111660,BERKS - 0111660,1.000000000000,vtd20_identity
011,001670,011,0111670,BERKS - 0111670,1.000000000000,vtd20_identity
011,001680,011,0111680,BERKS - 0111680,0.804347826087,census_block_count
011,001680,011,0111670,BERKS - 0111670,0.021739130435,census_block_count
011,001680,011,011480,BERKS - 011480,0.010869565217,census_block_count
011,001680,011,0111590,BERKS - 0111590,0.163043478261,census_block_count
011,001692,011,0111690,BERKS - 0111690,1.000000000000,vtd20_identity
011,001694,011,0111690,BERKS - 0111690,0.979166666667,census_block_count
011,001694,011,011070,BERKS - 011070,0.020833333333,census_block_count
011,001700,011,0111700,BERKS - 0111700,1.000000000000,vtd20_identity
011,001705,011,0111705,BERKS - 0111705,1.000000000000,vtd20_identity
011,001715,011,0111715,BERKS - 0111715,1.000000000000,vtd20_identity
011,001750,011,0111750,BERKS - 0111750,1.000000000000,vtd20_identity
011,001760,011,0111760,BERKS - 0111760,1.000000000000,vtd20_identity
011,001770,011,0111780,BERKS - 0111780,1.000000000000,vtd20_identity
011,001775,011,0111775,BERKS - 0111775,1.000000000000,vtd20_identity
011,001780,011,0111770,BERKS - 0111770,1.000000000000,vtd20_identity
011,001790,011,0111790,BERKS - 0111790,1.000000000000,vtd20_identity
011,001795,011,0111800,BERKS - 0111800,1.000000000000,vtd20_identity
011,1578P1,011,011010,BERKS - 011010,1.000000000000,vtd20_identity
013,000010,013,013010,BLAIR - 013010,1.000000000000,vtd20_identity
013,000020,013,013020,BLAIR - 013020,1.000000000000,vtd20_identity
013,000030,013,013030,BLAIR - 013030,1.000000000000,vtd20_identity
013,000040,013,013040,BLAIR - 013040,1.000000000000,vtd20_identity
013,000051,013,013050,BLAIR - 013050,0.571428571429,census_block_count
013,000051,013,013060,BLAIR - 013060,0.404761904762,census_block_count
013,000051,013,013070,BLAIR - 013070,0.023809523810,census_block_count
013,000070,013,013070,BLAIR - 013070,1.000000000000,vtd20_identity
013,000080,013,013080,BLAIR - 013080,1.000000000000,vtd20_identity
013,000090,013,013090,BLAIR - 013090,1.000000000000,vtd20_identity
013,000100,013,013100,BLAIR - 013100,1.000000000000,vtd20_identity
013,000110,013,013110,BLAIR - 013110,1.000000000000,vtd20_identity
013,000120,013,013120,BLAIR - 013120,1.000000000000,vtd20_identity
013,000130,013,013150,BLAIR - 013150,1.000000000000,vtd20_identity
013,000140,013,013140,BLAIR - 013140,1.000000000000,vtd20_identity
013,000150,013,013130,BLAIR - 013130,1.000000000000,vtd20_identity
013,000161,013,013160,BLAIR - 013160,1.000000000000,vtd20_identity
013,000171,013,013240,BLAIR - 013240,0.030303030303,census_block_count
013,000171,013,013170,BLAIR - 013170,0.469696969697,census_block_count
013,000171,013,013180,BLAIR - 013180,0.469696969697,census_block_count
013,000171,013,013200,BLAIR - 013200,0.030303030303,census_block_count
013,000181,013,013190,BLAIR - 013190,1.000000000000,vtd20_identity
013,000191,013,013200,BLAIR - 013200,1.000000000000,vtd20_identity
013,000210,013,013210,BLAIR - 013210,1.000000000000,vtd20_identity
013,000220,013,013220,BLAIR - 013220,1.000000000000,vtd20_identity
013,000230,013,013230,BLAIR - 013230,1.000000000000,vtd20_identity
013,000240,013,013240,BLAIR - 013240,1.000000000000,vtd20_identity
013,000251,013,013270,BLAIR - 013270,0.209876543210,census_block_count
013,000251,013,013250,BLAIR - 013250,0.407407407407,census_block_count
013,000251,013,013260,BLAIR - 013260,0.382716049383,census_block_count
013,000261,013,013280,BLAIR - 013280,1.000000000000,vtd20_identity
013,000291,013,013310,BLAIR - 013310,0.013157894737,census_block_count
013,000291,013,013290,BLAIR - 013290,0.697368421053,census_block_count
013,000291,013,013300,BLAIR - 013300,0.197368421053,census_block_count
013,000291,013,013050,BLAIR - 013050,0.013157894737,census_block_count
013,000291,013,013210,BLAIR - 013210,0.078947368421,census_block_count
013,000301,013,013310,BLAIR - 013310,1.000000000000,vtd20_identity
013,000321,013,013760,BLAIR - 013760,0.028571428571,census_block_count
013,000321,013,013360,BLAIR - 013360,0.428571428571,census_block_count
013,000321,013,013320,BLAIR - 013320,0.514285714286,census_block_count
013,000321,013,013330,BLAIR - 013330,0.028571428571,census_block_count
013,000330,013,013330,BLAIR - 013330,1.000000000000,vtd20_identity
013,000340,013,013340,BLAIR - 013340,1.000000000000,vtd20_identity
013,000350,013,013350,BLAIR - 013350,1.000000000000,vtd20_identity
013,000370,013,013370,BLAIR - 013370,1.000000000000,vtd20_identity
013,000380,013,013380,BLAIR - 013380,1.000000000000,vtd20_identity
013,000390,013,013390,BLAIR - 013390,1.000000000000,vtd20_identity
013,000400,013,013400,BLAIR - 013400,1.000000000000,vtd20_identity
013,000411,013,013420,BLAIR - 013420,0.456790123457,census_block_count
013,000411,013,013710,BLAIR - 013710,0.037037037037,census_block_count
013,000411,013,013410,BLAIR - 013410,0.506172839506,census_block_count
013,000421,013,013430,BLAIR - 013430,1.000000000000,vtd20_identity
013,000431,013,013440,BLAIR - 013440,1.000000000000,vtd20_identity
013,000450,013,013460,BLAIR - 013460,1.000000000000,vtd20_identity
013,000460,013,013450,BLAIR - 013450,1.000000000000,vtd20_identity
013,000470,013,013470,BLAIR - 013470,1.000000000000,vtd20_identity
013,000480,013,013480,BLAIR - 013480,1.000000000000,vtd20_identity
013,000492,013,013490,BLAIR - 013490,0.048780487805,census_block_count
013,000492,013,013020,BLAIR - 013020,0.024390243902,census_block_count
013,000492,013,013500,BLAIR - 013500,0.926829268293,census_block_count
013,000494,013,013660,BLAIR - 013660,0.028571428571,census_block_count
013,000494,013,013490,BLAIR - 013490,0.542857142857,census_block_count
013,000494,013,013500,BLAIR - 013500,0.400000000000,census_block_count
013,000494,013,013790,BLAIR - 013790,0.028571428571,census_block_count
013,000496,013,013490,BLAIR - 013490,0.532258064516,census_block_count
013,000496,013,013540,BLAIR - 013540,0.016129032258,census_block_count
013,000496,013,013500,BLAIR - 013500,0.435483870968,census_block_count
013,000496,013,013630,BLAIR - 013630,0.016129032258,census_block_count
013,000510,013,013510,BLAIR - 013510,1.000000000000,vtd20_identity
013,000520,013,013520,BLAIR - 013520,1.000000000000,vtd20_identity
013,000532,013,013530,BLAIR - 013530,1.000000000000,vtd20_identity
013,000542,013,013550,BLAIR - 013550,1.000000000000,vtd20_identity
013,000552,013,013540,BLAIR - 013540,0.076923076923,census_block_count
013,000552,013,013550,BLAIR - 013550,0.923076923077,census_block_count
013,000554,013,013540,BLAIR - 013540,0.885714285714,census_block_count
013,000554,013,013550,BLAIR - 013550,0.114285714286,census_block_count
013,000556,013,013540,BLAIR - 013540,1.000000000000,vtd20_identity
013,000560,013,013560,BLAIR - 013560,1.000000000000,vtd20_identity
013,000570,013,013570,BLAIR - 013570,1.000000000000,vtd20_identity
013,000580,013,013580,BLAIR - 013580,1.000000000000,vtd20_identity
013,000590,013,013590,BLAIR - 013590,1.000000000000,vtd20_identity
013,000600,013,013600,BLAIR - 013600,1.000000000000,vtd20_identity
013,000610,013,013610,BLAIR - 013610,1.000000000000,vtd20_identity
013,000620,013,013620,BLAIR - 013620,1.000000000000,vtd20_identity
013,000630,013,013630,BLAIR - 013630,1.000000000000,vtd20_identity
013,000640,013,013640,BLAIR - 013640,1.000000000000,vtd20_identity
013,000650,013,013650,BLAIR - 013650,1.000000000000,vtd20_identity
013,000660,013,013660,BLAIR - 013660,1.000000000000,vtd20_identity
013,000670,013,013670,BLAIR - 013670,1.000000000000,vtd20_identity
013,000680,013,013680,BLAIR - 013680,1.000000000000,vtd20_identity
013,000690,013,013690,BLAIR - 013690,1.000000000000,vtd20_identity
013,000700,013,013700,BLAIR - 013700,1.000000000000,vtd20_identity
013,000710,013,013730,BLAIR - 013730,0.008547008547,census_block_count
013,000710,013,013710,BLAIR - 013710,0.940170940171,census_block_count
013,000710,013,013200,BLAIR - 013200,0.017094017094,census_block_count
013,000710,013,013410,BLAIR - 013410,0.025641025641,census_block_count
013,000710,013,013440,BLAIR - 013440,0.008547008547,census_block_count
013,000720,013,013720,BLAIR - 013720,0.851063829788,census_block_count
013,000720,013,013400,BLAIR - 013400,0.042553191489,census_block_count
013,000720,013,013370,BLAIR - 013370,0.063829787234,census_block_count
013,000720,013,013210,BLAIR - 013210,0.042553191489,census_block_count
013,000730,013,013730,BLAIR - 013730,1.000000000000,vtd20_identity
013,000740,013,013740,BLAIR - 013740,1.000000000000,vtd20_identity
013,000750,013,013750,BLAIR - 013750,1.000000000000,vtd20_identity
013,000760,013,013760,BLAIR - 013760,1.000000000000,vtd20_identity
013,000770,013,013770,BLAIR - 013770,1.000000000000,vtd20_identity
013,000780,013,013780,BLAIR - 013780,1.000000000000,vtd20_identity
013,000790,013,013790,BLAIR - 013790,1.000000000000,vtd20_identity
013,000800,013,013800,BLAIR - 013800,1.000000000000,vtd20_identity
013,000810,013,013810,BLAIR - 013810,1.000000000000,vtd20_identity
013,000820,013,013820,BLAIR - 013820,1.000000000000,vtd20_identity
013,000830,013,013830,BLAIR - 013830,1.000000000000,vtd20_identity
013,000840,013,013840,BLAIR - 013840,0.802197802198,census_block_count
013,000840,013,013890,BLAIR - 013890,0.010989010989,census_block_count
013,000840,013,013850,BLAIR - 013850,0.109890109890,census_block_count
013,000840,013,013950,BLAIR - 013950,0.021978021978,census_block_count
013,000840,013,013940,BLAIR - 013940,0.032967032967,census_block_count
013,000840,013,013900,BLAIR - 013900,0.010989010989,census_block_count
013,000840,013,013870,BLAIR - 013870,0.010989010989,census_block_count
013,000850,013,013850,BLAIR - 013850,1.000000000000,vtd20_identity
013,000860,013,013860,BLAIR - 013860,1.000000000000,vtd20_identity
013,000870,013,013870,BLAIR - 013870,1.000000000000,vtd20_identity
013,000880,013,013880,BLAIR - 013880,1.000000000000,vtd20_identity
013,000890,013,013890,BLAIR - 013890,1.000000000000,vtd20_identity
013,000900,013,013900,BLAIR - 013900,1.000000000000,vtd20_identity
013,000910,013,013910,BLAIR - 013910,1.000000000000,vtd20_identity
013,000920,013,013920,BLAIR - 013920,1.000000000000,vtd20_identity
013,000930,013,013930,BLAIR - 013930,1.000000000000,vtd20_identity
013,000940,013,013940,BLAIR - 013940,1.000000000000,vtd20_identity
013,000950,013,013950,BLAIR - 013950,1.000000000000,vtd20_identity
013,000960,013,013960,BLAIR - 013960,1.000000000000,vtd20_identity
013,000970,013,013970,BLAIR - 013970,1.000000000000,vtd20_identity
013,0040P1,013,013040,BLAIR - 013040,1.000000000000,census_block_count
015,000010,015,015010,BRADFORD - 015010,1.000000000000,vtd20_identity
015,000020,015,015020,BRADFORD - 015020,1.000000000000,vtd20_identity
015,000030,015,015030,BRADFORD - 015030,1.000000000000,vtd20_identity
015,000040,015,015040,BRADFORD - 015040,1.000000000000,vtd20_identity
015,000050,015,015050,BRADFORD - 015050,0.989010989011,census_block_count
015,000050,015,015330,BRADFORD - 015330,0.010989010989,census_block_count
015,000060,015,015060,BRADFORD - 015060,1.000000000000,vtd20_identity
015,000070,015,015070,BRADFORD - 015070,1.000000000000,vtd20_identity
015,000080,015,015080,BRADFORD - 015080,1.000000000000,vtd20_identity
015,000090,015,015090,BRADFORD - 015090,1.000000000000,vtd20_identity
015,000100,015,015100,BRADFORD - 015100,1.000000000000,vtd20_identity
015,000110,015,015110,BRADFORD - 015110,1.000000000000,vtd20_identity
015,000120,015,015120,BRADFORD - 015120,1.000000000000,vtd20_identity
015,000130,015,015130,BRADFORD - 015130,1.000000000000,vtd20_identity
015,000140,015,015140,BRADFORD - 015140,1.000000000000,vtd20_identity
015,000150,015,015150,BRADFORD - 015150,1.000000000000,vtd20_identity
015,000160,015,015160,BRADFORD - 015160,1.000000000000,vtd20_identity
015,000170,015,015170,BRADFORD - 015170,1.000000000000,vtd20_identity
015,000180,015,015180,BRADFORD - 015180,1.000000000000,vtd20_identity
015,000190,015,015190,BRADFORD - 015190,1.000000000000,vtd20_identity
015,000200,015,015200,BRADFORD - 015200,1.000000000000,vtd20_identity
015,000210,015,015210,BRADFORD - 015210,1.000000000000,vtd20_identity
015,000220,015,015220,BRADFORD - 015220,1.000000000000,vtd20_identity
015,000230,015,015230,BRADFORD - 015230,1.000000000000,vtd20_identity
015,000240,015,015240,BRADFORD - 015240,1.000000000000,vtd20_identity
015,000250,015,015250,BRADFORD - 015250,1.000000000000,vtd20_identity
015,000260,015,015260,BRADFORD - 015260,1.000000000000,vtd20_identity
015,000270,015,015270,BRADFORD - 015270,1.000000000000,vtd20_identity
015,000280,015,015280,BRADFORD - 015280,1.000000000000,vtd20_identity
015,000290,015,015290,BRADFORD - 015290,1.000000000000,vtd20_identity
015,000300,015,015300,BRADFORD - 015300,1.000000000000,vtd20_identity
015,000310,015,015310,BRADFORD - 015310,1.000000000000,vtd20_identity
015,000320,015,015320,BRADFORD - 015320,1.000000000000,vtd20_identity
015,000330,015,015330,BRADFORD - 015330,1.000000000000,vtd20_identity
015,000340,015,015340,BRADFORD - 015340,1.000000000000,vtd20_identity
015,000350,015,015350,BRADFORD - 015350,1.000000000000,vtd20_identity
015,000360,015,015360,BRADFORD - 015360,1.000000000000,vtd20_identity
015,000370,015,015370,BRADFORD - 015370,1.000000000000,vtd20_identity
015,000380,015,015380,BRADFORD - 015380,1.000000000000,vtd20_identity
015,000390,015,015390,BRADFORD - 015390,1.000000000000,vtd20_identity
015,000400,015,015400,BRADFORD - 015400,1.000000000000,vtd20_identity
015,000410,015,015410,BRADFORD - 015410,1.000000000000,vtd20_identity
015,000420,015,015420,BRADFORD - 015420,1.000000000000,vtd20_identity
015,000430,015,015430,BRADFORD - 015430,1.000000000000,vtd20_identity
015,000440,015,015440,BRADFORD - 015440,1.000000000000,vtd20_identity
015,000450,015,015450,BRADFORD - 015450,1.000000000000,vtd20_identity
015,000460,015,015460,BRADFORD - 015460,1.000000000000,vtd20_identity
015,000470,015,015470,BRADFORD - 015470,1.000000000000,vtd20_identity
015,000480,015,015480,BRADFORD - 015480,1.000000000000,vtd20_identity
015,000490,015,015490,BRADFORD - 015490,1.000000000000,vtd20_identity
015,000500,015,015500,BRADFORD - 015500,1.000000000000,vtd20_identity
015,000510,015,015510,BRADFORD - 015510,1.000000000000,vtd20_identity
015,000520,015,015520,BRADFORD - 015520,1.000000000000,vtd20_identity
015,000530,015,015530,BRADFORD - 015530,1.000000000000,vtd20_identity
015,000540,015,015540,BRADFORD - 015540,1.000000000000,vtd20_identity
015,000550,015,015550,BRADFORD - 015550,1.000000000000,vtd20_identity
015,000560,015,015560,BRADFORD - 015560,1.000000000000,vtd20_identity
015,000570,015,015570,BRADFORD - 015570,1.000000000000,vtd20_identity
015,000580,015,015580,BRADFORD - 015580,1.000000000000,vtd20_identity
015,000590,015,015590,BRADFORD - 015590,1.000000000000,vtd20_identity
015,000600,015,015600,BRADFORD - 015600,1.000000000000,vtd20_identity
015,000610,015,015610,BRADFORD - 015610,1.000000000000,vtd20_identity
017,000010,017,017010,BUCKS - 017010,1.000000000000,vtd20_identity
017,000020,017,017020,BUCKS - 017020,1.000000000000,vtd20_identity
017,000030,017,017030,BUCKS - 017030,1.000000000000,vtd20_identity
017,000040,017,017040,BUCKS - 017040,1.000000000000,vtd20_identity
017,000050,017,017050,BUCKS - 017050,1.000000000000,vtd20_identity
017,000060,017,017060,BUCKS - 017060,1.000000000000,vtd20_identity
017,000070,017,017070,BUCKS - 017070,1.000000000000,vtd20_identity
017,000080,017,017080,BUCKS - 017080,1.000000000000,vtd20_identity
017,000090,017,017090,BUCKS - 017090,1.000000000000,vtd20_identity
017,000100,017,017100,BUCKS - 017100,1.000000000000,vtd20_identity
017,000110,017,017110,BUCKS - 017110,0.972222222222,census_block_count
017,000110,017,017120,BUCKS - 017120,0.027777777778,census_block_count
017,000120,017,017120,BUCKS - 017120,1.000000000000,vtd20_identity
017,000130,017,017130,BUCKS - 017130,1.000000000000,vtd20_identity
017,000140,017,017140,BUCKS - 017140,1.000000000000,vtd20_identity
017,000150,017,017150,BUCKS - 017150,1.000000000000,vtd20_identity
017,000165,017,017290,BUCKS - 017290,0.058823529412,census_block_count
017,000165,017,017170,BUCKS - 017170,0.529411764706,census_block_count
017,000165,017,017160,BUCKS - 017160,0.411764705882,census_block_count
017,000180,017,017180,BUCKS - 017180,1.000000000000,vtd20_identity
017,000190,017,017190,BUCKS - 017190,1.000000000000,vtd20_identity
017,000200,017,017200,BUCKS - 017200,1.000000000000,vtd20_identity
017,000210,017,017210,BUCKS - 017210,1.000000000000,vtd20_identity
017,000220,017,017220,BUCKS - 017220,1.000000000000,vtd20_identity
017,000230,017,017230,BUCKS - 017230,1.000000000000,vtd20_identity
017,000240,017,017240,BUCKS - 017240,1.000000000000,vtd20_identity
017,000250,017,017250,BUCKS - 017250,1.000000000000,vtd20_identity
017,000260,017,017260,BUCKS - 017260,1.000000000000,vtd20_identity
017,000270,017,017270,BUCKS - 017270,1.000000000000,vtd20_identity
017,000280,017,017280,BUCKS - 017280,1.000000000000,vtd20_identity
017,000285,017,017285,BUCKS - 017285,1.000000000000,vtd20_identity
017,000290,017,017290,BUCKS - 017290,1.000000000000,vtd20_identity
017,000300,017,017300,BUCKS - 017300,1.000000000000,vtd20_identity
017,000310,017,017310,BUCKS - 017310,1.000000000000,vtd20_identity
017,000320,017,017320,BUCKS - 017320,1.000000000000,vtd20_identity
017,000330,017,017330,BUCKS - 017330,1.000000000000,vtd20_identity
017,000340,017,017340,BUCKS - 017340,1.000000000000,vtd20_identity
017,000350,017,017350,BUCKS - 017350,1.000000000000,vtd20_identity
017,000360,017,017360,BUCKS - 017360,1.000000000000,vtd20_identity
017,000370,017,017370,BUCKS - 017370,1.000000000000,vtd20_identity
017,000380,017,017380,BUCKS - 017380,1.000000000000,vtd20_identity
017,000390,017,017030,BUCKS - 017030,0.032258064516,census_block_count
017,000390,017,017410,BUCKS - 017410,0.032258064516,census_block_count
017,000390,017,017390,BUCKS - 017390,0.935483870967,census_block_count
017,000400,017,017400,BUCKS - 017400,1.000000000000,vtd20_identity
017,000410,017,017410,BUCKS - 017410,1.000000000000,vtd20_identity
017,000420,017,017420,BUCKS - 017420,1.000000000000,vtd20_identity
017,000435,017,017430,BUCKS - 017430,0.637931034483,census_block_count
017,000435,017,017450,BUCKS - 017450,0.034482758621,census_block_count
017,000435,017,017440,BUCKS - 017440,0.310344827586,census_block_count
017,000435,017,017460,BUCKS - 017460,0.017241379310,census_block_count
017,000445,017,017450,BUCKS - 017450,0.824561403509,census_block_count
017,000445,017,017460,BUCKS - 017460,0.157894736842,census_block_count
017,000445,017,017370,BUCKS - 017370,0.017543859649,census_block_count
017,000470,017,017470,BUCKS - 017470,1.000000000000,vtd20_identity
017,000480,017,017480,BUCKS - 017480,1.000000000000,vtd20_identity
017,000490,017,017490,BUCKS - 017490,1.000000000000,vtd20_identity
017,000505,017,017520,BUCKS - 017520,1.000000000000,vtd20_identity
017,000515,017,017500,BUCKS - 017500,0.709677419355,census_block_count
017,000515,017,017510,BUCKS - 017510,0.290322580645,census_block_count
017,000535,017,017540,BUCKS - 017540,0.250000000000,census_block_count
017,000535,017,017570,BUCKS - 017570,0.027777777778,census_block_count
017,000535,017,017560,BUCKS - 017560,0.472222222222,census_block_count
017,000535,017,017530,BUCKS - 017530,0.250000000000,census_block_count
017,000545,017,0171090,BUCKS - 0171090,0.035714285714,census_block_count
017,000545,017,017540,BUCKS - 017540,0.571428571429,census_block_count
017,000545,017,017570,BUCKS - 017570,0.035714285714,census_block_count
017,000545,017,017550,BUCKS - 017550,0.357142857143,census_block_count
017,000575,017,017600,BUCKS - 017600,0.062500000000,census_block_count
017,000575,017,017570,BUCKS - 017570,0.531250000000,census_block_count
017,000575,017,017550,BUCKS - 017550,0.031250000000,census_block_count
017,000575,017,017580,BUCKS - 017580,0.343750000000,census_block_count
017,000575,017,017560,BUCKS - 017560,0.031250000000,census_block_count
017,000585,017,017600,BUCKS - 017600,1.000000000000,vtd20_identity
017,000598,017,017590,BUCKS - 017590,1.000000000000,vtd20_identity
017,000610,017,017610,BUCKS - 017610,1.000000000000,vtd20_identity
017,000620,017,017620,BUCKS - 017620,1.000000000000,vtd20_identity
017,000630,017,017630,BUCKS - 017630,1.000000000000,vtd20_identity
017,000645,017,017640,BUCKS - 017640,0.620689655172,census_block_count
017,000645,017,017650,BUCKS - 017650,0.379310344828,census_block_count
017,000655,017,017660,BUCKS - 017660,1.000000000000,vtd20_identity
017,000670,017,017670,BUCKS - 017670,1.000000000000,vtd20_identity
017,000680,017,017680,BUCKS - 017680,1.000000000000,vtd20_identity
017,000690,017,017690,BUCKS - 017690,1.000000000000,vtd20_identity
017,000700,017,017700,BUCKS - 017700,1.000000000000,vtd20_identity
017,000710,017,017710,BUCKS - 017710,1.000000000000,vtd20_identity
017,000720,017,017720,BUCKS - 017720,1.000000000000,vtd20_identity
017,000730,017,017730,BUCKS - 017730,1.000000000000,vtd20_identity
017,000740,017,017740,BUCKS - 017740,1.000000000000,vtd20_identity
017,000750,017,017750,BUCKS - 017750,1.000000000000,vtd20_identity
017,000760,017,017760,BUCKS - 017760,1.000000000000,vtd20_identity
017,000765,017,017765,BUCKS - 017765,1.000000000000,vtd20_identity
017,000775,017,017775,BUCKS - 017775,1.000000000000,vtd20_identity
017,000780,017,017780,BUCKS - 017780,1.000000000000,vtd20_identity
017,000790,017,017790,BUCKS - 017790,1.000000000000,vtd20_identity
017,000805,017,017805,BUCKS - 017805,1.000000000000,vtd20_identity
017,000810,017,017810,BUCKS - 017810,1.000000000000,vtd20_identity
017,000813,017,017815,BUCKS - 017815,1.000000000000,vtd20_identity
017,000817,017,017815,BUCKS - 017815,1.000000000000,census_block_count
017,000820,017,017820,BUCKS - 017820,1.000000000000,vtd20_identity
017,000832,017,017830,BUCKS - 017830,1.000000000000,census_block_count
017,000840,017,017840,BUCKS - 017840,1.000000000000,vtd20_identity
017,000850,017,017850,BUCKS - 017850,1.000000000000,vtd20_identity
017,000860,017,017860,BUCKS - 017860,1.000000000000,vtd20_identity
017,000870,017,017870,BUCKS - 017870,1.000000000000,vtd20_identity
017,000880,017,017880,BUCKS - 017880,0.971428571428,census_block_count
017,000880,017,017920,BUCKS - 017920,0.028571428571,census_block_count
017,000885,017,017885,BUCKS - 017885,1.000000000000,vtd20_identity
017,000887,017,017830,BUCKS - 017830,1.000000000000,vtd20_identity
017,000890,017,017890,BUCKS - 017890,1.000000000000,vtd20_identity
017,000900,017,017900,BUCKS - 017900,1.000000000000,vtd20_identity
017,000910,017,017910,BUCKS - 017910,1.000000000000,vtd20_identity
017,000920,017,017920,BUCKS - 017920,1.000000000000,vtd20_identity
017,000930,017,017930,BUCKS - 017930,1.000000000000,vtd20_identity
017,000940,017,017940,BUCKS - 017940,1.000000000000,vtd20_identity
017,000950,017,017950,BUCKS - 017950,1.000000000000,vtd20_identity
017,000960,017,017960,BUCKS - 017960,1.000000000000,vtd20_identity
017,000980,017,017985,BUCKS - 017985,0.220338983051,census_block_count
017,000980,017,017980,BUCKS - 017980,0.762711864407,census_block_count
017,000980,017,0172140,BUCKS - 0172140,0.016949152542,census_block_count
017,000985,017,017985,BUCKS - 017985,0.647058823529,census_block_count
017,000985,017,017980,BUCKS - 017980,0.333333333333,census_block_count
017,000985,017,0171170,BUCKS - 0171170,0.019607843137,census_block_count
017,000990,017,017990,BUCKS - 017990,1.000000000000,vtd20_identity
017,001000,017,0171000,BUCKS - 0171000,1.000000000000,vtd20_identity
017,001010,017,0171010,BUCKS - 0171010,1.000000000000,vtd20_identity
017,001020,017,0171020,BUCKS - 0171020,1.000000000000,vtd20_identity
017,001030,017,0171320,BUCKS - 0171320,0.027777777778,census_block_count
017,001030,017,0171030,BUCKS - 0171030,0.861111111111,census_block_count
017,001030,017,0171775,BUCKS - 0171775,0.055555555556,census_block_count
017,001030,017,0171785,BUCKS - 0171785,0.055555555556,census_block_count
017,001040,017,0171040,BUCKS - 0171040,1.000000000000,vtd20_identity
017,001050,017,0171050,BUCKS - 0171050,1.000000000000,vtd20_identity
017,001060,017,0171060,BUCKS - 0171060,1.000000000000,vtd20_identity
017,001070,017,0171070,BUCKS - 0171070,1.000000000000,vtd20_identity
017,001080,017,0171080,BUCKS - 0171080,1.000000000000,vtd20_identity
017,001090,017,0171090,BUCKS - 0171090,1.000000000000,vtd20_identity
017,001100,017,0171100,BUCKS - 0171100,1.000000000000,vtd20_identity
017,001110,017,0171110,BUCKS - 0171110,1.000000000000,vtd20_identity
017,001120,017,0171120,BUCKS - 0171120,1.000000000000,vtd20_identity
017,001130,017,0171130,BUCKS - 0171130,1.000000000000,vtd20_identity
017,001140,017,0171140,BUCKS - 0171140,1.000000000000,vtd20_identity
017,001150,017,0171150,BUCKS - 0171150,1.000000000000,vtd20_identity
017,001160,017,0171160,BUCKS - 0171160,1.000000000000,vtd20_identity
017,001170,017,0171170,BUCKS - 0171170,1.000000000000,vtd20_identity
017,001180,017,0171180,BUCKS - 0171180,1.000000000000,vtd20_identity
017,001184,017,0171185,BUCKS - 0171185,1.000000000000,vtd20_identity
017,001187,017,0171185,BUCKS - 0171185,1.000000000000,census_block_count
017,001190,017,0171190,BUCKS - 0171190,1.000000000000,vtd20_identity
017,001200,017,0171200,BUCKS - 0171200,1.000000000000,vtd20_identity
017,001210,017,0171210,BUCKS - 0171210,1.000000000000,vtd20_identity
017,001220,017,0171220,BUCKS - 0171220,1.000000000000,vtd20_identity
017,001230,017,0171230,BUCKS - 0171230,1.000000000000,vtd20_identity
017,001240,017,0171240,BUCKS - 0171240,1.000000000000,vtd20_identity
017,001250,017,0171250,BUCKS - 0171250,1.000000000000,vtd20_identity
017,001260,017,0171260,BUCKS - 0171260,1.000000000000,vtd20_identity
017,001270,017,0171270,BUCKS - 0171270,1.000000000000,vtd20_identity
017,001280,017,0171280,BUCKS - 0171280,1.000000000000,vtd20_identity
017,001290,017,0171290,BUCKS - 0171290,1.000000000000,vtd20_identity
017,001300,017,0171300,BUCKS - 0171300,1.000000000000,vtd20_identity
017,001305,017,0171305,BUCKS - 0171305,1.000000000000,vtd20_identity
017,001310,017,0171310,BUCKS - 0171310,1.000000000000,vtd20_identity
017,001320,017,0171320,BUCKS - 0171320,1.000000000000,vtd20_identity
017,001330,017,0171330,BUCKS - 0171330,1.000000000000,vtd20_identity
017,001340,017,0171340,BUCKS - 0171340,1.000000000000,vtd20_identity
017,001350,017,0171350,BUCKS - 0171350,1.000000000000,vtd20_identity
017,001360,017,0171360,BUCKS - 0171360,1.000000000000,vtd20_identity
017,001370,017,0171370,BUCKS - 0171370,1.000000000000,vtd20_identity
017,001380,017,0171380,BUCKS - 0171380,1.000000000000,vtd20_identity
017,001390,017,0171390,BUCKS - 0171390,1.000000000000,vtd20_identity
017,001400,017,0171400,BUCKS - 0171400,1.000000000000,vtd20_identity
017,001410,017,0171410,BUCKS - 0171410,1.000000000000,vtd20_identity
017,001420,017,0171420,BUCKS - 0171420,1.000000000000,vtd20_identity
017,001430,017,0171430,BUCKS - 0171430,1.000000000000,vtd20_identity
017,001440,017,0171440,BUCKS - 0171440,1.000000000000,vtd20_identity
017,001450,017,0171450,BUCKS - 0171450,1.000000000000,vtd20_identity
017,001460,017,0171460,BUCKS - 0171460,1.000000000000,vtd20_identity
017,001470,017,0171470,BUCKS - 0171470,1.000000000000,vtd20_identity
017,001480,017,0171480,BUCKS - 0171480,1.000000000000,vtd20_identity
017,001490,017,0171490,BUCKS - 0171490,1.000000000000,vtd20_identity
017,001500,017,0171500,BUCKS - 0171500,1.000000000000,vtd20_identity
017,001510,017,0171510,BUCKS - 0171510,1.000000000000,vtd20_identity
017,001520,017,0171520,BUCKS - 0171520,1.000000000000,vtd20_identity
017,001530,017,0171530,BUCKS - 0171530,1.000000000000,vtd20_identity
017,001540,017,0171540,BUCKS - 0171540,1.000000000000,vtd20_identity
017,001550,017,0171550,BUCKS - 0171550,1.000000000000,vtd20_identity
017,001560,017,0171560,BUCKS - 0171560,1.000000000000,vtd20_identity
017,001570,017,0171570,BUCKS - 0171570,1.000000000000,vtd20_identity
017,001580,017,0171580,BUCKS - 0171580,1.000000000000,vtd20_identity
017,001590,017,0171590,BUCKS - 0171590,1.000000000000,vtd20_identity
017,001600,017,0171600,BUCKS - 0171600,1.000000000000,vtd20_identity
017,001610,017,0171610,BUCKS - 0171610,1.000000000000,vtd20_identity
017,001620,017,0171620,BUCKS - 0171620,1.000000000000,vtd20_identity
017,001630,017,0171630,BUCKS - 0171630,1.000000000000,vtd20_identity
017,001640,017,0171640,BUCKS - 0171640,1.000000000000,vtd20_identity
017,001652,017,0171650,BUCKS - 0171650,1.000000000000,vtd20_identity
017,001660,017,0171660,BUCKS - 0171660,1.000000000000,vtd20_identity
017,001670,017,0171670,BUCKS - 0171670,1.000000000000,vtd20_identity
017,001680,017,0171680,BUCKS - 0171680,1.000000000000,vtd20_identity
017,001690,017,0171690,BUCKS - 0171690,1.000000000000,vtd20_identity
017,001700,017,0171700,BUCKS - 0171700,1.000000000000,vtd20_identity
017,001703,017,0171703,BUCKS - 0171703,1.000000000000,vtd20_identity
017,001706,017,0171706,BUCKS - 0171706,1.000000000000,vtd20_identity
017,001708,017,0171650,BUCKS - 0171650,1.000000000000,census_block_count
017,001710,017,0171710,BUCKS - 0171710,1.000000000000,vtd20_identity
017,001720,017,0171720,BUCKS - 0171720,1.000000000000,vtd20_identity
017,001730,017,0171730,BUCKS - 0171730,1.000000000000,vtd20_identity
017,001740,017,0171740,BUCKS - 0171740,1.000000000000,vtd20_identity
017,001755,017,0171755,BUCKS - 0171755,1.000000000000,vtd20_identity
017,001765,017,0171765,BUCKS - 0171765,1.000000000000,vtd20_identity
017,001775,017,0171775,BUCKS - 0171775,1.000000000000,vtd20_identity
017,001785,017,0171785,BUCKS - 0171785,1.000000000000,vtd20_identity
017,001790,017,0171790,BUCKS - 0171790,1.000000000000,vtd20_identity
017,001800,017,0171800,BUCKS - 0171800,1.000000000000,vtd20_identity
017,001810,017,0171810,BUCKS - 0171810,1.000000000000,vtd20_identity
017,001820,017,0171820,BUCKS - 0171820,1.000000000000,vtd20_identity
017,001825,017,0171825,BUCKS - 0171825,1.000000000000,vtd20_identity
017,001830,017,0171830,BUCKS - 0171830,1.000000000000,vtd20_identity
017,001840,017,0171840,BUCKS - 0171840,1.000000000000,vtd20_identity
017,001850,017,0171850,BUCKS - 0171850,1.000000000000,vtd20_identity
017,001860,017,0171860,BUCKS - 0171860,1.000000000000,vtd20_identity
017,001870,017,0171870,BUCKS - 0171870,1.000000000000,vtd20_identity
017,001880,017,0171880,BUCKS - 0171880,1.000000000000,vtd20_identity
017,001890,017,0171890,BUCKS - 0171890,1.000000000000,vtd20_identity
017,001900,017,0171900,BUCKS - 0171900,1.000000000000,vtd20_identity
017,001905,017,0171905,BUCKS - 0171905,1.000000000000,vtd20_identity
017,001910,017,0171910,BUCKS - 0171910,1.000000000000,vtd20_identity
017,001915,017,0171915,BUCKS - 0171915,1.000000000000,vtd20_identity
017,001920,017,0171920,BUCKS - 0171920,1.000000000000,vtd20_identity
017,001930,017,0171930,BUCKS - 0171930,1.000000000000,vtd20_identity
017,001940,017,0171940,BUCKS - 0171940,1.000000000000,vtd20_identity
017,001950,017,0171950,BUCKS - 0171950,1.000000000000,vtd20_identity
017,001960,017,0171960,BUCKS - 0171960,1.000000000000,vtd20_identity
017,001970,017,0171970,BUCKS - 0171970,1.000000000000,vtd20_identity
017,001980,017,0171980,BUCKS - 0171980,1.000000000000,vtd20_identity
017,001990,017,0171990,BUCKS - 0171990,1.000000000000,vtd20_identity
017,002000,017,0172000,BUCKS - 0172000,1.000000000000,vtd20_identity
017,002010,017,0172010,BUCKS - 0172010,1.000000000000,vtd20_identity
017,002025,017,0172020,BUCKS - 0172020,1.000000000000,vtd20_identity
017,002030,017,0172030,BUCKS - 0172030,1.000000000000,vtd20_identity
017,002040,017,0172040,BUCKS - 0172040,1.000000000000,vtd20_identity
017,002050,017,0172050,BUCKS - 0172050,1.000000000000,vtd20_identity
017,002060,017,0172060,BUCKS - 0172060,1.000000000000,vtd20_identity
017,002070,017,0172070,BUCKS - 0172070,1.000000000000,vtd20_identity
017,002080,017,0172080,BUCKS - 0172080,1.000000000000,vtd20_identity
017,002090,017,0172090,BUCKS - 0172090,1.000000000000,vtd20_identity
017,002100,017,0172100,BUCKS - 0172100,1.000000000000,vtd20_identity
017,002110,017,0172110,BUCKS - 0172110,1.000000000000,vtd20_identity
017,002115,017,0172020,BUCKS - 0172020,1.000000000000,census_block_count
017,002120,017,0172120,BUCKS - 0172120,1.000000000000,vtd20_identity
017,002130,017,0172130,BUCKS - 0172130,1.000000000000,vtd20_identity
017,002140,017,0172140,BUCKS - 0172140,1.000000000000,vtd20_identity
017,002150,017,0172150,BUCKS - 0172150,1.000000000000,vtd20_identity
017,002165,017,0172165,BUCKS - 0172165,1.000000000000,vtd20_identity
017,002173,017,0172175,BUCKS - 0172175,1.000000000000,vtd20_identity
017,002183,017,0172175,BUCKS - 0172175,0.428571428571,census_block_count
017,002183,017,0172185,BUCKS - 0172185,0.571428571429,census_block_count
017,002190,017,0172190,BUCKS - 0172190,1.000000000000,vtd20_identity
017,002195,017,0172195,BUCKS - 0172195,1.000000000000,vtd20_identity
017,002198,017,0172185,BUCKS - 0172185,1.000000000000,vtd20_identity
017,002200,017,0172200,BUCKS - 0172200,1.000000000000,vtd20_identity
017,002210,017,0172210,BUCKS - 0172210,1.000000000000,vtd20_identity
017,002220,017,0172220,BUCKS - 0172220,1.000000000000,vtd20_identity
017,002230,017,0172230,BUCKS - 0172230,1.000000000000,vtd20_identity
017,002235,017,0172240,BUCKS - 0172240,1.000000000000,vtd20_identity
017,002237,017,0172250,BUCKS - 0172250,1.000000000000,vtd20_identity
017,002245,017,0172240,BUCKS - 0172240,1.000000000000,vtd20_identity
017,002255,017,0172240,BUCKS - 0172240,1.000000000000,vtd20_identity
017,002260,017,0172260,BUCKS - 0172260,1.000000000000,vtd20_identity
017,002270,017,0172270,BUCKS - 0172270,1.000000000000,vtd20_identity
017,002280,017,0172280,BUCKS - 0172280,1.000000000000,vtd20_identity
017,002290,017,0172290,BUCKS - 0172290,1.000000000000,vtd20_identity
017,002300,017,0172300,BUCKS - 0172300,1.000000000000,vtd20_identity
017,002310,017,0172310,BUCKS - 0172310,1.000000000000,vtd20_identity
017,002323,017,0171840,BUCKS - 0171840,0.034482758621,census_block_count
017,002323,017,0172320,BUCKS - 0172320,0.965517241379,census_block_count
017,002327,017,0172320,BUCKS - 0172320,1.000000000000,vtd20_identity
017,002330,017,0172330,BUCKS - 0172330,1.000000000000,vtd20_identity
017,002340,017,0172340,BUCKS - 0172340,1.000000000000,vtd20_identity
017,002350,017,0172350,BUCKS - 0172350,1.000000000000,vtd20_identity
017,002360,017,0172360,BUCKS - 0172360,1.000000000000,vtd20_identity
017,002370,017,0172370,BUCKS - 0172370,1.000000000000,vtd20_identity
017,002380,017,0172380,BUCKS - 0172380,1.000000000000,vtd20_identity
017,002390,017,0172390,BUCKS - 0172390,1.000000000000,vtd20_identity
017,002400,017,0172400,BUCKS - 0172400,1.000000000000,vtd20_identity
017,002410,017,0172410,BUCKS - 0172410,1.000000000000,vtd20_identity
017,002420,017,0172420,BUCKS - 0172420,1.000000000000,vtd20_identity
017,002430,017,0172430,BUCKS - 0172430,1.000000000000,vtd20_identity
017,002440,017,0172440,BUCKS - 0172440,1.000000000000,vtd20_identity
017,002450,017,0172450,BUCKS - 0172450,1.000000000000,vtd20_identity
017,002460,017,0172460,BUCKS - 0172460,1.000000000000,vtd20_identity
017,002465,017,0172450,BUCKS - 0172450,1.000000000000,census_block_count
017,002470,017,0172470,BUCKS - 0172470,1.000000000000,vtd20_identity
017,002480,017,0172480,BUCKS - 0172480,1.000000000000,vtd20_identity
017,002490,017,0172490,BUCKS - 0172490,1.000000000000,vtd20_identity
017,002500,017,0172500,BUCKS - 0172500,1.000000000000,vtd20_identity
017,002510,017,0172510,BUCKS - 0172510,1.000000000000,vtd20_identity
017,002520,017,0172520,BUCKS - 0172520,1.000000000000,vtd20_identity
017,002530,017,0172530,BUCKS - 0172530,1.000000000000,vtd20_identity
017,002540,017,0172540,BUCKS - 0172540,1.000000000000,vtd20_identity
017,002550,017,0172550,BUCKS - 0172550,1.000000000000,vtd20_identity
017,002560,017,0172560,BUCKS - 0172560,1.000000000000,vtd20_identity
017,002570,017,0172570,BUCKS - 0172570,1.000000000000,vtd20_identity
017,002580,017,0172580,BUCKS - 0172580,1.000000000000,vtd20_identity
017,002590,017,0172590,BUCKS - 0172590,1.000000000000,vtd20_identity
017,002600,017,0172600,BUCKS - 0172600,1.000000000000,vtd20_identity
017,002610,017,0172610,BUCKS - 0172610,1.000000000000,vtd20_identity
017,002620,017,0172620,BUCKS - 0172620,1.000000000000,vtd20_identity
017,002630,017,0172630,BUCKS - 0172630,1.000000000000,vtd20_identity
017,002640,017,0172640,BUCKS - 0172640,1.000000000000,vtd20_identity
017,002650,017,0172650,BUCKS - 0172650,1.000000000000,vtd20_identity
017,002660,017,0172660,BUCKS - 0172660,1.000000000000,vtd20_identity
017,002670,017,0172670,BUCKS - 0172670,1.000000000000,vtd20_identity
017,002680,017,0172680,BUCKS - 0172680,1.000000000000,vtd20_identity
017,002690,017,0172690,BUCKS - 0172690,1.000000000000,vtd20_identity
017,002700,017,0172700,BUCKS - 0172700,1.000000000000,vtd20_identity
017,002710,017,0172710,BUCKS - 0172710,1.000000000000,vtd20_identity
017,002720,017,0172720,BUCKS - 0172720,1.000000000000,vtd20_identity
017,002730,017,0172730,BUCKS - 0172730,1.000000000000,vtd20_identity
017,002742,017,0172740,BUCKS - 0172740,1.000000000000,census_block_count
017,002750,017,0172750,BUCKS - 0172750,1.000000000000,census_block_count
017,002760,017,0172760,BUCKS - 0172760,1.000000000000,vtd20_identity
017,002770,017,0172770,BUCKS - 0172770,1.000000000000,vtd20_identity
017,002780,017,0172780,BUCKS - 0172780,1.000000000000,vtd20_identity
017,002783,017,0172750,BUCKS - 0172750,1.000000000000,vtd20_identity
017,002785,017,0172750,BUCKS - 0172750,1.000000000000,census_block_count
017,002787,017,0172740,BUCKS - 0172740,1.000000000000,vtd20_identity
017,002800,017,0172800,BUCKS - 0172800,1.000000000000,vtd20_identity
017,002805,017,0172805,BUCKS - 0172805,1.000000000000,vtd20_identity
017,002812,017,0172815,BUCKS - 0172815,1.000000000000,census_block_count
017,002820,017,0172820,BUCKS - 0172820,1.000000000000,vtd20_identity
017,002825,017,0172825,BUCKS - 0172825,1.000000000000,vtd20_identity
017,002827,017,0172815,BUCKS - 0172815,1.000000000000,vtd20_identity
017,002830,017,0172830,BUCKS - 0172830,1.000000000000,vtd20_identity
017,002840,017,0172840,BUCKS - 0172840,1.000000000000,vtd20_identity
017,002850,017,0172850,BUCKS - 0172850,1.000000000000,vtd20_identity
019,000012,019,019010,BUTLER - 019010,0.968750000000,census_block_count
019,000012,019,019355,BUTLER - 019355,0.031250000000,census_block_count
019,000014,019,019010,BUTLER - 019010,1.000000000000,census_block_count
019,000016,019,019010,BUTLER - 019010,1.000000000000,vtd20_identity
019,000020,019,019020,BUTLER - 019020,1.000000000000,vtd20_identity
019,000030,019,019030,BUTLER - 019030,1.000000000000,vtd20_identity
019,000040,019,019040,BUTLER - 019040,1.000000000000,vtd20_identity
019,000050,019,019050,BUTLER - 019050,1.000000000000,vtd20_identity
019,000060,019,019060,BUTLER - 019060,1.000000000000,vtd20_identity
019,000065,019,019050,BUTLER - 019050,0.080000000000,census_block_count
019,000065,019,019060,BUTLER - 019060,0.920000000000,census_block_count
019,000075,019,019160,BUTLER - 019160,0.016806722689,census_block_count
019,000075,019,019090,BUTLER - 019090,0.008403361345,census_block_count
019,000075,019,019070,BUTLER - 019070,0.420168067227,census_block_count
019,000075,019,019080,BUTLER - 019080,0.554621848739,census_block_count
019,000090,019,019090,BUTLER - 019090,1.000000000000,vtd20_identity
019,000100,019,019100,BUTLER - 019100,1.000000000000,vtd20_identity
019,000110,019,019110,BUTLER - 019110,1.000000000000,vtd20_identity
019,000120,019,019120,BUTLER - 019120,1.000000000000,vtd20_identity
019,000135,019,019140,BUTLER - 019140,0.509090909091,census_block_count
019,000135,019,019210,BUTLER - 019210,0.018181818182,census_block_count
019,000135,019,019130,BUTLER - 019130,0.472727272727,census_block_count
019,000150,019,019150,BUTLER - 019150,1.000000000000,vtd20_identity
019,000160,019,019160,BUTLER - 019160,1.000000000000,vtd20_identity
019,000170,019,019170,BUTLER - 019170,1.000000000000,vtd20_identity
019,000180,019,019180,BUTLER - 019180,1.000000000000,vtd20_identity
019,000190,019,019190,BUTLER - 019190,1.000000000000,vtd20_identity
019,000200,019,019200,BUTLER - 019200,1.000000000000,vtd20_identity
019,000210,019,019210,BUTLER - 019210,1.000000000000,vtd20_identity
019,000220,019,019220,BUTLER - 019220,1.000000000000,vtd20_identity
019,000230,019,019230,BUTLER - 019230,1.000000000000,vtd20_identity
019,000242,019,019240,BUTLER - 019240,0.241935483871,census_block_count
019,000242,019,019250,BUTLER - 019250,0.758064516129,census_block_count
019,000248,019,019240,BUTLER - 019240,0.230769230769,census_block_count
019,000248,019,019250,BUTLER - 019250,0.769230769231,census_block_count
019,000254,019,019240,BUTLER - 019240,0.730158730159,census_block_count
019,000254,019,019250,BUTLER - 019250,0.253968253968,census_block_count
019,000254,019,019210,BUTLER - 019210,0.015873015873,census_block_count
019,000260,019,019260,BUTLER - 019260,1.000000000000,vtd20_identity
019,000270,019,019270,BUTLER - 019270,1.000000000000,vtd20_identity
019,000280,019,019280,BUTLER - 019280,1.000000000000,vtd20_identity
019,000290,019,019290,BUTLER - 019290,1.000000000000,vtd20_identity
019,000300,019,019300,BUTLER - 019300,1.000000000000,vtd20_identity
019,000310,019,019310,BUTLER - 019310,1.000000000000,vtd20_identity
019,000320,019,019320,BUTLER - 019320,1.000000000000,vtd20_identity
019,000330,019,019330,BUTLER - 019330,1.000000000000,vtd20_identity
019,000340,019,019340,BUTLER - 019340,1.000000000000,vtd20_identity
019,000351,019,019351,BUTLER - 019351,0.869565217391,census_block_count
019,000351,019,019360,BUTLER - 019360,0.043478260870,census_block_count
019,000351,019,019010,BUTLER - 019010,0.086956521739,census_block_count
019,000353,019,019351,BUTLER - 019351,1.000000000000,vtd20_identity
019,000354,019,019351,BUTLER - 019351,0.625000000000,census_block_count
019,000354,019,019355,BUTLER - 019355,0.375000000000,census_block_count
019,000358,019,019355,BUTLER - 019355,0.777777777778,census_block_count
019,000358,019,019660,BUTLER - 019660,0.222222222222,census_block_count
019,000359,019,019355,BUTLER - 019355,1.000000000000,vtd20_identity
019,000362,019,019360,BUTLER - 019360,1.000000000000,vtd20_identity
019,000363,019,019365,BUTLER - 019365,0.250000000000,census_block_count
019,000363,019,019360,BUTLER - 019360,0.750000000000,census_block_count
019,000366,019,019360,BUTLER - 019360,1.000000000000,census_block_count
019,000367,019,019360,BUTLER - 019360,1.000000000000,census_block_count
019,000371,019,019365,BUTLER - 019365,1.000000000000,vtd20_identity
019,000375,019,019365,BUTLER - 019365,0.700000000000,census_block_count
019,000375,019,019375,BUTLER - 019375,0.050000000000,census_block_count
019,000375,019,019371,BUTLER - 019371,0.250000000000,census_block_count
019,000377,019,019375,BUTLER - 019375,0.600000000000,census_block_count
019,000377,019,019360,BUTLER - 019360,0.015384615385,census_block_count
019,000377,019,019371,BUTLER - 019371,0.384615384615,census_block_count
019,000379,019,019375,BUTLER - 019375,1.000000000000,census_block_count
019,000380,019,019380,BUTLER - 019380,1.000000000000,vtd20_identity
019,000390,019,019390,BUTLER - 019390,1.000000000000,vtd20_identity
019,000400,019,019400,BUTLER - 019400,1.000000000000,vtd20_identity
019,000410,019,019410,BUTLER - 019410,1.000000000000,vtd20_identity
019,000420,019,019420,BUTLER - 019420,1.000000000000,vtd20_identity
019,000430,019,019430,BUTLER - 019430,1.000000000000,vtd20_identity
019,000440,019,019440,BUTLER - 019440,1.000000000000,vtd20_identity
019,000450,019,019450,BUTLER - 019450,1.000000000000,vtd20_identity
019,000460,019,019460,BUTLER - 019460,1.000000000000,vtd20_identity
019,000470,019,019470,BUTLER - 019470,1.000000000000,vtd20_identity
019,000480,019,019480,BUTLER - 019480,1.000000000000,vtd20_identity
019,000500,019,019500,BUTLER - 019500,1.000000000000,vtd20_identity
019,000510,019,019510,BUTLER - 019510,1.000000000000,vtd20_identity
019,000520,019,019520,BUTLER - 019520,1.000000000000,vtd20_identity
019,000530,019,019530,BUTLER - 019530,1.000000000000,vtd20_identity
019,000540,019,019540,BUTLER - 019540,1.000000000000,vtd20_identity
019,000546,019,019545,BUTLER - 019545,1.000000000000,vtd20_identity
019,000547,019,019555,BUTLER - 019555,1.000000000000,census_block_count
019,000550,019,019550,BUTLER - 019550,1.000000000000,vtd20_identity
019,000556,019,019555,BUTLER - 019555,1.000000000000,vtd20_identity
019,000557,019,019555,BUTLER - 019555,1.000000000000,census_block_count
019,000560,019,019560,BUTLER - 019560,1.000000000000,vtd20_identity
019,000570,019,019570,BUTLER - 019570,1.000000000000,vtd20_identity
019,000580,019,019580,BUTLER - 019580,1.000000000000,vtd20_identity
019,000590,019,019590,BUTLER - 019590,1.000000000000,vtd20_identity
019,000600,019,019600,BUTLER - 019600,1.000000000000,vtd20_identity
019,000610,019,019610,BUTLER - 019610,1.000000000000,vtd20_identity
019,000620,019,019620,BUTLER - 019620,1.000000000000,vtd20_identity
019,000630,019,019630,BUTLER - 019630,1.000000000000,vtd20_identity
019,000640,019,019640,BUTLER - 019640,0.964285714286,census_block_count
019,000640,019,019330,BUTLER - 019330,0.035714285714,census_block_count
019,000650,019,019650,BUTLER - 019650,1.000000000000,vtd20_identity
019,000660,019,019660,BUTLER - 019660,1.000000000000,vtd20_identity
019,000670,019,019670,BUTLER - 019670,0.990990990991,census_block_count
019,000670,019,019680,BUTLER - 019680,0.009009009009,census_block_count
019,000680,019,019680,BUTLER - 019680,1.000000000000,vtd20_identity
019,000690,019,019690,BUTLER - 019690,1.000000000000,vtd20_identity
019,000700,019,019700,BUTLER - 019700,1.000000000000,vtd20_identity
019,000710,019,019710,BUTLER - 019710,1.000000000000,vtd20_identity
019,000720,019,019720,BUTLER - 019720,1.000000000000,vtd20_identity
019,000730,019,019730,BUTLER - 019730,1.000000000000,vtd20_identity
019,000740,019,019740,BUTLER - 019740,1.000000000000,vtd20_identity
019,000750,019,019750,BUTLER - 019750,1.000000000000,vtd20_identity
019,000760,019,019760,BUTLER - 019760,1.000000000000,vtd20_identity
019,000770,019,019770,BUTLER - 019770,1.000000000000,vtd20_identity
019,000845,019,019845,BUTLER - 019845,1.000000000000,vtd20_identity
019,000855,019,019855,BUTLER - 019855,1.000000000000,vtd20_identity
019,000865,019,019865,BUTLER - 019865,1.000000000000,vtd20_identity
021,000010,021,021010,CAMBRIA - 021010,1.000000000000,vtd20_identity
021,000025,021,021010,CAMBRIA - 021010,0.033333333333,census_block_count
021,000025,021,021030,CAMBRIA - 021030,0.500000000000,census_block_count
021,000025,021,021020,CAMBRIA - 021020,0.466666666667,census_block_count
021,000040,021,021040,CAMBRIA - 021040,1.000000000000,vtd20_identity
021,000055,021,021070,CAMBRIA - 021070,0.246153846154,census_block_count
021,000055,021,021365,CAMBRIA - 021365,0.015384615385,census_block_count
021,000055,021,021370,CAMBRIA - 021370,0.015384615385,census_block_count
021,000055,021,021050,CAMBRIA - 021050,0.723076923077,census_block_count
021,000060,021,021060,CAMBRIA - 021060,1.000000000000,vtd20_identity
021,000080,021,021080,CAMBRIA - 021080,1.000000000000,vtd20_identity
021,000090,021,021090,CAMBRIA - 021090,1.000000000000,vtd20_identity
021,000140,021,021140,CAMBRIA - 021140,0.897727272727,census_block_count
021,000140,021,021130,CAMBRIA - 021130,0.102272727273,census_block_count
021,000154,021,021155,CAMBRIA - 021155,0.431034482759,census_block_count
021,000154,021,021165,CAMBRIA - 021165,0.534482758621,census_block_count
021,000154,021,021730,CAMBRIA - 021730,0.017241379310,census_block_count
021,000154,021,0211325,CAMBRIA - 0211325,0.017241379310,census_block_count
021,000175,021,021175,CAMBRIA - 021175,1.000000000000,vtd20_identity
021,000190,021,021190,CAMBRIA - 021190,1.000000000000,vtd20_identity
021,000200,021,021200,CAMBRIA - 021200,1.000000000000,vtd20_identity
021,000210,021,021210,CAMBRIA - 021210,1.000000000000,vtd20_identity
021,000220,021,021220,CAMBRIA - 021220,1.000000000000,vtd20_identity
021,000235,021,021235,CAMBRIA - 021235,1.000000000000,vtd20_identity
021,000250,021,021250,CAMBRIA - 021250,1.000000000000,vtd20_identity
021,000260,021,021260,CAMBRIA - 021260,1.000000000000,vtd20_identity
021,000270,021,021270,CAMBRIA - 021270,1.000000000000,vtd20_identity
021,000280,021,021280,CAMBRIA - 021280,1.000000000000,vtd20_identity
021,000290,021,021290,CAMBRIA - 021290,1.000000000000,vtd20_identity
021,000305,021,021500,CAMBRIA - 021500,0.052631578947,census_block_count
021,000305,021,021310,CAMBRIA - 021310,0.447368421053,census_block_count
021,000305,021,021300,CAMBRIA - 021300,0.500000000000,census_block_count
021,000315,021,021315,CAMBRIA - 021315,1.000000000000,vtd20_identity
021,000325,021,021325,CAMBRIA - 021325,1.000000000000,vtd20_identity
021,000335,021,021335,CAMBRIA - 021335,1.000000000000,vtd20_identity
021,000350,021,021350,CAMBRIA - 021350,1.000000000000,vtd20_identity
021,000367,021,021350,CAMBRIA - 021350,0.038461538462,census_block_count
021,000367,021,021365,CAMBRIA - 021365,0.326923076923,census_block_count
021,000367,021,021370,CAMBRIA - 021370,0.615384615385,census_block_count
021,000367,021,021050,CAMBRIA - 021050,0.019230769231,census_block_count
021,000390,021,021390,CAMBRIA - 021390,1.000000000000,vtd20_identity
021,000405,021,021405,CAMBRIA - 021405,1.000000000000,vtd20_identity
021,000420,021,021420,CAMBRIA - 021420,1.000000000000,vtd20_identity
021,000430,021,021430,CAMBRIA - 021430,1.000000000000,vtd20_identity
021,000440,021,021440,CAMBRIA - 021440,1.000000000000,vtd20_identity
021,000457,021,021465,CAMBRIA - 021465,0.536000000000,census_block_count
021,000457,021,021455,CAMBRIA - 021455,0.440000000000,census_block_count
021,000457,021,021490,CAMBRIA - 021490,0.024000000000,census_block_count
021,000478,021,021500,CAMBRIA - 021500,0.636363636364,census_block_count
021,000478,021,021310,CAMBRIA - 021310,0.045454545455,census_block_count
021,000478,021,021510,CAMBRIA - 021510,0.136363636364,census_block_count
021,000478,021,021480,CAMBRIA - 021480,0.181818181818,census_block_count
021,000479,021,021710,CAMBRIA - 021710,0.037037037037,census_block_count
021,000479,021,021500,CAMBRIA - 021500,0.037037037037,census_block_count
021,000479,021,021510,CAMBRIA - 021510,0.222222222222,census_block_count
021,000479,021,021480,CAMBRIA - 021480,0.074074074074,census_block_count
021,000479,021,021490,CAMBRIA - 021490,0.629629629630,census_block_count
021,000520,021,021520,CAMBRIA - 021520,1.000000000000,vtd20_identity
021,000530,021,021530,CAMBRIA - 021530,1.000000000000,vtd20_identity
021,000540,021,021540,CAMBRIA - 021540,1.000000000000,vtd20_identity
021,000550,021,021550,CAMBRIA - 021550,1.000000000000,vtd20_identity
021,000560,021,021560,CAMBRIA - 021560,1.000000000000,vtd20_identity
021,000575,021,0211870,CAMBRIA - 0211870,0.060975609756,census_block_count
021,000575,021,021580,CAMBRIA - 021580,0.512195121951,census_block_count
021,000575,021,0211840,CAMBRIA - 0211840,0.012195121951,census_block_count
021,000575,021,021570,CAMBRIA - 021570,0.414634146341,census_block_count
021,000595,021,021595,CAMBRIA - 021595,1.000000000000,vtd20_identity
021,000615,021,021080,CAMBRIA - 021080,0.017543859649,census_block_count
021,000615,021,021620,CAMBRIA - 021620,0.385964912281,census_block_count
021,000615,021,021610,CAMBRIA - 021610,0.578947368421,census_block_count
021,000615,021,021420,CAMBRIA - 021420,0.017543859649,census_block_count
021,000636,021,021610,CAMBRIA - 021610,0.010869565217,census_block_count
021,000636,021,021645,CAMBRIA - 021645,0.380434782609,census_block_count
021,000636,021,021635,CAMBRIA - 021635,0.597826086957,census_block_count
021,000636,021,0211820,CAMBRIA - 0211820,0.010869565217,census_block_count
021,000660,021,021660,CAMBRIA - 021660,1.000000000000,vtd20_identity
021,000675,021,021675,CAMBRIA - 021675,1.000000000000,vtd20_identity
021,000695,021,021695,CAMBRIA - 021695,1.000000000000,vtd20_identity
021,000710,021,021710,CAMBRIA - 021710,1.000000000000,vtd20_identity
021,000720,021,021730,CAMBRIA - 021730,1.000000000000,vtd20_identity
021,000730,021,021720,CAMBRIA - 021720,1.000000000000,vtd20_identity
021,000767,021,021745,CAMBRIA - 021745,0.542857142857,census_block_count
021,000767,021,021805,CAMBRIA - 021805,0.114285714286,census_block_count
021,000767,021,021965,CAMBRIA - 021965,0.285714285714,census_block_count
021,000767,021,0211055,CAMBRIA - 0211055,0.009523809524,census_block_count
021,000767,021,021825,CAMBRIA - 021825,0.019047619048,census_block_count
021,000767,021,021940,CAMBRIA - 021940,0.028571428571,census_block_count
021,000786,021,021745,CAMBRIA - 021745,0.007407407407,census_block_count
021,000786,021,0211940,CAMBRIA - 0211940,0.007407407407,census_block_count
021,000786,021,021785,CAMBRIA - 021785,0.259259259259,census_block_count
021,000786,021,021805,CAMBRIA - 021805,0.681481481481,census_block_count
021,000786,021,021825,CAMBRIA - 021825,0.014814814815,census_block_count
021,000786,021,021860,CAMBRIA - 021860,0.029629629630,census_block_count
021,000826,021,021845,CAMBRIA - 021845,0.515723270440,census_block_count
021,000826,021,021825,CAMBRIA - 021825,0.471698113208,census_block_count
021,000826,021,021860,CAMBRIA - 021860,0.012578616352,census_block_count
021,000862,021,021860,CAMBRIA - 021860,0.307692307692,census_block_count
021,000862,021,021870,CAMBRIA - 021870,0.673076923077,census_block_count
021,000862,021,021570,CAMBRIA - 021570,0.019230769231,census_block_count
021,000881,021,021890,CAMBRIA - 021890,0.253731343284,census_block_count
021,000881,021,021880,CAMBRIA - 021880,0.731343283582,census_block_count
021,000881,021,0211840,CAMBRIA - 0211840,0.014925373134,census_block_count
021,000942,021,021950,CAMBRIA - 021950,0.088888888889,census_block_count
021,000942,021,021915,CAMBRIA - 021915,0.633333333333,census_block_count
021,000942,021,021965,CAMBRIA - 021965,0.033333333333,census_block_count
021,000942,021,021940,CAMBRIA - 021940,0.244444444444,census_block_count
021,000966,021,021990,CAMBRIA - 021990,0.111111111111,census_block_count
021,000966,021,021975,CAMBRIA - 021975,0.370370370370,census_block_count
021,000966,021,021745,CAMBRIA - 021745,0.037037037037,census_block_count
021,000966,021,021965,CAMBRIA - 021965,0.444444444444,census_block_count
021,000966,021,021940,CAMBRIA - 021940,0.037037037037,census_block_count
021,001016,021,021990,CAMBRIA - 021990,0.237288135593,census_block_count
021,001016,021,021805,CAMBRIA - 021805,0.033898305085,census_block_count
021,001016,021,0211280,CAMBRIA - 0211280,0.016949152542,census_block_count
021,001016,021,0211015,CAMBRIA - 0211015,0.508474576271,census_block_count
021,001016,021,021965,CAMBRIA - 021965,0.203389830508,census_block_count
021,001035,021,0211035,CAMBRIA - 0211035,1.000000000000,vtd20_identity
021,001041,021,0211045,CAMBRIA - 0211045,1.000000000000,vtd20_identity
021,001055,021,0211055,CAMBRIA - 0211055,1.000000000000,vtd20_identity
021,001060,021,0211075,CAMBRIA - 0211075,1.000000000000,vtd20_identity
021,001105,021,0211105,CAMBRIA - 0211105,1.000000000000,vtd20_identity
021,001125,021,0211125,CAMBRIA - 0211125,1.000000000000,vtd20_identity
021,001146,021,0211165,CAMBRIA - 0211165,0.406593406593,census_block_count
021,001146,021,0211240,CAMBRIA - 0211240,0.010989010989,census_block_count
021,001146,021,0211155,CAMBRIA - 0211155,0.571428571429,census_block_count
021,001146,021,0211145,CAMBRIA - 0211145,0.010989010989,census_block_count
021,001155,021,0211145,CAMBRIA - 0211145,1.000000000000,vtd20_identity
021,001190,021,0211190,CAMBRIA - 0211190,1.000000000000,vtd20_identity
021,001200,021,0211200,CAMBRIA - 0211200,1.000000000000,vtd20_identity
021,001210,021,0211210,CAMBRIA - 0211210,1.000000000000,vtd20_identity
021,001220,021,0211220,CAMBRIA - 0211220,1.000000000000,vtd20_identity
021,001230,021,0211230,CAMBRIA - 0211230,1.000000000000,vtd20_identity
021,001241,021,0211105,CAMBRIA - 0211105,0.078431372549,census_block_count
021,001241,021,0211265,CAMBRIA - 0211265,0.039215686275,census_block_count
021,001241,021,0211980,CAMBRIA - 0211980,0.019607843137,census_block_count
021,001241,021,0211240,CAMBRIA - 0211240,0.215686274510,census_block_count
021,001241,021,0211255,CAMBRIA - 0211255,0.647058823529,census_block_count
021,001255,021,0211265,CAMBRIA - 0211265,1.000000000000,vtd20_identity
021,001280,021,0211280,CAMBRIA - 0211280,1.000000000000,vtd20_identity
021,001290,021,0211290,CAMBRIA - 0211290,1.000000000000,vtd20_identity
021,001301,021,0211300,CAMBRIA - 0211300,0.375000000000,census_block_count
021,001301,021,021730,CAMBRIA - 021730,0.017857142857,census_block_count
021,001301,021,0211310,CAMBRIA - 0211310,0.607142857143,census_block_count
021,001321,021,0211325,CAMBRIA - 0211325,1.000000000000,vtd20_identity
021,001332,021,0211331,CAMBRIA - 0211331,0.625000000000,census_block_count
021,001332,021,0211800,CAMBRIA - 0211800,0.011363636364,census_block_count
021,001332,021,0211337,CAMBRIA - 0211337,0.045454545455,census_block_count
021,001332,021,0211333,CAMBRIA - 0211333,0.318181818182,census_block_count
021,001338,021,0211331,CAMBRIA - 0211331,0.057471264368,census_block_count
021,001338,021,0211337,CAMBRIA - 0211337,0.356321839080,census_block_count
021,001338,021,021140,CAMBRIA - 021140,0.022988505747,census_block_count
021,001338,021,0211335,CAMBRIA - 0211335,0.551724137931,census_block_count
021,001338,021,0211333,CAMBRIA - 0211333,0.011494252874,census_block_count
021,001340,021,0211350,CAMBRIA - 0211350,1.000000000000,vtd20_identity
021,001342,021,0211339,CAMBRIA - 0211339,1.000000000000,vtd20_identity
021,001350,021,0211340,CAMBRIA - 0211340,1.000000000000,vtd20_identity
021,001361,021,0211760,CAMBRIA - 0211760,0.025641025641,census_block_count
021,001361,021,0211370,CAMBRIA - 0211370,0.435897435897,census_block_count
021,001361,021,0211380,CAMBRIA - 0211380,0.012820512821,census_block_count
021,001361,021,0211890,CAMBRIA - 0211890,0.038461538462,census_block_count
021,001361,021,0211360,CAMBRIA - 0211360,0.487179487179,census_block_count
021,001380,021,0211380,CAMBRIA - 0211380,1.000000000000,vtd20_identity
021,001385,021,0211385,CAMBRIA - 0211385,1.000000000000,vtd20_identity
021,001395,021,0211395,CAMBRIA - 0211395,1.000000000000,vtd20_identity
021,001405,021,0211405,CAMBRIA - 0211405,1.000000000000,vtd20_identity
021,001452,021,0211435,CAMBRIA - 0211435,0.633802816901,census_block_count
021,001452,021,0211450,CAMBRIA - 0211450,0.366197183099,census_block_count
021,001471,021,0211560,CAMBRIA - 0211560,0.026315789474,census_block_count
021,001471,021,0211720,CAMBRIA - 0211720,0.052631578947,census_block_count
021,001471,021,0211500,CAMBRIA - 0211500,0.605263157895,census_block_count
021,001471,021,0211470,CAMBRIA - 0211470,0.315789473684,census_block_count
021,001481,021,021660,CAMBRIA - 021660,0.014285714286,census_block_count
021,001481,021,0211480,CAMBRIA - 0211480,0.528571428571,census_block_count
021,001481,021,0211520,CAMBRIA - 0211520,0.457142857143,census_block_count
021,001490,021,0211490,CAMBRIA - 0211490,1.000000000000,vtd20_identity
021,001505,021,0211550,CAMBRIA - 0211550,1.000000000000,vtd20_identity
021,001510,021,0211510,CAMBRIA - 0211510,1.000000000000,vtd20_identity
021,001525,021,0211560,CAMBRIA - 0211560,1.000000000000,vtd20_identity
021,001530,021,0211530,CAMBRIA - 0211530,1.000000000000,vtd20_identity
021,001540,021,0211540,CAMBRIA - 0211540,1.000000000000,vtd20_identity
021,001555,021,0211570,CAMBRIA - 0211570,1.000000000000,vtd20_identity
021,001580,021,0211580,CAMBRIA - 0211580,1.000000000000,vtd20_identity
021,001595,021,0211595,CAMBRIA - 0211595,1.000000000000,vtd20_identity
021,001616,021,0211615,CAMBRIA - 0211615,0.563380281690,census_block_count
021,001616,021,021365,CAMBRIA - 021365,0.014084507042,census_block_count
021,001616,021,0211635,CAMBRIA - 0211635,0.422535211268,census_block_count
021,001651,021,0211950,CAMBRIA - 0211950,0.021739130435,census_block_count
021,001651,021,0211670,CAMBRIA - 0211670,0.434782608696,census_block_count
021,001651,021,0211970,CAMBRIA - 0211970,0.086956521739,census_block_count
021,001651,021,0211650,CAMBRIA - 0211650,0.456521739130,census_block_count
021,001660,021,0211660,CAMBRIA - 0211660,1.000000000000,vtd20_identity
021,001700,021,0211700,CAMBRIA - 0211700,1.000000000000,vtd20_identity
021,001710,021,0211710,CAMBRIA - 0211710,1.000000000000,vtd20_identity
021,001720,021,0211720,CAMBRIA - 0211720,1.000000000000,vtd20_identity
021,001730,021,0211730,CAMBRIA - 0211730,1.000000000000,vtd20_identity
021,001760,021,0211760,CAMBRIA - 0211760,1.000000000000,vtd20_identity
021,001765,021,0211765,CAMBRIA - 0211765,1.000000000000,vtd20_identity
021,001770,021,0211770,CAMBRIA - 0211770,1.000000000000,vtd20_identity
021,001785,021,0211785,CAMBRIA - 0211785,1.000000000000,vtd20_identity
021,001800,021,0211800,CAMBRIA - 0211800,1.000000000000,vtd20_identity
021,001820,021,0211820,CAMBRIA - 0211820,1.000000000000,vtd20_identity
021,001830,021,0211830,CAMBRIA - 0211830,1.000000000000,vtd20_identity
021,001840,021,0211840,CAMBRIA - 0211840,1.000000000000,vtd20_identity
021,001851,021,0211870,CAMBRIA - 0211870,0.886363636364,census_block_count
021,001851,021,0211850,CAMBRIA - 0211850,0.068181818182,census_block_count
021,001851,021,021580,CAMBRIA - 021580,0.022727272727,census_block_count
021,001851,021,0211650,CAMBRIA - 0211650,0.022727272727,census_block_count
021,001860,021,0211860,CAMBRIA - 0211860,1.000000000000,vtd20_identity
021,001880,021,0211880,CAMBRIA - 0211880,1.000000000000,vtd20_identity
021,001890,021,0211890,CAMBRIA - 0211890,1.000000000000,vtd20_identity
021,001900,021,0211900,CAMBRIA - 0211900,1.000000000000,vtd20_identity
021,001910,021,0211910,CAMBRIA - 0211910,1.000000000000,vtd20_identity
021,001920,021,0211920,CAMBRIA - 0211920,1.000000000000,vtd20_identity
021,001931,021,0211930,CAMBRIA - 0211930,0.346938775510,census_block_count
021,001931,021,0211940,CAMBRIA - 0211940,0.653061224490,census_block_count
021,001941,021,0211980,CAMBRIA - 0211980,0.488372093023,census_block_count
021,001941,021,0211960,CAMBRIA - 0211960,0.511627906977,census_block_count
021,001951,021,0211950,CAMBRIA - 0211950,0.540540540541,census_block_count
021,001951,021,0211940,CAMBRIA - 0211940,0.027027027027,census_block_count
021,001951,021,0211970,CAMBRIA - 0211970,0.432432432432,census_block_count
021,001995,021,0211995,CAMBRIA - 0211995,1.000000000000,vtd20_identity
021,002010,021,0212010,CAMBRIA - 0212010,1.000000000000,vtd20_identity
023,000010,023,023010,CAMERON - 023010,1.000000000000,vtd20_identity
023,000020,023,023020,CAMERON - 023020,1.000000000000,vtd20_identity
023,000030,023,023030,CAMERON - 023030,1.000000000000,vtd20_identity
023,000040,023,023040,CAMERON - 023040,1.000000000000,vtd20_identity
023,000050,023,023050,CAMERON - 023050,1.000000000000,vtd20_identity
023,000060,023,023060,CAMERON - 023060,1.000000000000,vtd20_identity
023,000070,023,023070,CAMERON - 023070,1.000000000000,vtd20_identity
023,000080,023,023080,CAMERON - 023080,1.000000000000,vtd20_identity
023,000090,023,023090,CAMERON - 023090,1.000000000000,vtd20_identity
023,000100,023,023100,CAMERON - 023100,1.000000000000,vtd20_identity
025,000015,025,025020,CARBON - 025020,0.037037037037,census_block_count
025,000015,025,025030,CARBON - 025030,0.135802469136,census_block_count
025,000015,025,025320,CARBON - 025320,0.012345679012,census_block_count
025,000015,025,025010,CARBON - 025010,0.814814814815,census_block_count
025,000040,025,025040,CARBON - 025040,1.000000000000,vtd20_identity
025,000050,025,025050,CARBON - 025050,1.000000000000,vtd20_identity
025,000058,025,025270,CARBON - 025270,0.023809523810,census_block_count
025,000058,025,025060,CARBON - 025060,0.976190476190,census_block_count
025,000062,025,025060,CARBON - 025060,1.000000000000,vtd20_identity
025,000070,025,025070,CARBON - 025070,1.000000000000,vtd20_identity
025,000080,025,025080,CARBON - 025080,1.000000000000,vtd20_identity
025,000090,025,025090,CARBON - 025090,1.000000000000,vtd20_identity
025,000100,025,025100,CARBON - 025100,1.000000000000,vtd20_identity
025,000110,025,025110,CARBON - 025110,1.000000000000,vtd20_identity
025,000120,025,025120,CARBON - 025120,1.000000000000,vtd20_identity
025,000130,025,025130,CARBON - 025130,1.000000000000,vtd20_identity
025,000140,025,025140,CARBON - 025140,1.000000000000,vtd20_identity
025,000150,025,025150,CARBON - 025150,1.000000000000,vtd20_identity
025,000160,025,025160,CARBON - 025160,1.000000000000,vtd20_identity
025,000170,025,025170,CARBON - 025170,1.000000000000,vtd20_identity
025,000180,025,025180,CARBON - 025180,1.000000000000,vtd20_identity
025,000190,025,025190,CARBON - 025190,1.000000000000,vtd20_identity
025,000200,025,025200,CARBON - 025200,1.000000000000,vtd20_identity
025,000210,025,025210,CARBON - 025210,1.000000000000,vtd20_identity
025,000220,025,025220,CARBON - 025220,1.000000000000,vtd20_identity
025,000230,025,025230,CARBON - 025230,1.000000000000,vtd20_identity
025,000240,025,025240,CARBON - 025240,1.000000000000,vtd20_identity
025,000250,025,025250,CARBON - 025250,1.000000000000,vtd20_identity
025,000258,025,025430,CARBON - 025430,0.032786885246,census_block_count
025,000258,025,025260,CARBON - 025260,0.950819672131,census_block_count
025,000258,025,025050,CARBON - 025050,0.016393442623,census_block_count
025,000262,025,025260,CARBON - 025260,1.000000000000,vtd20_identity
025,000270,025,025270,CARBON - 025270,1.000000000000,vtd20_identity
025,000280,025,025280,CARBON - 025280,1.000000000000,vtd20_identity
025,000290,025,025290,CARBON - 025290,1.000000000000,vtd20_identity
025,000300,025,025300,CARBON - 025300,1.000000000000,vtd20_identity
025,000310,025,025310,CARBON - 025310,1.000000000000,vtd20_identity
025,000320,025,025320,CARBON - 025320,1.000000000000,vtd20_identity
025,000330,025,025330,CARBON - 025330,1.000000000000,vtd20_identity
025,000340,025,025340,CARBON - 025340,1.000000000000,vtd20_identity
025,000350,025,025350,CARBON - 025350,1.000000000000,vtd20_identity
025,000360,025,025360,CARBON - 025360,1.000000000000,vtd20_identity
025,000363,025,025370,CARBON - 025370,1.000000000000,vtd20_identity
025,000367,025,025375,CARBON - 025375,0.017857142857,census_block_count
025,000367,025,025130,CARBON - 025130,0.017857142857,census_block_count
025,000367,025,025370,CARBON - 025370,0.964285714286,census_block_count
025,000371,025,025375,CARBON - 025375,1.000000000000,vtd20_identity
025,000376,025,025375,CARBON - 025375,1.000000000000,census_block_count
025,000379,025,025375,CARBON - 025375,1.000000000000,census_block_count
025,000380,025,025380,CARBON - 025380,1.000000000000,vtd20_identity
025,000390,025,025390,CARBON - 025390,1.000000000000,vtd20_identity
025,000400,025,025400,CARBON - 025400,1.000000000000,vtd20_identity
025,000410,025,025410,CARBON - 025410,1.000000000000,vtd20_identity
025,000420,025,025420,CARBON - 025420,1.000000000000,vtd20_identity
025,000428,025,025430,CARBON - 025430,1.000000000000,vtd20_identity
025,000432,025,025430,CARBON - 025430,0.939393939394,census_block_count
025,000432,025,025090,CARBON - 025090,0.060606060606,census_block_count
025,000440,025,025440,CARBON - 025440,1.000000000000,vtd20_identity
025,000450,025,025450,CARBON - 025450,1.000000000000,vtd20_identity
025,000460,025,025460,CARBON - 025460,1.000000000000,vtd20_identity
027,000010,027,027010,CENTRE - 027010,1.000000000000,vtd20_identity
027,000020,027,027020,CENTRE - 027020,1.000000000000,vtd20_identity
027,000030,027,027030,CENTRE - 027030,1.000000000000,vtd20_identity
027,000040,027,027040,CENTRE - 027040,1.000000000000,vtd20_identity
027,000050,027,027050,CENTRE - 027050,1.000000000000,vtd20_identity
027,000060,027,027060,CENTRE - 027060,0.843137254902,census_block_count
027,000060,027,027380,CENTRE - 027380,0.156862745098,census_block_count
027,000070,027,027580,CENTRE - 027580,0.008928571429,census_block_count
027,000070,027,027070,CENTRE - 027070,0.607142857143,census_block_count
027,000070,027,027060,CENTRE - 027060,0.357142857143,census_block_count
027,000070,027,027380,CENTRE - 027380,0.026785714286,census_block_count
027,000080,027,027080,CENTRE - 027080,1.000000000000,vtd20_identity
027,000090,027,027090,CENTRE - 027090,1.000000000000,vtd20_identity
027,000100,027,027100,CENTRE - 027100,1.000000000000,vtd20_identity
027,000110,027,027110,CENTRE - 027110,1.000000000000,vtd20_identity
027,000120,027,027120,CENTRE - 027120,1.000000000000,vtd20_identity
027,000130,027,027130,CENTRE - 027130,1.000000000000,vtd20_identity
027,000140,027,027140,CENTRE - 027140,0.935483870968,census_block_count
027,000140,027,027720,CENTRE - 027720,0.016129032258,census_block_count
027,000140,027,027120,CENTRE - 027120,0.048387096774,census_block_count
027,000150,027,027150,CENTRE - 027150,1.000000000000,vtd20_identity
027,000160,027,027160,CENTRE - 027160,1.000000000000,vtd20_identity
027,000170,027,027170,CENTRE - 027170,1.000000000000,vtd20_identity
027,000180,027,027180,CENTRE - 027180,1.000000000000,vtd20_identity
027,000190,027,027190,CENTRE - 027190,1.000000000000,census_block_count
027,000200,027,027200,CENTRE - 027200,1.000000000000,vtd20_identity
027,000205,027,027210,CENTRE - 027210,1.000000000000,vtd20_identity
027,000207,027,027190,CENTRE - 027190,0.727272727273,census_block_count
027,000207,027,027200,CENTRE - 027200,0.272727272727,census_block_count
027,000212,027,027210,CENTRE - 027210,0.850000000000,census_block_count
027,000212,027,027200,CENTRE - 027200,0.150000000000,census_block_count
027,000214,027,027420,CENTRE - 027420,0.125000000000,census_block_count
027,000214,027,027400,CENTRE - 027400,0.125000000000,census_block_count
027,000214,027,027200,CENTRE - 027200,0.750000000000,census_block_count
027,000220,027,027220,CENTRE - 027220,1.000000000000,vtd20_identity
027,000230,027,027230,CENTRE - 027230,1.000000000000,vtd20_identity
027,000236,027,027190,CENTRE - 027190,1.000000000000,vtd20_identity
027,000240,027,027240,CENTRE - 027240,1.000000000000,vtd20_identity
027,000250,027,027250,CENTRE - 027250,1.000000000000,vtd20_identity
027,000261,027,027260,CENTRE - 027260,1.000000000000,vtd20_identity
027,000263,027,027260,CENTRE - 027260,1.000000000000,census_block_count
027,000264,027,027260,CENTRE - 027260,1.000000000000,census_block_count
027,000265,027,027260,CENTRE - 027260,1.000000000000,census_block_count
027,000270,027,027270,CENTRE - 027270,1.000000000000,vtd20_identity
027,000280,027,027280,CENTRE - 027280,1.000000000000,vtd20_identity
027,000290,027,027290,CENTRE - 027290,1.000000000000,vtd20_identity
027,000300,027,027300,CENTRE - 027300,1.000000000000,vtd20_identity
027,000310,027,027310,CENTRE - 027310,1.000000000000,vtd20_identity
027,000320,027,027320,CENTRE - 027320,1.000000000000,vtd20_identity
027,000330,027,027330,CENTRE - 027330,1.000000000000,vtd20_identity
027,000340,027,027340,CENTRE - 027340,1.000000000000,vtd20_identity
027,000350,027,027350,CENTRE - 027350,1.000000000000,vtd20_identity
027,000360,027,027360,CENTRE - 027360,1.000000000000,vtd20_identity
027,000370,027,027370,CENTRE - 027370,1.000000000000,vtd20_identity
027,000380,027,027380,CENTRE - 027380,1.000000000000,vtd20_identity
027,000390,027,027390,CENTRE - 027390,1.000000000000,vtd20_identity
027,000400,027,027400,CENTRE - 027400,1.000000000000,vtd20_identity
027,000410,027,027410,CENTRE - 027410,1.000000000000,vtd20_identity
027,000420,027,027420,CENTRE - 027420,1.000000000000,vtd20_identity
027,000430,027,027430,CENTRE - 027430,1.000000000000,vtd20_identity
027,000440,027,027440,CENTRE - 027440,1.000000000000,vtd20_identity
027,000450,027,027450,CENTRE - 027450,1.000000000000,vtd20_identity
027,000460,027,027460,CENTRE - 027460,1.000000000000,vtd20_identity
027,000470,027,027470,CENTRE - 027470,1.000000000000,vtd20_identity
027,000480,027,027480,CENTRE - 027480,1.000000000000,vtd20_identity
027,000490,027,027490,CENTRE - 027490,1.000000000000,vtd20_identity
027,000500,027,027500,CENTRE - 027500,1.000000000000,vtd20_identity
027,000510,027,027510,CENTRE - 027510,1.000000000000,vtd20_identity
027,000520,027,027520,CENTRE - 027520,1.000000000000,vtd20_identity
027,000530,027,027530,CENTRE - 027530,1.000000000000,vtd20_identity
027,000535,027,027570,CENTRE - 027570,1.000000000000,vtd20_identity
027,000540,027,027540,CENTRE - 027540,1.000000000000,vtd20_identity
027,000550,027,027550,CENTRE - 027550,1.000000000000,vtd20_identity
027,000560,027,027560,CENTRE - 027560,1.000000000000,vtd20_identity
027,000582,027,027580,CENTRE - 027580,0.941176470588,census_block_count
027,000582,027,027600,CENTRE - 027600,0.029411764706,census_block_count
027,000582,027,027030,CENTRE - 027030,0.029411764706,census_block_count
027,000590,027,027590,CENTRE - 027590,1.000000000000,vtd20_identity
027,000595,027,027580,CENTRE - 027580,0.923076923077,census_block_count
027,000595,027,027070,CENTRE - 027070,0.076923076923,census_block_count
027,000600,027,027600,CENTRE - 027600,1.000000000000,vtd20_identity
027,000605,027,027580,CENTRE - 027580,1.000000000000,vtd20_identity
027,000612,027,027610,CENTRE - 027610,0.190476190476,census_block_count
027,000612,027,027640,CENTRE - 027640,0.190476190476,census_block_count
027,000612,027,027620,CENTRE - 027620,0.285714285714,census_block_count
027,000612,027,027650,CENTRE - 027650,0.142857142857,census_block_count
027,000612,027,027780,CENTRE - 027780,0.190476190476,census_block_count
027,000630,027,027630,CENTRE - 027630,1.000000000000,vtd20_identity
027,000660,027,027660,CENTRE - 027660,1.000000000000,vtd20_identity
027,000670,027,027670,CENTRE - 027670,1.000000000000,vtd20_identity
027,000680,027,027680,CENTRE - 027680,1.000000000000,vtd20_identity
027,000690,027,027690,CENTRE - 027690,1.000000000000,vtd20_identity
027,000700,027,027700,CENTRE - 027700,1.000000000000,vtd20_identity
027,000710,027,027710,CENTRE - 027710,1.000000000000,vtd20_identity
027,000720,027,027720,CENTRE - 027720,1.000000000000,vtd20_identity
027,000730,027,027730,CENTRE - 027730,1.000000000000,vtd20_identity
027,000740,027,027740,CENTRE - 027740,1.000000000000,vtd20_identity
027,000750,027,027750,CENTRE - 027750,1.000000000000,vtd20_identity
027,000760,027,027760,CENTRE - 027760,1.000000000000,vtd20_identity
027,000770,027,027770,CENTRE - 027770,1.000000000000,vtd20_identity
027,000790,027,027790,CENTRE - 027790,1.000000000000,vtd20_identity
027,000800,027,027800,CENTRE - 027800,1.000000000000,vtd20_identity
027,000810,027,027810,CENTRE - 027810,1.000000000000,vtd20_identity
027,000820,027,027820,CENTRE - 027820,1.000000000000,vtd20_identity
027,000830,027,027830,CENTRE - 027830,1.000000000000,vtd20_identity
027,000840,027,027840,CENTRE - 027840,1.000000000000,vtd20_identity
027,000850,027,027850,CENTRE - 027850,1.000000000000,vtd20_identity
029,000010,029,029010,CHESTER - 029010,1.000000000000,vtd20_identity
029,000020,029,029020,CHESTER - 029020,1.000000000000,vtd20_identity
029,000025,029,029025,CHESTER - 029025,1.000000000000,vtd20_identity
029,000036,029,029035,CHESTER - 029035,1.000000000000,vtd20_identity
029,000037,029,029035,CHESTER - 029035,1.000000000000,vtd20_identity
029,000041,029,029041,CHESTER - 029041,1.000000000000,vtd20_identity
029,000050,029,029050,CHESTER - 029050,1.000000000000,vtd20_identity
029,000060,029,029060,CHESTER - 029060,1.000000000000,vtd20_identity
029,000065,029,029065,CHESTER - 029065,1.000000000000,vtd20_identity
029,000070,029,029070,CHESTER - 029070,1.000000000000,vtd20_identity
029,000080,029,029080,CHESTER - 029080,1.000000000000,vtd20_identity
029,000090,029,029090,CHESTER - 029090,1.000000000000,vtd20_identity
029,000100,029,029100,CHESTER - 029100,1.000000000000,vtd20_identity
029,000110,029,029110,CHESTER - 029110,1.000000000000,vtd20_identity
029,000120,029,029120,CHESTER - 029120,1.000000000000,vtd20_identity
029,000130,029,029130,CHESTER - 029130,1.000000000000,vtd20_identity
029,000140,029,029140,CHESTER - 029140,1.000000000000,vtd20_identity
029,000150,029,029150,CHESTER - 029150,1.000000000000,vtd20_identity
029,000160,029,029160,CHESTER - 029160,1.000000000000,vtd20_identity
029,000170,029,029170,CHESTER - 029170,1.000000000000,vtd20_identity
029,000185,029,029180,CHESTER - 029180,1.000000000000,vtd20_identity
029,000195,029,029195,CHESTER - 029195,1.000000000000,vtd20_identity
029,000203,029,029203,CHESTER - 029203,1.000000000000,vtd20_identity
029,000206,029,029206,CHESTER - 029206,1.000000000000,vtd20_identity
029,000210,029,029210,CHESTER - 029210,1.000000000000,vtd20_identity
029,000213,029,029213,CHESTER - 029213,1.000000000000,vtd20_identity
029,000216,029,029216,CHESTER - 029216,1.000000000000,vtd20_identity
029,000222,029,029220,CHESTER - 029220,1.000000000000,census_block_count
029,000225,029,029220,CHESTER - 029220,1.000000000000,vtd20_identity
029,000230,029,029230,CHESTER - 029230,1.000000000000,vtd20_identity
029,000240,029,029240,CHESTER - 029240,1.000000000000,vtd20_identity
029,000250,029,029250,CHESTER - 029250,1.000000000000,vtd20_identity
029,000260,029,029260,CHESTER - 029260,1.000000000000,vtd20_identity
029,000270,029,029270,CHESTER - 029270,1.000000000000,vtd20_identity
029,000291,029,029291,CHESTER - 029291,1.000000000000,vtd20_identity
029,000295,029,029280,CHESTER - 029280,1.000000000000,vtd20_identity
029,000300,029,029300,CHESTER - 029300,1.000000000000,vtd20_identity
029,000310,029,029310,CHESTER - 029310,1.000000000000,vtd20_identity
029,000320,029,029320,CHESTER - 029320,1.000000000000,vtd20_identity
029,000325,029,029325,CHESTER - 029325,1.000000000000,vtd20_identity
029,000334,029,029330,CHESTER - 029330,1.000000000000,census_block_count
029,000338,029,029330,CHESTER - 029330,1.000000000000,vtd20_identity
029,000340,029,029340,CHESTER - 029340,1.000000000000,vtd20_identity
029,000345,029,029345,CHESTER - 029345,1.000000000000,vtd20_identity
029,000347,029,029280,CHESTER - 029280,1.000000000000,census_block_count
029,000350,029,029350,CHESTER - 029350,1.000000000000,vtd20_identity
029,000361,029,029360,CHESTER - 029360,1.000000000000,census_block_count
029,000365,029,029360,CHESTER - 029360,1.000000000000,vtd20_identity
029,000371,029,029371,CHESTER - 029371,1.000000000000,vtd20_identity
029,000375,029,029375,CHESTER - 029375,1.000000000000,vtd20_identity
029,000381,029,029381,CHESTER - 029381,1.000000000000,vtd20_identity
029,000410,029,029410,CHESTER - 029410,1.000000000000,vtd20_identity
029,000414,029,029414,CHESTER - 029414,1.000000000000,vtd20_identity
029,000420,029,029420,CHESTER - 029420,1.000000000000,vtd20_identity
029,000421,029,029421,CHESTER - 029421,1.000000000000,vtd20_identity
029,000428,029,029428,CHESTER - 029428,1.000000000000,vtd20_identity
029,000430,029,029430,CHESTER - 029430,1.000000000000,vtd20_identity
029,000435,029,029435,CHESTER - 029435,1.000000000000,vtd20_identity
029,000440,029,029440,CHESTER - 029440,1.000000000000,vtd20_identity
029,000450,029,029450,CHESTER - 029450,1.000000000000,vtd20_identity
029,000460,029,029460,CHESTER - 029460,1.000000000000,vtd20_identity
029,000470,029,029470,CHESTER - 029470,1.000000000000,vtd20_identity
029,000480,029,029480,CHESTER - 029480,1.000000000000,vtd20_identity
029,000490,029,029490,CHESTER - 029490,1.000000000000,vtd20_identity
029,000500,029,029500,CHESTER - 029500,1.000000000000,vtd20_identity
029,000510,029,029510,CHESTER - 029510,1.000000000000,vtd20_identity
029,000520,029,029520,CHESTER - 029520,1.000000000000,vtd20_identity
029,000530,029,029530,CHESTER - 029530,1.000000000000,vtd20_identity
029,000540,029,029540,CHESTER - 029540,1.000000000000,vtd20_identity
029,000550,029,029550,CHESTER - 029550,1.000000000000,vtd20_identity
029,000560,029,029560,CHESTER - 029560,1.000000000000,vtd20_identity
029,000570,029,029570,CHESTER - 029570,1.000000000000,vtd20_identity
029,000580,029,029580,CHESTER - 029580,1.000000000000,vtd20_identity
029,000602,029,029600,CHESTER - 029600,1.000000000000,vtd20_identity
029,000610,029,029610,CHESTER - 029610,1.000000000000,vtd20_identity
029,000615,029,029615,CHESTER - 029615,1.000000000000,vtd20_identity
029,000620,029,029620,CHESTER - 029620,1.000000000000,vtd20_identity
029,000622,029,029620,CHESTER - 029620,0.027777777778,census_block_count
029,000622,029,029600,CHESTER - 029600,0.972222222222,census_block_count
029,000625,029,029625,CHESTER - 029625,1.000000000000,vtd20_identity
029,000630,029,029630,CHESTER - 029630,1.000000000000,vtd20_identity
029,000640,029,029640,CHESTER - 029640,1.000000000000,vtd20_identity
029,000650,029,029650,CHESTER - 029650,1.000000000000,vtd20_identity
029,000660,029,029660,CHESTER - 029660,1.000000000000,vtd20_identity
029,000670,029,029670,CHESTER - 029670,1.000000000000,vtd20_identity
029,000680,029,029680,CHESTER - 029680,1.000000000000,vtd20_identity
029,000690,029,029690,CHESTER - 029690,1.000000000000,vtd20_identity
029,000705,029,0291300,CHESTER - 0291300,0.048780487805,census_block_count
029,000705,029,029700,CHESTER - 029700,0.951219512195,census_block_count
029,000715,029,029710,CHESTER - 029710,0.739130434783,census_block_count
029,000715,029,0291300,CHESTER - 0291300,0.032608695652,census_block_count
029,000715,029,029700,CHESTER - 029700,0.206521739130,census_block_count
029,000715,029,029820,CHESTER - 029820,0.010869565217,census_block_count
029,000715,029,0291720,CHESTER - 0291720,0.010869565217,census_block_count
029,000720,029,029720,CHESTER - 029720,1.000000000000,vtd20_identity
029,000730,029,029730,CHESTER - 029730,1.000000000000,vtd20_identity
029,000740,029,029740,CHESTER - 029740,1.000000000000,vtd20_identity
029,000752,029,029750,CHESTER - 029750,1.000000000000,vtd20_identity
029,000755,029,029660,CHESTER - 029660,0.022727272727,census_block_count
029,000755,029,029750,CHESTER - 029750,0.977272727273,census_block_count
029,000760,029,029760,CHESTER - 029760,1.000000000000,vtd20_identity
029,000770,029,029770,CHESTER - 029770,1.000000000000,vtd20_identity
029,000780,029,029780,CHESTER - 029780,1.000000000000,vtd20_identity
029,000790,029,029790,CHESTER - 029790,1.000000000000,vtd20_identity
029,000800,029,029800,CHESTER - 029800,1.000000000000,vtd20_identity
029,000810,029,029810,CHESTER - 029810,1.000000000000,vtd20_identity
029,000820,029,029820,CHESTER - 029820,1.000000000000,vtd20_identity
029,000830,029,029830,CHESTER - 029830,1.000000000000,vtd20_identity
029,000835,029,029835,CHESTER - 029835,1.000000000000,vtd20_identity
029,000840,029,029840,CHESTER - 029840,1.000000000000,vtd20_identity
029,000850,029,029850,CHESTER - 029850,1.000000000000,vtd20_identity
029,000860,029,029860,CHESTER - 029860,1.000000000000,vtd20_identity
029,000870,029,029870,CHESTER - 029870,1.000000000000,vtd20_identity
029,000895,029,029895,CHESTER - 029895,1.000000000000,vtd20_identity
029,000905,029,029905,CHESTER - 029905,1.000000000000,vtd20_identity
029,000917,029,029915,CHESTER - 029915,1.000000000000,vtd20_identity
029,000919,029,029975,CHESTER - 029975,0.500000000000,census_block_count
029,000919,029,029985,CHESTER - 029985,0.500000000000,census_block_count
029,000925,029,029925,CHESTER - 029925,1.000000000000,vtd20_identity
029,000935,029,029935,CHESTER - 029935,1.000000000000,vtd20_identity
029,000945,029,029945,CHESTER - 029945,1.000000000000,vtd20_identity
029,000955,029,029955,CHESTER - 029955,1.000000000000,vtd20_identity
029,000965,029,029965,CHESTER - 029965,1.000000000000,vtd20_identity
029,000975,029,029975,CHESTER - 029975,1.000000000000,vtd20_identity
029,000985,029,029975,CHESTER - 029975,0.473684210526,census_block_count
029,000985,029,029985,CHESTER - 029985,0.526315789474,census_block_count
029,000995,029,029975,CHESTER - 029975,0.166666666667,census_block_count
029,000995,029,029995,CHESTER - 029995,0.433333333333,census_block_count
029,000995,029,029985,CHESTER - 029985,0.400000000000,census_block_count
029,001000,029,0291000,CHESTER - 0291000,1.000000000000,vtd20_identity
029,001005,029,0291005,CHESTER - 0291005,1.000000000000,vtd20_identity
029,001010,029,0291010,CHESTER - 0291010,1.000000000000,vtd20_identity
029,001015,029,0291015,CHESTER - 0291015,1.000000000000,vtd20_identity
029,001020,029,0291020,CHESTER - 0291020,1.000000000000,vtd20_identity
029,001025,029,0291025,CHESTER - 0291025,1.000000000000,vtd20_identity
029,001030,029,029965,CHESTER - 029965,0.023809523810,census_block_count
029,001030,029,0291025,CHESTER - 0291025,0.023809523810,census_block_count
029,001030,029,0291030,CHESTER - 0291030,0.809523809524,census_block_count
029,001030,029,029381,CHESTER - 029381,0.071428571429,census_block_count
029,001030,029,029070,CHESTER - 029070,0.071428571429,census_block_count
029,001040,029,0291040,CHESTER - 0291040,1.000000000000,vtd20_identity
029,001050,029,0291050,CHESTER - 0291050,1.000000000000,vtd20_identity
029,001060,029,0291060,CHESTER - 0291060,1.000000000000,vtd20_identity
029,001070,029,0291070,CHESTER - 0291070,1.000000000000,vtd20_identity
029,001080,029,0291080,CHESTER - 0291080,1.000000000000,vtd20_identity
029,001090,029,0291090,CHESTER - 0291090,1.000000000000,vtd20_identity
029,001100,029,0291100,CHESTER - 0291100,1.000000000000,vtd20_identity
029,001110,029,0291110,CHESTER - 0291110,1.000000000000,vtd20_identity
029,001120,029,0291120,CHESTER - 0291120,1.000000000000,vtd20_identity
029,001133,029,0291130,CHESTER - 0291130,1.000000000000,vtd20_identity
029,001136,029,0291130,CHESTER - 0291130,1.000000000000,census_block_count
029,001140,029,0291140,CHESTER - 0291140,1.000000000000,vtd20_identity
029,001150,029,0291150,CHESTER - 0291150,1.000000000000,vtd20_identity
029,001160,029,0291160,CHESTER - 0291160,1.000000000000,vtd20_identity
029,001170,029,0291170,CHESTER - 0291170,1.000000000000,vtd20_identity
029,001180,029,0291180,CHESTER - 0291180,1.000000000000,vtd20_identity
029,001190,029,0291190,CHESTER - 0291190,1.000000000000,vtd20_identity
029,001200,029,0291200,CHESTER - 0291200,1.000000000000,vtd20_identity
029,001220,029,0291220,CHESTER - 0291220,1.000000000000,vtd20_identity
029,001230,029,0291230,CHESTER - 0291230,1.000000000000,vtd20_identity
029,001240,029,0291240,CHESTER - 0291240,1.000000000000,vtd20_identity
029,001245,029,0291245,CHESTER - 0291245,1.000000000000,vtd20_identity
029,001250,029,0291250,CHESTER - 0291250,1.000000000000,vtd20_identity
029,001260,029,0291260,CHESTER - 0291260,1.000000000000,vtd20_identity
029,001270,029,0291270,CHESTER - 0291270,1.000000000000,vtd20_identity
029,001275,029,0291275,CHESTER - 0291275,1.000000000000,vtd20_identity
029,001280,029,0291280,CHESTER - 0291280,1.000000000000,vtd20_identity
029,001290,029,0291290,CHESTER - 0291290,1.000000000000,vtd20_identity
029,001300,029,0291300,CHESTER - 0291300,1.000000000000,vtd20_identity
029,001308,029,0291400,CHESTER - 0291400,0.088235294118,census_block_count
029,001308,029,0291310,CHESTER - 0291310,0.911764705882,census_block_count
029,001312,029,0291315,CHESTER - 0291315,1.000000000000,vtd20_identity
029,001316,029,0291310,CHESTER - 0291310,1.000000000000,vtd20_identity
029,001320,029,0291320,CHESTER - 0291320,1.000000000000,vtd20_identity
029,001350,029,0291350,CHESTER - 0291350,1.000000000000,vtd20_identity
029,001360,029,0291360,CHESTER - 0291360,1.000000000000,vtd20_identity
029,001370,029,0291370,CHESTER - 0291370,1.000000000000,vtd20_identity
029,001375,029,0291375,CHESTER - 0291375,1.000000000000,vtd20_identity
029,001378,029,0291380,CHESTER - 0291380,1.000000000000,vtd20_identity
029,001382,029,0291380,CHESTER - 0291380,1.000000000000,census_block_count
029,001384,029,0291380,CHESTER - 0291380,1.000000000000,vtd20_identity
029,001385,029,0291385,CHESTER - 0291385,1.000000000000,vtd20_identity
029,001390,029,0291390,CHESTER - 0291390,1.000000000000,vtd20_identity
029,001400,029,0291400,CHESTER - 0291400,1.000000000000,vtd20_identity
029,001410,029,0291410,CHESTER - 0291410,1.000000000000,vtd20_identity
029,001415,029,0291415,CHESTER - 0291415,1.000000000000,vtd20_identity
029,001416,029,0291416,CHESTER - 0291416,1.000000000000,vtd20_identity
029,001418,029,0291418,CHESTER - 0291418,1.000000000000,vtd20_identity
029,001420,029,0291420,CHESTER - 0291420,1.000000000000,vtd20_identity
029,001431,029,0291430,CHESTER - 0291430,1.000000000000,vtd20_identity
029,001440,029,0291440,CHESTER - 0291440,1.000000000000,vtd20_identity
029,001450,029,0291450,CHESTER - 0291450,1.000000000000,vtd20_identity
029,001460,029,0291460,CHESTER - 0291460,1.000000000000,vtd20_identity
029,001465,029,0291430,CHESTER - 0291430,0.957446808511,census_block_count
029,001465,029,0291000,CHESTER - 0291000,0.042553191489,census_block_count
029,001472,029,029210,CHESTER - 029210,0.041666666667,census_block_count
029,001472,029,0291470,CHESTER - 0291470,0.958333333333,census_block_count
029,001474,029,0291470,CHESTER - 0291470,1.000000000000,vtd20_identity
029,001480,029,0291480,CHESTER - 0291480,1.000000000000,vtd20_identity
029,001500,029,0291500,CHESTER - 0291500,1.000000000000,vtd20_identity
029,001510,029,0291510,CHESTER - 0291510,1.000000000000,vtd20_identity
029,001520,029,0291520,CHESTER - 0291520,1.000000000000,vtd20_identity
029,001525,029,0291525,CHESTER - 0291525,1.000000000000,vtd20_identity
029,001530,029,0291530,CHESTER - 0291530,1.000000000000,vtd20_identity
029,001535,029,0291535,CHESTER - 0291535,1.000000000000,vtd20_identity
029,001540,029,0291540,CHESTER - 0291540,1.000000000000,vtd20_identity
029,001550,029,0291550,CHESTER - 0291550,1.000000000000,vtd20_identity
029,001560,029,0291560,CHESTER - 0291560,1.000000000000,vtd20_identity
029,001570,029,0291570,CHESTER - 0291570,1.000000000000,vtd20_identity
029,001600,029,0291600,CHESTER - 0291600,1.000000000000,vtd20_identity
029,001610,029,0291610,CHESTER - 0291610,1.000000000000,vtd20_identity
029,001620,029,0291620,CHESTER - 0291620,1.000000000000,vtd20_identity
029,001631,029,0291631,CHESTER - 0291631,1.000000000000,vtd20_identity
029,001636,029,0291636,CHESTER - 0291636,1.000000000000,vtd20_identity
029,001641,029,0291641,CHESTER - 0291641,1.000000000000,vtd20_identity
029,001646,029,0291646,CHESTER - 0291646,1.000000000000,vtd20_identity
029,001650,029,0291650,CHESTER - 0291650,1.000000000000,vtd20_identity
029,001670,029,0291670,CHESTER - 0291670,1.000000000000,vtd20_identity
029,001680,029,0291680,CHESTER - 0291680,1.000000000000,vtd20_identity
029,001690,029,0291690,CHESTER - 0291690,1.000000000000,vtd20_identity
029,001700,029,0291700,CHESTER - 0291700,1.000000000000,vtd20_identity
029,001705,029,0291705,CHESTER - 0291705,1.000000000000,vtd20_identity
029,001710,029,0291710,CHESTER - 0291710,1.000000000000,vtd20_identity
029,001715,029,0291715,CHESTER - 0291715,1.000000000000,vtd20_identity
029,001720,029,0291720,CHESTER - 0291720,1.000000000000,vtd20_identity
029,001730,029,0291730,CHESTER - 0291730,1.000000000000,vtd20_identity
029,001740,029,0291740,CHESTER - 0291740,1.000000000000,vtd20_identity
029,001750,029,0291750,CHESTER - 0291750,1.000000000000,vtd20_identity
029,001760,029,0291760,CHESTER - 0291760,1.000000000000,vtd20_identity
029,001800,029,0291800,CHESTER - 0291800,1.000000000000,vtd20_identity
029,001806,029,0291806,CHESTER - 0291806,1.000000000000,vtd20_identity
029,001810,029,0291810,CHESTER - 0291810,1.000000000000,vtd20_identity
029,001812,029,0291812,CHESTER - 0291812,1.000000000000,vtd20_identity
029,001818,029,0291818,CHESTER - 0291818,1.000000000000,vtd20_identity
029,001820,029,0291820,CHESTER - 0291820,1.000000000000,vtd20_identity
029,001824,029,0291824,CHESTER - 0291824,1.000000000000,vtd20_identity
029,001828,029,0291828,CHESTER - 0291828,1.000000000000,vtd20_identity
029,001830,029,0291830,CHESTER - 0291830,1.000000000000,vtd20_identity
029,001832,029,0291832,CHESTER - 0291832,1.000000000000,vtd20_identity
029,001835,029,0291835,CHESTER - 0291835,1.000000000000,vtd20_identity
029,001838,029,0291838,CHESTER - 0291838,1.000000000000,vtd20_identity
029,001840,029,0291840,CHESTER - 0291840,1.000000000000,vtd20_identity
029,001850,029,0291850,CHESTER - 0291850,1.000000000000,vtd20_identity
029,001860,029,0291860,CHESTER - 0291860,1.000000000000,vtd20_identity
029,001870,029,0291870,CHESTER - 0291870,1.000000000000,vtd20_identity
029,001880,029,0291880,CHESTER - 0291880,1.000000000000,vtd20_identity
029,001890,029,0291890,CHESTER - 0291890,1.000000000000,vtd20_identity
029,001910,029,0291910,CHESTER - 0291910,1.000000000000,vtd20_identity
029,001955,029,0291955,CHESTER - 0291955,1.000000000000,vtd20_identity
029,001965,029,0291965,CHESTER - 0291965,1.000000000000,vtd20_identity
031,000010,031,031010,CLARION - 031010,1.000000000000,vtd20_identity
031,000020,031,031020,CLARION - 031020,1.000000000000,vtd20_identity
031,000030,031,031030,CLARION - 031030,1.000000000000,vtd20_identity
031,000040,031,031040,CLARION - 031040,1.000000000000,vtd20_identity
031,000050,031,031050,CLARION - 031050,1.000000000000,vtd20_identity
031,000060,031,031060,CLARION - 031060,1.000000000000,vtd20_identity
031,000070,031,031070,CLARION - 031070,1.000000000000,vtd20_identity
031,000080,031,031080,CLARION - 031080,1.000000000000,vtd20_identity
031,000090,031,031090,CLARION - 031090,1.000000000000,vtd20_identity
031,000110,031,031110,CLARION - 031110,1.000000000000,vtd20_identity
031,000130,031,031130,CLARION - 031130,1.000000000000,vtd20_identity
031,000140,031,031140,CLARION - 031140,1.000000000000,vtd20_identity
031,000152,031,031160,CLARION - 031160,0.632075471698,census_block_count
031,000152,031,031140,CLARION - 031140,0.056603773585,census_block_count
031,000152,031,031150,CLARION - 031150,0.311320754717,census_block_count
031,000170,031,031170,CLARION - 031170,1.000000000000,vtd20_identity
031,000180,031,031180,CLARION - 031180,1.000000000000,vtd20_identity
031,000190,031,031190,CLARION - 031190,1.000000000000,vtd20_identity
031,000200,031,031200,CLARION - 031200,1.000000000000,vtd20_identity
031,000210,031,031210,CLARION - 031210,1.000000000000,vtd20_identity
031,000220,031,031220,CLARION - 031220,1.000000000000,vtd20_identity
031,000230,031,031230,CLARION - 031230,1.000000000000,vtd20_identity
031,000250,031,031250,CLARION - 031250,1.000000000000,vtd20_identity
031,000270,031,031270,CLARION - 031270,1.000000000000,vtd20_identity
031,000280,031,031280,CLARION - 031280,1.000000000000,vtd20_identity
031,000290,031,031290,CLARION - 031290,1.000000000000,vtd20_identity
031,000310,031,031310,CLARION - 031310,1.000000000000,vtd20_identity
031,000320,031,031320,CLARION - 031320,1.000000000000,vtd20_identity
031,000340,031,031340,CLARION - 031340,1.000000000000,vtd20_identity
031,000350,031,031350,CLARION - 031350,1.000000000000,vtd20_identity
031,000370,031,031370,CLARION - 031370,1.000000000000,vtd20_identity
031,000380,031,031380,CLARION - 031380,1.000000000000,vtd20_identity
031,000390,031,031390,CLARION - 031390,1.000000000000,vtd20_identity
031,000400,031,031400,CLARION - 031400,1.000000000000,vtd20_identity
031,000410,031,031410,CLARION - 031410,1.000000000000,vtd20_identity
031,000430,031,031430,CLARION - 031430,1.000000000000,vtd20_identity
031,000440,031,031440,CLARION - 031440,1.000000000000,vtd20_identity
031,000450,031,031450,CLARION - 031450,1.000000000000,vtd20_identity
031,000460,031,031460,CLARION - 031460,1.000000000000,vtd20_identity
031,000470,031,031470,CLARION - 031470,1.000000000000,vtd20_identity
031,000480,031,031480,CLARION - 031480,0.518181818182,census_block_count
031,000480,031,031490,CLARION - 031490,0.481818181818,census_block_count
031,000500,031,031500,CLARION - 031500,1.000000000000,vtd20_identity
031,0400P1,031,031400,CLARION - 031400,1.000000000000,census_block_count
033,000010,033,033010,CLEARFIELD - 033010,1.000000000000,vtd20_identity
033,000020,033,033020,CLEARFIELD - 033020,1.000000000000,vtd20_identity
033,000030,033,033030,CLEARFIELD - 033030,1.000000000000,vtd20_identity
033,000040,033,033040,CLEARFIELD - 033040,1.000000000000,vtd20_identity
033,000050,033,033050,CLEARFIELD - 033050,1.000000000000,vtd20_identity
033,000060,033,033060,CLEARFIELD - 033060,1.000000000000,vtd20_identity
033,000070,033,033070,CLEARFIELD - 033070,0.824561403509,census_block_count
033,000070,033,033080,CLEARFIELD - 033080,0.087719298246,census_block_count
033,000070,033,033060,CLEARFIELD - 033060,0.035087719298,census_block_count
033,000070,033,033350,CLEARFIELD - 033350,0.052631578947,census_block_count
033,000080,033,033070,CLEARFIELD - 033070,0.403508771930,census_block_count
033,000080,033,033080,CLEARFIELD - 033080,0.596491228070,census_block_count
033,000090,033,033090,CLEARFIELD - 033090,1.000000000000,vtd20_identity
033,000100,033,033100,CLEARFIELD - 033100,1.000000000000,vtd20_identity
033,000110,033,033110,CLEARFIELD - 033110,1.000000000000,vtd20_identity
033,000120,033,033120,CLEARFIELD - 033120,1.000000000000,vtd20_identity
033,000130,033,033130,CLEARFIELD - 033130,1.000000000000,vtd20_identity
033,000140,033,033140,CLEARFIELD - 033140,1.000000000000,vtd20_identity
033,000150,033,033150,CLEARFIELD - 033150,1.000000000000,vtd20_identity
033,000160,033,033160,CLEARFIELD - 033160,1.000000000000,vtd20_identity
033,000170,033,033170,CLEARFIELD - 033170,1.000000000000,vtd20_identity
033,000180,033,033180,CLEARFIELD - 033180,1.000000000000,vtd20_identity
033,000190,033,033190,CLEARFIELD - 033190,1.000000000000,vtd20_identity
033,000200,033,033200,CLEARFIELD - 033200,1.000000000000,vtd20_identity
033,000210,033,033210,CLEARFIELD - 033210,1.000000000000,vtd20_identity
033,000220,033,033220,CLEARFIELD - 033220,1.000000000000,vtd20_identity
033,000230,033,033230,CLEARFIELD - 033230,1.000000000000,vtd20_identity
033,000240,033,033240,CLEARFIELD - 033240,1.000000000000,vtd20_identity
033,000250,033,033250,CLEARFIELD - 033250,1.000000000000,vtd20_identity
033,000260,033,033260,CLEARFIELD - 033260,1.000000000000,vtd20_identity
033,000270,033,033270,CLEARFIELD - 033270,1.000000000000,vtd20_identity
033,000280,033,033280,CLEARFIELD - 033280,1.000000000000,vtd20_identity
033,000290,033,033290,CLEARFIELD - 033290,1.000000000000,vtd20_identity
033,000300,033,033300,CLEARFIELD - 033300,1.000000000000,vtd20_identity
033,000311,033,033540,CLEARFIELD - 033540,0.012345679012,census_block_count
033,000311,033,033570,CLEARFIELD - 033570,0.012345679012,census_block_count
033,000311,033,033490,CLEARFIELD - 033490,0.135802469136,census_block_count
033,000311,033,033310,CLEARFIELD - 033310,0.827160493827,census_block_count
033,000311,033,033420,CLEARFIELD - 033420,0.012345679012,census_block_count
033,000320,033,033320,CLEARFIELD - 033320,1.000000000000,vtd20_identity
033,000330,033,033330,CLEARFIELD - 033330,1.000000000000,vtd20_identity
033,000340,033,033340,CLEARFIELD - 033340,1.000000000000,vtd20_identity
033,000350,033,033350,CLEARFIELD - 033350,1.000000000000,vtd20_identity
033,000360,033,033360,CLEARFIELD - 033360,1.000000000000,vtd20_identity
033,000370,033,033370,CLEARFIELD - 033370,1.000000000000,vtd20_identity
033,000380,033,033380,CLEARFIELD - 033380,1.000000000000,vtd20_identity
033,000390,033,033390,CLEARFIELD - 033390,1.000000000000,vtd20_identity
033,000400,033,033400,CLEARFIELD - 033400,1.000000000000,vtd20_identity
033,000410,033,033410,CLEARFIELD - 033410,1.000000000000,vtd20_identity
033,000420,033,033420,CLEARFIELD - 033420,1.000000000000,vtd20_identity
033,000430,033,033430,CLEARFIELD - 033430,1.000000000000,vtd20_identity
033,000440,033,033440,CLEARFIELD - 033440,1.000000000000,vtd20_identity
033,000450,033,033570,CLEARFIELD - 033570,0.043478260870,census_block_count
033,000450,033,033460,CLEARFIELD - 033460,0.507246376812,census_block_count
033,000450,033,033060,CLEARFIELD - 033060,0.014492753623,census_block_count
033,000450,033,033450,CLEARFIELD - 033450,0.391304347826,census_block_count
033,000450,033,033470,CLEARFIELD - 033470,0.043478260870,census_block_count
033,000460,033,033080,CLEARFIELD - 033080,0.015384615385,census_block_count
033,000460,033,033460,CLEARFIELD - 033460,0.769230769231,census_block_count
033,000460,033,033480,CLEARFIELD - 033480,0.215384615385,census_block_count
033,000470,033,033470,CLEARFIELD - 033470,1.000000000000,vtd20_identity
033,000480,033,033480,CLEARFIELD - 033480,1.000000000000,vtd20_identity
033,000500,033,033500,CLEARFIELD - 033500,1.000000000000,vtd20_identity
033,000510,033,033510,CLEARFIELD - 033510,1.000000000000,vtd20_identity
033,000520,033,033520,CLEARFIELD - 033520,1.000000000000,vtd20_identity
033,000530,033,033530,CLEARFIELD - 033530,1.000000000000,vtd20_identity
033,000540,033,033540,CLEARFIELD - 033540,1.000000000000,vtd20_identity
033,000550,033,033550,CLEARFIELD - 033550,1.000000000000,vtd20_identity
033,000560,033,033560,CLEARFIELD - 033560,1.000000000000,vtd20_identity
033,000570,033,033570,CLEARFIELD - 033570,1.000000000000,vtd20_identity
033,000580,033,033580,CLEARFIELD - 033580,1.000000000000,vtd20_identity
033,000590,033,033590,CLEARFIELD - 033590,1.000000000000,vtd20_identity
033,000600,033,033600,CLEARFIELD - 033600,1.000000000000,vtd20_identity
033,000610,033,033610,CLEARFIELD - 033610,1.000000000000,vtd20_identity
033,000620,033,033620,CLEARFIELD - 033620,1.000000000000,vtd20_identity
033,000630,033,033630,CLEARFIELD - 033630,1.000000000000,vtd20_identity
033,000635,033,033635,CLEARFIELD - 033635,1.000000000000,vtd20_identity
033,000640,033,033640,CLEARFIELD - 033640,1.000000000000,vtd20_identity
033,000650,033,033650,CLEARFIELD - 033650,1.000000000000,vtd20_identity
033,000660,033,033660,CLEARFIELD - 033660,1.000000000000,vtd20_identity
033,000670,033,033670,CLEARFIELD - 033670,1.000000000000,vtd20_identity
033,000680,033,033680,CLEARFIELD - 033680,1.000000000000,vtd20_identity
033,000690,033,033690,CLEARFIELD - 033690,1.000000000000,vtd20_identity
033,000700,033,033700,CLEARFIELD - 033700,1.000000000000,vtd20_identity
035,000010,035,035010,CLINTON - 035010,1.000000000000,vtd20_identity
035,000020,035,035020,CLINTON - 035020,1.000000000000,vtd20_identity
035,000030,035,035030,CLINTON - 035030,1.000000000000,vtd20_identity
035,000040,035,035040,CLINTON - 035040,1.000000000000,vtd20_identity
035,000050,035,035050,CLINTON - 035050,1.000000000000,vtd20_identity
035,000060,035,035060,CLINTON - 035060,1.000000000000,vtd20_identity
035,000070,035,035070,CLINTON - 035070,1.000000000000,vtd20_identity
035,000080,035,035080,CLINTON - 035080,1.000000000000,vtd20_identity
035,000090,035,035090,CLINTON - 035090,1.000000000000,vtd20_identity
035,000100,035,035100,CLINTON - 035100,1.000000000000,vtd20_identity
035,000110,035,035110,CLINTON - 035110,1.000000000000,vtd20_identity
035,000120,035,035120,CLINTON - 035120,1.000000000000,vtd20_identity
035,000130,035,035130,CLINTON - 035130,1.000000000000,vtd20_identity
035,000140,035,035140,CLINTON - 035140,1.000000000000,vtd20_identity
035,000150,035,035150,CLINTON - 035150,1.000000000000,vtd20_identity
035,000160,035,035160,CLINTON - 035160,1.000000000000,vtd20_identity
035,000170,035,035170,CLINTON - 035170,1.000000000000,vtd20_identity
035,000180,035,035180,CLINTON - 035180,1.000000000000,vtd20_identity
035,000190,035,035190,CLINTON - 035190,1.000000000000,vtd20_identity
035,000200,035,035200,CLINTON - 035200,1.000000000000,vtd20_identity
035,000210,035,035210,CLINTON - 035210,1.000000000000,vtd20_identity
035,000220,035,035220,CLINTON - 035220,1.000000000000,vtd20_identity
035,000230,035,035230,CLINTON - 035230,1.000000000000,vtd20_identity
035,000240,035,035240,CLINTON - 035240,1.000000000000,vtd20_identity
035,000250,035,035250,CLINTON - 035250,1.000000000000,vtd20_identity
035,000265,035,035330,CLINTON - 035330,0.008695652174,census_block_count
035,000265,035,035040,CLINTON - 035040,0.008695652174,census_block_count
035,000265,035,035260,CLINTON - 035260,0.191304347826,census_block_count
035,000265,035,035270,CLINTON - 035270,0.791304347826,census_block_count
035,000280,035,035280,CLINTON - 035280,1.000000000000,vtd20_identity
035,000290,035,035290,CLINTON - 035290,1.000000000000,vtd20_identity
035,000300,035,035300,CLINTON - 035300,1.000000000000,vtd20_identity
035,000315,035,035070,CLINTON - 035070,0.025974025974,census_block_count
035,000315,035,035330,CLINTON - 035330,0.259740259740,census_block_count
035,000315,035,035320,CLINTON - 035320,0.207792207792,census_block_count
035,000315,035,035310,CLINTON - 035310,0.506493506494,census_block_count
035,000340,035,035340,CLINTON - 035340,1.000000000000,vtd20_identity
035,000350,035,035350,CLINTON - 035350,1.000000000000,vtd20_identity
035,000360,035,035360,CLINTON - 035360,1.000000000000,vtd20_identity
035,000370,035,035370,CLINTON - 035370,1.000000000000,vtd20_identity
037,000010,037,037010,COLUMBIA - 037010,1.000000000000,vtd20_identity
037,000020,037,037020,COLUMBIA - 037020,1.000000000000,vtd20_identity
037,000030,037,037030,COLUMBIA - 037030,1.000000000000,vtd20_identity
037,000055,037,037060,COLUMBIA - 037060,0.407079646018,census_block_count
037,000055,037,037045,COLUMBIA - 037045,0.584070796460,census_block_count
037,000055,037,037070,COLUMBIA - 037070,0.008849557522,census_block_count
037,000070,037,037070,COLUMBIA - 037070,1.000000000000,vtd20_identity
037,000095,037,037100,COLUMBIA - 037100,0.548387096774,census_block_count
037,000095,037,037110,COLUMBIA - 037110,0.064516129032,census_block_count
037,000095,037,037225,COLUMBIA - 037225,0.032258064516,census_block_count
037,000095,037,037090,COLUMBIA - 037090,0.354838709677,census_block_count
037,000115,037,037110,COLUMBIA - 037110,0.397959183673,census_block_count
037,000115,037,037225,COLUMBIA - 037225,0.010204081633,census_block_count
037,000115,037,037120,COLUMBIA - 037120,0.591836734694,census_block_count
037,000130,037,037130,COLUMBIA - 037130,0.455555555556,census_block_count
037,000130,037,037200,COLUMBIA - 037200,0.544444444444,census_block_count
037,000140,037,037190,COLUMBIA - 037190,0.012500000000,census_block_count
037,000140,037,037150,COLUMBIA - 037150,0.012500000000,census_block_count
037,000140,037,037130,COLUMBIA - 037130,0.025000000000,census_block_count
037,000140,037,037170,COLUMBIA - 037170,0.350000000000,census_block_count
037,000140,037,037140,COLUMBIA - 037140,0.600000000000,census_block_count
037,000150,037,037190,COLUMBIA - 037190,0.591836734694,census_block_count
037,000150,037,037430,COLUMBIA - 037430,0.010204081633,census_block_count
037,000150,037,037150,COLUMBIA - 037150,0.346938775510,census_block_count
037,000150,037,037520,COLUMBIA - 037520,0.051020408163,census_block_count
037,000160,037,037160,COLUMBIA - 037160,1.000000000000,vtd20_identity
037,000172,037,037170,COLUMBIA - 037170,0.047169811321,census_block_count
037,000172,037,037180,COLUMBIA - 037180,0.471698113208,census_block_count
037,000172,037,037210,COLUMBIA - 037210,0.481132075472,census_block_count
037,000220,037,037220,COLUMBIA - 037220,1.000000000000,vtd20_identity
037,000232,037,037235,COLUMBIA - 037235,0.707692307692,census_block_count
037,000232,037,037070,COLUMBIA - 037070,0.015384615385,census_block_count
037,000232,037,037225,COLUMBIA - 037225,0.276923076923,census_block_count
037,000250,037,037250,COLUMBIA - 037250,1.000000000000,vtd20_identity
037,000260,037,037260,COLUMBIA - 037260,1.000000000000,vtd20_identity
037,000275,037,037270,COLUMBIA - 037270,0.457943925234,census_block_count
037,000275,037,037280,COLUMBIA - 037280,0.476635514019,census_block_count
037,000275,037,037260,COLUMBIA - 037260,0.056074766355,census_block_count
037,000275,037,037510,COLUMBIA - 037510,0.009345794393,census_block_count
037,000285,037,037285,COLUMBIA - 037285,1.000000000000,vtd20_identity
037,000310,037,037310,COLUMBIA - 037310,1.000000000000,vtd20_identity
037,000335,037,037360,COLUMBIA - 037360,0.235294117647,census_block_count
037,000335,037,037340,COLUMBIA - 037340,0.602941176471,census_block_count
037,000335,037,037330,COLUMBIA - 037330,0.161764705882,census_block_count
037,000372,037,037380,COLUMBIA - 037380,0.268656716418,census_block_count
037,000372,037,037370,COLUMBIA - 037370,0.708955223881,census_block_count
037,000372,037,037630,COLUMBIA - 037630,0.022388059701,census_block_count
037,000375,037,037375,COLUMBIA - 037375,1.000000000000,vtd20_identity
037,000390,037,037390,COLUMBIA - 037390,1.000000000000,vtd20_identity
037,000422,037,037430,COLUMBIA - 037430,0.510344827586,census_block_count
037,000422,037,037520,COLUMBIA - 037520,0.006896551724,census_block_count
037,000422,037,037420,COLUMBIA - 037420,0.462068965517,census_block_count
037,000422,037,037200,COLUMBIA - 037200,0.006896551724,census_block_count
037,000422,037,037470,COLUMBIA - 037470,0.013793103448,census_block_count
037,000425,037,037425,COLUMBIA - 037425,1.000000000000,vtd20_identity
037,000440,037,037440,COLUMBIA - 037440,1.000000000000,vtd20_identity
037,000470,037,037470,COLUMBIA - 037470,1.000000000000,vtd20_identity
037,000480,037,037480,COLUMBIA - 037480,1.000000000000,vtd20_identity
037,000490,037,037490,COLUMBIA - 037490,1.000000000000,vtd20_identity
037,000500,037,037500,COLUMBIA - 037500,1.000000000000,vtd20_identity
037,000510,037,037510,COLUMBIA - 037510,1.000000000000,vtd20_identity
037,000520,037,037520,COLUMBIA - 037520,1.000000000000,vtd20_identity
037,000530,037,037530,COLUMBIA - 037530,1.000000000000,vtd20_identity
037,000535,037,037535,COLUMBIA - 037535,1.000000000000,vtd20_identity
037,000540,037,037540,COLUMBIA - 037540,1.000000000000,vtd20_identity
037,000550,037,037550,COLUMBIA - 037550,1.000000000000,vtd20_identity
037,000580,037,037580,COLUMBIA - 037580,1.000000000000,vtd20_identity
037,000595,037,037600,COLUMBIA - 037600,0.277777777778,census_block_count
037,000595,037,037590,COLUMBIA - 037590,0.722222222222,census_block_count
037,000612,037,037600,COLUMBIA - 037600,0.053333333333,census_block_count
037,000612,037,037610,COLUMBIA - 037610,0.200000000000,census_block_count
037,000612,037,037520,COLUMBIA - 037520,0.026666666667,census_block_count
037,000612,037,037615,COLUMBIA - 037615,0.720000000000,census_block_count
037,000620,037,037620,COLUMBIA - 037620,1.000000000000,vtd20_identity
037,000630,037,037630,COLUMBIA - 037630,1.000000000000,vtd20_identity
037,000640,037,037640,COLUMBIA - 037640,1.000000000000,vtd20_identity
037,0335P1,037,037330,COLUMBIA - 037330,1.000000000000,census_block_count
039,000010,039,039010,CRAWFORD - 039010,1.000000000000,vtd20_identity
039,000020,039,039020,CRAWFORD - 039020,1.000000000000,vtd20_identity
039,000030,039,039030,CRAWFORD - 039030,1.000000000000,vtd20_identity
039,000040,039,039040,CRAWFORD - 039040,1.000000000000,vtd20_identity
039,000050,039,039050,CRAWFORD - 039050,1.000000000000,vtd20_identity
039,000060,039,039060,CRAWFORD - 039060,1.000000000000,vtd20_identity
039,000070,039,039070,CRAWFORD - 039070,1.000000000000,vtd20_identity
039,000080,039,039080,CRAWFORD - 039080,1.000000000000,vtd20_identity
039,000090,039,039090,CRAWFORD - 039090,1.000000000000,vtd20_identity
039,000100,039,039100,CRAWFORD - 039100,1.000000000000,vtd20_identity
039,000110,039,039110,CRAWFORD - 039110,1.000000000000,vtd20_identity
039,000120,039,039120,CRAWFORD - 039120,1.000000000000,vtd20_identity
039,000130,039,039130,CRAWFORD - 039130,1.000000000000,vtd20_identity
039,000140,039,039140,CRAWFORD - 039140,1.000000000000,vtd20_identity
039,000150,039,039150,CRAWFORD - 039150,1.000000000000,vtd20_identity
039,000160,039,039160,CRAWFORD - 039160,1.000000000000,vtd20_identity
039,000170,039,039170,CRAWFORD - 039170,1.000000000000,vtd20_identity
039,000180,039,039180,CRAWFORD - 039180,1.000000000000,vtd20_identity
039,000190,039,039190,CRAWFORD - 039190,1.000000000000,vtd20_identity
039,000200,039,039200,CRAWFORD - 039200,1.000000000000,vtd20_identity
039,000210,039,039210,CRAWFORD - 039210,1.000000000000,vtd20_identity
039,000220,039,039220,CRAWFORD - 039220,1.000000000000,vtd20_identity
039,000230,039,039230,CRAWFORD - 039230,1.000000000000,vtd20_identity
039,000240,039,039240,CRAWFORD - 039240,1.000000000000,vtd20_identity
039,000250,039,039250,CRAWFORD - 039250,1.000000000000,vtd20_identity
039,000260,039,039260,CRAWFORD - 039260,1.000000000000,vtd20_identity
039,000270,039,039270,CRAWFORD - 039270,1.000000000000,vtd20_identity
039,000280,039,039280,CRAWFORD - 039280,1.000000000000,vtd20_identity
039,000290,039,039290,CRAWFORD - 039290,1.000000000000,vtd20_identity
039,000300,039,039300,CRAWFORD - 039300,1.000000000000,vtd20_identity
039,000310,039,039310,CRAWFORD - 039310,1.000000000000,vtd20_identity
039,000320,039,039320,CRAWFORD - 039320,1.000000000000,vtd20_identity
039,000330,039,039330,CRAWFORD - 039330,1.000000000000,vtd20_identity
039,000340,039,039340,CRAWFORD - 039340,1.000000000000,vtd20_identity
039,000350,039,039350,CRAWFORD - 039350,1.000000000000,vtd20_identity
039,000360,039,039360,CRAWFORD - 039360,1.000000000000,vtd20_identity
039,000370,039,039370,CRAWFORD - 039370,1.000000000000,vtd20_identity
039,000380,039,039380,CRAWFORD - 039380,1.000000000000,vtd20_identity
039,000390,039,039390,CRAWFORD - 039390,1.000000000000,vtd20_identity
039,000400,039,039400,CRAWFORD - 039400,1.000000000000,vtd20_identity
039,000410,039,039410,CRAWFORD - 039410,1.000000000000,vtd20_identity
039,000420,039,039420,CRAWFORD - 039420,1.000000000000,vtd20_identity
039,000430,039,039430,CRAWFORD - 039430,1.000000000000,vtd20_identity
039,000440,039,039440,CRAWFORD - 039440,1.000000000000,vtd20_identity
039,000450,039,039450,CRAWFORD - 039450,1.000000000000,vtd20_identity
039,000460,039,039460,CRAWFORD - 039460,1.000000000000,vtd20_identity
039,000470,039,039470,CRAWFORD - 039470,1.000000000000,vtd20_identity
039,000480,039,039480,CRAWFORD - 039480,1.000000000000,vtd20_identity
039,000490,039,039490,CRAWFORD - 039490,1.000000000000,vtd20_identity
039,000500,039,039500,CRAWFORD - 039500,1.000000000000,vtd20_identity
039,000510,039,039510,CRAWFORD - 039510,1.000000000000,vtd20_identity
039,000520,039,039520,CRAWFORD - 039520,1.000000000000,vtd20_identity
039,000530,039,039530,CRAWFORD - 039530,1.000000000000,vtd20_identity
039,000540,039,039540,CRAWFORD - 039540,1.000000000000,vtd20_identity
039,000550,039,039550,CRAWFORD - 039550,1.000000000000,vtd20_identity
039,000560,039,039560,CRAWFORD - 039560,1.000000000000,vtd20_identity
039,000570,039,039570,CRAWFORD - 039570,1.000000000000,vtd20_identity
039,000580,039,039580,CRAWFORD - 039580,1.000000000000,vtd20_identity
039,000590,039,039590,CRAWFORD - 039590,1.000000000000,vtd20_identity
039,000602,039,039600,CRAWFORD - 039600,1.000000000000,census_block_count
039,000608,039,039600,CRAWFORD - 039600,1.000000000000,vtd20_identity
039,000610,039,039610,CRAWFORD - 039610,1.000000000000,vtd20_identity
039,000620,039,039620,CRAWFORD - 039620,1.000000000000,vtd20_identity
039,000630,039,039630,CRAWFORD - 039630,1.000000000000,vtd20_identity
039,000640,039,039640,CRAWFORD - 039640,0.944444444444,census_block_count
039,000640,039,039220,CRAWFORD - 039220,0.055555555556,census_block_count
039,000650,039,039650,CRAWFORD - 039650,1.000000000000,vtd20_identity
039,000660,039,039660,CRAWFORD - 039660,1.000000000000,vtd20_identity
039,000670,039,039670,CRAWFORD - 039670,1.000000000000,vtd20_identity
041,000010,041,041010,CUMBERLAND - 041010,1.000000000000,vtd20_identity
041,000020,041,041020,CUMBERLAND - 041020,1.000000000000,vtd20_identity
041,000030,041,041030,CUMBERLAND - 041030,1.000000000000,vtd20_identity
041,000040,041,041040,CUMBERLAND - 041040,1.000000000000,vtd20_identity
041,000050,041,041050,CUMBERLAND - 041050,1.000000000000,vtd20_identity
041,000060,041,041060,CUMBERLAND - 041060,1.000000000000,vtd20_identity
041,000070,041,041070,CUMBERLAND - 041070,1.000000000000,vtd20_identity
041,000080,041,041080,CUMBERLAND - 041080,1.000000000000,vtd20_identity
041,000090,041,041090,CUMBERLAND - 041090,1.000000000000,vtd20_identity
041,000100,041,041100,CUMBERLAND - 041100,1.000000000000,vtd20_identity
041,000110,041,041110,CUMBERLAND - 041110,1.000000000000,vtd20_identity
041,000120,041,041120,CUMBERLAND - 041120,1.000000000000,vtd20_identity
041,000130,041,041130,CUMBERLAND - 041130,1.000000000000,vtd20_identity
041,000140,041,041140,CUMBERLAND - 041140,1.000000000000,vtd20_identity
041,000150,041,041150,CUMBERLAND - 041150,1.000000000000,vtd20_identity
041,000160,041,041160,CUMBERLAND - 041160,1.000000000000,vtd20_identity
041,000170,041,041170,CUMBERLAND - 041170,1.000000000000,vtd20_identity
041,000175,041,041210,CUMBERLAND - 041210,0.029411764706,census_block_count
041,000175,041,041190,CUMBERLAND - 041190,0.911764705883,census_block_count
041,000175,041,041030,CUMBERLAND - 041030,0.058823529412,census_block_count
041,000179,041,041210,CUMBERLAND - 041210,1.000000000000,vtd20_identity
041,000183,041,041190,CUMBERLAND - 041190,1.000000000000,vtd20_identity
041,000187,041,041210,CUMBERLAND - 041210,1.000000000000,census_block_count
041,000191,041,041180,CUMBERLAND - 041180,0.586956521739,census_block_count
041,000191,041,041210,CUMBERLAND - 041210,0.413043478261,census_block_count
041,000194,041,041860,CUMBERLAND - 041860,1.000000000000,vtd20_identity
041,000198,041,041180,CUMBERLAND - 041180,1.000000000000,census_block_count
041,000202,041,041180,CUMBERLAND - 041180,0.277777777778,census_block_count
041,000202,041,041200,CUMBERLAND - 041200,0.722222222222,census_block_count
041,000206,041,041180,CUMBERLAND - 041180,1.000000000000,vtd20_identity
041,000211,041,041200,CUMBERLAND - 041200,1.000000000000,vtd20_identity
041,000215,041,041215,CUMBERLAND - 041215,1.000000000000,vtd20_identity
041,000221,041,041221,CUMBERLAND - 041221,1.000000000000,vtd20_identity
041,000227,041,041227,CUMBERLAND - 041227,1.000000000000,vtd20_identity
041,000233,041,041233,CUMBERLAND - 041233,1.000000000000,vtd20_identity
041,000239,041,041239,CUMBERLAND - 041239,1.000000000000,vtd20_identity
041,000245,041,041245,CUMBERLAND - 041245,1.000000000000,vtd20_identity
041,000251,041,041251,CUMBERLAND - 041251,1.000000000000,vtd20_identity
041,000257,041,041257,CUMBERLAND - 041257,1.000000000000,vtd20_identity
041,000263,041,041263,CUMBERLAND - 041263,1.000000000000,vtd20_identity
041,000269,041,041269,CUMBERLAND - 041269,1.000000000000,vtd20_identity
041,000275,041,041275,CUMBERLAND - 041275,1.000000000000,vtd20_identity
041,000281,041,041281,CUMBERLAND - 041281,1.000000000000,vtd20_identity
041,000290,041,041290,CUMBERLAND - 041290,1.000000000000,vtd20_identity
041,000300,041,041300,CUMBERLAND - 041300,1.000000000000,vtd20_identity
041,000310,041,041310,CUMBERLAND - 041310,1.000000000000,vtd20_identity
041,000320,041,041320,CUMBERLAND - 041320,1.000000000000,vtd20_identity
041,000330,041,041330,CUMBERLAND - 041330,1.000000000000,vtd20_identity
041,000340,041,041340,CUMBERLAND - 041340,1.000000000000,vtd20_identity
041,000350,041,041350,CUMBERLAND - 041350,1.000000000000,vtd20_identity
041,000360,041,041360,CUMBERLAND - 041360,1.000000000000,vtd20_identity
041,000370,041,041370,CUMBERLAND - 041370,1.000000000000,vtd20_identity
041,000380,041,041380,CUMBERLAND - 041380,1.000000000000,vtd20_identity
041,000390,041,041390,CUMBERLAND - 041390,1.000000000000,vtd20_identity
041,000400,041,041400,CUMBERLAND - 041400,1.000000000000,vtd20_identity
041,000410,041,041410,CUMBERLAND - 041410,1.000000000000,vtd20_identity
041,000420,041,041420,CUMBERLAND - 041420,1.000000000000,vtd20_identity
041,000430,041,041430,CUMBERLAND - 041430,1.000000000000,vtd20_identity
041,000440,041,041440,CUMBERLAND - 041440,1.000000000000,vtd20_identity
041,000450,041,041450,CUMBERLAND - 041450,1.000000000000,vtd20_identity
041,000460,041,041460,CUMBERLAND - 041460,1.000000000000,vtd20_identity
041,000470,041,041470,CUMBERLAND - 041470,1.000000000000,vtd20_identity
041,000475,041,041475,CUMBERLAND - 041475,1.000000000000,vtd20_identity
041,000485,041,041485,CUMBERLAND - 041485,1.000000000000,vtd20_identity
041,000490,041,041490,CUMBERLAND - 041490,1.000000000000,vtd20_identity
041,000500,041,041500,CUMBERLAND - 041500,1.000000000000,vtd20_identity
041,000510,041,041510,CUMBERLAND - 041510,1.000000000000,vtd20_identity
041,000525,041,041525,CUMBERLAND - 041525,1.000000000000,vtd20_identity
041,000540,041,041540,CUMBERLAND - 041540,1.000000000000,vtd20_identity
041,000550,041,041550,CUMBERLAND - 041550,1.000000000000,vtd20_identity
041,000560,041,041560,CUMBERLAND - 041560,1.000000000000,vtd20_identity
041,000570,041,041570,CUMBERLAND - 041570,1.000000000000,vtd20_identity
041,000580,041,041580,CUMBERLAND - 041580,1.000000000000,vtd20_identity
041,000590,041,041590,CUMBERLAND - 041590,1.000000000000,vtd20_identity
041,000601,041,041600,CUMBERLAND - 041600,1.000000000000,vtd20_identity
041,000602,041,041600,CUMBERLAND - 041600,1.000000000000,census_block_count
041,000610,041,041610,CUMBERLAND - 041610,1.000000000000,vtd20_identity
041,000621,041,041130,CUMBERLAND - 041130,0.030303030303,census_block_count
041,000621,041,041620,CUMBERLAND - 041620,0.954545454545,census_block_count
041,000621,041,041140,CUMBERLAND - 041140,0.015151515152,census_block_count
041,000622,041,041620,CUMBERLAND - 041620,1.000000000000,vtd20_identity
041,000630,041,041630,CUMBERLAND - 041630,1.000000000000,vtd20_identity
041,000640,041,041640,CUMBERLAND - 041640,1.000000000000,vtd20_identity
041,000650,041,041650,CUMBERLAND - 041650,0.923076923078,census_block_count
041,000650,041,041790,CUMBERLAND - 041790,0.025641025641,census_block_count
041,000650,041,041660,CUMBERLAND - 041660,0.012820512821,census_block_count
041,000650,041,041670,CUMBERLAND - 041670,0.025641025641,census_block_count
041,000650,041,041780,CUMBERLAND - 041780,0.012820512821,census_block_count
041,000660,041,041660,CUMBERLAND - 041660,1.000000000000,vtd20_identity
041,000670,041,041680,CUMBERLAND - 041680,0.534246575342,census_block_count
041,000670,041,041650,CUMBERLAND - 041650,0.013698630137,census_block_count
041,000670,041,041670,CUMBERLAND - 041670,0.452054794521,census_block_count
041,000690,041,041690,CUMBERLAND - 041690,1.000000000000,vtd20_identity
041,000698,041,041710,CUMBERLAND - 041710,1.000000000000,vtd20_identity
041,000702,041,041705,CUMBERLAND - 041705,1.000000000000,vtd20_identity
041,000704,041,041705,CUMBERLAND - 041705,0.952380952381,census_block_count
041,000704,041,041460,CUMBERLAND - 041460,0.047619047619,census_block_count
041,000706,041,041705,CUMBERLAND - 041705,1.000000000000,census_block_count
041,000708,041,041710,CUMBERLAND - 041710,1.000000000000,census_block_count
041,000712,041,041705,CUMBERLAND - 041705,0.291666666667,census_block_count
041,000712,041,041700,CUMBERLAND - 041700,0.708333333333,census_block_count
041,000714,041,041705,CUMBERLAND - 041705,0.693181818182,census_block_count
041,000714,041,041700,CUMBERLAND - 041700,0.306818181818,census_block_count
041,000716,041,041700,CUMBERLAND - 041700,1.000000000000,vtd20_identity
041,000718,041,041700,CUMBERLAND - 041700,1.000000000000,census_block_count
041,000721,041,041750,CUMBERLAND - 041750,1.000000000000,vtd20_identity
041,000724,041,041740,CUMBERLAND - 041740,1.000000000000,vtd20_identity
041,000728,041,041720,CUMBERLAND - 041720,1.000000000000,vtd20_identity
041,000731,041,041080,CUMBERLAND - 041080,0.047619047619,census_block_count
041,000731,041,041720,CUMBERLAND - 041720,0.952380952381,census_block_count
041,000734,041,041730,CUMBERLAND - 041730,0.441860465116,census_block_count
041,000734,041,041720,CUMBERLAND - 041720,0.558139534884,census_block_count
041,000738,041,041740,CUMBERLAND - 041740,1.000000000000,census_block_count
041,000741,041,041740,CUMBERLAND - 041740,1.000000000000,census_block_count
041,000744,041,041730,CUMBERLAND - 041730,1.000000000000,census_block_count
041,000748,041,041730,CUMBERLAND - 041730,1.000000000000,vtd20_identity
041,000760,041,041760,CUMBERLAND - 041760,1.000000000000,vtd20_identity
041,000770,041,041770,CUMBERLAND - 041770,0.907407407407,census_block_count
041,000770,041,041790,CUMBERLAND - 041790,0.092592592593,census_block_count
041,000780,041,041780,CUMBERLAND - 041780,1.000000000000,vtd20_identity
041,000795,041,041790,CUMBERLAND - 041790,1.000000000000,vtd20_identity
041,000803,041,041800,CUMBERLAND - 041800,1.000000000000,census_block_count
041,000807,041,041830,CUMBERLAND - 041830,1.000000000000,vtd20_identity
041,000811,041,041490,CUMBERLAND - 041490,0.035714285714,census_block_count
041,000811,041,041800,CUMBERLAND - 041800,0.964285714286,census_block_count
041,000815,041,041830,CUMBERLAND - 041830,1.000000000000,census_block_count
041,000819,041,041810,CUMBERLAND - 041810,0.600000000000,census_block_count
041,000819,041,041830,CUMBERLAND - 041830,0.400000000000,census_block_count
041,000823,041,041800,CUMBERLAND - 041800,1.000000000000,vtd20_identity
041,000827,041,041820,CUMBERLAND - 041820,0.235294117647,census_block_count
041,000827,041,041810,CUMBERLAND - 041810,0.764705882353,census_block_count
041,000831,041,041820,CUMBERLAND - 041820,0.481481481481,census_block_count
041,000831,041,041810,CUMBERLAND - 041810,0.518518518519,census_block_count
041,000835,041,041440,CUMBERLAND - 041440,0.032258064516,census_block_count
041,000835,041,041490,CUMBERLAND - 041490,0.064516129032,census_block_count
041,000835,041,041800,CUMBERLAND - 041800,0.580645161290,census_block_count
041,000835,041,041820,CUMBERLAND - 041820,0.322580645161,census_block_count
041,000838,041,041390,CUMBERLAND - 041390,0.166666666667,census_block_count
041,000838,041,041820,CUMBERLAND - 041820,0.833333333333,census_block_count
041,000840,041,041840,CUMBERLAND - 041840,1.000000000000,vtd20_identity
041,000850,041,041850,CUMBERLAND - 041850,1.000000000000,vtd20_identity
041,000870,041,041870,CUMBERLAND - 041870,1.000000000000,vtd20_identity
041,000880,041,041880,CUMBERLAND - 041880,1.000000000000,vtd20_identity
041,000890,041,041890,CUMBERLAND - 041890,1.000000000000,vtd20_identity
041,000900,041,041900,CUMBERLAND - 041900,1.000000000000,vtd20_identity
043,000010,043,043010,DAUPHIN - 043010,1.000000000000,vtd20_identity
043,000021,043,043020,DAUPHIN - 043020,1.000000000000,vtd20_identity
043,000023,043,043135,DAUPHIN - 043135,0.047619047619,census_block_count
043,000023,043,043020,DAUPHIN - 043020,0.904761904762,census_block_count
043,000023,043,043550,DAUPHIN - 043550,0.047619047619,census_block_count
043,000030,043,043030,DAUPHIN - 043030,1.000000000000,vtd20_identity
043,000039,043,043039,DAUPHIN - 043039,1.000000000000,vtd20_identity
043,000047,043,043047,DAUPHIN - 043047,1.000000000000,vtd20_identity
043,000055,043,043055,DAUPHIN - 043055,1.000000000000,vtd20_identity
043,000063,043,043063,DAUPHIN - 043063,1.000000000000,vtd20_identity
043,000071,043,043071,DAUPHIN - 043071,1.000000000000,vtd20_identity
043,000079,043,043079,DAUPHIN - 043079,1.000000000000,vtd20_identity
043,000087,043,043087,DAUPHIN - 043087,1.000000000000,vtd20_identity
043,000095,043,043095,DAUPHIN - 043095,1.000000000000,vtd20_identity
043,000103,043,043103,DAUPHIN - 043103,1.000000000000,vtd20_identity
043,000112,043,043111,DAUPHIN - 043111,1.000000000000,vtd20_identity
043,000119,043,043119,DAUPHIN - 043119,1.000000000000,vtd20_identity
043,000127,043,043127,DAUPHIN - 043127,1.000000000000,vtd20_identity
043,000135,043,043135,DAUPHIN - 043135,1.000000000000,vtd20_identity
043,000144,043,043111,DAUPHIN - 043111,1.000000000000,vtd20_identity
043,000147,043,043143,DAUPHIN - 043143,1.000000000000,vtd20_identity
043,000150,043,043150,DAUPHIN - 043150,1.000000000000,vtd20_identity
043,000160,043,043160,DAUPHIN - 043160,1.000000000000,vtd20_identity
043,000170,043,043170,DAUPHIN - 043170,1.000000000000,vtd20_identity
043,000180,043,043180,DAUPHIN - 043180,1.000000000000,vtd20_identity
043,000191,043,043190,DAUPHIN - 043190,1.000000000000,vtd20_identity
043,000194,043,043190,DAUPHIN - 043190,0.979591836735,census_block_count
043,000194,043,043835,DAUPHIN - 043835,0.020408163265,census_block_count
043,000200,043,043200,DAUPHIN - 043200,1.000000000000,vtd20_identity
043,000210,043,043210,DAUPHIN - 043210,1.000000000000,vtd20_identity
043,000220,043,043220,DAUPHIN - 043220,1.000000000000,vtd20_identity
043,000230,043,043230,DAUPHIN - 043230,1.000000000000,vtd20_identity
043,000240,043,043240,DAUPHIN - 043240,1.000000000000,vtd20_identity
043,000250,043,043250,DAUPHIN - 043250,1.000000000000,vtd20_identity
043,000260,043,043260,DAUPHIN - 043260,1.000000000000,vtd20_identity
043,000270,043,043270,DAUPHIN - 043270,1.000000000000,vtd20_identity
043,000280,043,043280,DAUPHIN - 043280,1.000000000000,vtd20_identity
043,000290,043,043290,DAUPHIN - 043290,1.000000000000,vtd20_identity
043,000300,043,043300,DAUPHIN - 043300,1.000000000000,vtd20_identity
043,000310,043,043310,DAUPHIN - 043310,1.000000000000,vtd20_identity
043,000320,043,043320,DAUPHIN - 043320,1.000000000000,vtd20_identity
043,000330,043,043330,DAUPHIN - 043330,1.000000000000,vtd20_identity
043,000340,043,043340,DAUPHIN - 043340,1.000000000000,vtd20_identity
043,000350,043,043350,DAUPHIN - 043350,1.000000000000,vtd20_identity
043,000360,043,043360,DAUPHIN - 043360,1.000000000000,vtd20_identity
043,000370,043,043370,DAUPHIN - 043370,1.000000000000,vtd20_identity
043,000380,043,043380,DAUPHIN - 043380,1.000000000000,vtd20_identity
043,000390,043,043390,DAUPHIN - 043390,1.000000000000,vtd20_identity
043,000400,043,043400,DAUPHIN - 043400,1.000000000000,vtd20_identity
043,000410,043,043410,DAUPHIN - 043410,1.000000000000,vtd20_identity
043,000420,043,043420,DAUPHIN - 043420,1.000000000000,vtd20_identity
043,000430,043,043430,DAUPHIN - 043430,1.000000000000,vtd20_identity
043,000440,043,043440,DAUPHIN - 043440,1.000000000000,vtd20_identity
043,000450,043,043450,DAUPHIN - 043450,1.000000000000,vtd20_identity
043,000460,043,043460,DAUPHIN - 043460,1.000000000000,vtd20_identity
043,000470,043,043470,DAUPHIN - 043470,1.000000000000,vtd20_identity
043,000480,043,043480,DAUPHIN - 043480,1.000000000000,vtd20_identity
043,000502,043,043490,DAUPHIN - 043490,0.398601398601,census_block_count
043,000502,043,043500,DAUPHIN - 043500,0.601398601399,census_block_count
043,000510,043,043510,DAUPHIN - 043510,1.000000000000,vtd20_identity
043,000520,043,043520,DAUPHIN - 043520,1.000000000000,vtd20_identity
043,000530,043,043530,DAUPHIN - 043530,1.000000000000,vtd20_identity
043,000540,043,043540,DAUPHIN - 043540,1.000000000000,vtd20_identity
043,000551,043,043550,DAUPHIN - 043550,1.000000000000,vtd20_identity
043,000560,043,043560,DAUPHIN - 043560,1.000000000000,vtd20_identity
043,000565,043,043550,DAUPHIN - 043550,1.000000000000,census_block_count
043,000570,043,043570,DAUPHIN - 043570,1.000000000000,vtd20_identity
043,000580,043,043580,DAUPHIN - 043580,1.000000000000,vtd20_identity
043,000590,043,043590,DAUPHIN - 043590,1.000000000000,vtd20_identity
043,000600,043,043600,DAUPHIN - 043600,1.000000000000,vtd20_identity
043,000610,043,043610,DAUPHIN - 043610,1.000000000000,vtd20_identity
043,000620,043,043620,DAUPHIN - 043620,1.000000000000,vtd20_identity
043,000630,043,043630,DAUPHIN - 043630,1.000000000000,vtd20_identity
043,000640,043,043640,DAUPHIN - 043640,1.000000000000,vtd20_identity
043,000651,043,043650,DAUPHIN - 043650,1.000000000000,vtd20_identity
043,000660,043,043660,DAUPHIN - 043660,1.000000000000,vtd20_identity
043,000670,043,043670,DAUPHIN - 043670,1.000000000000,vtd20_identity
043,000681,043,043680,DAUPHIN - 043680,1.000000000000,census_block_count
043,000690,043,043690,DAUPHIN - 043690,1.000000000000,vtd20_identity
043,000700,043,043700,DAUPHIN - 043700,1.000000000000,vtd20_identity
043,000711,043,043710,DAUPHIN - 043710,1.000000000000,census_block_count
043,000720,043,043720,DAUPHIN - 043720,1.000000000000,vtd20_identity
043,000731,043,043730,DAUPHIN - 043730,1.000000000000,census_block_count
043,000740,043,043740,DAUPHIN - 043740,1.000000000000,vtd20_identity
043,000751,043,043750,DAUPHIN - 043750,1.000000000000,vtd20_identity
043,000760,043,043760,DAUPHIN - 043760,1.000000000000,vtd20_identity
043,000761,043,043680,DAUPHIN - 043680,1.000000000000,vtd20_identity
043,000762,043,043710,DAUPHIN - 043710,0.923076923077,census_block_count
043,000762,043,043730,DAUPHIN - 043730,0.076923076923,census_block_count
043,000763,043,043730,DAUPHIN - 043730,1.000000000000,vtd20_identity
043,000764,043,043650,DAUPHIN - 043650,0.966666666667,census_block_count
043,000764,043,043600,DAUPHIN - 043600,0.033333333333,census_block_count
043,000765,043,043765,DAUPHIN - 043765,1.000000000000,vtd20_identity
043,000766,043,043750,DAUPHIN - 043750,1.000000000000,census_block_count
043,000767,043,043730,DAUPHIN - 043730,1.000000000000,census_block_count
043,000768,043,043710,DAUPHIN - 043710,1.000000000000,vtd20_identity
043,000775,043,043775,DAUPHIN - 043775,1.000000000000,vtd20_identity
043,000785,043,043795,DAUPHIN - 043795,0.022727272727,census_block_count
043,000785,043,043775,DAUPHIN - 043775,0.011363636364,census_block_count
043,000785,043,043785,DAUPHIN - 043785,0.965909090909,census_block_count
043,000795,043,043795,DAUPHIN - 043795,1.000000000000,vtd20_identity
043,000800,043,043800,DAUPHIN - 043800,1.000000000000,vtd20_identity
043,000810,043,043810,DAUPHIN - 043810,1.000000000000,vtd20_identity
043,000820,043,043820,DAUPHIN - 043820,1.000000000000,vtd20_identity
043,000835,043,043835,DAUPHIN - 043835,1.000000000000,vtd20_identity
043,000840,043,043840,DAUPHIN - 043840,1.000000000000,vtd20_identity
043,000845,043,043845,DAUPHIN - 043845,1.000000000000,vtd20_identity
043,000850,043,043850,DAUPHIN - 043850,1.000000000000,vtd20_identity
043,000860,043,043860,DAUPHIN - 043860,1.000000000000,vtd20_identity
043,000870,043,043870,DAUPHIN - 043870,1.000000000000,vtd20_identity
043,000880,043,043880,DAUPHIN - 043880,1.000000000000,vtd20_identity
043,000890,043,043890,DAUPHIN - 043890,1.000000000000,vtd20_identity
043,000900,043,043900,DAUPHIN - 043900,1.000000000000,vtd20_identity
043,000910,043,043910,DAUPHIN - 043910,1.000000000000,vtd20_identity
043,000932,043,0431310,DAUPHIN - 0431310,0.061946902655,census_block_count
043,000932,043,043930,DAUPHIN - 043930,0.557522123894,census_block_count
043,000932,043,043920,DAUPHIN - 043920,0.380530973451,census_block_count
043,000940,043,043940,DAUPHIN - 043940,1.000000000000,vtd20_identity
043,000950,043,043950,DAUPHIN - 043950,1.000000000000,vtd20_identity
043,000960,043,043960,DAUPHIN - 043960,1.000000000000,vtd20_identity
043,000970,043,043970,DAUPHIN - 043970,1.000000000000,vtd20_identity
043,000980,043,043980,DAUPHIN - 043980,1.000000000000,vtd20_identity
043,000990,043,043990,DAUPHIN - 043990,1.000000000000,vtd20_identity
043,001000,043,0431000,DAUPHIN - 0431000,1.000000000000,vtd20_identity
043,001010,043,0431010,DAUPHIN - 0431010,1.000000000000,vtd20_identity
043,001020,043,0431020,DAUPHIN - 0431020,1.000000000000,vtd20_identity
043,001030,043,0431030,DAUPHIN - 0431030,1.000000000000,vtd20_identity
043,001040,043,0431040,DAUPHIN - 0431040,1.000000000000,vtd20_identity
043,001050,043,0431050,DAUPHIN - 0431050,1.000000000000,vtd20_identity
043,001060,043,0431060,DAUPHIN - 0431060,1.000000000000,vtd20_identity
043,001070,043,0431070,DAUPHIN - 0431070,1.000000000000,vtd20_identity
043,001082,043,0431120,DAUPHIN - 0431120,0.013333333333,census_block_count
043,001082,043,0431090,DAUPHIN - 0431090,0.413333333333,census_block_count
043,001082,043,0431080,DAUPHIN - 0431080,0.573333333333,census_block_count
043,001092,043,0431110,DAUPHIN - 0431110,0.400000000000,census_block_count
043,001092,043,0431100,DAUPHIN - 0431100,0.440000000000,census_block_count
043,001092,043,0431240,DAUPHIN - 0431240,0.020000000000,census_block_count
043,001092,043,0431120,DAUPHIN - 0431120,0.020000000000,census_block_count
043,001092,043,0431080,DAUPHIN - 0431080,0.120000000000,census_block_count
043,001120,043,0431120,DAUPHIN - 0431120,1.000000000000,vtd20_identity
043,001135,043,0431135,DAUPHIN - 0431135,1.000000000000,vtd20_identity
043,001145,043,0431145,DAUPHIN - 0431145,1.000000000000,vtd20_identity
043,001155,043,0431155,DAUPHIN - 0431155,1.000000000000,vtd20_identity
043,001165,043,0431165,DAUPHIN - 0431165,1.000000000000,vtd20_identity
043,001175,043,0431175,DAUPHIN - 0431175,1.000000000000,vtd20_identity
043,001185,043,0431185,DAUPHIN - 0431185,1.000000000000,vtd20_identity
043,001195,043,0431195,DAUPHIN - 0431195,1.000000000000,vtd20_identity
043,001205,043,0431205,DAUPHIN - 0431205,1.000000000000,vtd20_identity
043,001215,043,0431215,DAUPHIN - 0431215,1.000000000000,vtd20_identity
043,001220,043,0431220,DAUPHIN - 0431220,1.000000000000,vtd20_identity
043,001230,043,0431230,DAUPHIN - 0431230,1.000000000000,vtd20_identity
043,001240,043,0431240,DAUPHIN - 0431240,1.000000000000,vtd20_identity
043,001250,043,0431250,DAUPHIN - 0431250,1.000000000000,vtd20_identity
043,001262,043,0431260,DAUPHIN - 0431260,1.000000000000,vtd20_identity
043,001272,043,0431260,DAUPHIN - 0431260,0.491228070175,census_block_count
043,001272,043,0431270,DAUPHIN - 0431270,0.508771929825,census_block_count
043,001280,043,0431280,DAUPHIN - 0431280,1.000000000000,vtd20_identity
043,001292,043,0431290,DAUPHIN - 0431290,1.000000000000,vtd20_identity
043,001302,043,0431300,DAUPHIN - 0431300,1.000000000000,vtd20_identity
043,001304,043,0431270,DAUPHIN - 0431270,1.000000000000,vtd20_identity
043,001311,043,0431310,DAUPHIN - 0431310,1.000000000000,census_block_count
043,001313,043,0431310,DAUPHIN - 0431310,1.000000000000,vtd20_identity
043,001320,043,0431320,DAUPHIN - 0431320,1.000000000000,vtd20_identity
043,001330,043,0431330,DAUPHIN - 0431330,1.000000000000,vtd20_identity
043,001340,043,0431340,DAUPHIN - 0431340,1.000000000000,vtd20_identity
043,001352,043,0431350,DAUPHIN - 0431350,1.000000000000,vtd20_identity
043,001362,043,0431360,DAUPHIN - 0431360,1.000000000000,census_block_count
043,001368,043,0431370,DAUPHIN - 0431370,0.333333333333,census_block_count
043,001368,043,0431360,DAUPHIN - 0431360,0.666666666667,census_block_count
043,001372,043,0431370,DAUPHIN - 0431370,1.000000000000,census_block_count
043,001374,043,0431350,DAUPHIN - 0431350,0.100000000000,census_block_count
043,001374,043,0431360,DAUPHIN - 0431360,0.900000000000,census_block_count
043,001376,043,0431350,DAUPHIN - 0431350,0.633333333333,census_block_count
043,001376,043,0431370,DAUPHIN - 0431370,0.066666666667,census_block_count
043,001376,043,0431360,DAUPHIN - 0431360,0.300000000000,census_block_count
043,001380,043,0431380,DAUPHIN - 0431380,1.000000000000,vtd20_identity
043,001390,043,0431390,DAUPHIN - 0431390,1.000000000000,vtd20_identity
043,001400,043,0431400,DAUPHIN - 0431400,1.000000000000,vtd20_identity
043,001410,043,0431410,DAUPHIN - 0431410,1.000000000000,vtd20_identity
043,001420,043,0431420,DAUPHIN - 0431420,1.000000000000,vtd20_identity
045,000010,045,045010,DELAWARE - 045010,1.000000000000,vtd20_identity
045,000020,045,045020,DELAWARE - 045020,1.000000000000,vtd20_identity
045,000030,045,045030,DELAWARE - 045030,1.000000000000,vtd20_identity
045,000040,045,045040,DELAWARE - 045040,1.000000000000,vtd20_identity
045,000050,045,045050,DELAWARE - 045050,1.000000000000,vtd20_identity
045,000060,045,045060,DELAWARE - 045060,1.000000000000,vtd20_identity
045,000070,045,045070,DELAWARE - 045070,1.000000000000,vtd20_identity
045,000080,045,045080,DELAWARE - 045080,1.000000000000,vtd20_identity
045,000090,045,045090,DELAWARE - 045090,1.000000000000,vtd20_identity
045,000091,045,045092,DELAWARE - 045092,1.000000000000,vtd20_identity
045,000099,045,045099,DELAWARE - 045099,1.000000000000,vtd20_identity
045,000101,045,045106,DELAWARE - 045106,1.000000000000,vtd20_identity
045,000103,045,045850,DELAWARE - 045850,0.062500000000,census_block_count
045,000103,045,045092,DELAWARE - 045092,0.937500000000,census_block_count
045,000105,045,045106,DELAWARE - 045106,0.937500000000,census_block_count
045,000105,045,045092,DELAWARE - 045092,0.062500000000,census_block_count
045,000112,045,045099,DELAWARE - 045099,1.000000000000,census_block_count
045,000120,045,045120,DELAWARE - 045120,1.000000000000,vtd20_identity
045,000130,045,045130,DELAWARE - 045130,1.000000000000,vtd20_identity
045,000140,045,045140,DELAWARE - 045140,1.000000000000,vtd20_identity
045,000150,045,045150,DELAWARE - 045150,1.000000000000,vtd20_identity
045,000160,045,045160,DELAWARE - 045160,1.000000000000,vtd20_identity
045,000170,045,045170,DELAWARE - 045170,1.000000000000,vtd20_identity
045,000174,045,045175,DELAWARE - 045175,1.000000000000,census_block_count
045,000177,045,045175,DELAWARE - 045175,1.000000000000,vtd20_identity
045,000180,045,045180,DELAWARE - 045180,1.000000000000,vtd20_identity
045,000190,045,045190,DELAWARE - 045190,1.000000000000,vtd20_identity
045,000200,045,045200,DELAWARE - 045200,1.000000000000,vtd20_identity
045,000210,045,045210,DELAWARE - 045210,1.000000000000,vtd20_identity
045,000220,045,045220,DELAWARE - 045220,1.000000000000,vtd20_identity
045,000230,045,045230,DELAWARE - 045230,1.000000000000,vtd20_identity
045,000240,045,045240,DELAWARE - 045240,1.000000000000,vtd20_identity
045,000250,045,045250,DELAWARE - 045250,1.000000000000,vtd20_identity
045,000260,045,045260,DELAWARE - 045260,1.000000000000,vtd20_identity
045,000270,045,045270,DELAWARE - 045270,1.000000000000,vtd20_identity
045,000280,045,045280,DELAWARE - 045280,1.000000000000,vtd20_identity
045,000290,045,045290,DELAWARE - 045290,1.000000000000,vtd20_identity
045,000305,045,045305,DELAWARE - 045305,1.000000000000,vtd20_identity
045,000315,045,045260,DELAWARE - 045260,0.029411764706,census_block_count
045,000315,045,045330,DELAWARE - 045330,0.588235294118,census_block_count
045,000315,045,045310,DELAWARE - 045310,0.382352941176,census_block_count
045,000335,045,045340,DELAWARE - 045340,1.000000000000,vtd20_identity
045,000345,045,045350,DELAWARE - 045350,1.000000000000,vtd20_identity
045,000360,045,045360,DELAWARE - 045360,1.000000000000,vtd20_identity
045,000370,045,045370,DELAWARE - 045370,1.000000000000,vtd20_identity
045,000380,045,045380,DELAWARE - 045380,1.000000000000,vtd20_identity
045,000395,045,045395,DELAWARE - 045395,1.000000000000,vtd20_identity
045,000410,045,045410,DELAWARE - 045410,1.000000000000,vtd20_identity
045,000420,045,045420,DELAWARE - 045420,1.000000000000,vtd20_identity
045,000435,045,045430,DELAWARE - 045430,0.525000000000,census_block_count
045,000435,045,045510,DELAWARE - 045510,0.012500000000,census_block_count
045,000435,045,045470,DELAWARE - 045470,0.137500000000,census_block_count
045,000435,045,045360,DELAWARE - 045360,0.012500000000,census_block_count
045,000435,045,045395,DELAWARE - 045395,0.012500000000,census_block_count
045,000435,045,045490,DELAWARE - 045490,0.037500000000,census_block_count
045,000435,045,045480,DELAWARE - 045480,0.262500000000,census_block_count
045,000440,045,045440,DELAWARE - 045440,1.000000000000,vtd20_identity
045,000475,045,045490,DELAWARE - 045490,1.000000000000,vtd20_identity
045,000485,045,045500,DELAWARE - 045500,1.000000000000,vtd20_identity
045,000495,045,045500,DELAWARE - 045500,0.666666666667,census_block_count
045,000495,045,045490,DELAWARE - 045490,0.333333333333,census_block_count
045,000510,045,045510,DELAWARE - 045510,1.000000000000,vtd20_identity
045,000520,045,045520,DELAWARE - 045520,1.000000000000,vtd20_identity
045,000530,045,045530,DELAWARE - 045530,1.000000000000,vtd20_identity
045,000545,045,045540,DELAWARE - 045540,0.353846153846,census_block_count
045,000545,045,045550,DELAWARE - 045550,0.646153846154,census_block_count
045,000555,045,045560,DELAWARE - 045560,1.000000000000,vtd20_identity
045,000562,045,045570,DELAWARE - 045570,1.000000000000,vtd20_identity
045,000568,045,045565,DELAWARE - 045565,1.000000000000,vtd20_identity
045,000572,045,045575,DELAWARE - 045575,1.000000000000,vtd20_identity
045,000578,045,045610,DELAWARE - 045610,1.000000000000,vtd20_identity
045,000630,045,045630,DELAWARE - 045630,1.000000000000,vtd20_identity
045,000640,045,045640,DELAWARE - 045640,1.000000000000,vtd20_identity
045,000650,045,045650,DELAWARE - 045650,1.000000000000,vtd20_identity
045,000660,045,045660,DELAWARE - 045660,1.000000000000,vtd20_identity
045,000670,045,045670,DELAWARE - 045670,1.000000000000,vtd20_identity
045,000680,045,045680,DELAWARE - 045680,1.000000000000,vtd20_identity
045,000690,045,045690,DELAWARE - 045690,1.000000000000,vtd20_identity
045,000700,045,045700,DELAWARE - 045700,1.000000000000,vtd20_identity
045,000710,045,045710,DELAWARE - 045710,1.000000000000,vtd20_identity
045,000720,045,045720,DELAWARE - 045720,1.000000000000,vtd20_identity
045,000730,045,045730,DELAWARE - 045730,1.000000000000,vtd20_identity
045,000740,045,045740,DELAWARE - 045740,1.000000000000,census_block_count
045,000750,045,045750,DELAWARE - 045750,1.000000000000,vtd20_identity
045,000760,045,045760,DELAWARE - 045760,1.000000000000,vtd20_identity
045,000770,045,045770,DELAWARE - 045770,1.000000000000,vtd20_identity
045,000780,045,045780,DELAWARE - 045780,1.000000000000,vtd20_identity
045,000790,045,045790,DELAWARE - 045790,1.000000000000,vtd20_identity
045,000800,045,045800,DELAWARE - 045800,0.285714285714,census_block_count
045,000800,045,045740,DELAWARE - 045740,0.714285714286,census_block_count
045,000810,045,045810,DELAWARE - 045810,1.000000000000,vtd20_identity
045,000816,045,045815,DELAWARE - 045815,1.000000000000,vtd20_identity
045,000820,045,045820,DELAWARE - 045820,1.000000000000,vtd20_identity
045,000824,045,045825,DELAWARE - 045825,0.423076923077,census_block_count
045,000824,045,045830,DELAWARE - 045830,0.576923076923,census_block_count
045,000828,045,045825,DELAWARE - 045825,0.129032258065,census_block_count
045,000828,045,045850,DELAWARE - 045850,0.483870967742,census_block_count
045,000828,045,045830,DELAWARE - 045830,0.387096774194,census_block_count
045,000829,045,045825,DELAWARE - 045825,1.000000000000,vtd20_identity
045,000831,045,045830,DELAWARE - 045830,1.000000000000,vtd20_identity
045,000833,045,045830,DELAWARE - 045830,1.000000000000,census_block_count
045,000834,045,045830,DELAWARE - 045830,1.000000000000,census_block_count
045,000836,045,045815,DELAWARE - 045815,0.900000000000,census_block_count
045,000836,045,045850,DELAWARE - 045850,0.100000000000,census_block_count
045,000843,045,045850,DELAWARE - 045850,1.000000000000,vtd20_identity
045,000851,045,045850,DELAWARE - 045850,1.000000000000,census_block_count
045,000856,045,045850,DELAWARE - 045850,1.000000000000,census_block_count
045,000860,045,045860,DELAWARE - 045860,1.000000000000,vtd20_identity
045,000870,045,045870,DELAWARE - 045870,1.000000000000,vtd20_identity
045,000880,045,045880,DELAWARE - 045880,1.000000000000,vtd20_identity
045,000890,045,045890,DELAWARE - 045890,1.000000000000,vtd20_identity
045,000900,045,045900,DELAWARE - 045900,1.000000000000,vtd20_identity
045,000910,045,045910,DELAWARE - 045910,1.000000000000,vtd20_identity
045,000920,045,045920,DELAWARE - 045920,1.000000000000,vtd20_identity
045,000930,045,045930,DELAWARE - 045930,1.000000000000,vtd20_identity
045,000940,045,045940,DELAWARE - 045940,1.000000000000,vtd20_identity
045,000950,045,045960,DELAWARE - 045960,1.000000000000,vtd20_identity
045,000960,045,045940,DELAWARE - 045940,0.058823529412,census_block_count
045,000960,045,045930,DELAWARE - 045930,0.176470588235,census_block_count
045,000960,045,045960,DELAWARE - 045960,0.764705882353,census_block_count
045,000970,045,045970,DELAWARE - 045970,0.592592592593,census_block_count
045,000970,045,045950,DELAWARE - 045950,0.407407407407,census_block_count
045,000980,045,045980,DELAWARE - 045980,1.000000000000,vtd20_identity
045,000990,045,045990,DELAWARE - 045990,1.000000000000,vtd20_identity
045,001000,045,0451000,DELAWARE - 0451000,1.000000000000,vtd20_identity
045,001005,045,0451030,DELAWARE - 0451030,1.000000000000,census_block_count
045,001010,045,0451010,DELAWARE - 0451010,1.000000000000,vtd20_identity
045,001015,045,0451030,DELAWARE - 0451030,1.000000000000,vtd20_identity
045,001020,045,0451020,DELAWARE - 0451020,1.000000000000,vtd20_identity
045,001040,045,0451040,DELAWARE - 0451040,1.000000000000,vtd20_identity
045,001050,045,0451050,DELAWARE - 0451050,1.000000000000,vtd20_identity
045,001060,045,0451060,DELAWARE - 0451060,1.000000000000,vtd20_identity
045,001070,045,0451070,DELAWARE - 0451070,1.000000000000,vtd20_identity
045,001080,045,0451080,DELAWARE - 0451080,1.000000000000,vtd20_identity
045,001090,045,0451090,DELAWARE - 0451090,1.000000000000,vtd20_identity
045,001100,045,0451100,DELAWARE - 0451100,1.000000000000,vtd20_identity
045,001110,045,0451110,DELAWARE - 0451110,1.000000000000,vtd20_identity
045,001120,045,0451120,DELAWARE - 0451120,1.000000000000,vtd20_identity
045,001130,045,0451130,DELAWARE - 0451130,1.000000000000,vtd20_identity
045,001140,045,0451140,DELAWARE - 0451140,1.000000000000,vtd20_identity
045,001150,045,0451150,DELAWARE - 0451150,1.000000000000,vtd20_identity
045,001160,045,0451160,DELAWARE - 0451160,0.764705882353,census_block_count
045,001160,045,0451170,DELAWARE - 0451170,0.235294117647,census_block_count
045,001170,045,0451190,DELAWARE - 0451190,1.000000000000,vtd20_identity
045,001180,045,0451180,DELAWARE - 0451180,1.000000000000,vtd20_identity
045,001200,045,0451200,DELAWARE - 0451200,1.000000000000,vtd20_identity
045,001210,045,0451210,DELAWARE - 0451210,1.000000000000,vtd20_identity
045,001220,045,0451220,DELAWARE - 0451220,1.000000000000,vtd20_identity
045,001230,045,0451230,DELAWARE - 0451230,1.000000000000,vtd20_identity
045,001240,045,0451240,DELAWARE - 0451240,1.000000000000,vtd20_identity
045,001250,045,0451250,DELAWARE - 0451250,1.000000000000,vtd20_identity
045,001260,045,0451260,DELAWARE - 0451260,0.777777777778,census_block_count
045,001260,045,0451390,DELAWARE - 0451390,0.111111111111,census_block_count
045,001260,045,0451430,DELAWARE - 0451430,0.111111111111,census_block_count
045,001270,045,0451270,DELAWARE - 0451270,1.000000000000,vtd20_identity
045,001280,045,0451280,DELAWARE - 0451280,1.000000000000,vtd20_identity
045,001290,045,0451290,DELAWARE - 0451290,1.000000000000,vtd20_identity
045,001300,045,0451300,DELAWARE - 0451300,1.000000000000,vtd20_identity
045,001310,045,0451310,DELAWARE - 0451310,1.000000000000,vtd20_identity
045,001320,045,0451320,DELAWARE - 0451320,1.000000000000,vtd20_identity
045,001330,045,0451330,DELAWARE - 0451330,1.000000000000,vtd20_identity
045,001340,045,0451340,DELAWARE - 0451340,1.000000000000,vtd20_identity
045,001350,045,0451350,DELAWARE - 0451350,1.000000000000,vtd20_identity
045,001360,045,0451360,DELAWARE - 0451360,1.000000000000,vtd20_identity
045,001370,045,0451370,DELAWARE - 0451370,1.000000000000,vtd20_identity
045,001380,045,0451380,DELAWARE - 0451380,1.000000000000,vtd20_identity
045,001390,045,0451340,DELAWARE - 0451340,0.041666666667,census_block_count
045,001390,045,0451370,DELAWARE - 0451370,0.291666666667,census_block_count
045,001390,045,0451380,DELAWARE - 0451380,0.166666666667,census_block_count
045,001390,045,0451360,DELAWARE - 0451360,0.125000000000,census_block_count
045,001390,045,0451390,DELAWARE - 0451390,0.375000000000,census_block_count
045,001400,045,0451400,DELAWARE - 0451400,1.000000000000,vtd20_identity
045,001410,045,0451410,DELAWARE - 0451410,1.000000000000,vtd20_identity
045,001420,045,0451420,DELAWARE - 0451420,1.000000000000,vtd20_identity
045,001430,045,0451430,DELAWARE - 0451430,1.000000000000,vtd20_identity
045,001440,045,0451440,DELAWARE - 0451440,1.000000000000,vtd20_identity
045,001450,045,0451450,DELAWARE - 0451450,1.000000000000,vtd20_identity
045,001460,045,0451460,DELAWARE - 0451460,1.000000000000,vtd20_identity
045,001470,045,0451470,DELAWARE - 0451470,1.000000000000,vtd20_identity
045,001480,045,0451480,DELAWARE - 0451480,1.000000000000,vtd20_identity
045,001490,045,0451490,DELAWARE - 0451490,1.000000000000,vtd20_identity
045,001500,045,0451500,DELAWARE - 0451500,1.000000000000,vtd20_identity
045,001510,045,0451510,DELAWARE - 0451510,1.000000000000,vtd20_identity
045,001520,045,0451520,DELAWARE - 0451520,1.000000000000,vtd20_identity
045,001530,045,0451530,DELAWARE - 0451530,1.000000000000,vtd20_identity
045,001540,045,0451540,DELAWARE - 0451540,1.000000000000,vtd20_identity
045,001550,045,0451550,DELAWARE - 0451550,1.000000000000,vtd20_identity
045,001560,045,0451560,DELAWARE - 0451560,1.000000000000,vtd20_identity
045,001570,045,0451570,DELAWARE - 0451570,1.000000000000,vtd20_identity
045,001580,045,0451580,DELAWARE - 0451580,1.000000000000,vtd20_identity
045,001590,045,0451590,DELAWARE - 0451590,1.000000000000,vtd20_identity
045,001600,045,0451600,DELAWARE - 0451600,1.000000000000,vtd20_identity
045,001610,045,0451610,DELAWARE - 0451610,1.000000000000,vtd20_identity
045,001620,045,0451620,DELAWARE - 0451620,1.000000000000,vtd20_identity
045,001630,045,0451630,DELAWARE - 0451630,1.000000000000,vtd20_identity
045,001640,045,0451640,DELAWARE - 0451640,1.000000000000,vtd20_identity
045,001650,045,0451650,DELAWARE - 0451650,1.000000000000,vtd20_identity
045,001660,045,0451660,DELAWARE - 0451660,1.000000000000,vtd20_identity
045,001670,045,0451670,DELAWARE - 0451670,1.000000000000,vtd20_identity
045,001680,045,0451680,DELAWARE - 0451680,1.000000000000,vtd20_identity
045,001690,045,0451690,DELAWARE - 0451690,1.000000000000,vtd20_identity
045,001700,045,0451690,DELAWARE - 0451690,0.368421052632,census_block_count
045,001700,045,0451710,DELAWARE - 0451710,0.368421052632,census_block_count
045,001700,045,0451700,DELAWARE - 0451700,0.263157894737,census_block_count
045,001710,045,0451740,DELAWARE - 0451740,0.086956521739,census_block_count
045,001710,045,0451690,DELAWARE - 0451690,0.521739130435,census_block_count
045,001710,045,0451730,DELAWARE - 0451730,0.043478260870,census_block_count
045,001710,045,0451280,DELAWARE - 0451280,0.043478260870,census_block_count
045,001710,045,0451710,DELAWARE - 0451710,0.130434782609,census_block_count
045,001710,045,0451700,DELAWARE - 0451700,0.173913043478,census_block_count
045,001720,045,0451730,DELAWARE - 0451730,0.409090909091,census_block_count
045,001720,045,0451720,DELAWARE - 0451720,0.590909090909,census_block_count
045,001730,045,0451740,DELAWARE - 0451740,0.250000000000,census_block_count
045,001730,045,0451730,DELAWARE - 0451730,0.100000000000,census_block_count
045,001730,045,0451830,DELAWARE - 0451830,0.650000000000,census_block_count
045,001740,045,0451740,DELAWARE - 0451740,1.000000000000,vtd20_identity
045,001750,045,0451750,DELAWARE - 0451750,1.000000000000,vtd20_identity
045,001760,045,0451760,DELAWARE - 0451760,1.000000000000,vtd20_identity
045,001770,045,0451770,DELAWARE - 0451770,1.000000000000,vtd20_identity
045,001780,045,0451780,DELAWARE - 0451780,1.000000000000,vtd20_identity
045,001790,045,0451790,DELAWARE - 0451790,0.833333333333,census_block_count
045,001790,045,0451890,DELAWARE - 0451890,0.166666666667,census_block_count
045,001800,045,0451800,DELAWARE - 0451800,1.000000000000,vtd20_identity
045,001810,045,0451810,DELAWARE - 0451810,1.000000000000,vtd20_identity
045,001820,045,0451820,DELAWARE - 0451820,1.000000000000,vtd20_identity
045,001830,045,0451830,DELAWARE - 0451830,1.000000000000,vtd20_identity
045,001840,045,0451840,DELAWARE - 0451840,0.533333333333,census_block_count
045,001840,045,0451850,DELAWARE - 0451850,0.333333333333,census_block_count
045,001840,045,0451860,DELAWARE - 0451860,0.133333333333,census_block_count
045,001850,045,0451850,DELAWARE - 0451850,0.333333333333,census_block_count
045,001850,045,0451860,DELAWARE - 0451860,0.166666666667,census_block_count
045,001850,045,0451870,DELAWARE - 0451870,0.500000000000,census_block_count
045,001860,045,0451860,DELAWARE - 0451860,1.000000000000,vtd20_identity
045,001870,045,0451870,DELAWARE - 0451870,1.000000000000,vtd20_identity
045,001880,045,0451880,DELAWARE - 0451880,1.000000000000,vtd20_identity
045,001890,045,0451790,DELAWARE - 0451790,0.076923076923,census_block_count
045,001890,045,0451870,DELAWARE - 0451870,0.230769230769,census_block_count
045,001890,045,0451880,DELAWARE - 0451880,0.538461538462,census_block_count
045,001890,045,0451890,DELAWARE - 0451890,0.153846153846,census_block_count
045,001900,045,0451900,DELAWARE - 0451900,1.000000000000,vtd20_identity
045,001910,045,0451910,DELAWARE - 0451910,1.000000000000,vtd20_identity
045,001920,045,0451920,DELAWARE - 0451920,1.000000000000,vtd20_identity
045,001930,045,0451930,DELAWARE - 0451930,1.000000000000,vtd20_identity
045,001940,045,0451940,DELAWARE - 0451940,0.533333333333,census_block_count
045,001940,045,0451970,DELAWARE - 0451970,0.466666666667,census_block_count
045,001950,045,0451950,DELAWARE - 0451950,1.000000000000,vtd20_identity
045,001955,045,0451940,DELAWARE - 0451940,1.000000000000,vtd20_identity
045,001960,045,0451960,DELAWARE - 0451960,1.000000000000,vtd20_identity
045,001970,045,0451970,DELAWARE - 0451970,1.000000000000,vtd20_identity
045,001975,045,0451980,DELAWARE - 0451980,1.000000000000,vtd20_identity
045,001980,045,0451980,DELAWARE - 0451980,1.000000000000,census_block_count
045,001990,045,0451990,DELAWARE - 0451990,1.000000000000,vtd20_identity
045,001995,045,0452000,DELAWARE - 0452000,0.130434782609,census_block_count
045,001995,045,0451990,DELAWARE - 0451990,0.173913043478,census_block_count
045,001995,045,045680,DELAWARE - 045680,0.043478260870,census_block_count
045,001995,045,0452010,DELAWARE - 0452010,0.652173913043,census_block_count
045,002000,045,0452000,DELAWARE - 0452000,1.000000000000,vtd20_identity
045,002010,045,0452010,DELAWARE - 0452010,1.000000000000,vtd20_identity
045,002015,045,0452000,DELAWARE - 0452000,0.760000000000,census_block_count
045,002015,045,0452010,DELAWARE - 0452010,0.240000000000,census_block_count
045,002020,045,0452020,DELAWARE - 0452020,1.000000000000,vtd20_identity
045,002030,045,0452030,DELAWARE - 0452030,1.000000000000,vtd20_identity
045,002042,045,0452040,DELAWARE - 0452040,1.000000000000,census_block_count
045,002045,045,0452040,DELAWARE - 0452040,1.000000000000,vtd20_identity
045,002052,045,0452050,DELAWARE - 0452050,1.000000000000,vtd20_identity
045,002055,045,0452040,DELAWARE - 0452040,0.444444444444,census_block_count
045,002055,045,0452090,DELAWARE - 0452090,0.111111111111,census_block_count
045,002055,045,0452050,DELAWARE - 0452050,0.444444444444,census_block_count
045,002061,045,0452060,DELAWARE - 0452060,1.000000000000,vtd20_identity
045,002072,045,0452070,DELAWARE - 0452070,1.000000000000,vtd20_identity
045,002075,045,0452070,DELAWARE - 0452070,1.000000000000,census_block_count
045,002082,045,0452080,DELAWARE - 0452080,0.444444444444,census_block_count
045,002082,045,0452090,DELAWARE - 0452090,0.555555555556,census_block_count
045,002085,045,0452080,DELAWARE - 0452080,1.000000000000,census_block_count
045,002091,045,0452090,DELAWARE - 0452090,1.000000000000,census_block_count
045,002095,045,0452080,DELAWARE - 0452080,1.000000000000,vtd20_identity
045,002097,045,0452090,DELAWARE - 0452090,1.000000000000,vtd20_identity
045,002099,045,0452080,DELAWARE - 0452080,0.142857142857,census_block_count
045,002099,045,0452090,DELAWARE - 0452090,0.857142857143,census_block_count
045,002100,045,0452100,DELAWARE - 0452100,1.000000000000,vtd20_identity
045,002110,045,0452110,DELAWARE - 0452110,1.000000000000,vtd20_identity
045,002120,045,0452120,DELAWARE - 0452120,1.000000000000,vtd20_identity
045,002130,045,0452130,DELAWARE - 0452130,1.000000000000,vtd20_identity
045,002140,045,0452140,DELAWARE - 0452140,1.000000000000,vtd20_identity
045,002150,045,0452150,DELAWARE - 0452150,1.000000000000,vtd20_identity
045,002160,045,0452160,DELAWARE - 0452160,1.000000000000,vtd20_identity
045,002170,045,0452170,DELAWARE - 0452170,1.000000000000,vtd20_identity
045,002180,045,0452180,DELAWARE - 0452180,1.000000000000,vtd20_identity
045,002190,045,0452190,DELAWARE - 0452190,1.000000000000,vtd20_identity
045,002200,045,0452200,DELAWARE - 0452200,1.000000000000,vtd20_identity
045,002210,045,0452210,DELAWARE - 0452210,1.000000000000,vtd20_identity
045,002220,045,0452220,DELAWARE - 0452220,1.000000000000,vtd20_identity
045,002230,045,0452230,DELAWARE - 0452230,1.000000000000,vtd20_identity
045,002240,045,0452240,DELAWARE - 0452240,1.000000000000,vtd20_identity
045,002250,045,0452250,DELAWARE - 0452250,1.000000000000,vtd20_identity
045,002260,045,0452260,DELAWARE - 0452260,1.000000000000,vtd20_identity
045,002270,045,0452270,DELAWARE - 0452270,1.000000000000,vtd20_identity
045,002280,045,0452280,DELAWARE - 0452280,1.000000000000,vtd20_identity
045,002290,045,0452290,DELAWARE - 0452290,1.000000000000,vtd20_identity
045,002300,045,0452300,DELAWARE - 0452300,1.000000000000,vtd20_identity
045,002310,045,0452310,DELAWARE - 0452310,1.000000000000,vtd20_identity
045,002321,045,0452320,DELAWARE - 0452320,1.000000000000,vtd20_identity
045,002330,045,0452330,DELAWARE - 0452330,1.000000000000,vtd20_identity
045,002340,045,0452340,DELAWARE - 0452340,0.954545454545,census_block_count
045,002340,045,0452320,DELAWARE - 0452320,0.045454545455,census_block_count
045,002345,045,0452405,DELAWARE - 0452405,1.000000000000,vtd20_identity
045,002350,045,0452350,DELAWARE - 0452350,1.000000000000,vtd20_identity
045,002357,045,0452320,DELAWARE - 0452320,1.000000000000,census_block_count
045,002370,045,0452350,DELAWARE - 0452350,0.192307692308,census_block_count
045,002370,045,0452340,DELAWARE - 0452340,0.038461538462,census_block_count
045,002370,045,0452330,DELAWARE - 0452330,0.038461538462,census_block_count
045,002370,045,0452370,DELAWARE - 0452370,0.673076923077,census_block_count
045,002370,045,0452355,DELAWARE - 0452355,0.057692307692,census_block_count
045,002380,045,0452380,DELAWARE - 0452380,1.000000000000,vtd20_identity
045,002390,045,0452390,DELAWARE - 0452390,1.000000000000,vtd20_identity
045,002400,045,0452400,DELAWARE - 0452400,1.000000000000,vtd20_identity
045,002410,045,0452410,DELAWARE - 0452410,1.000000000000,vtd20_identity
045,002420,045,0452430,DELAWARE - 0452430,0.560000000000,census_block_count
045,002420,045,0452420,DELAWARE - 0452420,0.440000000000,census_block_count
045,002430,045,0452430,DELAWARE - 0452430,0.032258064516,census_block_count
045,002430,045,0452420,DELAWARE - 0452420,0.322580645161,census_block_count
045,002430,045,0452360,DELAWARE - 0452360,0.645161290323,census_block_count
045,002440,045,0452440,DELAWARE - 0452440,1.000000000000,vtd20_identity
045,002450,045,0452450,DELAWARE - 0452450,1.000000000000,vtd20_identity
045,002460,045,0452460,DELAWARE - 0452460,1.000000000000,vtd20_identity
045,002470,045,0452470,DELAWARE - 0452470,1.000000000000,vtd20_identity
045,002480,045,0452480,DELAWARE - 0452480,1.000000000000,vtd20_identity
045,002490,045,0452490,DELAWARE - 0452490,1.000000000000,vtd20_identity
045,002500,045,0452500,DELAWARE - 0452500,1.000000000000,vtd20_identity
045,002510,045,0452510,DELAWARE - 0452510,1.000000000000,vtd20_identity
045,002520,045,0452520,DELAWARE - 0452520,1.000000000000,vtd20_identity
045,002530,045,0452530,DELAWARE - 0452530,1.000000000000,vtd20_identity
045,002540,045,0452540,DELAWARE - 0452540,1.000000000000,vtd20_identity
045,002550,045,0452550,DELAWARE - 0452550,1.000000000000,vtd20_identity
045,002560,045,0452560,DELAWARE - 0452560,1.000000000000,vtd20_identity
045,002570,045,0452570,DELAWARE - 0452570,1.000000000000,vtd20_identity
045,002580,045,0452580,DELAWARE - 0452580,0.842105263158,census_block_count
045,002580,045,0452660,DELAWARE - 0452660,0.105263157895,census_block_count
045,002580,045,0452470,DELAWARE - 0452470,0.052631578947,census_block_count
045,002590,045,0452590,DELAWARE - 0452590,1.000000000000,vtd20_identity
045,002600,045,0452600,DELAWARE - 0452600,1.000000000000,vtd20_identity
045,002610,045,0452610,DELAWARE - 0452610,1.000000000000,vtd20_identity
045,002620,045,0452620,DELAWARE - 0452620,1.000000000000,vtd20_identity
045,002630,045,0452630,DELAWARE - 0452630,1.000000000000,vtd20_identity
045,002640,045,0452640,DELAWARE - 0452640,1.000000000000,vtd20_identity
045,002650,045,0452650,DELAWARE - 0452650,1.000000000000,vtd20_identity
045,002660,045,0452660,DELAWARE - 0452660,1.000000000000,vtd20_identity
045,002670,045,0452670,DELAWARE - 0452670,1.000000000000,vtd20_identity
045,002680,045,0452680,DELAWARE - 0452680,1.000000000000,vtd20_identity
045,002690,045,0452690,DELAWARE - 0452690,1.000000000000,vtd20_identity
045,002700,045,0452700,DELAWARE - 0452700,1.000000000000,vtd20_identity
045,002710,045,0452710,DELAWARE - 0452710,1.000000000000,vtd20_identity
045,002720,045,0452720,DELAWARE - 0452720,1.000000000000,vtd20_identity
045,002730,045,0452730,DELAWARE - 0452730,1.000000000000,vtd20_identity
045,002740,045,0452740,DELAWARE - 0452740,1.000000000000,vtd20_identity
045,002750,045,0452750,DELAWARE - 0452750,1.000000000000,vtd20_identity
045,002755,045,0452755,DELAWARE - 0452755,1.000000000000,vtd20_identity
045,002760,045,0452760,DELAWARE - 0452760,1.000000000000,vtd20_identity
045,002770,045,0452770,DELAWARE - 0452770,1.000000000000,vtd20_identity
045,002775,045,0452775,DELAWARE - 0452775,1.000000000000,vtd20_identity
045,002780,045,0452780,DELAWARE - 0452780,1.000000000000,vtd20_identity
045,002790,045,0452790,DELAWARE - 0452790,1.000000000000,vtd20_identity
045,002800,045,0452800,DELAWARE - 0452800,1.000000000000,vtd20_identity
045,002805,045,0452805,DELAWARE - 0452805,1.000000000000,vtd20_identity
045,002810,045,0452810,DELAWARE - 0452810,1.000000000000,vtd20_identity
045,002820,045,0452820,DELAWARE - 0452820,1.000000000000,vtd20_identity
045,002825,045,0452825,DELAWARE - 0452825,1.000000000000,vtd20_identity
045,002830,045,0452830,DELAWARE - 0452830,1.000000000000,vtd20_identity
045,002840,045,0452840,DELAWARE - 0452840,1.000000000000,vtd20_identity
045,002845,045,0452845,DELAWARE - 0452845,1.000000000000,vtd20_identity
045,002850,045,0452850,DELAWARE - 0452850,1.000000000000,vtd20_identity
045,002860,045,0452860,DELAWARE - 0452860,1.000000000000,vtd20_identity
045,002863,045,0452863,DELAWARE - 0452863,1.000000000000,vtd20_identity
045,002866,045,0452866,DELAWARE - 0452866,1.000000000000,vtd20_identity
045,002870,045,0452870,DELAWARE - 0452870,1.000000000000,vtd20_identity
045,002880,045,0452880,DELAWARE - 0452880,1.000000000000,vtd20_identity
045,002885,045,0452885,DELAWARE - 0452885,1.000000000000,vtd20_identity
045,002890,045,0452890,DELAWARE - 0452890,1.000000000000,vtd20_identity
045,002900,045,0452900,DELAWARE - 0452900,1.000000000000,vtd20_identity
045,002910,045,0452910,DELAWARE - 0452910,1.000000000000,vtd20_identity
045,002912,045,0452925,DELAWARE - 0452925,1.000000000000,vtd20_identity
045,002916,045,0452925,DELAWARE - 0452925,1.000000000000,census_block_count
045,002920,045,0452920,DELAWARE - 0452920,1.000000000000,vtd20_identity
045,002921,045,0452915,DELAWARE - 0452915,1.000000000000,census_block_count
045,002924,045,0452925,DELAWARE - 0452925,1.000000000000,vtd20_identity
045,002928,045,0452915,DELAWARE - 0452915,1.000000000000,vtd20_identity
045,002930,045,0452930,DELAWARE - 0452930,1.000000000000,vtd20_identity
045,002950,045,0452950,DELAWARE - 0452950,1.000000000000,vtd20_identity
045,002960,045,0452960,DELAWARE - 0452960,1.000000000000,vtd20_identity
045,002970,045,0452970,DELAWARE - 0452970,1.000000000000,vtd20_identity
045,002980,045,0452980,DELAWARE - 0452980,1.000000000000,vtd20_identity
045,002990,045,0452990,DELAWARE - 0452990,1.000000000000,vtd20_identity
045,003000,045,0453000,DELAWARE - 0453000,1.000000000000,vtd20_identity
045,003010,045,0453010,DELAWARE - 0453010,1.000000000000,vtd20_identity
045,003020,045,0453020,DELAWARE - 0453020,1.000000000000,vtd20_identity
045,003030,045,0453030,DELAWARE - 0453030,1.000000000000,vtd20_identity
045,003040,045,0453040,DELAWARE - 0453040,1.000000000000,vtd20_identity
045,003043,045,0453043,DELAWARE - 0453043,1.000000000000,vtd20_identity
045,003048,045,0453048,DELAWARE - 0453048,1.000000000000,vtd20_identity
045,003050,045,0453050,DELAWARE - 0453050,1.000000000000,vtd20_identity
045,003053,045,0453053,DELAWARE - 0453053,1.000000000000,vtd20_identity
045,003058,045,0453058,DELAWARE - 0453058,1.000000000000,vtd20_identity
045,003063,045,0453063,DELAWARE - 0453063,1.000000000000,vtd20_identity
045,003068,045,0453068,DELAWARE - 0453068,1.000000000000,vtd20_identity
045,003073,045,0453073,DELAWARE - 0453073,1.000000000000,vtd20_identity
045,003078,045,0453078,DELAWARE - 0453078,1.000000000000,vtd20_identity
045,003083,045,0453083,DELAWARE - 0453083,1.000000000000,vtd20_identity
045,003088,045,0453088,DELAWARE - 0453088,1.000000000000,vtd20_identity
045,003110,045,0453110,DELAWARE - 0453110,1.000000000000,vtd20_identity
045,003120,045,0453120,DELAWARE - 0453120,1.000000000000,vtd20_identity
045,003130,045,0453130,DELAWARE - 0453130,1.000000000000,vtd20_identity
045,003140,045,0453140,DELAWARE - 0453140,1.000000000000,vtd20_identity
045,003150,045,0453150,DELAWARE - 0453150,1.000000000000,vtd20_identity
045,003160,045,0453160,DELAWARE - 0453160,1.000000000000,vtd20_identity
045,003170,045,0453170,DELAWARE - 0453170,1.000000000000,vtd20_identity
045,003180,045,0453180,DELAWARE - 0453180,1.000000000000,vtd20_identity
045,003190,045,0453190,DELAWARE - 0453190,1.000000000000,vtd20_identity
045,003200,045,0453200,DELAWARE - 0453200,1.000000000000,vtd20_identity
045,003210,045,0453210,DELAWARE - 0453210,1.000000000000,vtd20_identity
045,003220,045,0453220,DELAWARE - 0453220,1.000000000000,vtd20_identity
045,003230,045,0453230,DELAWARE - 0453230,1.000000000000,vtd20_identity
045,003240,045,0453240,DELAWARE - 0453240,1.000000000000,vtd20_identity
045,003250,045,0453250,DELAWARE - 0453250,1.000000000000,vtd20_identity
045,003255,045,0453255,DELAWARE - 0453255,1.000000000000,vtd20_identity
045,003260,045,0453260,DELAWARE - 0453260,1.000000000000,vtd20_identity
045,003280,045,0453280,DELAWARE - 0453280,1.000000000000,vtd20_identity
045,003291,045,0453490,DELAWARE - 0453490,1.000000000000,vtd20_identity
045,003300,045,0453300,DELAWARE - 0453300,1.000000000000,vtd20_identity
045,003311,045,0453530,DELAWARE - 0453530,1.000000000000,vtd20_identity
045,003320,045,0453320,DELAWARE - 0453320,1.000000000000,vtd20_identity
045,003330,045,0453330,DELAWARE - 0453330,1.000000000000,vtd20_identity
045,003340,045,0453340,DELAWARE - 0453340,1.000000000000,vtd20_identity
045,003350,045,0453350,DELAWARE - 0453350,1.000000000000,vtd20_identity
045,003362,045,0453360,DELAWARE - 0453360,1.000000000000,vtd20_identity
045,003365,045,0453455,DELAWARE - 0453455,1.000000000000,vtd20_identity
045,003371,045,0453290,DELAWARE - 0453290,1.000000000000,vtd20_identity
045,003380,045,0453380,DELAWARE - 0453380,1.000000000000,vtd20_identity
045,003390,045,0453390,DELAWARE - 0453390,1.000000000000,vtd20_identity
045,003401,045,0453310,DELAWARE - 0453310,1.000000000000,vtd20_identity
045,003410,045,0453410,DELAWARE - 0453410,1.000000000000,vtd20_identity
045,003420,045,0453420,DELAWARE - 0453420,1.000000000000,vtd20_identity
045,003430,045,0453430,DELAWARE - 0453430,1.000000000000,vtd20_identity
045,003440,045,0453440,DELAWARE - 0453440,1.000000000000,vtd20_identity
045,003445,045,0453445,DELAWARE - 0453445,1.000000000000,vtd20_identity
045,003450,045,0453450,DELAWARE - 0453450,1.000000000000,vtd20_identity
045,003455,045,0453370,DELAWARE - 0453370,1.000000000000,vtd20_identity
045,003460,045,0453460,DELAWARE - 0453460,0.705882352942,census_block_count
045,003460,045,0453430,DELAWARE - 0453430,0.117647058824,census_block_count
045,003460,045,0453440,DELAWARE - 0453440,0.176470588235,census_block_count
045,003480,045,0453480,DELAWARE - 0453480,1.000000000000,vtd20_identity
045,003491,045,0453400,DELAWARE - 0453400,1.000000000000,vtd20_identity
045,003500,045,0453500,DELAWARE - 0453500,1.000000000000,vtd20_identity
045,003510,045,0453510,DELAWARE - 0453510,1.000000000000,vtd20_identity
045,003520,045,0453520,DELAWARE - 0453520,1.000000000000,vtd20_identity
045,003531,045,0453750,DELAWARE - 0453750,1.000000000000,vtd20_identity
045,003540,045,0453540,DELAWARE - 0453540,1.000000000000,vtd20_identity
045,003550,045,0453550,DELAWARE - 0453550,1.000000000000,vtd20_identity
045,003555,045,0453800,DELAWARE - 0453800,1.000000000000,vtd20_identity
045,003560,045,0453560,DELAWARE - 0453560,1.000000000000,vtd20_identity
045,003570,045,0453570,DELAWARE - 0453570,1.000000000000,vtd20_identity
045,003580,045,0453580,DELAWARE - 0453580,1.000000000000,vtd20_identity
045,003590,045,0453590,DELAWARE - 0453590,1.000000000000,vtd20_identity
045,003600,045,0453690,DELAWARE - 0453690,1.000000000000,vtd20_identity
045,003610,045,0453610,DELAWARE - 0453610,1.000000000000,vtd20_identity
045,003620,045,0453620,DELAWARE - 0453620,1.000000000000,vtd20_identity
045,003630,045,0453630,DELAWARE - 0453630,1.000000000000,vtd20_identity
045,003635,045,0453635,DELAWARE - 0453635,1.000000000000,vtd20_identity
045,003640,045,0453680,DELAWARE - 0453680,1.000000000000,vtd20_identity
045,003660,045,0453660,DELAWARE - 0453660,1.000000000000,vtd20_identity
045,003670,045,0453670,DELAWARE - 0453670,1.000000000000,vtd20_identity
045,003685,045,0453685,DELAWARE - 0453685,1.000000000000,vtd20_identity
045,003710,045,0453600,DELAWARE - 0453600,1.000000000000,vtd20_identity
045,003720,045,0453720,DELAWARE - 0453720,1.000000000000,vtd20_identity
045,003730,045,0453730,DELAWARE - 0453730,1.000000000000,vtd20_identity
045,003740,045,0453740,DELAWARE - 0453740,1.000000000000,vtd20_identity
045,003751,045,0453640,DELAWARE - 0453640,1.000000000000,vtd20_identity
045,003760,045,0453760,DELAWARE - 0453760,1.000000000000,vtd20_identity
045,003770,045,0453770,DELAWARE - 0453770,1.000000000000,vtd20_identity
045,003780,045,0453780,DELAWARE - 0453780,1.000000000000,vtd20_identity
045,003790,045,0453790,DELAWARE - 0453790,1.000000000000,vtd20_identity
045,003800,045,0453710,DELAWARE - 0453710,1.000000000000,vtd20_identity
045,003820,045,0453820,DELAWARE - 0453820,1.000000000000,vtd20_identity
045,003830,045,0453830,DELAWARE - 0453830,1.000000000000,vtd20_identity
045,003840,045,0453840,DELAWARE - 0453840,1.000000000000,vtd20_identity
045,003850,045,0453850,DELAWARE - 0453850,1.000000000000,vtd20_identity
045,003860,045,0453860,DELAWARE - 0453860,1.000000000000,vtd20_identity
045,003870,045,0453870,DELAWARE - 0453870,1.000000000000,vtd20_identity
045,003880,045,0453880,DELAWARE - 0453880,1.000000000000,vtd20_identity
045,003890,045,0453890,DELAWARE - 0453890,1.000000000000,vtd20_identity
045,003900,045,0453900,DELAWARE - 0453900,1.000000000000,vtd20_identity
045,003910,045,0453910,DELAWARE - 0453910,1.000000000000,vtd20_identity
045,003920,045,0453920,DELAWARE - 0453920,1.000000000000,vtd20_identity
045,003930,045,0453930,DELAWARE - 0453930,1.000000000000,vtd20_identity
045,003940,045,0453940,DELAWARE - 0453940,1.000000000000,vtd20_identity
045,003950,045,0453950,DELAWARE - 0453950,1.000000000000,vtd20_identity
047,000010,047,047010,ELK - 047010,1.000000000000,vtd20_identity
047,000070,047,047070,ELK - 047070,1.000000000000,vtd20_identity
047,000080,047,047080,ELK - 047080,1.000000000000,vtd20_identity
047,000090,047,047090,ELK - 047090,1.000000000000,vtd20_identity
047,000100,047,047100,ELK - 047100,1.000000000000,vtd20_identity
047,000110,047,047110,ELK - 047110,1.000000000000,vtd20_identity
047,000122,047,047130,ELK - 047130,0.666666666667,census_block_count
047,000122,047,047080,ELK - 047080,0.007246376812,census_block_count
047,000122,047,047120,ELK - 047120,0.326086956522,census_block_count
047,000140,047,047140,ELK - 047140,1.000000000000,vtd20_identity
047,000150,047,047150,ELK - 047150,1.000000000000,vtd20_identity
047,000160,047,047160,ELK - 047160,1.000000000000,vtd20_identity
047,000170,047,047170,ELK - 047170,1.000000000000,vtd20_identity
047,000190,047,047190,ELK - 047190,1.000000000000,vtd20_identity
047,000200,047,047200,ELK - 047200,0.831325301205,census_block_count
047,000200,047,047180,ELK - 047180,0.168674698795,census_block_count
047,000210,047,047210,ELK - 047210,1.000000000000,vtd20_identity
047,000220,047,047220,ELK - 047220,1.000000000000,vtd20_identity
047,000230,047,047230,ELK - 047230,1.000000000000,vtd20_identity
047,000242,047,047230,ELK - 047230,0.035294117647,census_block_count
047,000242,047,047250,ELK - 047250,0.011764705882,census_block_count
047,000242,047,047280,ELK - 047280,0.011764705882,census_block_count
047,000242,047,047260,ELK - 047260,0.647058823529,census_block_count
047,000242,047,047240,ELK - 047240,0.294117647059,census_block_count
047,000250,047,047250,ELK - 047250,1.000000000000,vtd20_identity
047,000262,047,047280,ELK - 047280,0.526315789474,census_block_count
047,000262,047,047270,ELK - 047270,0.473684210526,census_block_count
047,000295,047,047300,ELK - 047300,0.431818181818,census_block_count
047,000295,047,047290,ELK - 047290,0.568181818182,census_block_count
047,000315,047,047315,ELK - 047315,1.000000000000,vtd20_identity
047,000325,047,047325,ELK - 047325,1.000000000000,vtd20_identity
047,000335,047,047335,ELK - 047335,1.000000000000,vtd20_identity
047,000345,047,047345,ELK - 047345,1.000000000000,vtd20_identity
047,000355,047,047355,ELK - 047355,1.000000000000,vtd20_identity
047,000365,047,047365,ELK - 047365,1.000000000000,vtd20_identity
047,000375,047,047375,ELK - 047375,1.000000000000,vtd20_identity
047,000385,047,047385,ELK - 047385,1.000000000000,vtd20_identity
047,000395,047,047395,ELK - 047395,1.000000000000,vtd20_identity
049,000010,049,049010,ERIE - 049010,1.000000000000,vtd20_identity
049,000020,049,049020,ERIE - 049020,1.000000000000,vtd20_identity
049,000030,049,049030,ERIE - 049030,1.000000000000,census_block_count
049,000040,049,049040,ERIE - 049040,1.000000000000,vtd20_identity
049,000050,049,049050,ERIE - 049050,1.000000000000,vtd20_identity
049,000060,049,049060,ERIE - 049060,1.000000000000,vtd20_identity
049,000075,049,049070,ERIE - 049070,0.588888888889,census_block_count
049,000075,049,049080,ERIE - 049080,0.411111111111,census_block_count
049,000090,049,049090,ERIE - 049090,1.000000000000,vtd20_identity
049,000100,049,049100,ERIE - 049100,1.000000000000,vtd20_identity
049,000110,049,049110,ERIE - 049110,1.000000000000,vtd20_identity
049,000120,049,049120,ERIE - 049120,1.000000000000,vtd20_identity
049,000130,049,049130,ERIE - 049130,1.000000000000,vtd20_identity
049,000141,049,049150,ERIE - 049150,1.000000000000,vtd20_identity
049,000161,049,049160,ERIE - 049160,0.416666666667,census_block_count
049,000161,049,049140,ERIE - 049140,0.222222222222,census_block_count
049,000161,049,049170,ERIE - 049170,0.361111111111,census_block_count
049,000181,049,049180,ERIE - 049180,0.391304347826,census_block_count
049,000181,049,049190,ERIE - 049190,0.608695652174,census_block_count
049,000200,049,049200,ERIE - 049200,1.000000000000,vtd20_identity
049,000210,049,049210,ERIE - 049210,1.000000000000,vtd20_identity
049,000225,049,049230,ERIE - 049230,0.320000000000,census_block_count
049,000225,049,049220,ERIE - 049220,0.680000000000,census_block_count
049,000245,049,049240,ERIE - 049240,0.366666666667,census_block_count
049,000245,049,049290,ERIE - 049290,0.633333333333,census_block_count
049,000250,049,049250,ERIE - 049250,1.000000000000,vtd20_identity
049,000260,049,049260,ERIE - 049260,1.000000000000,vtd20_identity
049,000270,049,049270,ERIE - 049270,1.000000000000,vtd20_identity
049,000280,049,049280,ERIE - 049280,1.000000000000,vtd20_identity
049,000300,049,049300,ERIE - 049300,1.000000000000,vtd20_identity
049,000310,049,049310,ERIE - 049310,1.000000000000,vtd20_identity
049,000320,049,049320,ERIE - 049320,1.000000000000,vtd20_identity
049,000330,049,049330,ERIE - 049330,1.000000000000,vtd20_identity
049,000340,049,049340,ERIE - 049340,1.000000000000,vtd20_identity
049,000350,049,049350,ERIE - 049350,1.000000000000,vtd20_identity
049,000360,049,049360,ERIE - 049360,1.000000000000,vtd20_identity
049,000370,049,049370,ERIE - 049370,1.000000000000,vtd20_identity
049,000380,049,049380,ERIE - 049380,1.000000000000,vtd20_identity
049,000390,049,049390,ERIE - 049390,1.000000000000,vtd20_identity
049,000400,049,049400,ERIE - 049400,1.000000000000,vtd20_identity
049,000410,049,049410,ERIE - 049410,1.000000000000,vtd20_identity
049,000420,049,049420,ERIE - 049420,1.000000000000,vtd20_identity
049,000430,049,049430,ERIE - 049430,1.000000000000,vtd20_identity
049,000440,049,049440,ERIE - 049440,1.000000000000,vtd20_identity
049,000450,049,049450,ERIE - 049450,1.000000000000,vtd20_identity
049,000460,049,049460,ERIE - 049460,1.000000000000,vtd20_identity
049,000470,049,049470,ERIE - 049470,1.000000000000,vtd20_identity
049,000480,049,049480,ERIE - 049480,1.000000000000,vtd20_identity
049,000490,049,049490,ERIE - 049490,1.000000000000,vtd20_identity
049,000500,049,049500,ERIE - 049500,1.000000000000,vtd20_identity
049,000510,049,049510,ERIE - 049510,1.000000000000,vtd20_identity
049,000520,049,049520,ERIE - 049520,1.000000000000,vtd20_identity
049,000530,049,049530,ERIE - 049530,1.000000000000,vtd20_identity
049,000540,049,049540,ERIE - 049540,1.000000000000,vtd20_identity
049,000550,049,049550,ERIE - 049550,1.000000000000,vtd20_identity
049,000560,049,049560,ERIE - 049560,1.000000000000,vtd20_identity
049,000570,049,049570,ERIE - 049570,1.000000000000,vtd20_identity
049,000580,049,049580,ERIE - 049580,1.000000000000,vtd20_identity
049,000590,049,049590,ERIE - 049590,1.000000000000,vtd20_identity
049,000600,049,049600,ERIE - 049600,1.000000000000,vtd20_identity
049,000610,049,049610,ERIE - 049610,1.000000000000,vtd20_identity
049,000620,049,049620,ERIE - 049620,1.000000000000,vtd20_identity
049,000630,049,049630,ERIE - 049630,1.000000000000,vtd20_identity
049,000640,049,049640,ERIE - 049640,1.000000000000,vtd20_identity
049,000650,049,049650,ERIE - 049650,1.000000000000,vtd20_identity
049,000660,049,049660,ERIE - 049660,1.000000000000,vtd20_identity
049,000671,049,049670,ERIE - 049670,0.545454545455,census_block_count
049,000671,049,049680,ERIE - 049680,0.454545454545,census_block_count
049,000690,049,049690,ERIE - 049690,1.000000000000,vtd20_identity
049,000700,049,049700,ERIE - 049700,1.000000000000,vtd20_identity
049,000710,049,049710,ERIE - 049710,1.000000000000,vtd20_identity
049,000720,049,049720,ERIE - 049720,1.000000000000,vtd20_identity
049,000730,049,049730,ERIE - 049730,1.000000000000,vtd20_identity
049,000740,049,049740,ERIE - 049740,1.000000000000,vtd20_identity
049,000750,049,049750,ERIE - 049750,1.000000000000,vtd20_identity
049,000760,049,049760,ERIE - 049760,1.000000000000,vtd20_identity
049,000770,049,049770,ERIE - 049770,1.000000000000,vtd20_identity
049,000780,049,049780,ERIE - 049780,1.000000000000,vtd20_identity
049,000790,049,049790,ERIE - 049790,1.000000000000,vtd20_identity
049,000800,049,049800,ERIE - 049800,1.000000000000,vtd20_identity
049,000810,049,049810,ERIE - 049810,1.000000000000,vtd20_identity
049,000820,049,049820,ERIE - 049820,1.000000000000,vtd20_identity
049,000830,049,049830,ERIE - 049830,1.000000000000,vtd20_identity
049,000840,049,049840,ERIE - 049840,1.000000000000,vtd20_identity
049,000850,049,049850,ERIE - 049850,1.000000000000,vtd20_identity
049,000860,049,049860,ERIE - 049860,1.000000000000,vtd20_identity
049,000865,049,049865,ERIE - 049865,1.000000000000,vtd20_identity
049,000880,049,049880,ERIE - 049880,1.000000000000,vtd20_identity
049,000890,049,049890,ERIE - 049890,0.979591836735,census_block_count
049,000890,049,049900,ERIE - 049900,0.020408163265,census_block_count
049,000898,049,049900,ERIE - 049900,1.000000000000,vtd20_identity
049,000902,049,049900,ERIE - 049900,1.000000000000,census_block_count
049,000910,049,049910,ERIE - 049910,1.000000000000,vtd20_identity
049,000920,049,049920,ERIE - 049920,1.000000000000,vtd20_identity
049,000930,049,049930,ERIE - 049930,1.000000000000,vtd20_identity
049,000940,049,049940,ERIE - 049940,1.000000000000,vtd20_identity
049,000950,049,049950,ERIE - 049950,1.000000000000,vtd20_identity
049,000960,049,049960,ERIE - 049960,1.000000000000,vtd20_identity
049,000970,049,049970,ERIE - 049970,1.000000000000,vtd20_identity
049,000980,049,049980,ERIE - 049980,1.000000000000,vtd20_identity
049,000990,049,049990,ERIE - 049990,1.000000000000,vtd20_identity
049,001000,049,0491000,ERIE - 0491000,1.000000000000,vtd20_identity
049,001010,049,0491010,ERIE - 0491010,1.000000000000,vtd20_identity
049,001020,049,0491020,ERIE - 0491020,1.000000000000,vtd20_identity
049,001030,049,0491030,ERIE - 0491030,1.000000000000,vtd20_identity
049,001040,049,0491040,ERIE - 0491040,1.000000000000,vtd20_identity
049,001050,049,0491050,ERIE - 0491050,1.000000000000,vtd20_identity
049,001060,049,0491060,ERIE - 0491060,1.000000000000,vtd20_identity
049,001068,049,0491070,ERIE - 0491070,1.000000000000,vtd20_identity
049,001072,049,049850,ERIE - 049850,0.020202020202,census_block_count
049,001072,049,0491070,ERIE - 0491070,0.939393939394,census_block_count
049,001072,049,0491315,ERIE - 0491315,0.040404040404,census_block_count
049,001080,049,0491080,ERIE - 0491080,1.000000000000,vtd20_identity
049,001090,049,0491090,ERIE - 0491090,1.000000000000,vtd20_identity
049,001100,049,0491100,ERIE - 0491100,1.000000000000,vtd20_identity
049,001110,049,0491110,ERIE - 0491110,1.000000000000,vtd20_identity
049,001125,049,0491120,ERIE - 0491120,1.000000000000,census_block_count
049,001130,049,0491220,ERIE - 0491220,0.033898305085,census_block_count
049,001130,049,0491130,ERIE - 0491130,0.966101694915,census_block_count
049,001140,049,0491140,ERIE - 0491140,1.000000000000,vtd20_identity
049,001150,049,0491150,ERIE - 0491150,1.000000000000,vtd20_identity
049,001160,049,0491160,ERIE - 0491160,1.000000000000,vtd20_identity
049,001170,049,0491170,ERIE - 0491170,1.000000000000,vtd20_identity
049,001180,049,0491180,ERIE - 0491180,1.000000000000,vtd20_identity
049,001190,049,0491190,ERIE - 0491190,1.000000000000,vtd20_identity
049,001200,049,0491200,ERIE - 0491200,1.000000000000,vtd20_identity
049,001210,049,0491210,ERIE - 0491210,1.000000000000,vtd20_identity
049,001220,049,0491220,ERIE - 0491220,1.000000000000,vtd20_identity
049,001230,049,0491230,ERIE - 0491230,1.000000000000,vtd20_identity
049,001240,049,0491240,ERIE - 0491240,1.000000000000,vtd20_identity
049,001250,049,0491250,ERIE - 0491250,1.000000000000,vtd20_identity
049,001260,049,0491260,ERIE - 0491260,1.000000000000,vtd20_identity
049,001270,049,0491270,ERIE - 0491270,1.000000000000,vtd20_identity
049,001280,049,0491280,ERIE - 0491280,1.000000000000,vtd20_identity
049,001290,049,0491290,ERIE - 0491290,0.840000000000,census_block_count
049,001290,049,0491300,ERIE - 0491300,0.140000000000,census_block_count
049,001290,049,049550,ERIE - 049550,0.020000000000,census_block_count
049,001300,049,0491300,ERIE - 0491300,1.000000000000,vtd20_identity
049,001305,049,0491305,ERIE - 0491305,1.000000000000,vtd20_identity
049,001316,049,0491315,ERIE - 0491315,1.000000000000,census_block_count
049,001317,049,0491120,ERIE - 0491120,1.000000000000,vtd20_identity
049,001320,049,0491320,ERIE - 0491320,1.000000000000,vtd20_identity
049,001325,049,0491315,ERIE - 0491315,1.000000000000,vtd20_identity
049,001330,049,0491330,ERIE - 0491330,1.000000000000,vtd20_identity
049,001340,049,0491340,ERIE - 0491340,1.000000000000,vtd20_identity
049,001350,049,0491350,ERIE - 0491350,1.000000000000,vtd20_identity
049,001360,049,0491360,ERIE - 0491360,1.000000000000,vtd20_identity
049,001370,049,0491370,ERIE - 0491370,1.000000000000,vtd20_identity
049,001380,049,0491380,ERIE - 0491380,1.000000000000,vtd20_identity
049,001390,049,0491390,ERIE - 0491390,1.000000000000,vtd20_identity
049,001400,049,0491400,ERIE - 0491400,1.000000000000,vtd20_identity
049,001410,049,0491410,ERIE - 0491410,1.000000000000,vtd20_identity
049,001420,049,0491420,ERIE - 0491420,1.000000000000,vtd20_identity
049,001430,049,0491430,ERIE - 0491430,1.000000000000,vtd20_identity
049,001440,049,0491440,ERIE - 0491440,1.000000000000,vtd20_identity
049,001450,049,0491450,ERIE - 0491450,1.000000000000,vtd20_identity
049,001460,049,0491460,ERIE - 0491460,1.000000000000,vtd20_identity
049,001470,049,0491470,ERIE - 0491470,1.000000000000,vtd20_identity
049,001480,049,0491480,ERIE - 0491480,1.000000000000,vtd20_identity
049,001492,049,0491495,ERIE - 0491495,0.444444444444,census_block_count
049,001492,049,0491505,ERIE - 0491505,0.527777777778,census_block_count
049,001492,049,049060,ERIE - 049060,0.013888888889,census_block_count
049,001492,049,049120,ERIE - 049120,0.013888888889,census_block_count
049,001510,049,0491510,ERIE - 0491510,1.000000000000,vtd20_identity
049,001520,049,0491520,ERIE - 0491520,1.000000000000,vtd20_identity
049,999999,049,0491130,ERIE - 0491130,1.000000000000,vtd20_identity
051,000010,051,051010,FAYETTE - 051010,1.000000000000,vtd20_identity
051,000020,051,051020,FAYETTE - 051020,1.000000000000,vtd20_identity
051,000035,051,051035,FAYETTE - 051035,1.000000000000,vtd20_identity
051,000055,051,051055,FAYETTE - 051055,1.000000000000,vtd20_identity
051,000085,051,051085,FAYETTE - 051085,1.000000000000,vtd20_identity
051,000100,051,051100,FAYETTE - 051100,1.000000000000,vtd20_identity
051,000110,051,051110,FAYETTE - 051110,1.000000000000,vtd20_identity
051,000120,051,051120,FAYETTE - 051120,1.000000000000,vtd20_identity
051,000131,051,051160,FAYETTE - 051160,0.020202020202,census_block_count
051,000131,051,051130,FAYETTE - 051130,0.373737373737,census_block_count
051,000131,051,051170,FAYETTE - 051170,0.575757575758,census_block_count
051,000131,051,051850,FAYETTE - 051850,0.030303030303,census_block_count
051,000140,051,051190,FAYETTE - 051190,0.034482758621,census_block_count
051,000140,051,051150,FAYETTE - 051150,0.551724137931,census_block_count
051,000140,051,051140,FAYETTE - 051140,0.413793103448,census_block_count
051,000156,051,051160,FAYETTE - 051160,1.000000000000,vtd20_identity
051,000161,051,051180,FAYETTE - 051180,1.000000000000,vtd20_identity
051,000190,051,051190,FAYETTE - 051190,1.000000000000,vtd20_identity
051,000200,051,051200,FAYETTE - 051200,1.000000000000,vtd20_identity
051,000211,051,051180,FAYETTE - 051180,0.010752688172,census_block_count
051,000211,051,051240,FAYETTE - 051240,0.387096774194,census_block_count
051,000211,051,051290,FAYETTE - 051290,0.021505376344,census_block_count
051,000211,051,051210,FAYETTE - 051210,0.580645161290,census_block_count
051,000221,051,051180,FAYETTE - 051180,0.007936507937,census_block_count
051,000221,051,051200,FAYETTE - 051200,0.007936507937,census_block_count
051,000221,051,051220,FAYETTE - 051220,0.285714285714,census_block_count
051,000221,051,051230,FAYETTE - 051230,0.682539682540,census_block_count
051,000221,051,051210,FAYETTE - 051210,0.015873015873,census_block_count
051,000250,051,051250,FAYETTE - 051250,1.000000000000,vtd20_identity
051,000260,051,051260,FAYETTE - 051260,1.000000000000,vtd20_identity
051,000270,051,051270,FAYETTE - 051270,1.000000000000,vtd20_identity
051,000280,051,051280,FAYETTE - 051280,1.000000000000,vtd20_identity
051,000290,051,051290,FAYETTE - 051290,1.000000000000,vtd20_identity
051,000300,051,051300,FAYETTE - 051300,1.000000000000,vtd20_identity
051,000310,051,051310,FAYETTE - 051310,1.000000000000,vtd20_identity
051,000320,051,051320,FAYETTE - 051320,1.000000000000,vtd20_identity
051,000331,051,051330,FAYETTE - 051330,0.575757575758,census_block_count
051,000331,051,051340,FAYETTE - 051340,0.424242424242,census_block_count
051,000350,051,051350,FAYETTE - 051350,1.000000000000,vtd20_identity
051,000366,051,051360,FAYETTE - 051360,0.123287671233,census_block_count
051,000366,051,051390,FAYETTE - 051390,0.260273972603,census_block_count
051,000366,051,051410,FAYETTE - 051410,0.205479452055,census_block_count
051,000366,051,051380,FAYETTE - 051380,0.383561643836,census_block_count
051,000366,051,051540,FAYETTE - 051540,0.027397260274,census_block_count
051,000370,051,051370,FAYETTE - 051370,1.000000000000,vtd20_identity
051,000381,051,051400,FAYETTE - 051400,1.000000000000,vtd20_identity
051,000420,051,051420,FAYETTE - 051420,1.000000000000,vtd20_identity
051,000435,051,051440,FAYETTE - 051440,0.342105263158,census_block_count
051,000435,051,051430,FAYETTE - 051430,0.657894736842,census_block_count
051,000450,051,051450,FAYETTE - 051450,1.000000000000,vtd20_identity
051,000460,051,051480,FAYETTE - 051480,0.381818181818,census_block_count
051,000460,051,051460,FAYETTE - 051460,0.618181818182,census_block_count
051,000470,051,051470,FAYETTE - 051470,1.000000000000,vtd20_identity
051,000480,051,051510,FAYETTE - 051510,0.727272727273,census_block_count
051,000480,051,051490,FAYETTE - 051490,0.272727272727,census_block_count
051,000490,051,051500,FAYETTE - 051500,1.000000000000,vtd20_identity
051,000520,051,051520,FAYETTE - 051520,1.000000000000,vtd20_identity
051,000536,051,051390,FAYETTE - 051390,0.005714285714,census_block_count
051,000536,051,051380,FAYETTE - 051380,0.022857142857,census_block_count
051,000536,051,051550,FAYETTE - 051550,0.177142857143,census_block_count
051,000536,051,051530,FAYETTE - 051530,0.308571428571,census_block_count
051,000536,051,051540,FAYETTE - 051540,0.485714285714,census_block_count
051,000560,051,051560,FAYETTE - 051560,1.000000000000,vtd20_identity
051,000570,051,051570,FAYETTE - 051570,1.000000000000,vtd20_identity
051,000580,051,051580,FAYETTE - 051580,1.000000000000,vtd20_identity
051,000590,051,051590,FAYETTE - 051590,1.000000000000,vtd20_identity
051,000601,051,051610,FAYETTE - 051610,0.280898876404,census_block_count
051,000601,051,051600,FAYETTE - 051600,0.550561797753,census_block_count
051,000601,051,051620,FAYETTE - 051620,0.168539325843,census_block_count
051,000630,051,051630,FAYETTE - 051630,1.000000000000,vtd20_identity
051,000640,051,051640,FAYETTE - 051640,1.000000000000,vtd20_identity
051,000650,051,051650,FAYETTE - 051650,1.000000000000,vtd20_identity
051,000660,051,051660,FAYETTE - 051660,1.000000000000,vtd20_identity
051,000670,051,051670,FAYETTE - 051670,1.000000000000,vtd20_identity
051,000680,051,051680,FAYETTE - 051680,1.000000000000,vtd20_identity
051,000692,051,051700,FAYETTE - 051700,0.243243243243,census_block_count
051,000692,051,051690,FAYETTE - 051690,0.207207207207,census_block_count
051,000692,051,051300,FAYETTE - 051300,0.009009009009,census_block_count
051,000692,051,051720,FAYETTE - 051720,0.135135135135,census_block_count
051,000692,051,051730,FAYETTE - 051730,0.036036036036,census_block_count
051,000692,051,051710,FAYETTE - 051710,0.369369369369,census_block_count
051,000730,051,051730,FAYETTE - 051730,1.000000000000,vtd20_identity
051,000740,051,051740,FAYETTE - 051740,1.000000000000,vtd20_identity
051,000751,051,051760,FAYETTE - 051760,0.682926829268,census_block_count
051,000751,051,051750,FAYETTE - 051750,0.304878048780,census_block_count
051,000751,051,051500,FAYETTE - 051500,0.012195121951,census_block_count
051,000761,051,051460,FAYETTE - 051460,0.029411764706,census_block_count
051,000761,051,051750,FAYETTE - 051750,0.009803921569,census_block_count
051,000761,051,051800,FAYETTE - 051800,0.696078431373,census_block_count
051,000761,051,051790,FAYETTE - 051790,0.264705882353,census_block_count
051,000770,051,051770,FAYETTE - 051770,1.000000000000,vtd20_identity
051,000780,051,051780,FAYETTE - 051780,1.000000000000,vtd20_identity
051,000811,051,051810,FAYETTE - 051810,0.393258426966,census_block_count
051,000811,051,051830,FAYETTE - 051830,0.303370786517,census_block_count
051,000811,051,051820,FAYETTE - 051820,0.303370786517,census_block_count
051,000840,051,051840,FAYETTE - 051840,1.000000000000,vtd20_identity
051,000850,051,051850,FAYETTE - 051850,1.000000000000,vtd20_identity
051,000860,051,051860,FAYETTE - 051860,1.000000000000,vtd20_identity
051,000870,051,051870,FAYETTE - 051870,1.000000000000,vtd20_identity
051,000880,051,051880,FAYETTE - 051880,1.000000000000,vtd20_identity
051,000890,051,051890,FAYETTE - 051890,1.000000000000,vtd20_identity
051,000900,051,051900,FAYETTE - 051900,1.000000000000,vtd20_identity
051,000915,051,051910,FAYETTE - 051910,0.379032258065,census_block_count
051,000915,051,051310,FAYETTE - 051310,0.016129032258,census_block_count
051,000915,051,051920,FAYETTE - 051920,0.604838709677,census_block_count
051,000930,051,051930,FAYETTE - 051930,1.000000000000,vtd20_identity
051,000945,051,051945,FAYETTE - 051945,1.000000000000,vtd20_identity
051,000955,051,051955,FAYETTE - 051955,1.000000000000,vtd20_identity
051,000970,051,051970,FAYETTE - 051970,1.000000000000,vtd20_identity
051,000980,051,051980,FAYETTE - 051980,1.000000000000,vtd20_identity
051,000995,051,051995,FAYETTE - 051995,1.000000000000,vtd20_identity
051,001015,051,0511015,FAYETTE - 0511015,1.000000000000,vtd20_identity
051,001020,051,0511020,FAYETTE - 0511020,1.000000000000,vtd20_identity
051,001045,051,0511040,FAYETTE - 0511040,0.575342465753,census_block_count
051,001045,051,051260,FAYETTE - 051260,0.082191780822,census_block_count
051,001045,051,0511050,FAYETTE - 0511050,0.342465753425,census_block_count
051,001060,051,0511060,FAYETTE - 0511060,1.000000000000,vtd20_identity
051,001072,051,0511070,FAYETTE - 0511070,0.589147286822,census_block_count
051,001072,051,0511090,FAYETTE - 0511090,0.155038759690,census_block_count
051,001072,051,0511100,FAYETTE - 0511100,0.116279069767,census_block_count
051,001072,051,0511080,FAYETTE - 0511080,0.124031007752,census_block_count
051,001072,051,051280,FAYETTE - 051280,0.015503875969,census_block_count
051,001111,051,0511110,FAYETTE - 0511110,0.576923076923,census_block_count
051,001111,051,0511120,FAYETTE - 0511120,0.423076923077,census_block_count
051,0820P1,051,051820,FAYETTE - 051820,1.000000000000,census_block_count
053,000010,053,053010,FOREST - 053010,1.000000000000,vtd20_identity
053,000020,053,053020,FOREST - 053020,1.000000000000,vtd20_identity
053,000030,053,053030,FOREST - 053030,1.000000000000,vtd20_identity
053,000050,053,053050,FOREST - 053050,1.000000000000,vtd20_identity
053,000060,053,053060,FOREST - 053060,1.000000000000,vtd20_identity
053,000080,053,053080,FOREST - 053080,1.000000000000,vtd20_identity
053,000090,053,053090,FOREST - 053090,1.000000000000,vtd20_identity
053,000100,053,053100,FOREST - 053100,1.000000000000,vtd20_identity
053,000110,053,053110,FOREST - 053110,1.000000000000,vtd20_identity
055,000010,055,055010,FRANKLIN - 055010,1.000000000000,vtd20_identity
055,000020,055,055020,FRANKLIN - 055020,1.000000000000,vtd20_identity
055,000030,055,055030,FRANKLIN - 055030,1.000000000000,vtd20_identity
055,000040,055,055040,FRANKLIN - 055040,1.000000000000,vtd20_identity
055,000050,055,055050,FRANKLIN - 055050,1.000000000000,vtd20_identity
055,000060,055,055060,FRANKLIN - 055060,1.000000000000,vtd20_identity
055,000070,055,055070,FRANKLIN - 055070,1.000000000000,vtd20_identity
055,000080,055,055080,FRANKLIN - 055080,1.000000000000,vtd20_identity
055,000090,055,055090,FRANKLIN - 055090,1.000000000000,vtd20_identity
055,000105,055,055080,FRANKLIN - 055080,0.010101010101,census_block_count
055,000105,055,055150,FRANKLIN - 055150,0.050505050505,census_block_count
055,000105,055,055270,FRANKLIN - 055270,0.010101010101,census_block_count
055,000105,055,055110,FRANKLIN - 055110,0.565656565657,census_block_count
055,000105,055,055100,FRANKLIN - 055100,0.363636363636,census_block_count
055,000120,055,055120,FRANKLIN - 055120,1.000000000000,vtd20_identity
055,000130,055,055130,FRANKLIN - 055130,1.000000000000,vtd20_identity
055,000140,055,055240,FRANKLIN - 055240,0.035714285714,census_block_count
055,000140,055,055140,FRANKLIN - 055140,0.535714285714,census_block_count
055,000140,055,055150,FRANKLIN - 055150,0.428571428571,census_block_count
055,000150,055,055140,FRANKLIN - 055140,0.020833333333,census_block_count
055,000150,055,055150,FRANKLIN - 055150,0.979166666667,census_block_count
055,000160,055,055160,FRANKLIN - 055160,1.000000000000,vtd20_identity
055,000170,055,055170,FRANKLIN - 055170,1.000000000000,vtd20_identity
055,000180,055,055180,FRANKLIN - 055180,1.000000000000,vtd20_identity
055,000190,055,055190,FRANKLIN - 055190,1.000000000000,vtd20_identity
055,000200,055,055200,FRANKLIN - 055200,1.000000000000,vtd20_identity
055,000213,055,055213,FRANKLIN - 055213,1.000000000000,vtd20_identity
055,000216,055,055216,FRANKLIN - 055216,1.000000000000,vtd20_identity
055,000219,055,055219,FRANKLIN - 055219,1.000000000000,vtd20_identity
055,000223,055,055223,FRANKLIN - 055223,1.000000000000,vtd20_identity
055,000226,055,055226,FRANKLIN - 055226,1.000000000000,vtd20_identity
055,000229,055,055229,FRANKLIN - 055229,1.000000000000,vtd20_identity
055,000240,055,055240,FRANKLIN - 055240,1.000000000000,vtd20_identity
055,000250,055,055250,FRANKLIN - 055250,1.000000000000,vtd20_identity
055,000260,055,055260,FRANKLIN - 055260,1.000000000000,vtd20_identity
055,000270,055,055270,FRANKLIN - 055270,1.000000000000,vtd20_identity
055,000280,055,055280,FRANKLIN - 055280,1.000000000000,vtd20_identity
055,000285,055,055285,FRANKLIN - 055285,1.000000000000,vtd20_identity
055,000305,055,055305,FRANKLIN - 055305,1.000000000000,vtd20_identity
055,000310,055,055310,FRANKLIN - 055310,1.000000000000,vtd20_identity
055,000315,055,055315,FRANKLIN - 055315,1.000000000000,vtd20_identity
055,000320,055,055320,FRANKLIN - 055320,1.000000000000,vtd20_identity
055,000330,055,055330,FRANKLIN - 055330,1.000000000000,vtd20_identity
055,000340,055,055340,FRANKLIN - 055340,1.000000000000,vtd20_identity
055,000350,055,055350,FRANKLIN - 055350,1.000000000000,vtd20_identity
055,000360,055,055360,FRANKLIN - 055360,1.000000000000,vtd20_identity
055,000370,055,055370,FRANKLIN - 055370,1.000000000000,vtd20_identity
055,000380,055,055380,FRANKLIN - 055380,1.000000000000,vtd20_identity
055,000390,055,055390,FRANKLIN - 055390,1.000000000000,vtd20_identity
055,000402,055,055400,FRANKLIN - 055400,1.000000000000,vtd20_identity
055,000412,055,055410,FRANKLIN - 055410,1.000000000000,vtd20_identity
055,000422,055,055430,FRANKLIN - 055430,0.371794871795,census_block_count
055,000422,055,055400,FRANKLIN - 055400,0.064102564103,census_block_count
055,000422,055,055410,FRANKLIN - 055410,0.064102564103,census_block_count
055,000422,055,055420,FRANKLIN - 055420,0.500000000000,census_block_count
055,000440,055,055440,FRANKLIN - 055440,1.000000000000,vtd20_identity
055,000452,055,055450,FRANKLIN - 055450,1.000000000000,vtd20_identity
055,000462,055,055460,FRANKLIN - 055460,1.000000000000,vtd20_identity
055,000472,055,055450,FRANKLIN - 055450,0.113207547170,census_block_count
055,000472,055,055470,FRANKLIN - 055470,0.547169811321,census_block_count
055,000472,055,055480,FRANKLIN - 055480,0.301886792453,census_block_count
055,000472,055,055350,FRANKLIN - 055350,0.037735849057,census_block_count
055,000490,055,055490,FRANKLIN - 055490,1.000000000000,vtd20_identity
055,000500,055,055500,FRANKLIN - 055500,1.000000000000,vtd20_identity
055,000510,055,055510,FRANKLIN - 055510,1.000000000000,vtd20_identity
055,000520,055,055520,FRANKLIN - 055520,1.000000000000,vtd20_identity
055,000530,055,055530,FRANKLIN - 055530,0.933333333333,census_block_count
055,000530,055,055540,FRANKLIN - 055540,0.066666666667,census_block_count
055,000543,055,055550,FRANKLIN - 055550,0.021739130435,census_block_count
055,000543,055,055530,FRANKLIN - 055530,0.021739130435,census_block_count
055,000543,055,055540,FRANKLIN - 055540,0.956521739130,census_block_count
055,000546,055,055540,FRANKLIN - 055540,1.000000000000,vtd20_identity
055,000550,055,055550,FRANKLIN - 055550,1.000000000000,vtd20_identity
055,000560,055,055560,FRANKLIN - 055560,1.000000000000,vtd20_identity
055,000570,055,055570,FRANKLIN - 055570,1.000000000000,vtd20_identity
055,000580,055,055580,FRANKLIN - 055580,1.000000000000,vtd20_identity
055,000590,055,055590,FRANKLIN - 055590,1.000000000000,vtd20_identity
055,000600,055,055600,FRANKLIN - 055600,1.000000000000,vtd20_identity
055,000610,055,055610,FRANKLIN - 055610,1.000000000000,vtd20_identity
055,000620,055,055620,FRANKLIN - 055620,1.000000000000,vtd20_identity
055,000630,055,055630,FRANKLIN - 055630,1.000000000000,vtd20_identity
055,000635,055,055635,FRANKLIN - 055635,1.000000000000,vtd20_identity
055,000640,055,055640,FRANKLIN - 055640,1.000000000000,vtd20_identity
055,000650,055,055650,FRANKLIN - 055650,1.000000000000,vtd20_identity
055,000660,055,055660,FRANKLIN - 055660,1.000000000000,vtd20_identity
055,000670,055,055670,FRANKLIN - 055670,1.000000000000,vtd20_identity
055,000690,055,055690,FRANKLIN - 055690,1.000000000000,vtd20_identity
055,000705,055,055705,FRANKLIN - 055705,1.000000000000,vtd20_identity
055,000725,055,055725,FRANKLIN - 055725,1.000000000000,vtd20_identity
057,000010,057,057010,FULTON - 057010,1.000000000000,vtd20_identity
057,000020,057,057020,FULTON - 057020,1.000000000000,vtd20_identity
057,000030,057,057030,FULTON - 057030,1.000000000000,vtd20_identity
057,000040,057,057040,FULTON - 057040,1.000000000000,vtd20_identity
057,000050,057,057050,FULTON - 057050,1.000000000000,vtd20_identity
057,000060,057,057060,FULTON - 057060,1.000000000000,vtd20_identity
057,000070,057,057070,FULTON - 057070,1.000000000000,vtd20_identity
057,000080,057,057080,FULTON - 057080,1.000000000000,vtd20_identity
057,000090,057,057090,FULTON - 057090,1.000000000000,vtd20_identity
057,000100,057,057100,FULTON - 057100,1.000000000000,vtd20_identity
057,000110,057,057110,FULTON - 057110,1.000000000000,vtd20_identity
057,000120,057,057120,FULTON - 057120,1.000000000000,vtd20_identity
057,000130,057,057130,FULTON - 057130,1.000000000000,vtd20_identity
059,000010,059,059010,GREENE - 059010,1.000000000000,vtd20_identity
059,000020,059,059020,GREENE - 059020,1.000000000000,vtd20_identity
059,000030,059,059030,GREENE - 059030,1.000000000000,vtd20_identity
059,000040,059,059040,GREENE - 059040,1.000000000000,vtd20_identity
059,000050,059,059050,GREENE - 059050,1.000000000000,vtd20_identity
059,000060,059,059060,GREENE - 059060,1.000000000000,vtd20_identity
059,000070,059,059070,GREENE - 059070,1.000000000000,vtd20_identity
059,000080,059,059080,GREENE - 059080,1.000000000000,vtd20_identity
059,000102,059,059295,GREENE - 059295,0.007812500000,census_block_count
059,000102,059,059120,GREENE - 059120,0.312500000000,census_block_count
059,000102,059,059350,GREENE - 059350,0.007812500000,census_block_count
059,000102,059,059110,GREENE - 059110,0.289062500000,census_block_count
059,000102,059,059100,GREENE - 059100,0.375000000000,census_block_count
059,000102,059,059480,GREENE - 059480,0.007812500000,census_block_count
059,000104,059,059090,GREENE - 059090,1.000000000000,vtd20_identity
059,000130,059,059130,GREENE - 059130,1.000000000000,vtd20_identity
059,000140,059,059140,GREENE - 059140,1.000000000000,vtd20_identity
059,000150,059,059150,GREENE - 059150,1.000000000000,vtd20_identity
059,000160,059,059160,GREENE - 059160,1.000000000000,vtd20_identity
059,000170,059,059170,GREENE - 059170,1.000000000000,vtd20_identity
059,000180,059,059180,GREENE - 059180,1.000000000000,vtd20_identity
059,000190,059,059190,GREENE - 059190,1.000000000000,vtd20_identity
059,000200,059,059200,GREENE - 059200,1.000000000000,vtd20_identity
059,000210,059,059210,GREENE - 059210,1.000000000000,vtd20_identity
059,000220,059,059220,GREENE - 059220,1.000000000000,vtd20_identity
059,000230,059,059230,GREENE - 059230,1.000000000000,vtd20_identity
059,000240,059,059240,GREENE - 059240,1.000000000000,vtd20_identity
059,000250,059,059250,GREENE - 059250,1.000000000000,vtd20_identity
059,000260,059,059260,GREENE - 059260,1.000000000000,vtd20_identity
059,000270,059,059270,GREENE - 059270,1.000000000000,vtd20_identity
059,000280,059,059295,GREENE - 059295,1.000000000000,vtd20_identity
059,000295,059,059280,GREENE - 059280,1.000000000000,vtd20_identity
059,000310,059,059310,GREENE - 059310,1.000000000000,vtd20_identity
059,000320,059,059320,GREENE - 059320,1.000000000000,vtd20_identity
059,000330,059,059330,GREENE - 059330,1.000000000000,vtd20_identity
059,000340,059,059340,GREENE - 059340,1.000000000000,vtd20_identity
059,000350,059,059350,GREENE - 059350,1.000000000000,vtd20_identity
059,000360,059,059360,GREENE - 059360,1.000000000000,vtd20_identity
059,000370,059,059370,GREENE - 059370,1.000000000000,vtd20_identity
059,000380,059,059380,GREENE - 059380,1.000000000000,vtd20_identity
059,000395,059,059395,GREENE - 059395,1.000000000000,vtd20_identity
059,000410,059,059410,GREENE - 059410,1.000000000000,vtd20_identity
059,000420,059,059420,GREENE - 059420,1.000000000000,vtd20_identity
059,000435,059,059435,GREENE - 059435,1.000000000000,vtd20_identity
059,000455,059,059455,GREENE - 059455,1.000000000000,vtd20_identity
059,000470,059,059470,GREENE - 059470,1.000000000000,vtd20_identity
059,000480,059,059480,GREENE - 059480,1.000000000000,vtd20_identity
061,000010,061,061010,HUNTINGDON - 061010,1.000000000000,vtd20_identity
061,000020,061,061020,HUNTINGDON - 061020,1.000000000000,vtd20_identity
061,000030,061,061030,HUNTINGDON - 061030,1.000000000000,vtd20_identity
061,000040,061,061040,HUNTINGDON - 061040,1.000000000000,vtd20_identity
061,000050,061,061050,HUNTINGDON - 061050,1.000000000000,vtd20_identity
061,000060,061,061060,HUNTINGDON - 061060,1.000000000000,vtd20_identity
061,000070,061,061070,HUNTINGDON - 061070,1.000000000000,vtd20_identity
061,000080,061,061080,HUNTINGDON - 061080,1.000000000000,vtd20_identity
061,000090,061,061090,HUNTINGDON - 061090,1.000000000000,vtd20_identity
061,000100,061,061100,HUNTINGDON - 061100,1.000000000000,vtd20_identity
061,000110,061,061110,HUNTINGDON - 061110,1.000000000000,vtd20_identity
061,000120,061,061120,HUNTINGDON - 061120,1.000000000000,vtd20_identity
061,000130,061,061130,HUNTINGDON - 061130,1.000000000000,vtd20_identity
061,000140,061,061140,HUNTINGDON - 061140,1.000000000000,vtd20_identity
061,000150,061,061150,HUNTINGDON - 061150,1.000000000000,vtd20_identity
061,000160,061,061160,HUNTINGDON - 061160,1.000000000000,vtd20_identity
061,000170,061,061170,HUNTINGDON - 061170,1.000000000000,vtd20_identity
061,000180,061,061180,HUNTINGDON - 061180,1.000000000000,vtd20_identity
061,000190,061,061190,HUNTINGDON - 061190,1.000000000000,vtd20_identity
061,000200,061,061200,HUNTINGDON - 061200,1.000000000000,vtd20_identity
061,000210,061,061210,HUNTINGDON - 061210,1.000000000000,vtd20_identity
061,000220,061,061220,HUNTINGDON - 061220,1.000000000000,vtd20_identity
061,000230,061,061230,HUNTINGDON - 061230,1.000000000000,vtd20_identity
061,000240,061,061240,HUNTINGDON - 061240,1.000000000000,vtd20_identity
061,000250,061,061250,HUNTINGDON - 061250,1.000000000000,vtd20_identity
061,000260,061,061260,HUNTINGDON - 061260,1.000000000000,vtd20_identity
061,000270,061,061270,HUNTINGDON - 061270,1.000000000000,vtd20_identity
061,000280,061,061280,HUNTINGDON - 061280,1.000000000000,vtd20_identity
061,000290,061,061290,HUNTINGDON - 061290,1.000000000000,vtd20_identity
061,000300,061,061300,HUNTINGDON - 061300,1.000000000000,vtd20_identity
061,000310,061,061310,HUNTINGDON - 061310,1.000000000000,vtd20_identity
061,000320,061,061320,HUNTINGDON - 061320,1.000000000000,vtd20_identity
061,000330,061,061330,HUNTINGDON - 061330,1.000000000000,vtd20_identity
061,000340,061,061340,HUNTINGDON - 061340,1.000000000000,vtd20_identity
061,000350,061,061350,HUNTINGDON - 061350,1.000000000000,vtd20_identity
061,000360,061,061360,HUNTINGDON - 061360,1.000000000000,vtd20_identity
061,000370,061,061370,HUNTINGDON - 061370,1.000000000000,vtd20_identity
061,000380,061,061380,HUNTINGDON - 061380,1.000000000000,vtd20_identity
061,000390,061,061390,HUNTINGDON - 061390,1.000000000000,vtd20_identity
061,000400,061,061400,HUNTINGDON - 061400,1.000000000000,vtd20_identity
061,000410,061,061410,HUNTINGDON - 061410,1.000000000000,vtd20_identity
061,000420,061,061420,HUNTINGDON - 061420,1.000000000000,vtd20_identity
061,000430,061,061430,HUNTINGDON - 061430,1.000000000000,vtd20_identity
061,000440,061,061440,HUNTINGDON - 061440,1.000000000000,vtd20_identity
061,000450,061,061450,HUNTINGDON - 061450,1.000000000000,vtd20_identity
061,000460,061,061460,HUNTINGDON - 061460,1.000000000000,vtd20_identity
061,000470,061,061470,HUNTINGDON - 061470,1.000000000000,vtd20_identity
061,000480,061,061480,HUNTINGDON - 061480,1.000000000000,vtd20_identity
061,000490,061,061490,HUNTINGDON - 061490,1.000000000000,vtd20_identity
061,000500,061,061500,HUNTINGDON - 061500,1.000000000000,vtd20_identity
061,000510,061,061510,HUNTINGDON - 061510,1.000000000000,vtd20_identity
061,000520,061,061520,HUNTINGDON - 061520,1.000000000000,vtd20_identity
061,000530,061,061530,HUNTINGDON - 061530,1.000000000000,vtd20_identity
061,000540,061,061540,HUNTINGDON - 061540,1.000000000000,vtd20_identity
061,000550,061,061550,HUNTINGDON - 061550,1.000000000000,vtd20_identity
061,000560,061,061560,HUNTINGDON - 061560,1.000000000000,vtd20_identity
061,000570,061,061570,HUNTINGDON - 061570,1.000000000000,vtd20_identity
061,000580,061,061580,HUNTINGDON - 061580,1.000000000000,vtd20_identity
063,000010,063,063010,INDIANA - 063010,1.000000000000,vtd20_identity
063,000020,063,063020,INDIANA - 063020,1.000000000000,vtd20_identity
063,000030,063,063030,INDIANA - 063030,1.000000000000,vtd20_identity
063,000040,063,063040,INDIANA - 063040,1.000000000000,vtd20_identity
063,000055,063,063055,INDIANA - 063055,1.000000000000,vtd20_identity
063,000070,063,063070,INDIANA - 063070,1.000000000000,vtd20_identity
063,000080,063,063080,INDIANA - 063080,1.000000000000,vtd20_identity
063,000090,063,063090,INDIANA - 063090,1.000000000000,vtd20_identity
063,000100,063,063100,INDIANA - 063100,1.000000000000,vtd20_identity
063,000110,063,063110,INDIANA - 063110,1.000000000000,vtd20_identity
063,000120,063,063120,INDIANA - 063120,1.000000000000,vtd20_identity
063,000130,063,063130,INDIANA - 063130,1.000000000000,vtd20_identity
063,000140,063,063140,INDIANA - 063140,1.000000000000,vtd20_identity
063,000155,063,063155,INDIANA - 063155,1.000000000000,vtd20_identity
063,000170,063,063170,INDIANA - 063170,1.000000000000,vtd20_identity
063,000180,063,063180,INDIANA - 063180,1.000000000000,vtd20_identity
063,000190,063,063190,INDIANA - 063190,1.000000000000,vtd20_identity
063,000200,063,063200,INDIANA - 063200,1.000000000000,vtd20_identity
063,000210,063,063210,INDIANA - 063210,1.000000000000,vtd20_identity
063,000220,063,063220,INDIANA - 063220,1.000000000000,vtd20_identity
063,000230,063,063230,INDIANA - 063230,1.000000000000,vtd20_identity
063,000240,063,063240,INDIANA - 063240,1.000000000000,vtd20_identity
063,000255,063,063255,INDIANA - 063255,1.000000000000,vtd20_identity
063,000260,063,063260,INDIANA - 063260,1.000000000000,vtd20_identity
063,000280,063,063280,INDIANA - 063280,1.000000000000,vtd20_identity
063,000290,063,063290,INDIANA - 063290,1.000000000000,vtd20_identity
063,000300,063,063300,INDIANA - 063300,1.000000000000,vtd20_identity
063,000310,063,063310,INDIANA - 063310,1.000000000000,vtd20_identity
063,000320,063,063320,INDIANA - 063320,1.000000000000,vtd20_identity
063,000330,063,063330,INDIANA - 063330,1.000000000000,vtd20_identity
063,000345,063,063345,INDIANA - 063345,1.000000000000,vtd20_identity
063,000365,063,063365,INDIANA - 063365,1.000000000000,vtd20_identity
063,000370,063,063370,INDIANA - 063370,1.000000000000,vtd20_identity
063,000380,063,063380,INDIANA - 063380,1.000000000000,vtd20_identity
063,000400,063,063400,INDIANA - 063400,1.000000000000,vtd20_identity
063,000410,063,063410,INDIANA - 063410,1.000000000000,vtd20_identity
063,000420,063,063420,INDIANA - 063420,1.000000000000,vtd20_identity
063,000430,063,063430,INDIANA - 063430,1.000000000000,vtd20_identity
063,000440,063,063440,INDIANA - 063440,1.000000000000,vtd20_identity
063,000450,063,063450,INDIANA - 063450,1.000000000000,vtd20_identity
063,000460,063,063460,INDIANA - 063460,1.000000000000,vtd20_identity
063,000470,063,063470,INDIANA - 063470,1.000000000000,vtd20_identity
063,000480,063,063480,INDIANA - 063480,1.000000000000,vtd20_identity
063,000500,063,063500,INDIANA - 063500,1.000000000000,vtd20_identity
063,000510,063,063510,INDIANA - 063510,1.000000000000,vtd20_identity
063,000520,063,063520,INDIANA - 063520,1.000000000000,vtd20_identity
063,000530,063,063530,INDIANA - 063530,1.000000000000,vtd20_identity
063,000540,063,063540,INDIANA - 063540,1.000000000000,vtd20_identity
063,000550,063,063550,INDIANA - 063550,1.000000000000,vtd20_identity
063,000560,063,063560,INDIANA - 063560,1.000000000000,vtd20_identity
063,000570,063,063570,INDIANA - 063570,1.000000000000,vtd20_identity
063,000580,063,063580,INDIANA - 063580,1.000000000000,vtd20_identity
063,000590,063,063590,INDIANA - 063590,1.000000000000,vtd20_identity
063,000600,063,063600,INDIANA - 063600,1.000000000000,vtd20_identity
063,000610,063,063610,INDIANA - 063610,1.000000000000,vtd20_identity
063,000620,063,063620,INDIANA - 063620,1.000000000000,vtd20_identity
063,000630,063,063630,INDIANA - 063630,1.000000000000,vtd20_identity
063,000640,063,063640,INDIANA - 063640,1.000000000000,vtd20_identity
063,000650,063,063650,INDIANA - 063650,1.000000000000,vtd20_identity
063,000660,063,063660,INDIANA - 063660,1.000000000000,vtd20_identity
063,000670,063,063670,INDIANA - 063670,1.000000000000,vtd20_identity
063,000685,063,063680,INDIANA - 063680,1.000000000000,vtd20_identity
063,000695,063,063695,INDIANA - 063695,1.000000000000,vtd20_identity
063,000702,063,063680,INDIANA - 063680,1.000000000000,census_block_count
063,000710,063,063710,INDIANA - 063710,1.000000000000,vtd20_identity
063,000720,063,063720,INDIANA - 063720,1.000000000000,vtd20_identity
063,000730,063,063730,INDIANA - 063730,1.000000000000,vtd20_identity
063,000740,063,063740,INDIANA - 063740,1.000000000000,vtd20_identity
063,000750,063,063750,INDIANA - 063750,1.000000000000,vtd20_identity
065,000010,065,065010,JEFFERSON - 065010,1.000000000000,vtd20_identity
065,000020,065,065020,JEFFERSON - 065020,1.000000000000,vtd20_identity
065,000035,065,065035,JEFFERSON - 065035,1.000000000000,vtd20_identity
065,000050,065,065050,JEFFERSON - 065050,1.000000000000,vtd20_identity
065,000060,065,065540,JEFFERSON - 065540,0.018691588785,census_block_count
065,000060,065,065070,JEFFERSON - 065070,0.588785046729,census_block_count
065,000060,065,065060,JEFFERSON - 065060,0.392523364486,census_block_count
065,000085,065,065105,JEFFERSON - 065105,0.436893203883,census_block_count
065,000085,065,065085,JEFFERSON - 065085,0.563106796117,census_block_count
065,000095,065,065095,JEFFERSON - 065095,1.000000000000,vtd20_identity
065,000120,065,065120,JEFFERSON - 065120,1.000000000000,vtd20_identity
065,000130,065,065130,JEFFERSON - 065130,1.000000000000,vtd20_identity
065,000145,065,065145,JEFFERSON - 065145,1.000000000000,vtd20_identity
065,000160,065,065160,JEFFERSON - 065160,1.000000000000,vtd20_identity
065,000170,065,065170,JEFFERSON - 065170,1.000000000000,vtd20_identity
065,000180,065,065180,JEFFERSON - 065180,1.000000000000,vtd20_identity
065,000190,065,065190,JEFFERSON - 065190,1.000000000000,vtd20_identity
065,000205,065,065205,JEFFERSON - 065205,1.000000000000,vtd20_identity
065,000225,065,065225,JEFFERSON - 065225,1.000000000000,vtd20_identity
065,000240,065,065240,JEFFERSON - 065240,0.535353535354,census_block_count
065,000240,065,065250,JEFFERSON - 065250,0.383838383838,census_block_count
065,000240,065,065260,JEFFERSON - 065260,0.080808080808,census_block_count
065,000275,065,065295,JEFFERSON - 065295,0.400000000000,census_block_count
065,000275,065,065275,JEFFERSON - 065275,0.600000000000,census_block_count
065,000315,065,065315,JEFFERSON - 065315,1.000000000000,vtd20_identity
065,000330,065,065330,JEFFERSON - 065330,1.000000000000,vtd20_identity
065,000340,065,065340,JEFFERSON - 065340,1.000000000000,vtd20_identity
065,000355,065,065395,JEFFERSON - 065395,0.437500000000,census_block_count
065,000355,065,065375,JEFFERSON - 065375,0.500000000000,census_block_count
065,000355,065,065355,JEFFERSON - 065355,0.037500000000,census_block_count
065,000355,065,065415,JEFFERSON - 065415,0.025000000000,census_block_count
065,000375,065,065395,JEFFERSON - 065395,0.069444444444,census_block_count
065,000375,065,065435,JEFFERSON - 065435,0.013888888889,census_block_count
065,000375,065,065375,JEFFERSON - 065375,0.013888888889,census_block_count
065,000375,065,065355,JEFFERSON - 065355,0.402777777778,census_block_count
065,000375,065,065455,JEFFERSON - 065455,0.027777777778,census_block_count
065,000375,065,065415,JEFFERSON - 065415,0.472222222222,census_block_count
065,000395,065,065435,JEFFERSON - 065435,0.372549019608,census_block_count
065,000395,065,065355,JEFFERSON - 065355,0.058823529412,census_block_count
065,000395,065,065455,JEFFERSON - 065455,0.558823529412,census_block_count
065,000395,065,065415,JEFFERSON - 065415,0.009803921569,census_block_count
065,000475,065,065655,JEFFERSON - 065655,0.019607843137,census_block_count
065,000475,065,065495,JEFFERSON - 065495,0.549019607843,census_block_count
065,000475,065,065475,JEFFERSON - 065475,0.431372549020,census_block_count
065,000510,065,065510,JEFFERSON - 065510,1.000000000000,vtd20_identity
065,000525,065,065525,JEFFERSON - 065525,1.000000000000,vtd20_identity
065,000540,065,065540,JEFFERSON - 065540,1.000000000000,vtd20_identity
065,000550,065,065550,JEFFERSON - 065550,1.000000000000,vtd20_identity
065,000565,065,065565,JEFFERSON - 065565,1.000000000000,vtd20_identity
065,000580,065,065580,JEFFERSON - 065580,1.000000000000,vtd20_identity
065,000590,065,065590,JEFFERSON - 065590,1.000000000000,vtd20_identity
065,000605,065,065605,JEFFERSON - 065605,1.000000000000,vtd20_identity
065,000620,065,065540,JEFFERSON - 065540,0.014285714286,census_block_count
065,000620,065,065640,JEFFERSON - 065640,0.250000000000,census_block_count
065,000620,065,065630,JEFFERSON - 065630,0.314285714286,census_block_count
065,000620,065,065620,JEFFERSON - 065620,0.421428571429,census_block_count
065,000655,065,065675,JEFFERSON - 065675,0.255952380952,census_block_count
065,000655,065,065655,JEFFERSON - 065655,0.351190476190,census_block_count
065,000655,065,065475,JEFFERSON - 065475,0.005952380952,census_block_count
065,000655,065,065665,JEFFERSON - 065665,0.386904761905,census_block_count
065,000690,065,065690,JEFFERSON - 065690,1.000000000000,vtd20_identity
065,000700,065,065710,JEFFERSON - 065710,0.308641975309,census_block_count
065,000700,065,065720,JEFFERSON - 065720,0.407407407407,census_block_count
065,000700,065,065435,JEFFERSON - 065435,0.012345679012,census_block_count
065,000700,065,065700,JEFFERSON - 065700,0.259259259259,census_block_count
065,000700,065,065455,JEFFERSON - 065455,0.012345679012,census_block_count
067,000010,067,067010,JUNIATA - 067010,1.000000000000,vtd20_identity
067,000020,067,067020,JUNIATA - 067020,1.000000000000,vtd20_identity
067,000030,067,067030,JUNIATA - 067030,1.000000000000,vtd20_identity
067,000040,067,067040,JUNIATA - 067040,1.000000000000,vtd20_identity
067,000050,067,067050,JUNIATA - 067050,1.000000000000,vtd20_identity
067,000071,067,067070,JUNIATA - 067070,0.204081632653,census_block_count
067,000071,067,067080,JUNIATA - 067080,0.448979591837,census_block_count
067,000071,067,067060,JUNIATA - 067060,0.346938775510,census_block_count
067,000090,067,067090,JUNIATA - 067090,1.000000000000,vtd20_identity
067,000100,067,067100,JUNIATA - 067100,1.000000000000,vtd20_identity
067,000110,067,067110,JUNIATA - 067110,1.000000000000,vtd20_identity
067,000120,067,067120,JUNIATA - 067120,1.000000000000,vtd20_identity
067,000130,067,067130,JUNIATA - 067130,1.000000000000,vtd20_identity
067,000140,067,067140,JUNIATA - 067140,1.000000000000,vtd20_identity
067,000150,067,067150,JUNIATA - 067150,1.000000000000,vtd20_identity
067,000160,067,067160,JUNIATA - 067160,1.000000000000,vtd20_identity
067,000170,067,067170,JUNIATA - 067170,1.000000000000,vtd20_identity
067,000180,067,067180,JUNIATA - 067180,1.000000000000,vtd20_identity
067,000190,067,067190,JUNIATA - 067190,1.000000000000,vtd20_identity
067,000200,067,067200,JUNIATA - 067200,1.000000000000,vtd20_identity
069,000010,069,069010,LACKAWANNA - 069010,1.000000000000,vtd20_identity
069,000022,069,069020,LACKAWANNA - 069020,1.000000000000,vtd20_identity
069,000030,069,069030,LACKAWANNA - 069030,1.000000000000,vtd20_identity
069,000055,069,069080,LACKAWANNA - 069080,0.025641025641,census_block_count
069,000055,069,069040,LACKAWANNA - 069040,0.076923076923,census_block_count
069,000055,069,069060,LACKAWANNA - 069060,0.487179487179,census_block_count
069,000055,069,069050,LACKAWANNA - 069050,0.410256410256,census_block_count
069,000070,069,069070,LACKAWANNA - 069070,1.000000000000,vtd20_identity
069,000080,069,069080,LACKAWANNA - 069080,1.000000000000,vtd20_identity
069,000090,069,069090,LACKAWANNA - 069090,1.000000000000,vtd20_identity
069,000100,069,069100,LACKAWANNA - 069100,1.000000000000,vtd20_identity
069,000115,069,069150,LACKAWANNA - 069150,0.129032258065,census_block_count
069,000115,069,069120,LACKAWANNA - 069120,0.451612903226,census_block_count
069,000115,069,069110,LACKAWANNA - 069110,0.419354838710,census_block_count
069,000135,069,069160,LACKAWANNA - 069160,0.135135135135,census_block_count
069,000135,069,069140,LACKAWANNA - 069140,0.378378378378,census_block_count
069,000135,069,0691300,LACKAWANNA - 0691300,0.027027027027,census_block_count
069,000135,069,069130,LACKAWANNA - 069130,0.459459459459,census_block_count
069,000150,069,069150,LACKAWANNA - 069150,1.000000000000,vtd20_identity
069,000160,069,069160,LACKAWANNA - 069160,1.000000000000,vtd20_identity
069,000175,069,069180,LACKAWANNA - 069180,0.217391304348,census_block_count
069,000175,069,069215,LACKAWANNA - 069215,0.391304347826,census_block_count
069,000175,069,069260,LACKAWANNA - 069260,0.043478260870,census_block_count
069,000175,069,069170,LACKAWANNA - 069170,0.239130434783,census_block_count
069,000175,069,069300,LACKAWANNA - 069300,0.043478260870,census_block_count
069,000175,069,069330,LACKAWANNA - 069330,0.065217391304,census_block_count
069,000180,069,069195,LACKAWANNA - 069195,1.000000000000,vtd20_identity
069,000230,069,069230,LACKAWANNA - 069230,1.000000000000,vtd20_identity
069,000240,069,069290,LACKAWANNA - 069290,0.032258064516,census_block_count
069,000240,069,069280,LACKAWANNA - 069280,0.032258064516,census_block_count
069,000240,069,069270,LACKAWANNA - 069270,0.387096774194,census_block_count
069,000240,069,069240,LACKAWANNA - 069240,0.387096774194,census_block_count
069,000240,069,069250,LACKAWANNA - 069250,0.161290322581,census_block_count
069,000245,069,069260,LACKAWANNA - 069260,0.437500000000,census_block_count
069,000245,069,069270,LACKAWANNA - 069270,0.093750000000,census_block_count
069,000245,069,069240,LACKAWANNA - 069240,0.187500000000,census_block_count
069,000245,069,069250,LACKAWANNA - 069250,0.281250000000,census_block_count
069,000275,069,069290,LACKAWANNA - 069290,0.433333333333,census_block_count
069,000275,069,069230,LACKAWANNA - 069230,0.033333333333,census_block_count
069,000275,069,069280,LACKAWANNA - 069280,0.500000000000,census_block_count
069,000275,069,069250,LACKAWANNA - 069250,0.033333333333,census_block_count
069,000305,069,069360,LACKAWANNA - 069360,0.176470588235,census_block_count
069,000305,069,069320,LACKAWANNA - 069320,0.176470588235,census_block_count
069,000305,069,069300,LACKAWANNA - 069300,0.647058823529,census_block_count
069,000315,069,069310,LACKAWANNA - 069310,0.529411764706,census_block_count
069,000315,069,069195,LACKAWANNA - 069195,0.058823529412,census_block_count
069,000315,069,069330,LACKAWANNA - 069330,0.411764705882,census_block_count
069,000340,069,069350,LACKAWANNA - 069350,0.416666666667,census_block_count
069,000340,069,069340,LACKAWANNA - 069340,0.333333333333,census_block_count
069,000340,069,069310,LACKAWANNA - 069310,0.250000000000,census_block_count
069,000355,069,069360,LACKAWANNA - 069360,1.000000000000,vtd20_identity
069,000370,069,069370,LACKAWANNA - 069370,1.000000000000,census_block_count
069,000380,069,069380,LACKAWANNA - 069380,1.000000000000,vtd20_identity
069,000390,069,069370,LACKAWANNA - 069370,0.400000000000,census_block_count
069,000390,069,069390,LACKAWANNA - 069390,0.600000000000,census_block_count
069,000400,069,069400,LACKAWANNA - 069400,1.000000000000,vtd20_identity
069,000410,069,069410,LACKAWANNA - 069410,1.000000000000,vtd20_identity
069,000420,069,069420,LACKAWANNA - 069420,1.000000000000,vtd20_identity
069,000430,069,069430,LACKAWANNA - 069430,1.000000000000,vtd20_identity
069,000440,069,069440,LACKAWANNA - 069440,1.000000000000,vtd20_identity
069,000450,069,069450,LACKAWANNA - 069450,1.000000000000,vtd20_identity
069,000460,069,069460,LACKAWANNA - 069460,1.000000000000,vtd20_identity
069,000470,069,069470,LACKAWANNA - 069470,1.000000000000,vtd20_identity
069,000480,069,069480,LACKAWANNA - 069480,1.000000000000,vtd20_identity
069,000495,069,069480,LACKAWANNA - 069480,0.064516129032,census_block_count
069,000495,069,069490,LACKAWANNA - 069490,0.322580645161,census_block_count
069,000495,069,069500,LACKAWANNA - 069500,0.612903225806,census_block_count
069,000525,069,069570,LACKAWANNA - 069570,0.060000000000,census_block_count
069,000525,069,069510,LACKAWANNA - 069510,0.280000000000,census_block_count
069,000525,069,069520,LACKAWANNA - 069520,0.280000000000,census_block_count
069,000525,069,069530,LACKAWANNA - 069530,0.160000000000,census_block_count
069,000525,069,069550,LACKAWANNA - 069550,0.160000000000,census_block_count
069,000525,069,069480,LACKAWANNA - 069480,0.060000000000,census_block_count
069,000540,069,069540,LACKAWANNA - 069540,0.722222222222,census_block_count
069,000540,069,069560,LACKAWANNA - 069560,0.277777777778,census_block_count
069,000550,069,069570,LACKAWANNA - 069570,0.346153846154,census_block_count
069,000550,069,069550,LACKAWANNA - 069550,0.653846153846,census_block_count
069,000565,069,069570,LACKAWANNA - 069570,1.000000000000,vtd20_identity
069,000585,069,069710,LACKAWANNA - 069710,0.100000000000,census_block_count
069,000585,069,0692180,LACKAWANNA - 0692180,0.033333333333,census_block_count
069,000585,069,069610,LACKAWANNA - 069610,0.266666666667,census_block_count
069,000585,069,069580,LACKAWANNA - 069580,0.466666666667,census_block_count
069,000585,069,0692210,LACKAWANNA - 0692210,0.066666666667,census_block_count
069,000585,069,069720,LACKAWANNA - 069720,0.066666666667,census_block_count
069,000595,069,069690,LACKAWANNA - 069690,0.333333333333,census_block_count
069,000595,069,0691280,LACKAWANNA - 0691280,0.020833333333,census_block_count
069,000595,069,069700,LACKAWANNA - 069700,0.020833333333,census_block_count
069,000595,069,069600,LACKAWANNA - 069600,0.020833333333,census_block_count
069,000595,069,069590,LACKAWANNA - 069590,0.583333333333,census_block_count
069,000595,069,069640,LACKAWANNA - 069640,0.020833333333,census_block_count
069,000600,069,069600,LACKAWANNA - 069600,1.000000000000,vtd20_identity
069,000620,069,069630,LACKAWANNA - 069630,0.689655172414,census_block_count
069,000620,069,069620,LACKAWANNA - 069620,0.241379310345,census_block_count
069,000620,069,069600,LACKAWANNA - 069600,0.034482758621,census_block_count
069,000620,069,069640,LACKAWANNA - 069640,0.034482758621,census_block_count
069,000635,069,069650,LACKAWANNA - 069650,0.290322580645,census_block_count
069,000635,069,069640,LACKAWANNA - 069640,0.645161290323,census_block_count
069,000635,069,069670,LACKAWANNA - 069670,0.064516129032,census_block_count
069,000665,069,069660,LACKAWANNA - 069660,0.142857142857,census_block_count
069,000665,069,069680,LACKAWANNA - 069680,0.028571428571,census_block_count
069,000665,069,069670,LACKAWANNA - 069670,0.828571428571,census_block_count
069,000670,069,069680,LACKAWANNA - 069680,1.000000000000,vtd20_identity
069,000700,069,069700,LACKAWANNA - 069700,1.000000000000,vtd20_identity
069,000710,069,069710,LACKAWANNA - 069710,1.000000000000,vtd20_identity
069,000720,069,069720,LACKAWANNA - 069720,1.000000000000,vtd20_identity
069,000730,069,069740,LACKAWANNA - 069740,0.269230769231,census_block_count
069,000730,069,069750,LACKAWANNA - 069750,0.500000000000,census_block_count
069,000730,069,069730,LACKAWANNA - 069730,0.230769230769,census_block_count
069,000745,069,069720,LACKAWANNA - 069720,1.000000000000,census_block_count
069,000760,069,069760,LACKAWANNA - 069760,1.000000000000,vtd20_identity
069,000770,069,069770,LACKAWANNA - 069770,1.000000000000,vtd20_identity
069,000780,069,069780,LACKAWANNA - 069780,1.000000000000,vtd20_identity
069,000790,069,069790,LACKAWANNA - 069790,1.000000000000,vtd20_identity
069,000800,069,069800,LACKAWANNA - 069800,1.000000000000,vtd20_identity
069,000810,069,069810,LACKAWANNA - 069810,1.000000000000,vtd20_identity
069,000820,069,069820,LACKAWANNA - 069820,1.000000000000,vtd20_identity
069,000830,069,069830,LACKAWANNA - 069830,1.000000000000,vtd20_identity
069,000840,069,069840,LACKAWANNA - 069840,1.000000000000,vtd20_identity
069,000850,069,069850,LACKAWANNA - 069850,1.000000000000,vtd20_identity
069,000860,069,069860,LACKAWANNA - 069860,1.000000000000,vtd20_identity
069,000875,069,069920,LACKAWANNA - 069920,0.205128205128,census_block_count
069,000875,069,069910,LACKAWANNA - 069910,0.025641025641,census_block_count
069,000875,069,069880,LACKAWANNA - 069880,0.538461538462,census_block_count
069,000875,069,069870,LACKAWANNA - 069870,0.230769230769,census_block_count
069,000895,069,069890,LACKAWANNA - 069890,0.440000000000,census_block_count
069,000895,069,069120,LACKAWANNA - 069120,0.080000000000,census_block_count
069,000895,069,069900,LACKAWANNA - 069900,0.480000000000,census_block_count
069,000910,069,069910,LACKAWANNA - 069910,1.000000000000,vtd20_identity
069,000925,069,069930,LACKAWANNA - 069930,1.000000000000,vtd20_identity
069,000940,069,069940,LACKAWANNA - 069940,1.000000000000,vtd20_identity
069,000950,069,069950,LACKAWANNA - 069950,1.000000000000,vtd20_identity
069,000960,069,069960,LACKAWANNA - 069960,1.000000000000,vtd20_identity
069,000970,069,069970,LACKAWANNA - 069970,1.000000000000,vtd20_identity
069,000980,069,069980,LACKAWANNA - 069980,1.000000000000,vtd20_identity
069,000990,069,069990,LACKAWANNA - 069990,1.000000000000,vtd20_identity
069,001005,069,0691110,LACKAWANNA - 0691110,0.019607843137,census_block_count
069,001005,069,0691010,LACKAWANNA - 0691010,0.274509803922,census_block_count
069,001005,069,0691020,LACKAWANNA - 0691020,0.039215686275,census_block_count
069,001005,069,0691000,LACKAWANNA - 0691000,0.666666666667,census_block_count
069,001010,069,0691040,LACKAWANNA - 0691040,1.000000000000,vtd20_identity
069,001020,069,0691020,LACKAWANNA - 0691020,1.000000000000,vtd20_identity
069,001035,069,0691030,LACKAWANNA - 0691030,1.000000000000,vtd20_identity
069,001050,069,0691050,LACKAWANNA - 0691050,1.000000000000,vtd20_identity
069,001060,069,0691060,LACKAWANNA - 0691060,1.000000000000,vtd20_identity
069,001070,069,0691070,LACKAWANNA - 0691070,1.000000000000,vtd20_identity
069,001080,069,0691080,LACKAWANNA - 0691080,1.000000000000,vtd20_identity
069,001090,069,0691090,LACKAWANNA - 0691090,1.000000000000,vtd20_identity
069,001100,069,0691100,LACKAWANNA - 0691100,1.000000000000,vtd20_identity
069,001110,069,0691110,LACKAWANNA - 0691110,1.000000000000,vtd20_identity
069,001120,069,0691120,LACKAWANNA - 0691120,1.000000000000,vtd20_identity
069,001130,069,0691100,LACKAWANNA - 0691100,0.029411764706,census_block_count
069,001130,069,0691150,LACKAWANNA - 0691150,0.058823529412,census_block_count
069,001130,069,0691130,LACKAWANNA - 0691130,0.411764705882,census_block_count
069,001130,069,0691140,LACKAWANNA - 0691140,0.500000000000,census_block_count
069,001140,069,0691150,LACKAWANNA - 0691150,1.000000000000,vtd20_identity
069,001160,069,0691160,LACKAWANNA - 0691160,1.000000000000,vtd20_identity
069,001175,069,0691180,LACKAWANNA - 0691180,0.240000000000,census_block_count
069,001175,069,0691170,LACKAWANNA - 0691170,0.200000000000,census_block_count
069,001175,069,0691190,LACKAWANNA - 0691190,0.520000000000,census_block_count
069,001175,069,0691160,LACKAWANNA - 0691160,0.040000000000,census_block_count
069,001205,069,0691220,LACKAWANNA - 0691220,0.411764705882,census_block_count
069,001205,069,0691200,LACKAWANNA - 0691200,0.411764705882,census_block_count
069,001205,069,0691180,LACKAWANNA - 0691180,0.058823529412,census_block_count
069,001205,069,0691210,LACKAWANNA - 0691210,0.058823529412,census_block_count
069,001205,069,0691240,LACKAWANNA - 0691240,0.058823529412,census_block_count
069,001209,069,0691210,LACKAWANNA - 0691210,0.633333333333,census_block_count
069,001209,069,0691240,LACKAWANNA - 0691240,0.233333333333,census_block_count
069,001209,069,0691230,LACKAWANNA - 0691230,0.133333333333,census_block_count
069,001230,069,0691240,LACKAWANNA - 0691240,0.368421052632,census_block_count
069,001230,069,0691230,LACKAWANNA - 0691230,0.631578947368,census_block_count
069,001240,069,0691240,LACKAWANNA - 0691240,0.733333333333,census_block_count
069,001240,069,0691230,LACKAWANNA - 0691230,0.266666666667,census_block_count
069,001250,069,0691270,LACKAWANNA - 0691270,1.000000000000,vtd20_identity
069,001260,069,0691260,LACKAWANNA - 0691260,1.000000000000,vtd20_identity
069,001270,069,0691250,LACKAWANNA - 0691250,1.000000000000,vtd20_identity
069,001280,069,0691280,LACKAWANNA - 0691280,1.000000000000,vtd20_identity
069,001290,069,0691290,LACKAWANNA - 0691290,1.000000000000,vtd20_identity
069,001300,069,0691300,LACKAWANNA - 0691300,1.000000000000,vtd20_identity
069,001315,069,0691350,LACKAWANNA - 0691350,0.528301886792,census_block_count
069,001315,069,0691310,LACKAWANNA - 0691310,0.339622641509,census_block_count
069,001315,069,0691340,LACKAWANNA - 0691340,0.018867924528,census_block_count
069,001315,069,0691330,LACKAWANNA - 0691330,0.018867924528,census_block_count
069,001315,069,0691420,LACKAWANNA - 0691420,0.094339622642,census_block_count
069,001325,069,0691310,LACKAWANNA - 0691310,0.037037037037,census_block_count
069,001325,069,0691340,LACKAWANNA - 0691340,0.370370370370,census_block_count
069,001325,069,0691330,LACKAWANNA - 0691330,0.407407407407,census_block_count
069,001325,069,0691320,LACKAWANNA - 0691320,0.111111111111,census_block_count
069,001325,069,0691360,LACKAWANNA - 0691360,0.074074074074,census_block_count
069,001365,069,0691390,LACKAWANNA - 0691390,0.310344827586,census_block_count
069,001365,069,0691400,LACKAWANNA - 0691400,0.448275862069,census_block_count
069,001365,069,0691360,LACKAWANNA - 0691360,0.241379310345,census_block_count
069,001370,069,0691390,LACKAWANNA - 0691390,0.027027027027,census_block_count
069,001370,069,0691380,LACKAWANNA - 0691380,0.378378378378,census_block_count
069,001370,069,0691370,LACKAWANNA - 0691370,0.513513513514,census_block_count
069,001370,069,0691440,LACKAWANNA - 0691440,0.081081081081,census_block_count
069,001385,069,0691410,LACKAWANNA - 0691410,1.000000000000,vtd20_identity
069,001420,069,0691420,LACKAWANNA - 0691420,1.000000000000,vtd20_identity
069,001435,069,0691420,LACKAWANNA - 0691420,0.020833333333,census_block_count
069,001435,069,0691430,LACKAWANNA - 0691430,0.708333333333,census_block_count
069,001435,069,0691440,LACKAWANNA - 0691440,0.250000000000,census_block_count
069,001435,069,0692140,LACKAWANNA - 0692140,0.020833333333,census_block_count
069,001455,069,0691460,LACKAWANNA - 0691460,0.321428571429,census_block_count
069,001455,069,0691510,LACKAWANNA - 0691510,0.285714285714,census_block_count
069,001455,069,0691450,LACKAWANNA - 0691450,0.392857142857,census_block_count
069,001460,069,0691500,LACKAWANNA - 0691500,0.166666666667,census_block_count
069,001460,069,0691480,LACKAWANNA - 0691480,0.200000000000,census_block_count
069,001460,069,0691490,LACKAWANNA - 0691490,0.366666666667,census_block_count
069,001460,069,0691470,LACKAWANNA - 0691470,0.266666666667,census_block_count
069,001525,069,0691540,LACKAWANNA - 0691540,0.428571428571,census_block_count
069,001525,069,0691530,LACKAWANNA - 0691530,0.095238095238,census_block_count
069,001525,069,0691520,LACKAWANNA - 0691520,0.476190476190,census_block_count
069,001535,069,0691550,LACKAWANNA - 0691550,0.285714285714,census_block_count
069,001535,069,0691530,LACKAWANNA - 0691530,0.326530612245,census_block_count
069,001535,069,0691560,LACKAWANNA - 0691560,0.387755102041,census_block_count
069,001575,069,0691900,LACKAWANNA - 0691900,0.032258064516,census_block_count
069,001575,069,0692160,LACKAWANNA - 0692160,0.032258064516,census_block_count
069,001575,069,0691570,LACKAWANNA - 0691570,0.193548387097,census_block_count
069,001575,069,0691580,LACKAWANNA - 0691580,0.290322580645,census_block_count
069,001575,069,0691590,LACKAWANNA - 0691590,0.451612903226,census_block_count
069,001605,069,0691370,LACKAWANNA - 0691370,0.016393442623,census_block_count
069,001605,069,0691800,LACKAWANNA - 0691800,0.508196721311,census_block_count
069,001605,069,0692110,LACKAWANNA - 0692110,0.016393442623,census_block_count
069,001605,069,0691600,LACKAWANNA - 0691600,0.459016393443,census_block_count
069,001615,069,0691610,LACKAWANNA - 0691610,0.567567567568,census_block_count
069,001615,069,0691600,LACKAWANNA - 0691600,0.054054054054,census_block_count
069,001615,069,0691620,LACKAWANNA - 0691620,0.378378378378,census_block_count
069,001625,069,0691630,LACKAWANNA - 0691630,0.475000000000,census_block_count
069,001625,069,0691600,LACKAWANNA - 0691600,0.025000000000,census_block_count
069,001625,069,0691640,LACKAWANNA - 0691640,0.500000000000,census_block_count
069,001650,069,0691650,LACKAWANNA - 0691650,0.500000000000,census_block_count
069,001650,069,0691670,LACKAWANNA - 0691670,0.500000000000,census_block_count
069,001665,069,0691660,LACKAWANNA - 0691660,0.282051282051,census_block_count
069,001665,069,0691680,LACKAWANNA - 0691680,0.333333333333,census_block_count
069,001665,069,0691690,LACKAWANNA - 0691690,0.384615384615,census_block_count
069,001675,069,0691650,LACKAWANNA - 0691650,0.130434782609,census_block_count
069,001675,069,0691700,LACKAWANNA - 0691700,0.326086956522,census_block_count
069,001675,069,0691670,LACKAWANNA - 0691670,0.043478260870,census_block_count
069,001675,069,0691710,LACKAWANNA - 0691710,0.456521739130,census_block_count
069,001675,069,0691790,LACKAWANNA - 0691790,0.043478260870,census_block_count
069,001725,069,0691730,LACKAWANNA - 0691730,0.431034482759,census_block_count
069,001725,069,0691720,LACKAWANNA - 0691720,0.293103448276,census_block_count
069,001725,069,0691740,LACKAWANNA - 0691740,0.275862068966,census_block_count
069,001750,069,0691750,LACKAWANNA - 0691750,0.361702127660,census_block_count
069,001750,069,0691720,LACKAWANNA - 0691720,0.042553191489,census_block_count
069,001750,069,0691760,LACKAWANNA - 0691760,0.595744680851,census_block_count
069,001760,069,0691770,LACKAWANNA - 0691770,0.350000000000,census_block_count
069,001760,069,0691780,LACKAWANNA - 0691780,0.500000000000,census_block_count
069,001760,069,0691720,LACKAWANNA - 0691720,0.050000000000,census_block_count
069,001760,069,0691760,LACKAWANNA - 0691760,0.100000000000,census_block_count
069,001775,069,0691790,LACKAWANNA - 0691790,1.000000000000,vtd20_identity
069,001805,069,0691380,LACKAWANNA - 0691380,0.027777777778,census_block_count
069,001805,069,0691820,LACKAWANNA - 0691820,0.444444444444,census_block_count
069,001805,069,0691810,LACKAWANNA - 0691810,0.527777777778,census_block_count
069,001810,069,0691830,LACKAWANNA - 0691830,1.000000000000,vtd20_identity
069,001845,069,0691850,LACKAWANNA - 0691850,0.318181818182,census_block_count
069,001845,069,0691840,LACKAWANNA - 0691840,0.227272727273,census_block_count
069,001845,069,0692110,LACKAWANNA - 0692110,0.136363636364,census_block_count
069,001845,069,0691520,LACKAWANNA - 0691520,0.022727272727,census_block_count
069,001845,069,0691990,LACKAWANNA - 0691990,0.136363636364,census_block_count
069,001845,069,0691570,LACKAWANNA - 0691570,0.159090909091,census_block_count
069,001865,069,0691890,LACKAWANNA - 0691890,0.315789473684,census_block_count
069,001865,069,0691900,LACKAWANNA - 0691900,0.105263157895,census_block_count
069,001865,069,0691880,LACKAWANNA - 0691880,0.368421052632,census_block_count
069,001865,069,0691860,LACKAWANNA - 0691860,0.184210526316,census_block_count
069,001865,069,0691590,LACKAWANNA - 0691590,0.026315789474,census_block_count
069,001875,069,0691890,LACKAWANNA - 0691890,0.028571428571,census_block_count
069,001875,069,0691870,LACKAWANNA - 0691870,0.457142857143,census_block_count
069,001875,069,0691900,LACKAWANNA - 0691900,0.114285714286,census_block_count
069,001875,069,0691910,LACKAWANNA - 0691910,0.400000000000,census_block_count
069,001920,069,0691920,LACKAWANNA - 0691920,1.000000000000,vtd20_identity
069,001925,069,0691960,LACKAWANNA - 0691960,0.076923076923,census_block_count
069,001925,069,0691950,LACKAWANNA - 0691950,0.423076923077,census_block_count
069,001925,069,0691940,LACKAWANNA - 0691940,0.269230769231,census_block_count
069,001925,069,0691970,LACKAWANNA - 0691970,0.230769230769,census_block_count
069,001935,069,0691610,LACKAWANNA - 0691610,0.016393442623,census_block_count
069,001935,069,0691960,LACKAWANNA - 0691960,0.114754098361,census_block_count
069,001935,069,0691930,LACKAWANNA - 0691930,0.655737704918,census_block_count
069,001935,069,0691980,LACKAWANNA - 0691980,0.213114754098,census_block_count
069,002005,069,0692000,LACKAWANNA - 0692000,0.187500000000,census_block_count
069,002005,069,0692010,LACKAWANNA - 0692010,0.468750000000,census_block_count
069,002005,069,0691720,LACKAWANNA - 0691720,0.031250000000,census_block_count
069,002005,069,0691740,LACKAWANNA - 0691740,0.031250000000,census_block_count
069,002005,069,0692050,LACKAWANNA - 0692050,0.250000000000,census_block_count
069,002005,069,0692080,LACKAWANNA - 0692080,0.031250000000,census_block_count
069,002015,069,0692000,LACKAWANNA - 0692000,0.070175438596,census_block_count
069,002015,069,0692020,LACKAWANNA - 0692020,0.368421052632,census_block_count
069,002015,069,0692010,LACKAWANNA - 0692010,0.052631578947,census_block_count
069,002015,069,0692040,LACKAWANNA - 0692040,0.473684210526,census_block_count
069,002015,069,0692080,LACKAWANNA - 0692080,0.035087719298,census_block_count
069,002025,069,0692060,LACKAWANNA - 0692060,1.000000000000,vtd20_identity
069,002030,069,0692030,LACKAWANNA - 0692030,1.000000000000,vtd20_identity
069,002070,069,0691730,LACKAWANNA - 0691730,0.021052631579,census_block_count
069,002070,069,0692010,LACKAWANNA - 0692010,0.010526315789,census_block_count
069,002070,069,0692090,LACKAWANNA - 0692090,0.031578947368,census_block_count
069,002070,069,0692030,LACKAWANNA - 0692030,0.010526315789,census_block_count
069,002070,069,0692070,LACKAWANNA - 0692070,0.378947368421,census_block_count
069,002070,069,0692080,LACKAWANNA - 0692080,0.547368421053,census_block_count
069,002085,069,0692100,LACKAWANNA - 0692100,1.000000000000,vtd20_identity
069,002090,069,0692090,LACKAWANNA - 0692090,1.000000000000,vtd20_identity
069,002110,069,0692110,LACKAWANNA - 0692110,1.000000000000,vtd20_identity
069,002125,069,0692150,LACKAWANNA - 0692150,0.709677419355,census_block_count
069,002125,069,0692120,LACKAWANNA - 0692120,0.290322580645,census_block_count
069,002130,069,0692130,LACKAWANNA - 0692130,1.000000000000,vtd20_identity
069,002140,069,0692140,LACKAWANNA - 0692140,1.000000000000,vtd20_identity
069,002160,069,0692160,LACKAWANNA - 0692160,1.000000000000,vtd20_identity
069,002170,069,0692170,LACKAWANNA - 0692170,1.000000000000,vtd20_identity
069,002180,069,0692180,LACKAWANNA - 0692180,1.000000000000,vtd20_identity
069,002195,069,0691330,LACKAWANNA - 0691330,0.020833333333,census_block_count
069,002195,069,0692220,LACKAWANNA - 0692220,0.729166666667,census_block_count
069,002195,069,0692190,LACKAWANNA - 0692190,0.250000000000,census_block_count
069,002205,069,0691820,LACKAWANNA - 0691820,0.100000000000,census_block_count
069,002205,069,0691360,LACKAWANNA - 0691360,0.033333333333,census_block_count
069,002205,069,0692200,LACKAWANNA - 0692200,0.466666666667,census_block_count
069,002205,069,0692210,LACKAWANNA - 0692210,0.233333333333,census_block_count
069,002205,069,0691830,LACKAWANNA - 0691830,0.166666666667,census_block_count
069,002230,069,0692230,LACKAWANNA - 0692230,1.000000000000,vtd20_identity
069,002240,069,0692240,LACKAWANNA - 0692240,1.000000000000,vtd20_identity
069,002252,069,0692250,LACKAWANNA - 0692250,0.826086956522,census_block_count
069,002252,069,069010,LACKAWANNA - 069010,0.086956521739,census_block_count
069,002252,069,0692270,LACKAWANNA - 0692270,0.086956521739,census_block_count
069,002255,069,0692250,LACKAWANNA - 0692250,1.000000000000,vtd20_identity
069,002260,069,069010,LACKAWANNA - 069010,0.043478260870,census_block_count
069,002260,069,0692260,LACKAWANNA - 0692260,0.913043478261,census_block_count
069,002260,069,069420,LACKAWANNA - 069420,0.021739130435,census_block_count
069,002260,069,0692270,LACKAWANNA - 0692270,0.021739130435,census_block_count
069,002272,069,0692270,LACKAWANNA - 0692270,1.000000000000,vtd20_identity
069,002275,069,0692270,LACKAWANNA - 0692270,1.000000000000,census_block_count
069,002280,069,0692280,LACKAWANNA - 0692280,1.000000000000,vtd20_identity
069,002295,069,0692350,LACKAWANNA - 0692350,0.029411764706,census_block_count
069,002295,069,0692300,LACKAWANNA - 0692300,0.617647058824,census_block_count
069,002295,069,0692290,LACKAWANNA - 0692290,0.352941176471,census_block_count
069,002300,069,0692350,LACKAWANNA - 0692350,1.000000000000,vtd20_identity
069,002315,069,0692300,LACKAWANNA - 0692300,0.015873015873,census_block_count
069,002315,069,0692310,LACKAWANNA - 0692310,0.412698412698,census_block_count
069,002315,069,0691030,LACKAWANNA - 0691030,0.015873015873,census_block_count
069,002315,069,0692330,LACKAWANNA - 0692330,0.063492063492,census_block_count
069,002315,069,0692320,LACKAWANNA - 0692320,0.492063492063,census_block_count
069,002320,069,0692340,LACKAWANNA - 0692340,1.000000000000,vtd20_identity
069,002330,069,0692330,LACKAWANNA - 0692330,1.000000000000,vtd20_identity
069,002360,069,0692360,LACKAWANNA - 0692360,0.500000000000,census_block_count
069,002360,069,0692370,LACKAWANNA - 0692370,0.500000000000,census_block_count
069,002370,069,0692360,LACKAWANNA - 0692360,0.488888888889,census_block_count
069,002370,069,0692370,LACKAWANNA - 0692370,0.488888888889,census_block_count
069,002370,069,0692380,LACKAWANNA - 0692380,0.022222222222,census_block_count
069,002380,069,0692380,LACKAWANNA - 0692380,1.000000000000,vtd20_identity
069,002390,069,0692390,LACKAWANNA - 0692390,1.000000000000,vtd20_identity
069,002400,069,0692400,LACKAWANNA - 0692400,1.000000000000,vtd20_identity
069,002410,069,0692410,LACKAWANNA - 0692410,1.000000000000,vtd20_identity
071,000010,071,071010,LANCASTER - 071010,1.000000000000,vtd20_identity
071,000020,071,071020,LANCASTER - 071020,1.000000000000,census_block_count
071,000030,071,071030,LANCASTER - 071030,1.000000000000,vtd20_identity
071,000040,071,071040,LANCASTER - 071040,1.000000000000,vtd20_identity
071,000050,071,071050,LANCASTER - 071050,1.000000000000,vtd20_identity
071,000060,071,071060,LANCASTER - 071060,1.000000000000,vtd20_identity
071,000070,071,071070,LANCASTER - 071070,1.000000000000,vtd20_identity
071,000080,071,071080,LANCASTER - 071080,1.000000000000,vtd20_identity
071,000088,071,071090,LANCASTER - 071090,1.000000000000,vtd20_identity
071,000092,071,071090,LANCASTER - 071090,1.000000000000,census_block_count
071,000100,071,071100,LANCASTER - 071100,1.000000000000,vtd20_identity
071,000115,071,071110,LANCASTER - 071110,0.400000000000,census_block_count
071,000115,071,071130,LANCASTER - 071130,0.216666666667,census_block_count
071,000115,071,071190,LANCASTER - 071190,0.033333333333,census_block_count
071,000115,071,0711930,LANCASTER - 0711930,0.033333333333,census_block_count
071,000115,071,071120,LANCASTER - 071120,0.316666666667,census_block_count
071,000140,071,071140,LANCASTER - 071140,1.000000000000,vtd20_identity
071,000155,071,071180,LANCASTER - 071180,0.625000000000,census_block_count
071,000155,071,071190,LANCASTER - 071190,0.020833333333,census_block_count
071,000155,071,0711930,LANCASTER - 0711930,0.020833333333,census_block_count
071,000155,071,071150,LANCASTER - 071150,0.333333333333,census_block_count
071,000160,071,071160,LANCASTER - 071160,1.000000000000,vtd20_identity
071,000170,071,071170,LANCASTER - 071170,1.000000000000,vtd20_identity
071,000190,071,071190,LANCASTER - 071190,1.000000000000,vtd20_identity
071,000200,071,071200,LANCASTER - 071200,1.000000000000,vtd20_identity
071,000210,071,071210,LANCASTER - 071210,1.000000000000,vtd20_identity
071,000220,071,071220,LANCASTER - 071220,1.000000000000,vtd20_identity
071,000230,071,071230,LANCASTER - 071230,1.000000000000,vtd20_identity
071,000240,071,071060,LANCASTER - 071060,0.007194244604,census_block_count
071,000240,071,071240,LANCASTER - 071240,0.582733812950,census_block_count
071,000240,071,071250,LANCASTER - 071250,0.410071942446,census_block_count
071,000250,071,071250,LANCASTER - 071250,1.000000000000,census_block_count
071,000262,071,071010,LANCASTER - 071010,0.025641025641,census_block_count
071,000262,071,071060,LANCASTER - 071060,0.025641025641,census_block_count
071,000262,071,071260,LANCASTER - 071260,0.923076923077,census_block_count
071,000262,071,071270,LANCASTER - 071270,0.025641025641,census_block_count
071,000265,071,071260,LANCASTER - 071260,1.000000000000,vtd20_identity
071,000272,071,071270,LANCASTER - 071270,1.000000000000,vtd20_identity
071,000275,071,071270,LANCASTER - 071270,1.000000000000,census_block_count
071,000282,071,0711440,LANCASTER - 0711440,0.019230769231,census_block_count
071,000282,071,071280,LANCASTER - 071280,0.980769230769,census_block_count
071,000288,071,071280,LANCASTER - 071280,1.000000000000,vtd20_identity
071,000290,071,071290,LANCASTER - 071290,1.000000000000,vtd20_identity
071,000300,071,071300,LANCASTER - 071300,1.000000000000,vtd20_identity
071,000310,071,071310,LANCASTER - 071310,1.000000000000,vtd20_identity
071,000320,071,071320,LANCASTER - 071320,1.000000000000,vtd20_identity
071,000323,071,071323,LANCASTER - 071323,1.000000000000,vtd20_identity
071,000327,071,071327,LANCASTER - 071327,1.000000000000,vtd20_identity
071,000330,071,071330,LANCASTER - 071330,1.000000000000,vtd20_identity
071,000335,071,071335,LANCASTER - 071335,1.000000000000,vtd20_identity
071,000340,071,071340,LANCASTER - 071340,1.000000000000,vtd20_identity
071,000350,071,071350,LANCASTER - 071350,1.000000000000,vtd20_identity
071,000355,071,071355,LANCASTER - 071355,1.000000000000,vtd20_identity
071,000360,071,071360,LANCASTER - 071360,1.000000000000,vtd20_identity
071,000367,071,071380,LANCASTER - 071380,0.013333333333,census_block_count
071,000367,071,071365,LANCASTER - 071365,0.520000000000,census_block_count
071,000367,071,0711775,LANCASTER - 0711775,0.013333333333,census_block_count
071,000367,071,0711955,LANCASTER - 0711955,0.013333333333,census_block_count
071,000367,071,071370,LANCASTER - 071370,0.440000000000,census_block_count
071,000375,071,071375,LANCASTER - 071375,0.677419354839,census_block_count
071,000375,071,071370,LANCASTER - 071370,0.129032258065,census_block_count
071,000375,071,071345,LANCASTER - 071345,0.193548387097,census_block_count
071,000380,071,071380,LANCASTER - 071380,0.954545454545,census_block_count
071,000380,071,071435,LANCASTER - 071435,0.015151515152,census_block_count
071,000380,071,071445,LANCASTER - 071445,0.015151515152,census_block_count
071,000380,071,0711310,LANCASTER - 0711310,0.015151515152,census_block_count
071,000386,071,071385,LANCASTER - 071385,1.000000000000,vtd20_identity
071,000388,071,071327,LANCASTER - 071327,0.162790697674,census_block_count
071,000388,071,071385,LANCASTER - 071385,0.837209302326,census_block_count
071,000390,071,071390,LANCASTER - 071390,1.000000000000,vtd20_identity
071,000395,071,071395,LANCASTER - 071395,1.000000000000,vtd20_identity
071,000402,071,071400,LANCASTER - 071400,0.857142857143,census_block_count
071,000402,071,0711270,LANCASTER - 0711270,0.035714285714,census_block_count
071,000402,071,0711790,LANCASTER - 0711790,0.035714285714,census_block_count
071,000402,071,0711260,LANCASTER - 0711260,0.071428571429,census_block_count
071,000420,071,071400,LANCASTER - 071400,0.880000000000,census_block_count
071,000420,071,071760,LANCASTER - 071760,0.080000000000,census_block_count
071,000420,071,0711260,LANCASTER - 0711260,0.040000000000,census_block_count
071,000425,071,071400,LANCASTER - 071400,1.000000000000,vtd20_identity
071,000427,071,071420,LANCASTER - 071420,1.000000000000,vtd20_identity
071,000429,071,071400,LANCASTER - 071400,0.225806451613,census_block_count
071,000429,071,071760,LANCASTER - 071760,0.145161290323,census_block_count
071,000429,071,071420,LANCASTER - 071420,0.596774193548,census_block_count
071,000429,071,0711020,LANCASTER - 0711020,0.016129032258,census_block_count
071,000429,071,071925,LANCASTER - 071925,0.016129032258,census_block_count
071,000431,071,071420,LANCASTER - 071420,1.000000000000,census_block_count
071,000433,071,071430,LANCASTER - 071430,1.000000000000,vtd20_identity
071,000434,071,071420,LANCASTER - 071420,0.960000000000,census_block_count
071,000434,071,071430,LANCASTER - 071430,0.040000000000,census_block_count
071,000435,071,071435,LANCASTER - 071435,1.000000000000,vtd20_identity
071,000440,071,071440,LANCASTER - 071440,1.000000000000,vtd20_identity
071,000445,071,071445,LANCASTER - 071445,1.000000000000,vtd20_identity
071,000450,071,071450,LANCASTER - 071450,1.000000000000,vtd20_identity
071,000460,071,071460,LANCASTER - 071460,1.000000000000,vtd20_identity
071,000470,071,071470,LANCASTER - 071470,1.000000000000,vtd20_identity
071,000480,071,071480,LANCASTER - 071480,1.000000000000,vtd20_identity
071,000490,071,071490,LANCASTER - 071490,1.000000000000,vtd20_identity
071,000500,071,071500,LANCASTER - 071500,1.000000000000,vtd20_identity
071,000512,071,071510,LANCASTER - 071510,1.000000000000,vtd20_identity
071,000518,071,071510,LANCASTER - 071510,0.866666666667,census_block_count
071,000518,071,071530,LANCASTER - 071530,0.066666666667,census_block_count
071,000518,071,071090,LANCASTER - 071090,0.066666666667,census_block_count
071,000520,071,071520,LANCASTER - 071520,1.000000000000,vtd20_identity
071,000530,071,071530,LANCASTER - 071530,1.000000000000,vtd20_identity
071,000540,071,071540,LANCASTER - 071540,1.000000000000,vtd20_identity
071,000550,071,071550,LANCASTER - 071550,1.000000000000,vtd20_identity
071,000560,071,071560,LANCASTER - 071560,1.000000000000,vtd20_identity
071,000570,071,071570,LANCASTER - 071570,1.000000000000,vtd20_identity
071,000580,071,071580,LANCASTER - 071580,1.000000000000,vtd20_identity
071,000590,071,071590,LANCASTER - 071590,1.000000000000,vtd20_identity
071,000600,071,071600,LANCASTER - 071600,1.000000000000,vtd20_identity
071,000605,071,071605,LANCASTER - 071605,1.000000000000,vtd20_identity
071,000610,071,071610,LANCASTER - 071610,0.500000000000,census_block_count
071,000610,071,071620,LANCASTER - 071620,0.500000000000,census_block_count
071,000630,071,071630,LANCASTER - 071630,1.000000000000,vtd20_identity
071,000640,071,071640,LANCASTER - 071640,1.000000000000,vtd20_identity
071,000650,071,071650,LANCASTER - 071650,1.000000000000,vtd20_identity
071,000660,071,071660,LANCASTER - 071660,1.000000000000,vtd20_identity
071,000670,071,071670,LANCASTER - 071670,1.000000000000,vtd20_identity
071,000680,071,071680,LANCASTER - 071680,1.000000000000,vtd20_identity
071,000690,071,071690,LANCASTER - 071690,1.000000000000,vtd20_identity
071,000700,071,071700,LANCASTER - 071700,1.000000000000,vtd20_identity
071,000710,071,071710,LANCASTER - 071710,1.000000000000,vtd20_identity
071,000720,071,071720,LANCASTER - 071720,1.000000000000,vtd20_identity
071,000730,071,071760,LANCASTER - 071760,1.000000000000,vtd20_identity
071,000740,071,071760,LANCASTER - 071760,0.388888888889,census_block_count
071,000740,071,071730,LANCASTER - 071730,0.277777777778,census_block_count
071,000740,071,071720,LANCASTER - 071720,0.027777777778,census_block_count
071,000740,071,0711330,LANCASTER - 0711330,0.055555555556,census_block_count
071,000740,071,071740,LANCASTER - 071740,0.250000000000,census_block_count
071,000750,071,071750,LANCASTER - 071750,1.000000000000,vtd20_identity
071,000772,071,071770,LANCASTER - 071770,1.000000000000,vtd20_identity
071,000778,071,071770,LANCASTER - 071770,0.375000000000,census_block_count
071,000778,071,071810,LANCASTER - 071810,0.625000000000,census_block_count
071,000780,071,071780,LANCASTER - 071780,1.000000000000,vtd20_identity
071,000790,071,071790,LANCASTER - 071790,1.000000000000,vtd20_identity
071,000800,071,071800,LANCASTER - 071800,1.000000000000,vtd20_identity
071,000810,071,071810,LANCASTER - 071810,1.000000000000,vtd20_identity
071,000820,071,071820,LANCASTER - 071820,1.000000000000,vtd20_identity
071,000830,071,071830,LANCASTER - 071830,1.000000000000,vtd20_identity
071,000840,071,071840,LANCASTER - 071840,1.000000000000,vtd20_identity
071,000850,071,071850,LANCASTER - 071850,1.000000000000,vtd20_identity
071,000860,071,071860,LANCASTER - 071860,1.000000000000,vtd20_identity
071,000870,071,071870,LANCASTER - 071870,1.000000000000,vtd20_identity
071,000880,071,071880,LANCASTER - 071880,1.000000000000,vtd20_identity
071,000890,071,0711000,LANCASTER - 0711000,0.032258064516,census_block_count
071,000890,071,071890,LANCASTER - 071890,0.419354838710,census_block_count
071,000890,071,071900,LANCASTER - 071900,0.548387096774,census_block_count
071,000900,071,071920,LANCASTER - 071920,1.000000000000,vtd20_identity
071,000910,071,071910,LANCASTER - 071910,1.000000000000,vtd20_identity
071,000925,071,071925,LANCASTER - 071925,1.000000000000,vtd20_identity
071,000930,071,071930,LANCASTER - 071930,1.000000000000,vtd20_identity
071,000940,071,071940,LANCASTER - 071940,1.000000000000,vtd20_identity
071,000950,071,071950,LANCASTER - 071950,1.000000000000,vtd20_identity
071,000960,071,0711220,LANCASTER - 0711220,0.033333333333,census_block_count
071,000960,071,071960,LANCASTER - 071960,0.816666666667,census_block_count
071,000960,071,0711200,LANCASTER - 0711200,0.033333333333,census_block_count
071,000960,071,0711310,LANCASTER - 0711310,0.116666666667,census_block_count
071,000970,071,071970,LANCASTER - 071970,1.000000000000,vtd20_identity
071,000980,071,071980,LANCASTER - 071980,1.000000000000,vtd20_identity
071,000990,071,071990,LANCASTER - 071990,1.000000000000,vtd20_identity
071,001000,071,0711000,LANCASTER - 0711000,0.636363636364,census_block_count
071,001000,071,0711143,LANCASTER - 0711143,0.181818181819,census_block_count
071,001000,071,0711146,LANCASTER - 0711146,0.045454545455,census_block_count
071,001000,071,071900,LANCASTER - 071900,0.136363636364,census_block_count
071,001020,071,071820,LANCASTER - 071820,0.089285714286,census_block_count
071,001020,071,0711990,LANCASTER - 0711990,0.053571428571,census_block_count
071,001020,071,0711020,LANCASTER - 0711020,0.803571428571,census_block_count
071,001020,071,071750,LANCASTER - 071750,0.017857142857,census_block_count
071,001020,071,071790,LANCASTER - 071790,0.035714285714,census_block_count
071,001030,071,0711030,LANCASTER - 0711030,1.000000000000,vtd20_identity
071,001040,071,0711040,LANCASTER - 0711040,0.800000000000,census_block_count
071,001040,071,0711500,LANCASTER - 0711500,0.066666666667,census_block_count
071,001040,071,0711460,LANCASTER - 0711460,0.066666666667,census_block_count
071,001040,071,0711420,LANCASTER - 0711420,0.066666666667,census_block_count
071,001050,071,0711050,LANCASTER - 0711050,1.000000000000,vtd20_identity
071,001060,071,0711060,LANCASTER - 0711060,1.000000000000,vtd20_identity
071,001070,071,0711080,LANCASTER - 0711080,1.000000000000,vtd20_identity
071,001080,071,0711070,LANCASTER - 0711070,1.000000000000,vtd20_identity
071,001090,071,0711090,LANCASTER - 0711090,1.000000000000,vtd20_identity
071,001100,071,0711100,LANCASTER - 0711100,1.000000000000,vtd20_identity
071,001110,071,0711110,LANCASTER - 0711110,1.000000000000,vtd20_identity
071,001120,071,0711120,LANCASTER - 0711120,1.000000000000,vtd20_identity
071,001130,071,0711130,LANCASTER - 0711130,1.000000000000,vtd20_identity
071,001140,071,0711140,LANCASTER - 0711140,0.964285714286,census_block_count
071,001140,071,071435,LANCASTER - 071435,0.035714285714,census_block_count
071,001143,071,0711143,LANCASTER - 0711143,1.000000000000,vtd20_identity
071,001146,071,0711146,LANCASTER - 0711146,1.000000000000,vtd20_identity
071,001155,071,0711150,LANCASTER - 0711150,1.000000000000,vtd20_identity
071,001160,071,0711160,LANCASTER - 0711160,1.000000000000,vtd20_identity
071,001170,071,0711170,LANCASTER - 0711170,1.000000000000,vtd20_identity
071,001180,071,0711180,LANCASTER - 0711180,1.000000000000,vtd20_identity
071,001190,071,0711190,LANCASTER - 0711190,1.000000000000,vtd20_identity
071,001200,071,0711200,LANCASTER - 0711200,1.000000000000,vtd20_identity
071,001210,071,0711210,LANCASTER - 0711210,1.000000000000,vtd20_identity
071,001220,071,0711220,LANCASTER - 0711220,1.000000000000,vtd20_identity
071,001230,071,0711230,LANCASTER - 0711230,1.000000000000,vtd20_identity
071,001240,071,0711240,LANCASTER - 0711240,1.000000000000,vtd20_identity
071,001250,071,0711330,LANCASTER - 0711330,0.170731707317,census_block_count
071,001250,071,0711250,LANCASTER - 0711250,0.756097560976,census_block_count
071,001250,071,071740,LANCASTER - 071740,0.024390243902,census_block_count
071,001250,071,0711020,LANCASTER - 0711020,0.024390243902,census_block_count
071,001250,071,071750,LANCASTER - 071750,0.024390243902,census_block_count
071,001260,071,0711260,LANCASTER - 0711260,1.000000000000,vtd20_identity
071,001270,071,0711270,LANCASTER - 0711270,1.000000000000,vtd20_identity
071,001280,071,0711280,LANCASTER - 0711280,1.000000000000,vtd20_identity
071,001290,071,0711290,LANCASTER - 0711290,1.000000000000,vtd20_identity
071,001300,071,0711300,LANCASTER - 0711300,1.000000000000,vtd20_identity
071,001310,071,0711310,LANCASTER - 0711310,1.000000000000,vtd20_identity
071,001320,071,0711320,LANCASTER - 0711320,1.000000000000,vtd20_identity
071,001332,071,0711330,LANCASTER - 0711330,1.000000000000,vtd20_identity
071,001335,071,0711140,LANCASTER - 0711140,1.000000000000,census_block_count
071,001337,071,0711140,LANCASTER - 0711140,1.000000000000,vtd20_identity
071,001340,071,0711340,LANCASTER - 0711340,1.000000000000,vtd20_identity
071,001344,071,0711140,LANCASTER - 0711140,1.000000000000,census_block_count
071,001346,071,0711150,LANCASTER - 0711150,1.000000000000,census_block_count
071,001350,071,0711350,LANCASTER - 0711350,1.000000000000,vtd20_identity
071,001360,071,0711360,LANCASTER - 0711360,1.000000000000,vtd20_identity
071,001370,071,0711370,LANCASTER - 0711370,1.000000000000,vtd20_identity
071,001380,071,0711380,LANCASTER - 0711380,1.000000000000,vtd20_identity
071,001392,071,0711390,LANCASTER - 0711390,1.000000000000,vtd20_identity
071,001398,071,0711390,LANCASTER - 0711390,1.000000000000,census_block_count
071,001402,071,0711400,LANCASTER - 0711400,1.000000000000,vtd20_identity
071,001405,071,0711400,LANCASTER - 0711400,0.609756097561,census_block_count
071,001405,071,0711490,LANCASTER - 0711490,0.073170731707,census_block_count
071,001405,071,0711380,LANCASTER - 0711380,0.195121951220,census_block_count
071,001405,071,0711620,LANCASTER - 0711620,0.024390243902,census_block_count
071,001405,071,0711480,LANCASTER - 0711480,0.097560975610,census_block_count
071,001410,071,0711410,LANCASTER - 0711410,1.000000000000,vtd20_identity
071,001420,071,0711420,LANCASTER - 0711420,1.000000000000,vtd20_identity
071,001430,071,0711430,LANCASTER - 0711430,1.000000000000,vtd20_identity
071,001440,071,0711440,LANCASTER - 0711440,1.000000000000,vtd20_identity
071,001452,071,0711450,LANCASTER - 0711450,1.000000000000,vtd20_identity
071,001454,071,071200,LANCASTER - 071200,0.030927835052,census_block_count
071,001454,071,0711450,LANCASTER - 0711450,0.969072164948,census_block_count
071,001465,071,0711500,LANCASTER - 0711500,1.000000000000,vtd20_identity
071,001470,071,0711470,LANCASTER - 0711470,1.000000000000,vtd20_identity
071,001480,071,0711480,LANCASTER - 0711480,1.000000000000,vtd20_identity
071,001490,071,0711143,LANCASTER - 0711143,0.052631578947,census_block_count
071,001490,071,0711460,LANCASTER - 0711460,0.315789473684,census_block_count
071,001490,071,0711490,LANCASTER - 0711490,0.605263157895,census_block_count
071,001490,071,0711480,LANCASTER - 0711480,0.026315789474,census_block_count
071,001510,071,0711510,LANCASTER - 0711510,1.000000000000,vtd20_identity
071,001520,071,0711520,LANCASTER - 0711520,1.000000000000,vtd20_identity
071,001525,071,0711525,LANCASTER - 0711525,0.923076923077,census_block_count
071,001525,071,071480,LANCASTER - 071480,0.025641025641,census_block_count
071,001525,071,0711530,LANCASTER - 0711530,0.025641025641,census_block_count
071,001525,071,071605,LANCASTER - 071605,0.025641025641,census_block_count
071,001530,071,0711535,LANCASTER - 0711535,1.000000000000,vtd20_identity
071,001535,071,0711530,LANCASTER - 0711530,1.000000000000,vtd20_identity
071,001540,071,0711540,LANCASTER - 0711540,1.000000000000,vtd20_identity
071,001550,071,0711550,LANCASTER - 0711550,1.000000000000,vtd20_identity
071,001560,071,0711560,LANCASTER - 0711560,1.000000000000,vtd20_identity
071,001572,071,0711570,LANCASTER - 0711570,1.000000000000,vtd20_identity
071,001574,071,0711570,LANCASTER - 0711570,1.000000000000,census_block_count
071,001576,071,0711570,LANCASTER - 0711570,1.000000000000,census_block_count
071,001580,071,0711580,LANCASTER - 0711580,1.000000000000,vtd20_identity
071,001590,071,0711590,LANCASTER - 0711590,0.492957746479,census_block_count
071,001590,071,0711610,LANCASTER - 0711610,0.507042253521,census_block_count
071,001600,071,0711600,LANCASTER - 0711600,1.000000000000,vtd20_identity
071,001610,071,0711600,LANCASTER - 0711600,0.921568627451,census_block_count
071,001610,071,0711350,LANCASTER - 0711350,0.019607843137,census_block_count
071,001610,071,0711938,LANCASTER - 0711938,0.019607843137,census_block_count
071,001610,071,0711340,LANCASTER - 0711340,0.019607843137,census_block_count
071,001610,071,0711945,LANCASTER - 0711945,0.019607843137,census_block_count
071,001622,071,0711143,LANCASTER - 0711143,0.019230769231,census_block_count
071,001622,071,0711380,LANCASTER - 0711380,0.019230769231,census_block_count
071,001622,071,071200,LANCASTER - 071200,0.019230769231,census_block_count
071,001622,071,0711450,LANCASTER - 0711450,0.038461538462,census_block_count
071,001622,071,0711980,LANCASTER - 0711980,0.019230769231,census_block_count
071,001622,071,0711620,LANCASTER - 0711620,0.884615384615,census_block_count
071,001624,071,0711620,LANCASTER - 0711620,1.000000000000,vtd20_identity
071,001630,071,0711630,LANCASTER - 0711630,1.000000000000,vtd20_identity
071,001635,071,0711635,LANCASTER - 0711635,1.000000000000,vtd20_identity
071,001640,071,0711640,LANCASTER - 0711640,1.000000000000,vtd20_identity
071,001680,071,0711680,LANCASTER - 0711680,1.000000000000,vtd20_identity
071,001690,071,0711690,LANCASTER - 0711690,1.000000000000,vtd20_identity
071,001700,071,0711700,LANCASTER - 0711700,1.000000000000,vtd20_identity
071,001710,071,0711710,LANCASTER - 0711710,1.000000000000,vtd20_identity
071,001720,071,0711720,LANCASTER - 0711720,1.000000000000,vtd20_identity
071,001735,071,0711730,LANCASTER - 0711730,0.407407407407,census_block_count
071,001735,071,0711740,LANCASTER - 0711740,0.592592592593,census_block_count
071,001750,071,0711750,LANCASTER - 0711750,1.000000000000,vtd20_identity
071,001760,071,0711760,LANCASTER - 0711760,1.000000000000,vtd20_identity
071,001765,071,0711765,LANCASTER - 0711765,1.000000000000,vtd20_identity
071,001770,071,0711770,LANCASTER - 0711770,1.000000000000,vtd20_identity
071,001776,071,0711775,LANCASTER - 0711775,1.000000000000,vtd20_identity
071,001778,071,0711775,LANCASTER - 0711775,1.000000000000,census_block_count
071,001780,071,0711780,LANCASTER - 0711780,1.000000000000,vtd20_identity
071,001785,071,0711795,LANCASTER - 0711795,1.000000000000,vtd20_identity
071,001790,071,0711790,LANCASTER - 0711790,1.000000000000,vtd20_identity
071,001795,071,0711785,LANCASTER - 0711785,1.000000000000,vtd20_identity
071,001800,071,0711800,LANCASTER - 0711800,1.000000000000,vtd20_identity
071,001802,071,0711802,LANCASTER - 0711802,1.000000000000,vtd20_identity
071,001810,071,0711810,LANCASTER - 0711810,1.000000000000,vtd20_identity
071,001820,071,0711820,LANCASTER - 0711820,1.000000000000,vtd20_identity
071,001830,071,0711830,LANCASTER - 0711830,1.000000000000,vtd20_identity
071,001840,071,0711840,LANCASTER - 0711840,1.000000000000,vtd20_identity
071,001850,071,0711850,LANCASTER - 0711850,1.000000000000,vtd20_identity
071,001860,071,0711860,LANCASTER - 0711860,1.000000000000,vtd20_identity
071,001870,071,0711870,LANCASTER - 0711870,1.000000000000,vtd20_identity
071,001882,071,0711880,LANCASTER - 0711880,0.871794871795,census_block_count
071,001882,071,0711870,LANCASTER - 0711870,0.128205128205,census_block_count
071,001884,071,0711880,LANCASTER - 0711880,1.000000000000,vtd20_identity
071,001890,071,0711890,LANCASTER - 0711890,1.000000000000,vtd20_identity
071,001902,071,0711900,LANCASTER - 0711900,1.000000000000,vtd20_identity
071,001904,071,0711890,LANCASTER - 0711890,0.726027397260,census_block_count
071,001904,071,0711900,LANCASTER - 0711900,0.219178082192,census_block_count
071,001904,071,071520,LANCASTER - 071520,0.013698630137,census_block_count
071,001904,071,0711820,LANCASTER - 0711820,0.027397260274,census_block_count
071,001904,071,071020,LANCASTER - 071020,0.013698630137,census_block_count
071,001910,071,0711910,LANCASTER - 0711910,1.000000000000,vtd20_identity
071,001920,071,0711920,LANCASTER - 0711920,1.000000000000,vtd20_identity
071,001923,071,0711923,LANCASTER - 0711923,1.000000000000,vtd20_identity
071,001926,071,0711926,LANCASTER - 0711926,1.000000000000,vtd20_identity
071,001930,071,071180,LANCASTER - 071180,0.047619047619,census_block_count
071,001930,071,071190,LANCASTER - 071190,0.015873015873,census_block_count
071,001930,071,0711930,LANCASTER - 0711930,0.873015873016,census_block_count
071,001930,071,071160,LANCASTER - 071160,0.031746031746,census_block_count
071,001930,071,0711410,LANCASTER - 0711410,0.031746031746,census_block_count
071,001935,071,0711935,LANCASTER - 0711935,1.000000000000,vtd20_identity
071,001938,071,0711938,LANCASTER - 0711938,1.000000000000,vtd20_identity
071,001940,071,0711940,LANCASTER - 0711940,1.000000000000,vtd20_identity
071,001945,071,0711120,LANCASTER - 0711120,0.018181818182,census_block_count
071,001945,071,0711932,LANCASTER - 0711932,0.163636363636,census_block_count
071,001945,071,0711610,LANCASTER - 0711610,0.018181818182,census_block_count
071,001945,071,0711945,LANCASTER - 0711945,0.800000000000,census_block_count
071,001950,071,0711950,LANCASTER - 0711950,1.000000000000,vtd20_identity
071,001955,071,0711955,LANCASTER - 0711955,1.000000000000,vtd20_identity
071,001960,071,0711960,LANCASTER - 0711960,1.000000000000,vtd20_identity
071,001980,071,0711143,LANCASTER - 0711143,0.019230769231,census_block_count
071,001980,071,071790,LANCASTER - 071790,0.019230769231,census_block_count
071,001980,071,0711980,LANCASTER - 0711980,0.961538461538,census_block_count
071,001987,071,0711990,LANCASTER - 0711990,1.000000000000,vtd20_identity
071,001995,071,0711990,LANCASTER - 0711990,1.000000000000,vtd20_identity
071,002000,071,0712000,LANCASTER - 0712000,1.000000000000,vtd20_identity
071,002095,071,0712095,LANCASTER - 0712095,1.000000000000,vtd20_identity
071,002105,071,0712105,LANCASTER - 0712105,1.000000000000,vtd20_identity
073,000010,073,073010,LAWRENCE - 073010,1.000000000000,vtd20_identity
073,000020,073,073020,LAWRENCE - 073020,1.000000000000,vtd20_identity
073,000035,073,073060,LAWRENCE - 073060,0.018181818182,census_block_count
073,000035,073,0731020,LAWRENCE - 0731020,0.036363636364,census_block_count
073,000035,073,073040,LAWRENCE - 073040,0.418181818182,census_block_count
073,000035,073,073030,LAWRENCE - 073030,0.527272727273,census_block_count
073,000050,073,073050,LAWRENCE - 073050,1.000000000000,vtd20_identity
073,000075,073,073080,LAWRENCE - 073080,0.016129032258,census_block_count
073,000075,073,073060,LAWRENCE - 073060,0.387096774194,census_block_count
073,000075,073,073070,LAWRENCE - 073070,0.596774193548,census_block_count
073,000080,073,073080,LAWRENCE - 073080,1.000000000000,vtd20_identity
073,000090,073,073090,LAWRENCE - 073090,1.000000000000,vtd20_identity
073,000100,073,073100,LAWRENCE - 073100,1.000000000000,vtd20_identity
073,000110,073,073110,LAWRENCE - 073110,1.000000000000,vtd20_identity
073,000120,073,073120,LAWRENCE - 073120,1.000000000000,vtd20_identity
073,000130,073,073130,LAWRENCE - 073130,1.000000000000,vtd20_identity
073,000140,073,073140,LAWRENCE - 073140,1.000000000000,vtd20_identity
073,000150,073,073150,LAWRENCE - 073150,1.000000000000,vtd20_identity
073,000160,073,073160,LAWRENCE - 073160,1.000000000000,vtd20_identity
073,000170,073,073160,LAWRENCE - 073160,0.103896103896,census_block_count
073,000170,073,073180,LAWRENCE - 073180,0.441558441558,census_block_count
073,000170,073,073170,LAWRENCE - 073170,0.454545454545,census_block_count
073,000190,073,073190,LAWRENCE - 073190,1.000000000000,vtd20_identity
073,000200,073,073200,LAWRENCE - 073200,1.000000000000,vtd20_identity
073,000215,073,073215,LAWRENCE - 073215,1.000000000000,vtd20_identity
073,000220,073,073220,LAWRENCE - 073220,1.000000000000,vtd20_identity
073,000230,073,073230,LAWRENCE - 073230,1.000000000000,vtd20_identity
073,000240,073,073240,LAWRENCE - 073240,1.000000000000,vtd20_identity
073,000244,073,073245,LAWRENCE - 073245,1.000000000000,vtd20_identity
073,000246,073,073215,LAWRENCE - 073215,0.312500000000,census_block_count
073,000246,073,073220,LAWRENCE - 073220,0.250000000000,census_block_count
073,000246,073,073245,LAWRENCE - 073245,0.437500000000,census_block_count
073,000255,073,073260,LAWRENCE - 073260,0.142857142857,census_block_count
073,000255,073,073270,LAWRENCE - 073270,0.285714285714,census_block_count
073,000255,073,073710,LAWRENCE - 073710,0.021978021978,census_block_count
073,000255,073,073250,LAWRENCE - 073250,0.538461538462,census_block_count
073,000255,073,0731020,LAWRENCE - 0731020,0.010989010989,census_block_count
073,000285,073,073300,LAWRENCE - 073300,0.065217391304,census_block_count
073,000285,073,073290,LAWRENCE - 073290,0.217391304348,census_block_count
073,000285,073,073280,LAWRENCE - 073280,0.717391304348,census_block_count
073,000295,073,073300,LAWRENCE - 073300,1.000000000000,vtd20_identity
073,000315,073,073360,LAWRENCE - 073360,0.052631578947,census_block_count
073,000315,073,073320,LAWRENCE - 073320,0.157894736842,census_block_count
073,000315,073,073330,LAWRENCE - 073330,0.245614035088,census_block_count
073,000315,073,073340,LAWRENCE - 073340,0.192982456140,census_block_count
073,000315,073,073310,LAWRENCE - 073310,0.350877192982,census_block_count
073,000325,073,073350,LAWRENCE - 073350,0.534883720930,census_block_count
073,000325,073,073360,LAWRENCE - 073360,0.441860465116,census_block_count
073,000325,073,073320,LAWRENCE - 073320,0.023255813953,census_block_count
073,000335,073,073370,LAWRENCE - 073370,1.000000000000,vtd20_identity
073,000345,073,073130,LAWRENCE - 073130,0.033333333333,census_block_count
073,000345,073,073400,LAWRENCE - 073400,0.466666666667,census_block_count
073,000345,073,073380,LAWRENCE - 073380,0.466666666667,census_block_count
073,000345,073,073240,LAWRENCE - 073240,0.033333333333,census_block_count
073,000355,073,073390,LAWRENCE - 073390,1.000000000000,vtd20_identity
073,000415,073,073450,LAWRENCE - 073450,0.021739130435,census_block_count
073,000415,073,073420,LAWRENCE - 073420,0.282608695652,census_block_count
073,000415,073,073440,LAWRENCE - 073440,0.260869565217,census_block_count
073,000415,073,073410,LAWRENCE - 073410,0.173913043478,census_block_count
073,000415,073,073430,LAWRENCE - 073430,0.239130434783,census_block_count
073,000415,073,073480,LAWRENCE - 073480,0.021739130435,census_block_count
073,000425,073,073380,LAWRENCE - 073380,0.032258064516,census_block_count
073,000425,073,073450,LAWRENCE - 073450,0.354838709677,census_block_count
073,000425,073,073460,LAWRENCE - 073460,0.483870967742,census_block_count
073,000425,073,073320,LAWRENCE - 073320,0.032258064516,census_block_count
073,000425,073,073410,LAWRENCE - 073410,0.064516129032,census_block_count
073,000425,073,073480,LAWRENCE - 073480,0.032258064516,census_block_count
073,000475,073,073310,LAWRENCE - 073310,0.016949152542,census_block_count
073,000475,073,073470,LAWRENCE - 073470,0.322033898305,census_block_count
073,000475,073,073490,LAWRENCE - 073490,0.389830508475,census_block_count
073,000475,073,073510,LAWRENCE - 073510,0.271186440678,census_block_count
073,000485,073,073460,LAWRENCE - 073460,0.034482758621,census_block_count
073,000485,073,073480,LAWRENCE - 073480,0.448275862069,census_block_count
073,000485,073,073500,LAWRENCE - 073500,0.310344827586,census_block_count
073,000485,073,073520,LAWRENCE - 073520,0.206896551724,census_block_count
073,000495,073,073860,LAWRENCE - 073860,0.033333333333,census_block_count
073,000495,073,073530,LAWRENCE - 073530,0.333333333333,census_block_count
073,000495,073,073510,LAWRENCE - 073510,0.066666666667,census_block_count
073,000495,073,073540,LAWRENCE - 073540,0.566666666667,census_block_count
073,000555,073,073550,LAWRENCE - 073550,0.428571428571,census_block_count
073,000555,073,073670,LAWRENCE - 073670,0.023809523810,census_block_count
073,000555,073,073560,LAWRENCE - 073560,0.285714285714,census_block_count
073,000555,073,073570,LAWRENCE - 073570,0.261904761905,census_block_count
073,000565,073,073580,LAWRENCE - 073580,1.000000000000,vtd20_identity
073,000596,073,073940,LAWRENCE - 073940,0.036363636364,census_block_count
073,000596,073,073590,LAWRENCE - 073590,0.254545454545,census_block_count
073,000596,073,073600,LAWRENCE - 073600,0.509090909091,census_block_count
073,000596,073,073280,LAWRENCE - 073280,0.018181818182,census_block_count
073,000596,073,073610,LAWRENCE - 073610,0.181818181818,census_block_count
073,000625,073,073650,LAWRENCE - 073650,0.257142857143,census_block_count
073,000625,073,073740,LAWRENCE - 073740,0.028571428571,census_block_count
073,000625,073,073630,LAWRENCE - 073630,0.142857142857,census_block_count
073,000625,073,073640,LAWRENCE - 073640,0.228571428571,census_block_count
073,000625,073,073920,LAWRENCE - 073920,0.019047619048,census_block_count
073,000625,073,073620,LAWRENCE - 073620,0.323809523810,census_block_count
073,000665,073,073310,LAWRENCE - 073310,0.015151515152,census_block_count
073,000665,073,073670,LAWRENCE - 073670,0.303030303030,census_block_count
073,000665,073,073680,LAWRENCE - 073680,0.318181818182,census_block_count
073,000665,073,073280,LAWRENCE - 073280,0.045454545455,census_block_count
073,000665,073,073660,LAWRENCE - 073660,0.318181818182,census_block_count
073,000690,073,073690,LAWRENCE - 073690,1.000000000000,vtd20_identity
073,000700,073,073700,LAWRENCE - 073700,1.000000000000,vtd20_identity
073,000710,073,073700,LAWRENCE - 073700,0.040000000000,census_block_count
073,000710,073,073730,LAWRENCE - 073730,0.040000000000,census_block_count
073,000710,073,073740,LAWRENCE - 073740,0.390000000000,census_block_count
073,000710,073,073710,LAWRENCE - 073710,0.530000000000,census_block_count
073,000720,073,073700,LAWRENCE - 073700,0.057142857143,census_block_count
073,000720,073,073720,LAWRENCE - 073720,0.428571428571,census_block_count
073,000720,073,073730,LAWRENCE - 073730,0.485714285714,census_block_count
073,000720,073,073160,LAWRENCE - 073160,0.014285714286,census_block_count
073,000720,073,073900,LAWRENCE - 073900,0.014285714286,census_block_count
073,000750,073,073750,LAWRENCE - 073750,1.000000000000,vtd20_identity
073,000760,073,073760,LAWRENCE - 073760,1.000000000000,vtd20_identity
073,000770,073,073770,LAWRENCE - 073770,1.000000000000,vtd20_identity
073,000780,073,073780,LAWRENCE - 073780,1.000000000000,vtd20_identity
073,000790,073,073790,LAWRENCE - 073790,1.000000000000,vtd20_identity
073,000800,073,073800,LAWRENCE - 073800,1.000000000000,vtd20_identity
073,000812,073,073770,LAWRENCE - 073770,0.035714285714,census_block_count
073,000812,073,073810,LAWRENCE - 073810,0.964285714286,census_block_count
073,000814,073,073810,LAWRENCE - 073810,1.000000000000,vtd20_identity
073,000820,073,073820,LAWRENCE - 073820,1.000000000000,vtd20_identity
073,000830,073,073580,LAWRENCE - 073580,0.450000000000,census_block_count
073,000830,073,073830,LAWRENCE - 073830,0.450000000000,census_block_count
073,000830,073,073840,LAWRENCE - 073840,0.100000000000,census_block_count
073,000840,073,073840,LAWRENCE - 073840,1.000000000000,vtd20_identity
073,000850,073,073850,LAWRENCE - 073850,1.000000000000,vtd20_identity
073,000862,073,073860,LAWRENCE - 073860,1.000000000000,vtd20_identity
073,000864,073,073860,LAWRENCE - 073860,0.857142857143,census_block_count
073,000864,073,073830,LAWRENCE - 073830,0.071428571429,census_block_count
073,000864,073,073870,LAWRENCE - 073870,0.071428571429,census_block_count
073,000870,073,073880,LAWRENCE - 073880,1.000000000000,vtd20_identity
073,000880,073,073880,LAWRENCE - 073880,0.310344827586,census_block_count
073,000880,073,073890,LAWRENCE - 073890,0.379310344827,census_block_count
073,000880,073,073870,LAWRENCE - 073870,0.310344827586,census_block_count
073,000900,073,073900,LAWRENCE - 073900,1.000000000000,vtd20_identity
073,000910,073,073910,LAWRENCE - 073910,1.000000000000,vtd20_identity
073,000920,073,073650,LAWRENCE - 073650,0.009615384615,census_block_count
073,000920,073,073740,LAWRENCE - 073740,0.009615384615,census_block_count
073,000920,073,073920,LAWRENCE - 073920,0.932692307692,census_block_count
073,000920,073,073620,LAWRENCE - 073620,0.019230769231,census_block_count
073,000920,073,073710,LAWRENCE - 073710,0.028846153846,census_block_count
073,000930,073,073930,LAWRENCE - 073930,1.000000000000,vtd20_identity
073,000940,073,073940,LAWRENCE - 073940,1.000000000000,vtd20_identity
073,000950,073,073930,LAWRENCE - 073930,0.014705882353,census_block_count
073,000950,073,073160,LAWRENCE - 073160,0.014705882353,census_block_count
073,000950,073,073950,LAWRENCE - 073950,0.441176470588,census_block_count
073,000950,073,073940,LAWRENCE - 073940,0.514705882353,census_block_count
073,000950,073,073740,LAWRENCE - 073740,0.014705882353,census_block_count
073,000960,073,073960,LAWRENCE - 073960,1.000000000000,vtd20_identity
073,000970,073,073970,LAWRENCE - 073970,1.000000000000,vtd20_identity
073,000980,073,073980,LAWRENCE - 073980,1.000000000000,vtd20_identity
073,000990,073,073990,LAWRENCE - 073990,1.000000000000,vtd20_identity
073,001000,073,0731010,LAWRENCE - 0731010,0.066666666667,census_block_count
073,001000,073,0731000,LAWRENCE - 0731000,0.760000000000,census_block_count
073,001000,073,0731020,LAWRENCE - 0731020,0.173333333333,census_block_count
073,001010,073,073110,LAWRENCE - 073110,0.036363636364,census_block_count
073,001010,073,073090,LAWRENCE - 073090,0.036363636364,census_block_count
073,001010,073,0731010,LAWRENCE - 0731010,0.709090909091,census_block_count
073,001010,073,0731030,LAWRENCE - 0731030,0.200000000000,census_block_count
073,001010,073,073100,LAWRENCE - 073100,0.018181818182,census_block_count
073,001040,073,0731040,LAWRENCE - 0731040,1.000000000000,vtd20_identity
073,001050,073,0731050,LAWRENCE - 0731050,1.000000000000,vtd20_identity
075,000010,075,075010,LEBANON - 075010,1.000000000000,vtd20_identity
075,000020,075,075020,LEBANON - 075020,1.000000000000,vtd20_identity
075,000030,075,075030,LEBANON - 075030,1.000000000000,vtd20_identity
075,000040,075,075040,LEBANON - 075040,1.000000000000,vtd20_identity
075,000050,075,075050,LEBANON - 075050,1.000000000000,vtd20_identity
075,000062,075,075060,LEBANON - 075060,1.000000000000,census_block_count
075,000064,075,075060,LEBANON - 075060,1.000000000000,vtd20_identity
075,000070,075,075070,LEBANON - 075070,1.000000000000,vtd20_identity
075,000080,075,075080,LEBANON - 075080,1.000000000000,vtd20_identity
075,000090,075,075090,LEBANON - 075090,1.000000000000,vtd20_identity
075,000100,075,075100,LEBANON - 075100,1.000000000000,vtd20_identity
075,000108,075,075110,LEBANON - 075110,1.000000000000,vtd20_identity
075,000112,075,075110,LEBANON - 075110,1.000000000000,census_block_count
075,000120,075,075120,LEBANON - 075120,1.000000000000,vtd20_identity
075,000130,075,075130,LEBANON - 075130,1.000000000000,vtd20_identity
075,000140,075,075140,LEBANON - 075140,1.000000000000,vtd20_identity
075,000150,075,075150,LEBANON - 075150,1.000000000000,vtd20_identity
075,000160,075,075160,LEBANON - 075160,1.000000000000,vtd20_identity
075,000170,075,075170,LEBANON - 075170,1.000000000000,vtd20_identity
075,000180,075,075180,LEBANON - 075180,1.000000000000,vtd20_identity
075,000190,075,075190,LEBANON - 075190,1.000000000000,vtd20_identity
075,000200,075,075200,LEBANON - 075200,1.000000000000,vtd20_identity
075,000210,075,075210,LEBANON - 075210,1.000000000000,vtd20_identity
075,000220,075,075220,LEBANON - 075220,1.000000000000,vtd20_identity
075,000230,075,075230,LEBANON - 075230,1.000000000000,vtd20_identity
075,000240,075,075240,LEBANON - 075240,1.000000000000,vtd20_identity
075,000250,075,075250,LEBANON - 075250,1.000000000000,vtd20_identity
075,000260,075,075260,LEBANON - 075260,1.000000000000,vtd20_identity
075,000270,075,075270,LEBANON - 075270,1.000000000000,vtd20_identity
075,000280,075,075280,LEBANON - 075280,1.000000000000,vtd20_identity
075,000290,075,075290,LEBANON - 075290,1.000000000000,vtd20_identity
075,000300,075,075300,LEBANON - 075300,1.000000000000,vtd20_identity
075,000310,075,075310,LEBANON - 075310,1.000000000000,vtd20_identity
075,000320,075,075320,LEBANON - 075320,1.000000000000,vtd20_identity
075,000332,075,075170,LEBANON - 075170,0.023809523810,census_block_count
075,000332,075,075330,LEBANON - 075330,0.976190476190,census_block_count
075,000334,075,075330,LEBANON - 075330,1.000000000000,vtd20_identity
075,000340,075,075340,LEBANON - 075340,1.000000000000,vtd20_identity
075,000350,075,075350,LEBANON - 075350,1.000000000000,vtd20_identity
075,000360,075,075360,LEBANON - 075360,1.000000000000,vtd20_identity
075,000370,075,075370,LEBANON - 075370,1.000000000000,vtd20_identity
075,000375,075,075375,LEBANON - 075375,1.000000000000,vtd20_identity
075,000380,075,075380,LEBANON - 075380,1.000000000000,vtd20_identity
075,000391,075,075391,LEBANON - 075391,1.000000000000,vtd20_identity
075,000400,075,075400,LEBANON - 075400,1.000000000000,vtd20_identity
075,000410,075,075410,LEBANON - 075410,1.000000000000,vtd20_identity
075,000420,075,075420,LEBANON - 075420,1.000000000000,vtd20_identity
075,000430,075,075430,LEBANON - 075430,1.000000000000,vtd20_identity
075,000440,075,075440,LEBANON - 075440,1.000000000000,vtd20_identity
075,000450,075,075450,LEBANON - 075450,1.000000000000,vtd20_identity
075,000460,075,075460,LEBANON - 075460,1.000000000000,vtd20_identity
075,000470,075,075470,LEBANON - 075470,1.000000000000,vtd20_identity
075,000488,075,075480,LEBANON - 075480,1.000000000000,census_block_count
075,000492,075,075480,LEBANON - 075480,1.000000000000,vtd20_identity
075,000494,075,075490,LEBANON - 075490,0.972972972973,census_block_count
075,000494,075,075530,LEBANON - 075530,0.013513513514,census_block_count
075,000494,075,075440,LEBANON - 075440,0.013513513514,census_block_count
075,000502,075,075500,LEBANON - 075500,1.000000000000,vtd20_identity
075,000504,075,075370,LEBANON - 075370,0.163265306122,census_block_count
075,000504,075,075500,LEBANON - 075500,0.836734693878,census_block_count
075,000510,075,075510,LEBANON - 075510,1.000000000000,vtd20_identity
075,000520,075,075520,LEBANON - 075520,1.000000000000,vtd20_identity
075,000530,075,075530,LEBANON - 075530,1.000000000000,vtd20_identity
075,000540,075,075540,LEBANON - 075540,1.000000000000,vtd20_identity
077,000010,077,077010,LEHIGH - 077010,1.000000000000,vtd20_identity
077,000020,077,077020,LEHIGH - 077020,1.000000000000,vtd20_identity
077,000030,077,077030,LEHIGH - 077030,1.000000000000,vtd20_identity
077,000040,077,077040,LEHIGH - 077040,1.000000000000,vtd20_identity
077,000050,077,077050,LEHIGH - 077050,1.000000000000,vtd20_identity
077,000060,077,077060,LEHIGH - 077060,1.000000000000,vtd20_identity
077,000070,077,077070,LEHIGH - 077070,1.000000000000,vtd20_identity
077,000080,077,077080,LEHIGH - 077080,1.000000000000,vtd20_identity
077,000095,077,077100,LEHIGH - 077100,0.564102564103,census_block_count
077,000095,077,077090,LEHIGH - 077090,0.435897435897,census_block_count
077,000110,077,077110,LEHIGH - 077110,1.000000000000,vtd20_identity
077,000120,077,077120,LEHIGH - 077120,1.000000000000,vtd20_identity
077,000130,077,077130,LEHIGH - 077130,1.000000000000,vtd20_identity
077,000140,077,077140,LEHIGH - 077140,1.000000000000,vtd20_identity
077,000150,077,077150,LEHIGH - 077150,1.000000000000,vtd20_identity
077,000160,077,077160,LEHIGH - 077160,1.000000000000,vtd20_identity
077,000170,077,077170,LEHIGH - 077170,0.982905982906,census_block_count
077,000170,077,077150,LEHIGH - 077150,0.017094017094,census_block_count
077,000180,077,077180,LEHIGH - 077180,1.000000000000,vtd20_identity
077,000190,077,077190,LEHIGH - 077190,1.000000000000,vtd20_identity
077,000200,077,077200,LEHIGH - 077200,1.000000000000,vtd20_identity
077,000210,077,077210,LEHIGH - 077210,1.000000000000,vtd20_identity
077,000220,077,077220,LEHIGH - 077220,1.000000000000,vtd20_identity
077,000230,077,077230,LEHIGH - 077230,1.000000000000,vtd20_identity
077,000240,077,077240,LEHIGH - 077240,1.000000000000,vtd20_identity
077,000250,077,077250,LEHIGH - 077250,1.000000000000,vtd20_identity
077,000260,077,077260,LEHIGH - 077260,1.000000000000,vtd20_identity
077,000270,077,077270,LEHIGH - 077270,1.000000000000,vtd20_identity
077,000280,077,077280,LEHIGH - 077280,1.000000000000,vtd20_identity
077,000290,077,077290,LEHIGH - 077290,1.000000000000,vtd20_identity
077,000300,077,077300,LEHIGH - 077300,1.000000000000,vtd20_identity
077,000310,077,077310,LEHIGH - 077310,1.000000000000,vtd20_identity
077,000320,077,077320,LEHIGH - 077320,1.000000000000,vtd20_identity
077,000330,077,077330,LEHIGH - 077330,1.000000000000,vtd20_identity
077,000340,077,077340,LEHIGH - 077340,1.000000000000,vtd20_identity
077,000350,077,077350,LEHIGH - 077350,1.000000000000,vtd20_identity
077,000360,077,077360,LEHIGH - 077360,1.000000000000,vtd20_identity
077,000370,077,077370,LEHIGH - 077370,1.000000000000,vtd20_identity
077,000380,077,077380,LEHIGH - 077380,1.000000000000,vtd20_identity
077,000390,077,077390,LEHIGH - 077390,1.000000000000,vtd20_identity
077,000400,077,077400,LEHIGH - 077400,1.000000000000,vtd20_identity
077,000410,077,077410,LEHIGH - 077410,1.000000000000,vtd20_identity
077,000420,077,077420,LEHIGH - 077420,1.000000000000,vtd20_identity
077,000430,077,077430,LEHIGH - 077430,1.000000000000,vtd20_identity
077,000440,077,077440,LEHIGH - 077440,1.000000000000,vtd20_identity
077,000450,077,077450,LEHIGH - 077450,1.000000000000,vtd20_identity
077,000460,077,077460,LEHIGH - 077460,1.000000000000,vtd20_identity
077,000470,077,0771200,LEHIGH - 0771200,0.026315789474,census_block_count
077,000470,077,077280,LEHIGH - 077280,0.017543859649,census_block_count
077,000470,077,077470,LEHIGH - 077470,0.921052631578,census_block_count
077,000470,077,0771140,LEHIGH - 0771140,0.008771929825,census_block_count
077,000470,077,077250,LEHIGH - 077250,0.026315789474,census_block_count
077,000480,077,077480,LEHIGH - 077480,1.000000000000,vtd20_identity
077,000490,077,0771200,LEHIGH - 0771200,0.020408163265,census_block_count
077,000490,077,077490,LEHIGH - 077490,0.918367346939,census_block_count
077,000490,077,077510,LEHIGH - 077510,0.020408163265,census_block_count
077,000490,077,0771150,LEHIGH - 0771150,0.020408163265,census_block_count
077,000490,077,0771160,LEHIGH - 0771160,0.020408163265,census_block_count
077,000500,077,077500,LEHIGH - 077500,1.000000000000,vtd20_identity
077,000510,077,077510,LEHIGH - 077510,1.000000000000,vtd20_identity
077,000520,077,077520,LEHIGH - 077520,1.000000000000,vtd20_identity
077,000530,077,077530,LEHIGH - 077530,1.000000000000,vtd20_identity
077,000540,077,077540,LEHIGH - 077540,1.000000000000,vtd20_identity
077,000550,077,077550,LEHIGH - 077550,1.000000000000,vtd20_identity
077,000560,077,077560,LEHIGH - 077560,1.000000000000,vtd20_identity
077,000570,077,077570,LEHIGH - 077570,1.000000000000,vtd20_identity
077,000580,077,077580,LEHIGH - 077580,1.000000000000,vtd20_identity
077,000590,077,077590,LEHIGH - 077590,1.000000000000,vtd20_identity
077,000600,077,077600,LEHIGH - 077600,1.000000000000,vtd20_identity
077,000610,077,077610,LEHIGH - 077610,1.000000000000,vtd20_identity
077,000620,077,077620,LEHIGH - 077620,1.000000000000,vtd20_identity
077,000630,077,077630,LEHIGH - 077630,1.000000000000,vtd20_identity
077,000640,077,077640,LEHIGH - 077640,1.000000000000,vtd20_identity
077,000650,077,077650,LEHIGH - 077650,1.000000000000,vtd20_identity
077,000660,077,077660,LEHIGH - 077660,1.000000000000,vtd20_identity
077,000670,077,077670,LEHIGH - 077670,1.000000000000,vtd20_identity
077,000680,077,077680,LEHIGH - 077680,1.000000000000,vtd20_identity
077,000690,077,077690,LEHIGH - 077690,1.000000000000,vtd20_identity
077,000700,077,077700,LEHIGH - 077700,1.000000000000,vtd20_identity
077,000710,077,077710,LEHIGH - 077710,1.000000000000,vtd20_identity
077,000720,077,077720,LEHIGH - 077720,1.000000000000,vtd20_identity
077,000730,077,077730,LEHIGH - 077730,1.000000000000,vtd20_identity
077,000740,077,077740,LEHIGH - 077740,1.000000000000,vtd20_identity
077,000750,077,077750,LEHIGH - 077750,1.000000000000,vtd20_identity
077,000760,077,077760,LEHIGH - 077760,1.000000000000,vtd20_identity
077,000770,077,077770,LEHIGH - 077770,1.000000000000,vtd20_identity
077,000780,077,077780,LEHIGH - 077780,1.000000000000,vtd20_identity
077,000790,077,077790,LEHIGH - 077790,1.000000000000,vtd20_identity
077,000800,077,077800,LEHIGH - 077800,1.000000000000,vtd20_identity
077,000810,077,077810,LEHIGH - 077810,1.000000000000,vtd20_identity
077,000820,077,077820,LEHIGH - 077820,1.000000000000,vtd20_identity
077,000830,077,077830,LEHIGH - 077830,1.000000000000,vtd20_identity
077,000840,077,077840,LEHIGH - 077840,1.000000000000,vtd20_identity
077,000850,077,077850,LEHIGH - 077850,1.000000000000,vtd20_identity
077,000860,077,077860,LEHIGH - 077860,1.000000000000,vtd20_identity
077,000870,077,077870,LEHIGH - 077870,1.000000000000,vtd20_identity
077,000880,077,077880,LEHIGH - 077880,1.000000000000,vtd20_identity
077,000892,077,077890,LEHIGH - 077890,1.000000000000,vtd20_identity
077,000900,077,077900,LEHIGH - 077900,1.000000000000,vtd20_identity
077,000912,077,077910,LEHIGH - 077910,1.000000000000,census_block_count
077,000920,077,077920,LEHIGH - 077920,1.000000000000,vtd20_identity
077,000922,077,077910,LEHIGH - 077910,1.000000000000,census_block_count
077,000924,077,077910,LEHIGH - 077910,1.000000000000,vtd20_identity
077,000926,077,077890,LEHIGH - 077890,1.000000000000,census_block_count
077,000928,077,077900,LEHIGH - 077900,0.050000000000,census_block_count
077,000928,077,077890,LEHIGH - 077890,0.950000000000,census_block_count
077,000930,077,077930,LEHIGH - 077930,1.000000000000,vtd20_identity
077,000940,077,077940,LEHIGH - 077940,1.000000000000,vtd20_identity
077,000950,077,077950,LEHIGH - 077950,1.000000000000,vtd20_identity
077,000960,077,077960,LEHIGH - 077960,1.000000000000,vtd20_identity
077,000970,077,077970,LEHIGH - 077970,1.000000000000,vtd20_identity
077,000980,077,077980,LEHIGH - 077980,1.000000000000,vtd20_identity
077,000990,077,077990,LEHIGH - 077990,1.000000000000,vtd20_identity
077,001000,077,0771000,LEHIGH - 0771000,1.000000000000,vtd20_identity
077,001011,077,0771010,LEHIGH - 0771010,0.975609756098,census_block_count
077,001011,077,0771000,LEHIGH - 0771000,0.024390243902,census_block_count
077,001020,077,0771020,LEHIGH - 0771020,1.000000000000,vtd20_identity
077,001022,077,0771010,LEHIGH - 0771010,1.000000000000,vtd20_identity
077,001025,077,0771010,LEHIGH - 0771010,0.975609756098,census_block_count
077,001025,077,0771000,LEHIGH - 0771000,0.024390243902,census_block_count
077,001030,077,0771030,LEHIGH - 0771030,1.000000000000,vtd20_identity
077,001040,077,0771040,LEHIGH - 0771040,1.000000000000,vtd20_identity
077,001052,077,0771050,LEHIGH - 0771050,1.000000000000,vtd20_identity
077,001055,077,0771050,LEHIGH - 0771050,0.972222222222,census_block_count
077,001055,077,077560,LEHIGH - 077560,0.027777777778,census_block_count
077,001060,077,0771060,LEHIGH - 0771060,1.000000000000,vtd20_identity
077,001070,077,0771070,LEHIGH - 0771070,1.000000000000,vtd20_identity
077,001080,077,0771080,LEHIGH - 0771080,1.000000000000,vtd20_identity
077,001090,077,0771090,LEHIGH - 0771090,1.000000000000,vtd20_identity
077,001100,077,0771100,LEHIGH - 0771100,1.000000000000,vtd20_identity
077,001110,077,0771110,LEHIGH - 0771110,1.000000000000,vtd20_identity
077,001120,077,0771120,LEHIGH - 0771120,1.000000000000,vtd20_identity
077,001130,077,0771130,LEHIGH - 0771130,1.000000000000,vtd20_identity
077,001140,077,077170,LEHIGH - 077170,0.013888888889,census_block_count
077,001140,077,0771130,LEHIGH - 0771130,0.027777777778,census_block_count
077,001140,077,0771140,LEHIGH - 0771140,0.944444444445,census_block_count
077,001140,077,077460,LEHIGH - 077460,0.013888888889,census_block_count
077,001150,077,0771150,LEHIGH - 0771150,1.000000000000,vtd20_identity
077,001160,077,077490,LEHIGH - 077490,0.041666666667,census_block_count
077,001160,077,0771160,LEHIGH - 0771160,0.958333333333,census_block_count
077,001170,077,0771170,LEHIGH - 0771170,1.000000000000,vtd20_identity
077,001190,077,0771190,LEHIGH - 0771190,1.000000000000,vtd20_identity
077,001200,077,0771200,LEHIGH - 0771200,1.000000000000,vtd20_identity
077,001210,077,0771210,LEHIGH - 0771210,1.000000000000,vtd20_identity
077,001222,077,0771220,LEHIGH - 0771220,1.000000000000,vtd20_identity
077,001230,077,0771230,LEHIGH - 0771230,1.000000000000,vtd20_identity
077,001240,077,0771240,LEHIGH - 0771240,1.000000000000,vtd20_identity
077,001251,077,0771250,LEHIGH - 0771250,1.000000000000,census_block_count
077,001255,077,0771230,LEHIGH - 0771230,0.030303030303,census_block_count
077,001255,077,0771220,LEHIGH - 0771220,0.969696969697,census_block_count
077,001256,077,0771250,LEHIGH - 0771250,1.000000000000,census_block_count
077,001257,077,0771250,LEHIGH - 0771250,1.000000000000,vtd20_identity
077,001258,077,0771250,LEHIGH - 0771250,1.000000000000,census_block_count
077,001260,077,0771060,LEHIGH - 0771060,0.010869565217,census_block_count
077,001260,077,077910,LEHIGH - 077910,0.010869565217,census_block_count
077,001260,077,077800,LEHIGH - 077800,0.010869565217,census_block_count
077,001260,077,077780,LEHIGH - 077780,0.010869565217,census_block_count
077,001260,077,077930,LEHIGH - 077930,0.021739130435,census_block_count
077,001260,077,0771270,LEHIGH - 0771270,0.043478260870,census_block_count
077,001260,077,0771260,LEHIGH - 0771260,0.880434782609,census_block_count
077,001260,077,077810,LEHIGH - 077810,0.010869565217,census_block_count
077,001270,077,0771270,LEHIGH - 0771270,1.000000000000,vtd20_identity
077,001280,077,0771280,LEHIGH - 0771280,1.000000000000,vtd20_identity
077,001290,077,0771290,LEHIGH - 0771290,1.000000000000,vtd20_identity
077,001301,077,0771310,LEHIGH - 0771310,0.035714285714,census_block_count
077,001301,077,0771300,LEHIGH - 0771300,0.964285714286,census_block_count
077,001310,077,0771290,LEHIGH - 0771290,0.010101010101,census_block_count
077,001310,077,0771310,LEHIGH - 0771310,0.949494949495,census_block_count
077,001310,077,0771300,LEHIGH - 0771300,0.010101010101,census_block_count
077,001310,077,077730,LEHIGH - 077730,0.030303030303,census_block_count
077,001312,077,0771300,LEHIGH - 0771300,1.000000000000,census_block_count
077,001314,077,0771300,LEHIGH - 0771300,1.000000000000,vtd20_identity
077,001320,077,0771320,LEHIGH - 0771320,1.000000000000,vtd20_identity
077,001330,077,0771330,LEHIGH - 0771330,1.000000000000,vtd20_identity
077,001340,077,0771340,LEHIGH - 0771340,1.000000000000,vtd20_identity
077,001350,077,0771350,LEHIGH - 0771350,1.000000000000,vtd20_identity
077,001360,077,0771360,LEHIGH - 0771360,1.000000000000,vtd20_identity
077,001370,077,0771370,LEHIGH - 0771370,1.000000000000,vtd20_identity
077,001380,077,0771380,LEHIGH - 0771380,1.000000000000,vtd20_identity
077,001390,077,0771390,LEHIGH - 0771390,1.000000000000,vtd20_identity
077,001400,077,0771400,LEHIGH - 0771400,1.000000000000,vtd20_identity
077,001410,077,0771410,LEHIGH - 0771410,1.000000000000,vtd20_identity
077,001425,077,0771420,LEHIGH - 0771420,1.000000000000,vtd20_identity
077,001430,077,0771430,LEHIGH - 0771430,1.000000000000,vtd20_identity
077,001440,077,0771440,LEHIGH - 0771440,1.000000000000,vtd20_identity
077,001450,077,0771450,LEHIGH - 0771450,1.000000000000,vtd20_identity
077,001460,077,0771460,LEHIGH - 0771460,1.000000000000,vtd20_identity
077,001470,077,0771420,LEHIGH - 0771420,1.000000000000,census_block_count
079,000010,079,079010,LUZERNE - 079010,0.523809523810,census_block_count
079,000010,079,079040,LUZERNE - 079040,0.095238095238,census_block_count
079,000010,079,079020,LUZERNE - 079020,0.380952380952,census_block_count
079,000025,079,079740,LUZERNE - 079740,0.043478260870,census_block_count
079,000025,079,079040,LUZERNE - 079040,0.434782608696,census_block_count
079,000025,079,079030,LUZERNE - 079030,0.521739130435,census_block_count
079,000050,079,079050,LUZERNE - 079050,1.000000000000,vtd20_identity
079,000060,079,079060,LUZERNE - 079060,1.000000000000,vtd20_identity
079,000070,079,0791980,LUZERNE - 0791980,0.179487179487,census_block_count
079,000070,079,079060,LUZERNE - 079060,0.051282051282,census_block_count
079,000070,079,079340,LUZERNE - 079340,0.025641025641,census_block_count
079,000070,079,079070,LUZERNE - 079070,0.743589743590,census_block_count
079,000080,079,079080,LUZERNE - 079080,1.000000000000,vtd20_identity
079,000083,079,079083,LUZERNE - 079083,1.000000000000,vtd20_identity
079,000088,079,079088,LUZERNE - 079088,1.000000000000,vtd20_identity
079,000095,079,079095,LUZERNE - 079095,1.000000000000,vtd20_identity
079,000105,079,079110,LUZERNE - 079110,0.609523809524,census_block_count
079,000105,079,079100,LUZERNE - 079100,0.390476190476,census_block_count
079,000120,079,079120,LUZERNE - 079120,1.000000000000,vtd20_identity
079,000132,079,079130,LUZERNE - 079130,1.000000000000,vtd20_identity
079,000138,079,079140,LUZERNE - 079140,1.000000000000,vtd20_identity
079,000142,079,079150,LUZERNE - 079150,1.000000000000,vtd20_identity
079,000148,079,079150,LUZERNE - 079150,0.964285714286,census_block_count
079,000148,079,079130,LUZERNE - 079130,0.035714285714,census_block_count
079,000152,079,079150,LUZERNE - 079150,0.431818181818,census_block_count
079,000152,079,0792400,LUZERNE - 0792400,0.045454545455,census_block_count
079,000152,079,079130,LUZERNE - 079130,0.522727272727,census_block_count
079,000165,079,079160,LUZERNE - 079160,0.590163934426,census_block_count
079,000165,079,079170,LUZERNE - 079170,0.393442622951,census_block_count
079,000165,079,0792380,LUZERNE - 0792380,0.016393442623,census_block_count
079,000180,079,079180,LUZERNE - 079180,1.000000000000,vtd20_identity
079,000190,079,079190,LUZERNE - 079190,1.000000000000,vtd20_identity
079,000205,079,079210,LUZERNE - 079210,1.000000000000,vtd20_identity
079,000215,079,079200,LUZERNE - 079200,0.972972972973,census_block_count
079,000215,079,0791530,LUZERNE - 0791530,0.027027027027,census_block_count
079,000225,079,079200,LUZERNE - 079200,1.000000000000,vtd20_identity
079,000227,079,079220,LUZERNE - 079220,1.000000000000,vtd20_identity
079,000229,079,079220,LUZERNE - 079220,1.000000000000,census_block_count
079,000230,079,079230,LUZERNE - 079230,1.000000000000,vtd20_identity
079,000240,079,079240,LUZERNE - 079240,1.000000000000,vtd20_identity
079,000250,079,079250,LUZERNE - 079250,1.000000000000,vtd20_identity
079,000260,079,079260,LUZERNE - 079260,1.000000000000,vtd20_identity
079,000275,079,079280,LUZERNE - 079280,0.537500000000,census_block_count
079,000275,079,079270,LUZERNE - 079270,0.462500000000,census_block_count
079,000280,079,079290,LUZERNE - 079290,1.000000000000,vtd20_identity
079,000300,079,079310,LUZERNE - 079310,0.600000000000,census_block_count
079,000300,079,079320,LUZERNE - 079320,0.018181818182,census_block_count
079,000300,079,079300,LUZERNE - 079300,0.381818181818,census_block_count
079,000310,079,079320,LUZERNE - 079320,1.000000000000,vtd20_identity
079,000325,079,079330,LUZERNE - 079330,0.448979591837,census_block_count
079,000325,079,079340,LUZERNE - 079340,0.551020408163,census_block_count
079,000352,079,0791500,LUZERNE - 0791500,0.055555555556,census_block_count
079,000352,079,079350,LUZERNE - 079350,0.666666666667,census_block_count
079,000352,079,079400,LUZERNE - 079400,0.111111111111,census_block_count
079,000352,079,079390,LUZERNE - 079390,0.166666666667,census_block_count
079,000366,079,079380,LUZERNE - 079380,0.232558139535,census_block_count
079,000366,079,079410,LUZERNE - 079410,0.255813953488,census_block_count
079,000366,079,079360,LUZERNE - 079360,0.395348837209,census_block_count
079,000366,079,079390,LUZERNE - 079390,0.023255813953,census_block_count
079,000366,079,0791490,LUZERNE - 0791490,0.023255813953,census_block_count
079,000366,079,079370,LUZERNE - 079370,0.069767441860,census_block_count
079,000420,079,079420,LUZERNE - 079420,1.000000000000,vtd20_identity
079,000430,079,079430,LUZERNE - 079430,1.000000000000,vtd20_identity
079,000442,079,079430,LUZERNE - 079430,0.044776119403,census_block_count
079,000442,079,079460,LUZERNE - 079460,0.014925373134,census_block_count
079,000442,079,079450,LUZERNE - 079450,0.611940298507,census_block_count
079,000442,079,079440,LUZERNE - 079440,0.328358208955,census_block_count
079,000452,079,079460,LUZERNE - 079460,1.000000000000,vtd20_identity
079,000470,079,079470,LUZERNE - 079470,1.000000000000,vtd20_identity
079,000482,079,079480,LUZERNE - 079480,1.000000000000,census_block_count
079,000484,079,079480,LUZERNE - 079480,1.000000000000,vtd20_identity
079,000495,079,079490,LUZERNE - 079490,0.387096774194,census_block_count
079,000495,079,079500,LUZERNE - 079500,0.516129032258,census_block_count
079,000495,079,079510,LUZERNE - 079510,0.096774193548,census_block_count
079,000515,079,0792440,LUZERNE - 0792440,0.047619047619,census_block_count
079,000515,079,079520,LUZERNE - 079520,0.619047619048,census_block_count
079,000515,079,079510,LUZERNE - 079510,0.333333333333,census_block_count
079,000535,079,0792420,LUZERNE - 0792420,0.066666666667,census_block_count
079,000535,079,0792440,LUZERNE - 0792440,0.100000000000,census_block_count
079,000535,079,079530,LUZERNE - 079530,0.300000000000,census_block_count
079,000535,079,079540,LUZERNE - 079540,0.533333333333,census_block_count
079,000555,079,079550,LUZERNE - 079550,1.000000000000,vtd20_identity
079,000565,079,079550,LUZERNE - 079550,0.389610389610,census_block_count
079,000565,079,079560,LUZERNE - 079560,0.155844155844,census_block_count
079,000565,079,079640,LUZERNE - 079640,0.025974025974,census_block_count
079,000565,079,079570,LUZERNE - 079570,0.428571428571,census_block_count
079,000580,079,079580,LUZERNE - 079580,1.000000000000,vtd20_identity
079,000596,079,079640,LUZERNE - 079640,0.093023255814,census_block_count
079,000596,079,079600,LUZERNE - 079600,0.131782945736,census_block_count
079,000596,079,079590,LUZERNE - 079590,0.279069767442,census_block_count
079,000596,079,079610,LUZERNE - 079610,0.155038759690,census_block_count
079,000596,079,079570,LUZERNE - 079570,0.085271317829,census_block_count
079,000596,079,079620,LUZERNE - 079620,0.186046511628,census_block_count
079,000596,079,079630,LUZERNE - 079630,0.069767441860,census_block_count
079,000650,079,079650,LUZERNE - 079650,1.000000000000,vtd20_identity
079,000666,079,079740,LUZERNE - 079740,0.016393442623,census_block_count
079,000666,079,079670,LUZERNE - 079670,0.360655737705,census_block_count
079,000666,079,079750,LUZERNE - 079750,0.016393442623,census_block_count
079,000666,079,079680,LUZERNE - 079680,0.262295081967,census_block_count
079,000666,079,079660,LUZERNE - 079660,0.344262295082,census_block_count
079,000682,079,079770,LUZERNE - 079770,0.281250000000,census_block_count
079,000682,079,079760,LUZERNE - 079760,0.718750000000,census_block_count
079,000702,079,0791460,LUZERNE - 0791460,0.016949152542,census_block_count
079,000702,079,079710,LUZERNE - 079710,0.220338983051,census_block_count
079,000702,079,079780,LUZERNE - 079780,0.389830508475,census_block_count
079,000702,079,0792150,LUZERNE - 0792150,0.016949152542,census_block_count
079,000702,079,079695,LUZERNE - 079695,0.355932203390,census_block_count
079,000725,079,0792120,LUZERNE - 0792120,0.017543859649,census_block_count
079,000725,079,079730,LUZERNE - 079730,0.122807017544,census_block_count
079,000725,079,079770,LUZERNE - 079770,0.017543859649,census_block_count
079,000725,079,079740,LUZERNE - 079740,0.649122807018,census_block_count
079,000725,079,079650,LUZERNE - 079650,0.017543859649,census_block_count
079,000725,079,079720,LUZERNE - 079720,0.175438596491,census_block_count
079,000750,079,079750,LUZERNE - 079750,1.000000000000,vtd20_identity
079,000790,079,079790,LUZERNE - 079790,1.000000000000,vtd20_identity
079,000806,079,079840,LUZERNE - 079840,1.000000000000,vtd20_identity
079,000807,079,079880,LUZERNE - 079880,0.841269841270,census_block_count
079,000807,079,079820,LUZERNE - 079820,0.047619047619,census_block_count
079,000807,079,079110,LUZERNE - 079110,0.015873015873,census_block_count
079,000807,079,079840,LUZERNE - 079840,0.031746031746,census_block_count
079,000807,079,0792495,LUZERNE - 0792495,0.010582010582,census_block_count
079,000807,079,079830,LUZERNE - 079830,0.052910052910,census_block_count
079,000815,079,079890,LUZERNE - 079890,1.000000000000,vtd20_identity
079,000825,079,0792400,LUZERNE - 0792400,0.019230769231,census_block_count
079,000825,079,079850,LUZERNE - 079850,0.288461538462,census_block_count
079,000825,079,079810,LUZERNE - 079810,0.692307692308,census_block_count
079,000835,079,079800,LUZERNE - 079800,0.025641025641,census_block_count
079,000835,079,079900,LUZERNE - 079900,0.384615384615,census_block_count
079,000835,079,079870,LUZERNE - 079870,0.589743589744,census_block_count
079,000845,079,079550,LUZERNE - 079550,0.037037037037,census_block_count
079,000845,079,079800,LUZERNE - 079800,0.592592592593,census_block_count
079,000845,079,079890,LUZERNE - 079890,0.018518518519,census_block_count
079,000845,079,079840,LUZERNE - 079840,0.018518518519,census_block_count
079,000845,079,079860,LUZERNE - 079860,0.333333333333,census_block_count
079,000910,079,079980,LUZERNE - 079980,0.258741258741,census_block_count
079,000910,079,079910,LUZERNE - 079910,0.209790209790,census_block_count
079,000910,079,079970,LUZERNE - 079970,0.076923076923,census_block_count
079,000910,079,079920,LUZERNE - 079920,0.139860139860,census_block_count
079,000910,079,079950,LUZERNE - 079950,0.314685314685,census_block_count
079,000920,079,0792515,LUZERNE - 0792515,0.013698630137,census_block_count
079,000920,079,079960,LUZERNE - 079960,0.493150684932,census_block_count
079,000920,079,0792475,LUZERNE - 0792475,0.013698630137,census_block_count
079,000920,079,079990,LUZERNE - 079990,0.479452054795,census_block_count
079,000930,079,079930,LUZERNE - 079930,1.000000000000,vtd20_identity
079,000955,079,079940,LUZERNE - 079940,1.000000000000,vtd20_identity
079,000965,079,0791130,LUZERNE - 0791130,0.500000000000,census_block_count
079,000965,079,0791140,LUZERNE - 0791140,0.462500000000,census_block_count
079,000965,079,079930,LUZERNE - 079930,0.037500000000,census_block_count
079,000975,079,079890,LUZERNE - 079890,0.009900990099,census_block_count
079,000975,079,0791120,LUZERNE - 0791120,0.455445544554,census_block_count
079,000975,079,0791110,LUZERNE - 0791110,0.534653465347,census_block_count
079,000985,079,0791100,LUZERNE - 0791100,0.660869565217,census_block_count
079,000985,079,0791090,LUZERNE - 0791090,0.339130434783,census_block_count
079,000995,079,0791010,LUZERNE - 0791010,0.333333333333,census_block_count
079,000995,079,0791020,LUZERNE - 0791020,0.398148148148,census_block_count
079,000995,079,0791000,LUZERNE - 0791000,0.268518518519,census_block_count
079,001005,079,079890,LUZERNE - 079890,0.024000000000,census_block_count
079,001005,079,0791060,LUZERNE - 0791060,0.664000000000,census_block_count
079,001005,079,0791050,LUZERNE - 0791050,0.312000000000,census_block_count
079,001025,079,0791040,LUZERNE - 0791040,0.500000000000,census_block_count
079,001025,079,0791030,LUZERNE - 0791030,0.500000000000,census_block_count
079,001035,079,0791080,LUZERNE - 0791080,0.436363636364,census_block_count
079,001035,079,0791070,LUZERNE - 0791070,0.563636363636,census_block_count
079,001150,079,0791150,LUZERNE - 0791150,1.000000000000,vtd20_identity
079,001165,079,0791170,LUZERNE - 0791170,0.256410256410,census_block_count
079,001165,079,0791160,LUZERNE - 0791160,0.641025641026,census_block_count
079,001165,079,0791890,LUZERNE - 0791890,0.025641025641,census_block_count
079,001165,079,0791990,LUZERNE - 0791990,0.076923076923,census_block_count
079,001180,079,0791180,LUZERNE - 0791180,1.000000000000,vtd20_identity
079,001190,079,0791190,LUZERNE - 0791190,1.000000000000,vtd20_identity
079,001200,079,0791200,LUZERNE - 0791200,1.000000000000,vtd20_identity
079,001210,079,0791210,LUZERNE - 0791210,1.000000000000,vtd20_identity
079,001225,079,0791990,LUZERNE - 0791990,0.016129032258,census_block_count
079,001225,079,0792010,LUZERNE - 0792010,0.016129032258,census_block_count
079,001225,079,0791410,LUZERNE - 0791410,0.032258064516,census_block_count
079,001225,079,0791270,LUZERNE - 0791270,0.306451612903,census_block_count
079,001225,079,0791220,LUZERNE - 0791220,0.403225806452,census_block_count
079,001225,079,0791260,LUZERNE - 0791260,0.225806451613,census_block_count
079,001235,079,0791230,LUZERNE - 0791230,0.029411764706,census_block_count
079,001235,079,0791240,LUZERNE - 0791240,0.764705882353,census_block_count
079,001235,079,0791220,LUZERNE - 0791220,0.029411764706,census_block_count
079,001235,079,0791250,LUZERNE - 0791250,0.176470588235,census_block_count
079,001245,079,0791230,LUZERNE - 0791230,1.000000000000,vtd20_identity
079,001282,079,0791290,LUZERNE - 0791290,1.000000000000,vtd20_identity
079,001288,079,0791290,LUZERNE - 0791290,0.520000000000,census_block_count
079,001288,079,0791300,LUZERNE - 0791300,0.480000000000,census_block_count
079,001294,079,0791300,LUZERNE - 0791300,1.000000000000,vtd20_identity
079,001296,079,0791280,LUZERNE - 0791280,1.000000000000,vtd20_identity
079,001310,079,0792280,LUZERNE - 0792280,0.023809523810,census_block_count
079,001310,079,079350,LUZERNE - 079350,0.047619047619,census_block_count
079,001310,079,0791310,LUZERNE - 0791310,0.690476190476,census_block_count
079,001310,079,0791320,LUZERNE - 0791320,0.238095238095,census_block_count
079,001320,079,0791330,LUZERNE - 0791330,1.000000000000,vtd20_identity
079,001330,079,0791340,LUZERNE - 0791340,1.000000000000,vtd20_identity
079,001340,079,0791350,LUZERNE - 0791350,1.000000000000,vtd20_identity
079,001355,079,0791360,LUZERNE - 0791360,1.000000000000,vtd20_identity
079,001375,079,0791370,LUZERNE - 0791370,0.388888888889,census_block_count
079,001375,079,079360,LUZERNE - 079360,0.027777777778,census_block_count
079,001375,079,0791380,LUZERNE - 0791380,0.583333333333,census_block_count
079,001390,079,0791400,LUZERNE - 0791400,1.000000000000,vtd20_identity
079,001400,079,0791390,LUZERNE - 0791390,1.000000000000,vtd20_identity
079,001410,079,0791410,LUZERNE - 0791410,1.000000000000,vtd20_identity
079,001420,079,0791420,LUZERNE - 0791420,1.000000000000,vtd20_identity
079,001430,079,0791200,LUZERNE - 0791200,0.028571428571,census_block_count
079,001430,079,0791450,LUZERNE - 0791450,0.057142857143,census_block_count
079,001430,079,0791440,LUZERNE - 0791440,0.114285714286,census_block_count
079,001430,079,0791460,LUZERNE - 0791460,0.257142857143,census_block_count
079,001430,079,0791480,LUZERNE - 0791480,0.085714285714,census_block_count
079,001430,079,0791430,LUZERNE - 0791430,0.285714285714,census_block_count
079,001430,079,0792140,LUZERNE - 0792140,0.085714285714,census_block_count
079,001430,079,0792150,LUZERNE - 0792150,0.085714285714,census_block_count
079,001445,079,0791480,LUZERNE - 0791480,0.642857142857,census_block_count
079,001445,079,0791470,LUZERNE - 0791470,0.357142857143,census_block_count
079,001452,079,0791500,LUZERNE - 0791500,0.384615384615,census_block_count
079,001452,079,079400,LUZERNE - 079400,0.038461538462,census_block_count
079,001452,079,0791480,LUZERNE - 0791480,0.153846153846,census_block_count
079,001452,079,0791490,LUZERNE - 0791490,0.423076923077,census_block_count
079,001510,079,0791510,LUZERNE - 0791510,1.000000000000,vtd20_identity
079,001515,079,0791540,LUZERNE - 0791540,1.000000000000,vtd20_identity
079,001525,079,0791520,LUZERNE - 0791520,1.000000000000,vtd20_identity
079,001531,079,0791530,LUZERNE - 0791530,1.000000000000,vtd20_identity
079,001552,079,0791580,LUZERNE - 0791580,0.263157894737,census_block_count
079,001552,079,0791570,LUZERNE - 0791570,0.328947368421,census_block_count
079,001552,079,0792280,LUZERNE - 0792280,0.013157894737,census_block_count
079,001552,079,0791550,LUZERNE - 0791550,0.184210526316,census_block_count
079,001552,079,079190,LUZERNE - 079190,0.026315789474,census_block_count
079,001552,079,0791560,LUZERNE - 0791560,0.184210526316,census_block_count
079,001590,079,0791620,LUZERNE - 0791620,0.366666666667,census_block_count
079,001590,079,0791610,LUZERNE - 0791610,0.066666666667,census_block_count
079,001590,079,0791600,LUZERNE - 0791600,0.300000000000,census_block_count
079,001590,079,0791590,LUZERNE - 0791590,0.266666666667,census_block_count
079,001605,079,0791600,LUZERNE - 0791600,0.017857142857,census_block_count
079,001605,079,0791690,LUZERNE - 0791690,0.232142857143,census_block_count
079,001605,079,0791810,LUZERNE - 0791810,0.017857142857,census_block_count
079,001605,079,0791700,LUZERNE - 0791700,0.321428571429,census_block_count
079,001605,079,0791710,LUZERNE - 0791710,0.410714285714,census_block_count
079,001615,079,0791630,LUZERNE - 0791630,0.363636363636,census_block_count
079,001615,079,0791590,LUZERNE - 0791590,0.163636363636,census_block_count
079,001615,079,0791650,LUZERNE - 0791650,0.272727272727,census_block_count
079,001615,079,0791660,LUZERNE - 0791660,0.200000000000,census_block_count
079,001625,079,0791680,LUZERNE - 0791680,0.735849056604,census_block_count
079,001625,079,0791640,LUZERNE - 0791640,0.264150943396,census_block_count
079,001635,079,0791720,LUZERNE - 0791720,1.000000000000,vtd20_identity
079,001645,079,079750,LUZERNE - 079750,0.016949152542,census_block_count
079,001645,079,0791680,LUZERNE - 0791680,0.016949152542,census_block_count
079,001645,079,0791730,LUZERNE - 0791730,0.406779661017,census_block_count
079,001645,079,0791720,LUZERNE - 0791720,0.016949152542,census_block_count
079,001645,079,0791670,LUZERNE - 0791670,0.542372881356,census_block_count
079,001740,079,0791740,LUZERNE - 0791740,1.000000000000,vtd20_identity
079,001750,079,0791750,LUZERNE - 0791750,1.000000000000,vtd20_identity
079,001760,079,0791760,LUZERNE - 0791760,1.000000000000,vtd20_identity
079,001782,079,0791790,LUZERNE - 0791790,0.395348837209,census_block_count
079,001782,079,0791775,LUZERNE - 0791775,0.465116279070,census_block_count
079,001782,079,0791810,LUZERNE - 0791810,0.046511627907,census_block_count
079,001782,079,0791800,LUZERNE - 0791800,0.093023255814,census_block_count
079,001786,079,0791820,LUZERNE - 0791820,0.366666666667,census_block_count
079,001786,079,0791810,LUZERNE - 0791810,0.416666666667,census_block_count
079,001786,079,0791800,LUZERNE - 0791800,0.216666666667,census_block_count
079,001830,079,0791830,LUZERNE - 0791830,1.000000000000,vtd20_identity
079,001840,079,0791840,LUZERNE - 0791840,1.000000000000,vtd20_identity
079,001852,079,0791850,LUZERNE - 0791850,0.275000000000,census_block_count
079,001852,079,0791860,LUZERNE - 0791860,0.175000000000,census_block_count
079,001852,079,0791870,LUZERNE - 0791870,0.325000000000,census_block_count
079,001852,079,0791890,LUZERNE - 0791890,0.125000000000,census_block_count
079,001852,079,0791880,LUZERNE - 0791880,0.100000000000,census_block_count
079,001862,079,0791890,LUZERNE - 0791890,0.431372549020,census_block_count
079,001862,079,0791880,LUZERNE - 0791880,0.058823529412,census_block_count
079,001862,079,0791900,LUZERNE - 0791900,0.294117647059,census_block_count
079,001862,079,0791910,LUZERNE - 0791910,0.156862745098,census_block_count
079,001862,079,0791920,LUZERNE - 0791920,0.058823529412,census_block_count
079,001876,079,0791900,LUZERNE - 0791900,0.031746031746,census_block_count
079,001876,079,0791910,LUZERNE - 0791910,0.095238095238,census_block_count
079,001876,079,0791970,LUZERNE - 0791970,0.015873015873,census_block_count
079,001876,079,0791920,LUZERNE - 0791920,0.079365079365,census_block_count
079,001876,079,0791940,LUZERNE - 0791940,0.126984126984,census_block_count
079,001876,079,0791930,LUZERNE - 0791930,0.190476190476,census_block_count
079,001876,079,0791950,LUZERNE - 0791950,0.333333333333,census_block_count
079,001876,079,0791960,LUZERNE - 0791960,0.126984126984,census_block_count
079,001886,079,0791970,LUZERNE - 0791970,1.000000000000,vtd20_identity
079,001995,079,0791160,LUZERNE - 0791160,0.010526315789,census_block_count
079,001995,079,0791990,LUZERNE - 0791990,0.400000000000,census_block_count
079,001995,079,079270,LUZERNE - 079270,0.010526315789,census_block_count
079,001995,079,0792000,LUZERNE - 0792000,0.210526315790,census_block_count
079,001995,079,0792010,LUZERNE - 0792010,0.357894736842,census_block_count
079,001995,079,0791950,LUZERNE - 0791950,0.010526315789,census_block_count
079,002005,079,0791980,LUZERNE - 0791980,0.526315789474,census_block_count
079,002005,079,0791990,LUZERNE - 0791990,0.236842105263,census_block_count
079,002005,079,0792000,LUZERNE - 0792000,0.236842105263,census_block_count
079,002025,079,0792020,LUZERNE - 0792020,0.031250000000,census_block_count
079,002025,079,0792080,LUZERNE - 0792080,0.218750000000,census_block_count
079,002025,079,079500,LUZERNE - 079500,0.015625000000,census_block_count
079,002025,079,0792070,LUZERNE - 0792070,0.031250000000,census_block_count
079,002025,079,0792030,LUZERNE - 0792030,0.265625000000,census_block_count
079,002025,079,0792040,LUZERNE - 0792040,0.421875000000,census_block_count
079,002025,079,0793040,LUZERNE - 0793040,0.015625000000,census_block_count
079,002035,079,0792020,LUZERNE - 0792020,0.119047619048,census_block_count
079,002035,079,0792100,LUZERNE - 0792100,0.023809523810,census_block_count
079,002035,079,0792060,LUZERNE - 0792060,0.452380952381,census_block_count
079,002035,079,0792070,LUZERNE - 0792070,0.404761904762,census_block_count
079,002045,079,0792020,LUZERNE - 0792020,1.000000000000,vtd20_identity
079,002055,079,0792020,LUZERNE - 0792020,0.076923076923,census_block_count
079,002055,079,0792100,LUZERNE - 0792100,0.358974358974,census_block_count
079,002055,079,0792050,LUZERNE - 0792050,0.461538461538,census_block_count
079,002055,079,0792070,LUZERNE - 0792070,0.102564102564,census_block_count
079,002065,079,0792020,LUZERNE - 0792020,0.012345679012,census_block_count
079,002065,079,0792110,LUZERNE - 0792110,0.814814814815,census_block_count
079,002065,079,0792090,LUZERNE - 0792090,0.086419753086,census_block_count
079,002065,079,0792050,LUZERNE - 0792050,0.049382716049,census_block_count
079,002065,079,0792070,LUZERNE - 0792070,0.012345679012,census_block_count
079,002065,079,0793050,LUZERNE - 0793050,0.024691358025,census_block_count
079,002122,079,0791200,LUZERNE - 0791200,0.012658227848,census_block_count
079,002122,079,0792120,LUZERNE - 0792120,0.658227848101,census_block_count
079,002122,079,0792130,LUZERNE - 0792130,0.291139240506,census_block_count
079,002122,079,0792210,LUZERNE - 0792210,0.012658227848,census_block_count
079,002122,079,0791180,LUZERNE - 0791180,0.025316455696,census_block_count
079,002142,079,0792160,LUZERNE - 0792160,0.263157894737,census_block_count
079,002142,079,0792170,LUZERNE - 0792170,0.131578947368,census_block_count
079,002142,079,0792140,LUZERNE - 0792140,0.157894736842,census_block_count
079,002142,079,0792220,LUZERNE - 0792220,0.105263157895,census_block_count
079,002142,079,0792150,LUZERNE - 0792150,0.210526315789,census_block_count
079,002142,079,0792230,LUZERNE - 0792230,0.105263157895,census_block_count
079,002142,079,0792180,LUZERNE - 0792180,0.026315789474,census_block_count
079,002156,079,0792240,LUZERNE - 0792240,0.244444444444,census_block_count
079,002156,079,0792250,LUZERNE - 0792250,0.155555555556,census_block_count
079,002156,079,0792220,LUZERNE - 0792220,0.111111111111,census_block_count
079,002156,079,0792180,LUZERNE - 0792180,0.177777777778,census_block_count
079,002156,079,0792190,LUZERNE - 0792190,0.311111111111,census_block_count
079,002166,079,0792120,LUZERNE - 0792120,0.071428571429,census_block_count
079,002166,079,0792210,LUZERNE - 0792210,0.535714285714,census_block_count
079,002166,079,0792260,LUZERNE - 0792260,0.214285714286,census_block_count
079,002166,079,0792190,LUZERNE - 0792190,0.071428571429,census_block_count
079,002166,079,0792200,LUZERNE - 0792200,0.107142857143,census_block_count
079,002275,079,0792280,LUZERNE - 0792280,0.566666666667,census_block_count
079,002275,079,0792270,LUZERNE - 0792270,0.433333333333,census_block_count
079,002292,079,0792290,LUZERNE - 0792290,1.000000000000,vtd20_identity
079,002294,079,0792290,LUZERNE - 0792290,1.000000000000,census_block_count
079,002300,079,0792300,LUZERNE - 0792300,1.000000000000,vtd20_identity
079,002315,079,0792330,LUZERNE - 0792330,0.171052631579,census_block_count
079,002315,079,0792320,LUZERNE - 0792320,0.539473684211,census_block_count
079,002315,079,0792310,LUZERNE - 0792310,0.289473684211,census_block_count
079,002325,079,0792330,LUZERNE - 0792330,1.000000000000,census_block_count
079,002345,079,0792340,LUZERNE - 0792340,0.275862068966,census_block_count
079,002345,079,0792360,LUZERNE - 0792360,0.241379310345,census_block_count
079,002345,079,0792370,LUZERNE - 0792370,0.103448275862,census_block_count
079,002345,079,0792470,LUZERNE - 0792470,0.137931034483,census_block_count
079,002345,079,0792310,LUZERNE - 0792310,0.068965517241,census_block_count
079,002345,079,0792350,LUZERNE - 0792350,0.172413793103,census_block_count
079,002380,079,0792380,LUZERNE - 0792380,1.000000000000,vtd20_identity
079,002390,079,0792390,LUZERNE - 0792390,1.000000000000,vtd20_identity
079,002402,079,079820,LUZERNE - 079820,1.000000000000,vtd20_identity
079,002404,079,0792400,LUZERNE - 0792400,0.974358974359,census_block_count
079,002404,079,079180,LUZERNE - 079180,0.025641025641,census_block_count
079,002406,079,0792400,LUZERNE - 0792400,1.000000000000,vtd20_identity
079,002425,079,0792420,LUZERNE - 0792420,0.363636363636,census_block_count
079,002425,079,0792430,LUZERNE - 0792430,0.181818181818,census_block_count
079,002425,079,0792450,LUZERNE - 0792450,0.454545454545,census_block_count
079,002445,079,0792440,LUZERNE - 0792440,1.000000000000,vtd20_identity
079,002460,079,0792460,LUZERNE - 0792460,1.000000000000,vtd20_identity
079,002470,079,0792470,LUZERNE - 0792470,1.000000000000,vtd20_identity
079,002478,079,0792515,LUZERNE - 0792515,0.306451612903,census_block_count
079,002478,079,0792485,LUZERNE - 0792485,0.161290322581,census_block_count
079,002478,079,0792525,LUZERNE - 0792525,0.370967741935,census_block_count
079,002478,079,0792475,LUZERNE - 0792475,0.161290322581,census_block_count
079,002480,079,0792480,LUZERNE - 0792480,1.000000000000,vtd20_identity
079,002498,079,079890,LUZERNE - 079890,0.012987012987,census_block_count
079,002498,079,079820,LUZERNE - 079820,0.012987012987,census_block_count
079,002498,079,0792495,LUZERNE - 0792495,0.350649350649,census_block_count
079,002498,079,0792505,LUZERNE - 0792505,0.272727272727,census_block_count
079,002498,079,0792485,LUZERNE - 0792485,0.220779220779,census_block_count
079,002498,079,0792475,LUZERNE - 0792475,0.129870129870,census_block_count
079,002540,079,0792540,LUZERNE - 0792540,1.000000000000,vtd20_identity
079,002555,079,0792550,LUZERNE - 0792550,0.491525423729,census_block_count
079,002555,079,0792560,LUZERNE - 0792560,0.508474576271,census_block_count
079,002565,079,0792570,LUZERNE - 0792570,0.440000000000,census_block_count
079,002565,079,0792580,LUZERNE - 0792580,0.540000000000,census_block_count
079,002565,079,079440,LUZERNE - 079440,0.020000000000,census_block_count
079,002595,079,0792600,LUZERNE - 0792600,0.028571428571,census_block_count
079,002595,079,0792590,LUZERNE - 0792590,0.657142857143,census_block_count
079,002595,079,0792610,LUZERNE - 0792610,0.314285714286,census_block_count
079,002600,079,0792600,LUZERNE - 0792600,1.000000000000,vtd20_identity
079,002620,079,0792620,LUZERNE - 0792620,1.000000000000,vtd20_identity
079,002635,079,0793030,LUZERNE - 0793030,0.500000000000,census_block_count
079,002635,079,0792990,LUZERNE - 0792990,0.041666666667,census_block_count
079,002635,079,0792070,LUZERNE - 0792070,0.020833333333,census_block_count
079,002635,079,0793040,LUZERNE - 0793040,0.437500000000,census_block_count
079,002655,079,0792110,LUZERNE - 0792110,0.019607843137,census_block_count
079,002655,079,0793020,LUZERNE - 0793020,0.352941176471,census_block_count
079,002655,079,0793040,LUZERNE - 0793040,0.039215686275,census_block_count
079,002655,079,0793050,LUZERNE - 0793050,0.588235294118,census_block_count
079,002685,079,0793010,LUZERNE - 0793010,1.000000000000,vtd20_identity
079,002700,079,0793010,LUZERNE - 0793010,0.061224489796,census_block_count
079,002700,079,0792980,LUZERNE - 0792980,0.020408163265,census_block_count
079,002700,079,0792670,LUZERNE - 0792670,0.265306122449,census_block_count
079,002700,079,0792650,LUZERNE - 0792650,0.204081632653,census_block_count
079,002700,079,0792660,LUZERNE - 0792660,0.448979591837,census_block_count
079,002715,079,0792990,LUZERNE - 0792990,0.485714285714,census_block_count
079,002715,079,0793000,LUZERNE - 0793000,0.514285714286,census_block_count
079,002725,079,0791390,LUZERNE - 0791390,0.022727272727,census_block_count
079,002725,079,0792630,LUZERNE - 0792630,0.500000000000,census_block_count
079,002725,079,0792980,LUZERNE - 0792980,0.272727272727,census_block_count
079,002725,079,0792640,LUZERNE - 0792640,0.204545454545,census_block_count
079,002745,079,0792700,LUZERNE - 0792700,0.325581395349,census_block_count
079,002745,079,0792710,LUZERNE - 0792710,0.372093023256,census_block_count
079,002745,079,0792750,LUZERNE - 0792750,0.279069767442,census_block_count
079,002745,079,0792785,LUZERNE - 0792785,0.023255813953,census_block_count
079,002755,079,0792690,LUZERNE - 0792690,0.451612903226,census_block_count
079,002755,079,0792680,LUZERNE - 0792680,0.548387096774,census_block_count
079,002765,079,0792730,LUZERNE - 0792730,0.320000000000,census_block_count
079,002765,079,0792740,LUZERNE - 0792740,0.440000000000,census_block_count
079,002765,079,0792720,LUZERNE - 0792720,0.240000000000,census_block_count
079,002787,079,0792750,LUZERNE - 0792750,0.047619047619,census_block_count
079,002787,079,0792770,LUZERNE - 0792770,0.333333333333,census_block_count
079,002787,079,0792760,LUZERNE - 0792760,0.238095238095,census_block_count
079,002787,079,0792780,LUZERNE - 0792780,0.380952380952,census_block_count
079,002805,079,0792860,LUZERNE - 0792860,0.435897435897,census_block_count
079,002805,079,0792870,LUZERNE - 0792870,0.564102564103,census_block_count
079,002815,079,0792840,LUZERNE - 0792840,0.400000000000,census_block_count
079,002815,079,0792850,LUZERNE - 0792850,0.600000000000,census_block_count
079,002845,079,0792785,LUZERNE - 0792785,1.000000000000,vtd20_identity
079,002885,079,0792820,LUZERNE - 0792820,0.424242424242,census_block_count
079,002885,079,0792810,LUZERNE - 0792810,0.575757575758,census_block_count
079,002935,079,0792830,LUZERNE - 0792830,1.000000000000,vtd20_identity
079,002985,079,0791460,LUZERNE - 0791460,0.019607843137,census_block_count
079,002985,079,0792970,LUZERNE - 0792970,0.372549019608,census_block_count
079,002985,079,0792950,LUZERNE - 0792950,0.607843137255,census_block_count
079,003015,079,0792960,LUZERNE - 0792960,0.533333333333,census_block_count
079,003015,079,0792950,LUZERNE - 0792950,0.033333333333,census_block_count
079,003015,079,0792930,LUZERNE - 0792930,0.433333333333,census_block_count
079,003020,079,0792940,LUZERNE - 0792940,1.000000000000,vtd20_identity
079,003045,079,0792890,LUZERNE - 0792890,0.666666666667,census_block_count
079,003045,079,0792940,LUZERNE - 0792940,0.030303030303,census_block_count
079,003045,079,0792900,LUZERNE - 0792900,0.272727272727,census_block_count
079,003045,079,0792920,LUZERNE - 0792920,0.030303030303,census_block_count
079,003050,079,0792910,LUZERNE - 0792910,0.547619047619,census_block_count
079,003050,079,0792920,LUZERNE - 0792920,0.166666666667,census_block_count
079,003050,079,0792880,LUZERNE - 0792880,0.285714285714,census_block_count
079,003075,079,0793090,LUZERNE - 0793090,0.026315789474,census_block_count
079,003075,079,0793060,LUZERNE - 0793060,0.026315789474,census_block_count
079,003075,079,0793070,LUZERNE - 0793070,0.500000000000,census_block_count
079,003075,079,0793110,LUZERNE - 0793110,0.421052631579,census_block_count
079,003075,079,0792880,LUZERNE - 0792880,0.026315789474,census_block_count
079,003095,079,0792690,LUZERNE - 0792690,0.022727272727,census_block_count
079,003095,079,0793080,LUZERNE - 0793080,0.431818181818,census_block_count
079,003095,079,0792740,LUZERNE - 0792740,0.022727272727,census_block_count
079,003095,079,0793090,LUZERNE - 0793090,0.227272727273,census_block_count
079,003095,079,0793070,LUZERNE - 0793070,0.022727272727,census_block_count
079,003095,079,0793100,LUZERNE - 0793100,0.272727272727,census_block_count
079,003122,079,0793120,LUZERNE - 0793120,0.666666666667,census_block_count
079,003122,079,0793130,LUZERNE - 0793130,0.333333333333,census_block_count
079,003126,079,0793130,LUZERNE - 0793130,1.000000000000,census_block_count
079,003132,079,0793120,LUZERNE - 0793120,1.000000000000,vtd20_identity
079,003136,079,0793130,LUZERNE - 0793130,1.000000000000,vtd20_identity
079,003140,079,0793140,LUZERNE - 0793140,1.000000000000,vtd20_identity
079,003150,079,0793150,LUZERNE - 0793150,1.000000000000,vtd20_identity
079,003160,079,0793160,LUZERNE - 0793160,1.000000000000,vtd20_identity
079,003170,079,0793170,LUZERNE - 0793170,1.000000000000,vtd20_identity
081,000010,081,081010,LYCOMING - 081010,1.000000000000,vtd20_identity
081,000020,081,081020,LYCOMING - 081020,1.000000000000,vtd20_identity
081,000030,081,081030,LYCOMING - 081030,1.000000000000,vtd20_identity
081,000040,081,081040,LYCOMING - 081040,1.000000000000,vtd20_identity
081,000050,081,081050,LYCOMING - 081050,1.000000000000,vtd20_identity
081,000060,081,081060,LYCOMING - 081060,1.000000000000,vtd20_identity
081,000075,081,081070,LYCOMING - 081070,0.481012658228,census_block_count
081,000075,081,081400,LYCOMING - 081400,0.025316455696,census_block_count
081,000075,081,081080,LYCOMING - 081080,0.493670886076,census_block_count
081,000090,081,081090,LYCOMING - 081090,1.000000000000,vtd20_identity
081,000100,081,081100,LYCOMING - 081100,1.000000000000,vtd20_identity
081,000110,081,081110,LYCOMING - 081110,1.000000000000,vtd20_identity
081,000120,081,081120,LYCOMING - 081120,1.000000000000,vtd20_identity
081,000130,081,081130,LYCOMING - 081130,1.000000000000,vtd20_identity
081,000140,081,081140,LYCOMING - 081140,1.000000000000,vtd20_identity
081,000150,081,081150,LYCOMING - 081150,1.000000000000,vtd20_identity
081,000160,081,081160,LYCOMING - 081160,1.000000000000,vtd20_identity
081,000170,081,081170,LYCOMING - 081170,1.000000000000,vtd20_identity
081,000180,081,081180,LYCOMING - 081180,1.000000000000,vtd20_identity
081,000190,081,081190,LYCOMING - 081190,1.000000000000,vtd20_identity
081,000200,081,081200,LYCOMING - 081200,1.000000000000,vtd20_identity
081,000210,081,081210,LYCOMING - 081210,1.000000000000,vtd20_identity
081,000220,081,081220,LYCOMING - 081220,1.000000000000,vtd20_identity
081,000230,081,081230,LYCOMING - 081230,1.000000000000,vtd20_identity
081,000240,081,081240,LYCOMING - 081240,1.000000000000,vtd20_identity
081,000250,081,081250,LYCOMING - 081250,1.000000000000,vtd20_identity
081,000260,081,081260,LYCOMING - 081260,1.000000000000,vtd20_identity
081,000270,081,081270,LYCOMING - 081270,1.000000000000,vtd20_identity
081,000280,081,081280,LYCOMING - 081280,1.000000000000,vtd20_identity
081,000290,081,081290,LYCOMING - 081290,1.000000000000,vtd20_identity
081,000300,081,081300,LYCOMING - 081300,1.000000000000,vtd20_identity
081,000310,081,081310,LYCOMING - 081310,1.000000000000,vtd20_identity
081,000320,081,081320,LYCOMING - 081320,1.000000000000,vtd20_identity
081,000330,081,081330,LYCOMING - 081330,1.000000000000,vtd20_identity
081,000340,081,081340,LYCOMING - 081340,1.000000000000,vtd20_identity
081,000350,081,081350,LYCOMING - 081350,1.000000000000,vtd20_identity
081,000360,081,081360,LYCOMING - 081360,1.000000000000,vtd20_identity
081,000370,081,081370,LYCOMING - 081370,1.000000000000,vtd20_identity
081,000380,081,081380,LYCOMING - 081380,1.000000000000,vtd20_identity
081,000390,081,081390,LYCOMING - 081390,1.000000000000,vtd20_identity
081,000400,081,081400,LYCOMING - 081400,1.000000000000,vtd20_identity
081,000410,081,081410,LYCOMING - 081410,1.000000000000,vtd20_identity
081,000420,081,081420,LYCOMING - 081420,1.000000000000,vtd20_identity
081,000430,081,081430,LYCOMING - 081430,1.000000000000,vtd20_identity
081,000440,081,081440,LYCOMING - 081440,1.000000000000,vtd20_identity
081,000450,081,081450,LYCOMING - 081450,1.000000000000,vtd20_identity
081,000460,081,081460,LYCOMING - 081460,1.000000000000,vtd20_identity
081,000470,081,081470,LYCOMING - 081470,1.000000000000,vtd20_identity
081,000480,081,081480,LYCOMING - 081480,1.000000000000,vtd20_identity
081,000490,081,081490,LYCOMING - 081490,1.000000000000,vtd20_identity
081,000500,081,081500,LYCOMING - 081500,1.000000000000,vtd20_identity
081,000510,081,081510,LYCOMING - 081510,1.000000000000,vtd20_identity
081,000520,081,081520,LYCOMING - 081520,1.000000000000,vtd20_identity
081,000530,081,081530,LYCOMING - 081530,1.000000000000,vtd20_identity
081,000540,081,081540,LYCOMING - 081540,1.000000000000,vtd20_identity
081,000550,081,081550,LYCOMING - 081550,1.000000000000,vtd20_identity
081,000560,081,081560,LYCOMING - 081560,1.000000000000,vtd20_identity
081,000570,081,081570,LYCOMING - 081570,1.000000000000,vtd20_identity
081,000580,081,081580,LYCOMING - 081580,1.000000000000,vtd20_identity
081,000590,081,081590,LYCOMING - 081590,1.000000000000,vtd20_identity
081,000600,081,081600,LYCOMING - 081600,1.000000000000,vtd20_identity
081,000610,081,081610,LYCOMING - 081610,1.000000000000,vtd20_identity
081,000620,081,081620,LYCOMING - 081620,1.000000000000,vtd20_identity
081,000630,081,081630,LYCOMING - 081630,1.000000000000,vtd20_identity
081,000640,081,081640,LYCOMING - 081640,1.000000000000,vtd20_identity
081,000650,081,081650,LYCOMING - 081650,1.000000000000,vtd20_identity
081,000660,081,081660,LYCOMING - 081660,1.000000000000,vtd20_identity
081,000670,081,081670,LYCOMING - 081670,1.000000000000,vtd20_identity
081,000682,081,081680,LYCOMING - 081680,1.000000000000,vtd20_identity
081,000692,081,081700,LYCOMING - 081700,0.656488549618,census_block_count
081,000692,081,081790,LYCOMING - 081790,0.022900763359,census_block_count
081,000692,081,081710,LYCOMING - 081710,0.022900763359,census_block_count
081,000692,081,081690,LYCOMING - 081690,0.229007633588,census_block_count
081,000692,081,081800,LYCOMING - 081800,0.068702290076,census_block_count
081,000702,081,081710,LYCOMING - 081710,1.000000000000,vtd20_identity
081,000712,081,081720,LYCOMING - 081720,1.000000000000,vtd20_identity
081,000722,081,081730,LYCOMING - 081730,1.000000000000,vtd20_identity
081,000732,081,081760,LYCOMING - 081760,0.014492753623,census_block_count
081,000732,081,081740,LYCOMING - 081740,0.289855072464,census_block_count
081,000732,081,081750,LYCOMING - 081750,0.695652173913,census_block_count
081,000742,081,081760,LYCOMING - 081760,1.000000000000,vtd20_identity
081,000752,081,081770,LYCOMING - 081770,1.000000000000,vtd20_identity
081,000762,081,081780,LYCOMING - 081780,1.000000000000,vtd20_identity
081,000772,081,081790,LYCOMING - 081790,0.466019417476,census_block_count
081,000772,081,081840,LYCOMING - 081840,0.155339805825,census_block_count
081,000772,081,081800,LYCOMING - 081800,0.378640776699,census_block_count
081,000782,081,081270,LYCOMING - 081270,0.012345679012,census_block_count
081,000782,081,081810,LYCOMING - 081810,0.518518518519,census_block_count
081,000782,081,081820,LYCOMING - 081820,0.037037037037,census_block_count
081,000782,081,081840,LYCOMING - 081840,0.432098765432,census_block_count
081,000792,081,081820,LYCOMING - 081820,1.000000000000,vtd20_identity
081,000802,081,081830,LYCOMING - 081830,1.000000000000,vtd20_identity
081,000850,081,081850,LYCOMING - 081850,1.000000000000,vtd20_identity
081,000860,081,081860,LYCOMING - 081860,1.000000000000,vtd20_identity
083,000010,083,083010,MCKEAN - 083010,1.000000000000,vtd20_identity
083,000020,083,083020,MCKEAN - 083020,1.000000000000,vtd20_identity
083,000030,083,083030,MCKEAN - 083030,1.000000000000,vtd20_identity
083,000040,083,083040,MCKEAN - 083040,1.000000000000,vtd20_identity
083,000050,083,083050,MCKEAN - 083050,1.000000000000,vtd20_identity
083,000065,083,083065,MCKEAN - 083065,1.000000000000,vtd20_identity
083,000080,083,083080,MCKEAN - 083080,1.000000000000,vtd20_identity
083,000090,083,083090,MCKEAN - 083090,1.000000000000,vtd20_identity
083,000100,083,083100,MCKEAN - 083100,1.000000000000,vtd20_identity
083,000110,083,083110,MCKEAN - 083110,1.000000000000,vtd20_identity
083,000120,083,083120,MCKEAN - 083120,1.000000000000,vtd20_identity
083,000130,083,083130,MCKEAN - 083130,1.000000000000,vtd20_identity
083,000140,083,083140,MCKEAN - 083140,1.000000000000,vtd20_identity
083,000150,083,083150,MCKEAN - 083150,1.000000000000,vtd20_identity
083,000160,083,083160,MCKEAN - 083160,1.000000000000,vtd20_identity
083,000170,083,083170,MCKEAN - 083170,1.000000000000,vtd20_identity
083,000180,083,083180,MCKEAN - 083180,1.000000000000,vtd20_identity
083,000190,083,083190,MCKEAN - 083190,1.000000000000,vtd20_identity
083,000200,083,083200,MCKEAN - 083200,1.000000000000,vtd20_identity
083,000210,083,083210,MCKEAN - 083210,1.000000000000,vtd20_identity
083,000220,083,083220,MCKEAN - 083220,1.000000000000,vtd20_identity
083,000230,083,083230,MCKEAN - 083230,1.000000000000,vtd20_identity
083,000240,083,083240,MCKEAN - 083240,1.000000000000,vtd20_identity
083,000250,083,083250,MCKEAN - 083250,1.000000000000,vtd20_identity
083,000260,083,083260,MCKEAN - 083260,1.000000000000,vtd20_identity
083,000270,083,083270,MCKEAN - 083270,1.000000000000,vtd20_identity
083,000280,083,083280,MCKEAN - 083280,1.000000000000,vtd20_identity
083,000290,083,083290,MCKEAN - 083290,1.000000000000,vtd20_identity
083,000300,083,083300,MCKEAN - 083300,1.000000000000,vtd20_identity
083,000310,083,083310,MCKEAN - 083310,1.000000000000,vtd20_identity
083,000320,083,083320,MCKEAN - 083320,1.000000000000,vtd20_identity
083,000330,083,083330,MCKEAN - 083330,1.000000000000,vtd20_identity
083,000340,083,083340,MCKEAN - 083340,1.000000000000,vtd20_identity
083,000350,083,083350,MCKEAN - 083350,1.000000000000,vtd20_identity
083,000360,083,083360,MCKEAN - 083360,1.000000000000,vtd20_identity
083,000370,083,083370,MCKEAN - 083370,1.000000000000,vtd20_identity
083,000380,083,083380,MCKEAN - 083380,1.000000000000,vtd20_identity
083,000390,083,083390,MCKEAN - 083390,1.000000000000,vtd20_identity
083,000400,083,083400,MCKEAN - 083400,1.000000000000,vtd20_identity
083,000410,083,083410,MCKEAN - 083410,1.000000000000,vtd20_identity
083,000420,083,083420,MCKEAN - 083420,1.000000000000,vtd20_identity
083,000430,083,083430,MCKEAN - 083430,1.000000000000,vtd20_identity
085,000010,085,085010,MERCER - 085010,1.000000000000,vtd20_identity
085,000020,085,085020,MERCER - 085020,1.000000000000,vtd20_identity
085,000030,085,085030,MERCER - 085030,1.000000000000,vtd20_identity
085,000040,085,085040,MERCER - 085040,1.000000000000,vtd20_identity
085,000050,085,085050,MERCER - 085050,1.000000000000,vtd20_identity
085,000060,085,085060,MERCER - 085060,1.000000000000,vtd20_identity
085,000072,085,085095,MERCER - 085095,0.523809523810,census_block_count
085,000072,085,085075,MERCER - 085075,0.460317460317,census_block_count
085,000072,085,085130,MERCER - 085130,0.015873015873,census_block_count
085,000110,085,085110,MERCER - 085110,1.000000000000,vtd20_identity
085,000125,085,085795,MERCER - 085795,0.016666666667,census_block_count
085,000125,085,085120,MERCER - 085120,0.300000000000,census_block_count
085,000125,085,085130,MERCER - 085130,0.683333333333,census_block_count
085,000140,085,085140,MERCER - 085140,1.000000000000,vtd20_identity
085,000150,085,085150,MERCER - 085150,1.000000000000,vtd20_identity
085,000160,085,085160,MERCER - 085160,1.000000000000,vtd20_identity
085,000170,085,085170,MERCER - 085170,1.000000000000,vtd20_identity
085,000180,085,085180,MERCER - 085180,1.000000000000,vtd20_identity
085,000190,085,085190,MERCER - 085190,1.000000000000,vtd20_identity
085,000215,085,085215,MERCER - 085215,1.000000000000,vtd20_identity
085,000225,085,085225,MERCER - 085225,1.000000000000,vtd20_identity
085,000235,085,085235,MERCER - 085235,1.000000000000,vtd20_identity
085,000245,085,085245,MERCER - 085245,1.000000000000,vtd20_identity
085,000270,085,085270,MERCER - 085270,1.000000000000,vtd20_identity
085,000280,085,085280,MERCER - 085280,1.000000000000,vtd20_identity
085,000290,085,085290,MERCER - 085290,1.000000000000,vtd20_identity
085,000300,085,085300,MERCER - 085300,1.000000000000,vtd20_identity
085,000310,085,085310,MERCER - 085310,0.826086956522,census_block_count
085,000310,085,085280,MERCER - 085280,0.086956521739,census_block_count
085,000310,085,085650,MERCER - 085650,0.065217391305,census_block_count
085,000310,085,085290,MERCER - 085290,0.021739130435,census_block_count
085,000320,085,085320,MERCER - 085320,1.000000000000,vtd20_identity
085,000330,085,085225,MERCER - 085225,1.000000000000,vtd20_identity
085,000340,085,085330,MERCER - 085330,0.307692307692,census_block_count
085,000340,085,085340,MERCER - 085340,0.692307692308,census_block_count
085,000355,085,085355,MERCER - 085355,1.000000000000,vtd20_identity
085,000365,085,085365,MERCER - 085365,1.000000000000,vtd20_identity
085,000375,085,085375,MERCER - 085375,1.000000000000,vtd20_identity
085,000385,085,085385,MERCER - 085385,1.000000000000,vtd20_identity
085,000395,085,085395,MERCER - 085395,1.000000000000,vtd20_identity
085,000405,085,085405,MERCER - 085405,1.000000000000,vtd20_identity
085,000415,085,085415,MERCER - 085415,1.000000000000,vtd20_identity
085,000425,085,085425,MERCER - 085425,1.000000000000,vtd20_identity
085,000435,085,085435,MERCER - 085435,1.000000000000,vtd20_identity
085,000445,085,085445,MERCER - 085445,1.000000000000,vtd20_identity
085,000455,085,085455,MERCER - 085455,1.000000000000,vtd20_identity
085,000465,085,085465,MERCER - 085465,1.000000000000,vtd20_identity
085,000475,085,085475,MERCER - 085475,0.883720930232,census_block_count
085,000475,085,085130,MERCER - 085130,0.093023255814,census_block_count
085,000475,085,085150,MERCER - 085150,0.023255813953,census_block_count
085,000480,085,085480,MERCER - 085480,1.000000000000,vtd20_identity
085,000490,085,085490,MERCER - 085490,1.000000000000,vtd20_identity
085,000500,085,085500,MERCER - 085500,1.000000000000,vtd20_identity
085,000515,085,085010,MERCER - 085010,0.020408163265,census_block_count
085,000515,085,085365,MERCER - 085365,0.020408163265,census_block_count
085,000515,085,085510,MERCER - 085510,0.479591836735,census_block_count
085,000515,085,085520,MERCER - 085520,0.479591836735,census_block_count
085,000530,085,085530,MERCER - 085530,1.000000000000,vtd20_identity
085,000540,085,085540,MERCER - 085540,1.000000000000,vtd20_identity
085,000550,085,085550,MERCER - 085550,1.000000000000,vtd20_identity
085,000565,085,085565,MERCER - 085565,1.000000000000,vtd20_identity
085,000575,085,085575,MERCER - 085575,1.000000000000,vtd20_identity
085,000590,085,085590,MERCER - 085590,1.000000000000,vtd20_identity
085,000600,085,085600,MERCER - 085600,1.000000000000,vtd20_identity
085,000610,085,085610,MERCER - 085610,1.000000000000,vtd20_identity
085,000620,085,085620,MERCER - 085620,1.000000000000,vtd20_identity
085,000630,085,085630,MERCER - 085630,1.000000000000,vtd20_identity
085,000640,085,085640,MERCER - 085640,0.013513513514,census_block_count
085,000640,085,085310,MERCER - 085310,0.054054054054,census_block_count
085,000640,085,085280,MERCER - 085280,0.054054054054,census_block_count
085,000640,085,085650,MERCER - 085650,0.864864864866,census_block_count
085,000640,085,0851000,MERCER - 0851000,0.013513513514,census_block_count
085,000650,085,085640,MERCER - 085640,1.000000000000,vtd20_identity
085,000660,085,085660,MERCER - 085660,1.000000000000,vtd20_identity
085,000670,085,085670,MERCER - 085670,1.000000000000,vtd20_identity
085,000680,085,085680,MERCER - 085680,1.000000000000,vtd20_identity
085,000690,085,085690,MERCER - 085690,1.000000000000,vtd20_identity
085,000700,085,085700,MERCER - 085700,1.000000000000,vtd20_identity
085,000710,085,085710,MERCER - 085710,1.000000000000,vtd20_identity
085,000732,085,085745,MERCER - 085745,0.571428571429,census_block_count
085,000732,085,085785,MERCER - 085785,0.428571428571,census_block_count
085,000735,085,085735,MERCER - 085735,1.000000000000,vtd20_identity
085,000755,085,085755,MERCER - 085755,0.920000000000,census_block_count
085,000755,085,085765,MERCER - 085765,0.080000000000,census_block_count
085,000765,085,085765,MERCER - 085765,1.000000000000,vtd20_identity
085,000775,085,085775,MERCER - 085775,1.000000000000,vtd20_identity
085,000792,085,085795,MERCER - 085795,0.428571428571,census_block_count
085,000792,085,085805,MERCER - 085805,0.551020408163,census_block_count
085,000792,085,085815,MERCER - 085815,0.020408163265,census_block_count
085,000822,085,085845,MERCER - 085845,0.471698113208,census_block_count
085,000822,085,085815,MERCER - 085815,0.528301886792,census_block_count
085,000825,085,085825,MERCER - 085825,1.000000000000,vtd20_identity
085,000835,085,085835,MERCER - 085835,1.000000000000,vtd20_identity
085,000862,085,085865,MERCER - 085865,0.571428571429,census_block_count
085,000862,085,085855,MERCER - 085855,0.428571428571,census_block_count
085,000885,085,085885,MERCER - 085885,1.000000000000,vtd20_identity
085,000895,085,085895,MERCER - 085895,1.000000000000,vtd20_identity
085,000912,085,085920,MERCER - 085920,0.392156862745,census_block_count
085,000912,085,085885,MERCER - 085885,0.039215686275,census_block_count
085,000912,085,085910,MERCER - 085910,0.568627450980,census_block_count
085,000940,085,085940,MERCER - 085940,1.000000000000,vtd20_identity
085,000950,085,085950,MERCER - 085950,1.000000000000,vtd20_identity
085,000960,085,085960,MERCER - 085960,1.000000000000,vtd20_identity
085,000972,085,085970,MERCER - 085970,0.711111111111,census_block_count
085,000972,085,0851070,MERCER - 0851070,0.022222222222,census_block_count
085,000972,085,085660,MERCER - 085660,0.022222222222,census_block_count
085,000972,085,085980,MERCER - 085980,0.244444444444,census_block_count
085,000974,085,085990,MERCER - 085990,1.000000000000,vtd20_identity
085,001005,085,0851010,MERCER - 0851010,0.443181818182,census_block_count
085,001005,085,085650,MERCER - 085650,0.011363636364,census_block_count
085,001005,085,0851000,MERCER - 0851000,0.545454545455,census_block_count
085,001020,085,0851020,MERCER - 0851020,1.000000000000,vtd20_identity
085,001030,085,0851030,MERCER - 0851030,1.000000000000,vtd20_identity
085,001040,085,0851040,MERCER - 0851040,1.000000000000,vtd20_identity
085,001055,085,0851055,MERCER - 0851055,1.000000000000,vtd20_identity
085,001070,085,0851070,MERCER - 0851070,1.000000000000,vtd20_identity
085,001080,085,0851080,MERCER - 0851080,1.000000000000,vtd20_identity
085,001090,085,0851090,MERCER - 0851090,1.000000000000,vtd20_identity
085,001100,085,0851100,MERCER - 0851100,1.000000000000,vtd20_identity
085,001115,085,0851115,MERCER - 0851115,1.000000000000,vtd20_identity
087,000010,087,087010,MIFFLIN - 087010,1.000000000000,vtd20_identity
087,000020,087,087020,MIFFLIN - 087020,1.000000000000,vtd20_identity
087,000030,087,087030,MIFFLIN - 087030,1.000000000000,vtd20_identity
087,000042,087,087040,MIFFLIN - 087040,1.000000000000,vtd20_identity
087,000044,087,087040,MIFFLIN - 087040,1.000000000000,census_block_count
087,000050,087,087050,MIFFLIN - 087050,1.000000000000,vtd20_identity
087,000060,087,087060,MIFFLIN - 087060,1.000000000000,vtd20_identity
087,000070,087,087070,MIFFLIN - 087070,1.000000000000,vtd20_identity
087,000080,087,087080,MIFFLIN - 087080,1.000000000000,vtd20_identity
087,000090,087,087090,MIFFLIN - 087090,1.000000000000,vtd20_identity
087,000100,087,087100,MIFFLIN - 087100,1.000000000000,vtd20_identity
087,000110,087,087110,MIFFLIN - 087110,0.764705882353,census_block_count
087,000110,087,087050,MIFFLIN - 087050,0.058823529412,census_block_count
087,000110,087,087100,MIFFLIN - 087100,0.147058823529,census_block_count
087,000110,087,087090,MIFFLIN - 087090,0.029411764706,census_block_count
087,000120,087,087120,MIFFLIN - 087120,1.000000000000,vtd20_identity
087,000130,087,087130,MIFFLIN - 087130,1.000000000000,vtd20_identity
087,000140,087,087140,MIFFLIN - 087140,1.000000000000,vtd20_identity
087,000150,087,087150,MIFFLIN - 087150,1.000000000000,vtd20_identity
087,000160,087,087180,MIFFLIN - 087180,0.051724137931,census_block_count
087,000160,087,087160,MIFFLIN - 087160,0.241379310345,census_block_count
087,000160,087,087170,MIFFLIN - 087170,0.706896551724,census_block_count
087,000180,087,087180,MIFFLIN - 087180,0.368421052632,census_block_count
087,000180,087,087200,MIFFLIN - 087200,0.350877192982,census_block_count
087,000180,087,087190,MIFFLIN - 087190,0.228070175439,census_block_count
087,000180,087,087230,MIFFLIN - 087230,0.052631578947,census_block_count
087,000210,087,087080,MIFFLIN - 087080,0.017857142857,census_block_count
087,000210,087,087180,MIFFLIN - 087180,0.017857142857,census_block_count
087,000210,087,087220,MIFFLIN - 087220,0.642857142857,census_block_count
087,000210,087,087210,MIFFLIN - 087210,0.303571428571,census_block_count
087,000210,087,087190,MIFFLIN - 087190,0.017857142857,census_block_count
087,000230,087,087080,MIFFLIN - 087080,0.014084507042,census_block_count
087,000230,087,087120,MIFFLIN - 087120,0.014084507042,census_block_count
087,000230,087,087240,MIFFLIN - 087240,0.704225352113,census_block_count
087,000230,087,087230,MIFFLIN - 087230,0.267605633803,census_block_count
087,000250,087,087250,MIFFLIN - 087250,1.000000000000,vtd20_identity
087,000260,087,087260,MIFFLIN - 087260,1.000000000000,vtd20_identity
087,000270,087,087270,MIFFLIN - 087270,1.000000000000,vtd20_identity
087,000280,087,087280,MIFFLIN - 087280,1.000000000000,vtd20_identity
087,000290,087,087290,MIFFLIN - 087290,1.000000000000,vtd20_identity
087,000300,087,087300,MIFFLIN - 087300,1.000000000000,vtd20_identity
089,000005,089,089005,MONROE - 089005,1.000000000000,vtd20_identity
089,000015,089,089015,MONROE - 089015,1.000000000000,vtd20_identity
089,000023,089,089023,MONROE - 089023,1.000000000000,vtd20_identity
089,000026,089,089026,MONROE - 089026,1.000000000000,vtd20_identity
089,000033,089,089033,MONROE - 089033,1.000000000000,vtd20_identity
089,000036,089,089036,MONROE - 089036,1.000000000000,vtd20_identity
089,000043,089,089043,MONROE - 089043,1.000000000000,vtd20_identity
089,000046,089,089046,MONROE - 089046,1.000000000000,vtd20_identity
089,000053,089,089053,MONROE - 089053,1.000000000000,vtd20_identity
089,000056,089,089056,MONROE - 089056,1.000000000000,vtd20_identity
089,000060,089,089060,MONROE - 089060,1.000000000000,vtd20_identity
089,000070,089,089075,MONROE - 089075,0.125000000000,census_block_count
089,000070,089,089095,MONROE - 089095,0.041666666667,census_block_count
089,000070,089,089070,MONROE - 089070,0.791666666667,census_block_count
089,000070,089,089340,MONROE - 089340,0.041666666667,census_block_count
089,000080,089,089080,MONROE - 089080,1.000000000000,vtd20_identity
089,000090,089,089095,MONROE - 089095,0.307692307692,census_block_count
089,000090,089,089070,MONROE - 089070,0.153846153846,census_block_count
089,000090,089,089090,MONROE - 089090,0.461538461538,census_block_count
089,000090,089,089300,MONROE - 089300,0.076923076923,census_block_count
089,000100,089,089100,MONROE - 089100,0.650000000000,census_block_count
089,000100,089,089105,MONROE - 089105,0.300000000000,census_block_count
089,000100,089,089090,MONROE - 089090,0.050000000000,census_block_count
089,000110,089,089110,MONROE - 089110,0.818181818182,census_block_count
089,000110,089,089090,MONROE - 089090,0.090909090909,census_block_count
089,000110,089,089115,MONROE - 089115,0.045454545455,census_block_count
089,000110,089,089300,MONROE - 089300,0.045454545455,census_block_count
089,000120,089,089120,MONROE - 089120,1.000000000000,vtd20_identity
089,000130,089,089130,MONROE - 089130,1.000000000000,vtd20_identity
089,000140,089,089140,MONROE - 089140,1.000000000000,vtd20_identity
089,000150,089,089150,MONROE - 089150,1.000000000000,vtd20_identity
089,000162,089,089160,MONROE - 089160,1.000000000000,vtd20_identity
089,000164,089,089218,MONROE - 089218,0.028169014085,census_block_count
089,000164,089,089160,MONROE - 089160,0.971830985915,census_block_count
089,000173,089,089173,MONROE - 089173,1.000000000000,vtd20_identity
089,000176,089,089176,MONROE - 089176,1.000000000000,vtd20_identity
089,000180,089,089180,MONROE - 089180,1.000000000000,vtd20_identity
089,000190,089,089190,MONROE - 089190,1.000000000000,vtd20_identity
089,000197,089,089197,MONROE - 089197,1.000000000000,vtd20_identity
089,000204,089,089204,MONROE - 089204,1.000000000000,vtd20_identity
089,000211,089,089211,MONROE - 089211,1.000000000000,vtd20_identity
089,000218,089,089218,MONROE - 089218,1.000000000000,vtd20_identity
089,000220,089,089220,MONROE - 089220,1.000000000000,vtd20_identity
089,000230,089,089230,MONROE - 089230,1.000000000000,vtd20_identity
089,000240,089,089240,MONROE - 089240,1.000000000000,vtd20_identity
089,000251,089,089252,MONROE - 089252,1.000000000000,census_block_count
089,000253,089,089252,MONROE - 089252,1.000000000000,vtd20_identity
089,000254,089,089254,MONROE - 089254,1.000000000000,vtd20_identity
089,000256,089,089256,MONROE - 089256,1.000000000000,vtd20_identity
089,000261,089,089261,MONROE - 089261,1.000000000000,vtd20_identity
089,000267,089,089267,MONROE - 089267,1.000000000000,vtd20_identity
089,000273,089,089273,MONROE - 089273,1.000000000000,vtd20_identity
089,000279,089,089279,MONROE - 089279,1.000000000000,vtd20_identity
089,000285,089,089285,MONROE - 089285,1.000000000000,vtd20_identity
089,000291,089,089291,MONROE - 089291,1.000000000000,vtd20_identity
089,000297,089,089297,MONROE - 089297,1.000000000000,vtd20_identity
089,000300,089,089300,MONROE - 089300,1.000000000000,vtd20_identity
089,000310,089,089310,MONROE - 089310,1.000000000000,vtd20_identity
089,000320,089,089320,MONROE - 089320,1.000000000000,vtd20_identity
089,000330,089,089330,MONROE - 089330,1.000000000000,vtd20_identity
089,000340,089,089340,MONROE - 089340,1.000000000000,vtd20_identity
089,000350,089,089350,MONROE - 089350,1.000000000000,vtd20_identity
089,000360,089,089360,MONROE - 089360,1.000000000000,vtd20_identity
089,000370,089,089370,MONROE - 089370,1.000000000000,vtd20_identity
091,000005,091,091005,MONTGOMERY - 091005,1.000000000000,vtd20_identity
091,000015,091,091015,MONTGOMERY - 091015,1.000000000000,vtd20_identity
091,000025,091,091025,MONTGOMERY - 091025,1.000000000000,vtd20_identity
091,000035,091,091035,MONTGOMERY - 091035,1.000000000000,vtd20_identity
091,000045,091,091045,MONTGOMERY - 091045,1.000000000000,vtd20_identity
091,000055,091,091055,MONTGOMERY - 091055,1.000000000000,vtd20_identity
091,000065,091,091065,MONTGOMERY - 091065,1.000000000000,vtd20_identity
091,000075,091,091075,MONTGOMERY - 091075,1.000000000000,vtd20_identity
091,000090,091,091090,MONTGOMERY - 091090,1.000000000000,vtd20_identity
091,000095,091,091095,MONTGOMERY - 091095,1.000000000000,vtd20_identity
091,000105,091,091105,MONTGOMERY - 091105,1.000000000000,vtd20_identity
091,000115,091,091115,MONTGOMERY - 091115,1.000000000000,vtd20_identity
091,000125,091,091125,MONTGOMERY - 091125,1.000000000000,vtd20_identity
091,000135,091,091135,MONTGOMERY - 091135,1.000000000000,vtd20_identity
091,000150,091,091150,MONTGOMERY - 091150,1.000000000000,vtd20_identity
091,000155,091,091155,MONTGOMERY - 091155,1.000000000000,vtd20_identity
091,000165,091,091165,MONTGOMERY - 091165,1.000000000000,vtd20_identity
091,000175,091,091175,MONTGOMERY - 091175,1.000000000000,vtd20_identity
091,000185,091,091185,MONTGOMERY - 091185,1.000000000000,vtd20_identity
091,000195,091,091195,MONTGOMERY - 091195,1.000000000000,vtd20_identity
091,000205,091,091205,MONTGOMERY - 091205,1.000000000000,vtd20_identity
091,000225,091,091225,MONTGOMERY - 091225,1.000000000000,vtd20_identity
091,000230,091,091230,MONTGOMERY - 091230,1.000000000000,vtd20_identity
091,000235,091,091235,MONTGOMERY - 091235,1.000000000000,vtd20_identity
091,000245,091,091245,MONTGOMERY - 091245,1.000000000000,vtd20_identity
091,000255,091,091255,MONTGOMERY - 091255,1.000000000000,vtd20_identity
091,000265,091,091265,MONTGOMERY - 091265,1.000000000000,vtd20_identity
091,000275,091,091275,MONTGOMERY - 091275,1.000000000000,vtd20_identity
091,000285,091,091285,MONTGOMERY - 091285,1.000000000000,vtd20_identity
091,000305,091,091305,MONTGOMERY - 091305,1.000000000000,vtd20_identity
091,000310,091,091310,MONTGOMERY - 091310,1.000000000000,vtd20_identity
091,000330,091,091330,MONTGOMERY - 091330,1.000000000000,vtd20_identity
091,000335,091,091335,MONTGOMERY - 091335,1.000000000000,vtd20_identity
091,000340,091,091340,MONTGOMERY - 091340,1.000000000000,vtd20_identity
091,000345,091,091345,MONTGOMERY - 091345,1.000000000000,vtd20_identity
091,000355,091,091355,MONTGOMERY - 091355,1.000000000000,vtd20_identity
091,000365,091,091365,MONTGOMERY - 091365,1.000000000000,vtd20_identity
091,000390,091,091390,MONTGOMERY - 091390,1.000000000000,vtd20_identity
091,000400,091,091400,MONTGOMERY - 091400,1.000000000000,vtd20_identity
091,000410,091,091410,MONTGOMERY - 091410,1.000000000000,vtd20_identity
091,000420,091,091420,MONTGOMERY - 091420,1.000000000000,vtd20_identity
091,000430,091,091430,MONTGOMERY - 091430,1.000000000000,vtd20_identity
091,000440,091,091440,MONTGOMERY - 091440,1.000000000000,vtd20_identity
091,000450,091,091450,MONTGOMERY - 091450,1.000000000000,vtd20_identity
091,000460,091,091460,MONTGOMERY - 091460,1.000000000000,vtd20_identity
091,000470,091,091470,MONTGOMERY - 091470,1.000000000000,vtd20_identity
091,000480,091,091480,MONTGOMERY - 091480,1.000000000000,vtd20_identity
091,000490,091,091490,MONTGOMERY - 091490,1.000000000000,vtd20_identity
091,000500,091,091500,MONTGOMERY - 091500,1.000000000000,vtd20_identity
091,000510,091,091510,MONTGOMERY - 091510,1.000000000000,vtd20_identity
091,000520,091,091520,MONTGOMERY - 091520,1.000000000000,vtd20_identity
091,000530,091,091530,MONTGOMERY - 091530,1.000000000000,vtd20_identity
091,000540,091,091540,MONTGOMERY - 091540,1.000000000000,vtd20_identity
091,000550,091,091550,MONTGOMERY - 091550,1.000000000000,census_block_count
091,000560,091,091560,MONTGOMERY - 091560,1.000000000000,vtd20_identity
091,000570,091,091570,MONTGOMERY - 091570,1.000000000000,vtd20_identity
091,000580,091,091580,MONTGOMERY - 091580,1.000000000000,vtd20_identity
091,000590,091,091590,MONTGOMERY - 091590,1.000000000000,vtd20_identity
091,000600,091,091600,MONTGOMERY - 091600,1.000000000000,vtd20_identity
091,000610,091,091610,MONTGOMERY - 091610,1.000000000000,vtd20_identity
091,000620,091,091620,MONTGOMERY - 091620,1.000000000000,vtd20_identity
091,000630,091,091630,MONTGOMERY - 091630,1.000000000000,vtd20_identity
091,000640,091,091640,MONTGOMERY - 091640,1.000000000000,vtd20_identity
091,000650,091,091650,MONTGOMERY - 091650,1.000000000000,vtd20_identity
091,000660,091,091660,MONTGOMERY - 091660,1.000000000000,vtd20_identity
091,000670,091,091670,MONTGOMERY - 091670,1.000000000000,vtd20_identity
091,000680,091,091680,MONTGOMERY - 091680,1.000000000000,vtd20_identity
091,000690,091,091690,MONTGOMERY - 091690,1.000000000000,vtd20_identity
091,000700,091,091700,MONTGOMERY - 091700,1.000000000000,vtd20_identity
091,000710,091,091710,MONTGOMERY - 091710,1.000000000000,vtd20_identity
091,000720,091,091720,MONTGOMERY - 091720,1.000000000000,vtd20_identity
091,000726,091,091730,MONTGOMERY - 091730,1.000000000000,vtd20_identity
091,000728,091,091730,MONTGOMERY - 091730,1.000000000000,census_block_count
091,000732,091,091730,MONTGOMERY - 091730,1.000000000000,census_block_count
091,000740,091,091740,MONTGOMERY - 091740,1.000000000000,vtd20_identity
091,000750,091,091750,MONTGOMERY - 091750,1.000000000000,vtd20_identity
091,000760,091,091760,MONTGOMERY - 091760,1.000000000000,vtd20_identity
091,000770,091,091770,MONTGOMERY - 091770,1.000000000000,vtd20_identity
091,000780,091,091780,MONTGOMERY - 091780,1.000000000000,vtd20_identity
091,000790,091,091790,MONTGOMERY - 091790,1.000000000000,vtd20_identity
091,000800,091,091800,MONTGOMERY - 091800,1.000000000000,vtd20_identity
091,000806,091,091806,MONTGOMERY - 091806,1.000000000000,vtd20_identity
091,000810,091,091810,MONTGOMERY - 091810,1.000000000000,vtd20_identity
091,000812,091,091812,MONTGOMERY - 091812,1.000000000000,vtd20_identity
091,000818,091,091818,MONTGOMERY - 091818,1.000000000000,vtd20_identity
091,000830,091,091830,MONTGOMERY - 091830,1.000000000000,vtd20_identity
091,000840,091,091840,MONTGOMERY - 091840,1.000000000000,vtd20_identity
091,000850,091,091850,MONTGOMERY - 091850,1.000000000000,vtd20_identity
091,000860,091,091860,MONTGOMERY - 091860,1.000000000000,vtd20_identity
091,000870,091,091870,MONTGOMERY - 091870,1.000000000000,vtd20_identity
091,000880,091,091880,MONTGOMERY - 091880,1.000000000000,vtd20_identity
091,000890,091,091890,MONTGOMERY - 091890,1.000000000000,vtd20_identity
091,000900,091,091900,MONTGOMERY - 091900,1.000000000000,vtd20_identity
091,000910,091,091910,MONTGOMERY - 091910,1.000000000000,vtd20_identity
091,000914,091,091913,MONTGOMERY - 091913,0.166666666667,census_block_count
091,000914,091,091916,MONTGOMERY - 091916,0.833333333333,census_block_count
091,000915,091,091913,MONTGOMERY - 091913,1.000000000000,census_block_count
091,000918,091,091913,MONTGOMERY - 091913,1.000000000000,vtd20_identity
091,000919,091,091913,MONTGOMERY - 091913,0.777777777778,census_block_count
091,000919,091,091923,MONTGOMERY - 091923,0.222222222222,census_block_count
091,000924,091,091916,MONTGOMERY - 091916,1.000000000000,vtd20_identity
091,000927,091,091923,MONTGOMERY - 091923,1.000000000000,census_block_count
091,000931,091,091926,MONTGOMERY - 091926,1.000000000000,vtd20_identity
091,000933,091,091926,MONTGOMERY - 091926,1.000000000000,census_block_count
091,000936,091,091923,MONTGOMERY - 091923,1.000000000000,vtd20_identity
091,000940,091,091940,MONTGOMERY - 091940,1.000000000000,vtd20_identity
091,000950,091,091950,MONTGOMERY - 091950,1.000000000000,vtd20_identity
091,000960,091,091960,MONTGOMERY - 091960,1.000000000000,vtd20_identity
091,000970,091,091970,MONTGOMERY - 091970,1.000000000000,vtd20_identity
091,000980,091,091980,MONTGOMERY - 091980,1.000000000000,vtd20_identity
091,000992,091,0911010,MONTGOMERY - 0911010,0.900000000000,census_block_count
091,000992,091,0911000,MONTGOMERY - 0911000,0.100000000000,census_block_count
091,000996,091,0911000,MONTGOMERY - 0911000,1.000000000000,census_block_count
091,001002,091,0911000,MONTGOMERY - 0911000,1.000000000000,vtd20_identity
091,001006,091,091990,MONTGOMERY - 091990,1.000000000000,vtd20_identity
091,001012,091,0911010,MONTGOMERY - 0911010,1.000000000000,vtd20_identity
091,001016,091,0911020,MONTGOMERY - 0911020,1.000000000000,vtd20_identity
091,001022,091,0911020,MONTGOMERY - 0911020,1.000000000000,census_block_count
091,001026,091,0911020,MONTGOMERY - 0911020,1.000000000000,census_block_count
091,001032,091,0911030,MONTGOMERY - 0911030,1.000000000000,census_block_count
091,001036,091,0911030,MONTGOMERY - 0911030,1.000000000000,vtd20_identity
091,001040,091,0911040,MONTGOMERY - 0911040,1.000000000000,vtd20_identity
091,001050,091,0911050,MONTGOMERY - 0911050,1.000000000000,vtd20_identity
091,001055,091,0911055,MONTGOMERY - 0911055,1.000000000000,vtd20_identity
091,001060,091,0911060,MONTGOMERY - 0911060,1.000000000000,vtd20_identity
091,001065,091,0911065,MONTGOMERY - 0911065,1.000000000000,vtd20_identity
091,001072,091,0911108,MONTGOMERY - 0911108,0.021276595745,census_block_count
091,001072,091,0911055,MONTGOMERY - 0911055,0.468085106383,census_block_count
091,001072,091,0911050,MONTGOMERY - 0911050,0.510638297872,census_block_count
091,001085,091,0911085,MONTGOMERY - 0911085,1.000000000000,vtd20_identity
091,001091,091,0911090,MONTGOMERY - 0911090,1.000000000000,vtd20_identity
091,001092,091,0911090,MONTGOMERY - 0911090,0.818181818182,census_block_count
091,001092,091,0911065,MONTGOMERY - 0911065,0.181818181818,census_block_count
091,001098,091,0911090,MONTGOMERY - 0911090,1.000000000000,census_block_count
091,001105,091,0911105,MONTGOMERY - 0911105,1.000000000000,vtd20_identity
091,001108,091,0911108,MONTGOMERY - 0911108,1.000000000000,vtd20_identity
091,001113,091,0911113,MONTGOMERY - 0911113,1.000000000000,vtd20_identity
091,001118,091,0911118,MONTGOMERY - 0911118,1.000000000000,vtd20_identity
091,001123,091,0911123,MONTGOMERY - 0911123,1.000000000000,vtd20_identity
091,001128,091,0911128,MONTGOMERY - 0911128,1.000000000000,vtd20_identity
091,001135,091,0911106,MONTGOMERY - 0911106,1.000000000000,vtd20_identity
091,001143,091,0911098,MONTGOMERY - 0911098,0.300000000000,census_block_count
091,001143,091,0911090,MONTGOMERY - 0911090,0.700000000000,census_block_count
091,001144,091,0911090,MONTGOMERY - 0911090,1.000000000000,census_block_count
091,001145,091,0911098,MONTGOMERY - 0911098,1.000000000000,census_block_count
091,001150,091,0911098,MONTGOMERY - 0911098,1.000000000000,vtd20_identity
091,001170,091,0911170,MONTGOMERY - 0911170,1.000000000000,vtd20_identity
091,001180,091,0911180,MONTGOMERY - 0911180,1.000000000000,vtd20_identity
091,001190,091,0911190,MONTGOMERY - 0911190,1.000000000000,vtd20_identity
091,001200,091,0911200,MONTGOMERY - 0911200,1.000000000000,vtd20_identity
091,001210,091,0911210,MONTGOMERY - 0911210,1.000000000000,vtd20_identity
091,001220,091,0911220,MONTGOMERY - 0911220,1.000000000000,vtd20_identity
091,001230,091,0911230,MONTGOMERY - 0911230,1.000000000000,vtd20_identity
091,001240,091,0911240,MONTGOMERY - 0911240,1.000000000000,vtd20_identity
091,001250,091,0911250,MONTGOMERY - 0911250,1.000000000000,vtd20_identity
091,001260,091,0911260,MONTGOMERY - 0911260,1.000000000000,vtd20_identity
091,001263,091,0911263,MONTGOMERY - 0911263,1.000000000000,vtd20_identity
091,001270,091,0911270,MONTGOMERY - 0911270,1.000000000000,vtd20_identity
091,001272,091,0911271,MONTGOMERY - 0911271,1.000000000000,vtd20_identity
091,001279,091,0911279,MONTGOMERY - 0911279,1.000000000000,vtd20_identity
091,001280,091,0911280,MONTGOMERY - 0911280,1.000000000000,vtd20_identity
091,001287,091,0911287,MONTGOMERY - 0911287,1.000000000000,vtd20_identity
091,001290,091,0911290,MONTGOMERY - 0911290,1.000000000000,vtd20_identity
091,001295,091,0911295,MONTGOMERY - 0911295,1.000000000000,vtd20_identity
091,001296,091,0911271,MONTGOMERY - 0911271,0.970588235294,census_block_count
091,001296,091,0911279,MONTGOMERY - 0911279,0.029411764706,census_block_count
091,001303,091,0911303,MONTGOMERY - 0911303,1.000000000000,vtd20_identity
091,001307,091,0911307,MONTGOMERY - 0911307,1.000000000000,vtd20_identity
091,001323,091,0911323,MONTGOMERY - 0911323,1.000000000000,vtd20_identity
091,001326,091,0911326,MONTGOMERY - 0911326,1.000000000000,vtd20_identity
091,001340,091,0911340,MONTGOMERY - 0911340,1.000000000000,vtd20_identity
091,001350,091,0911350,MONTGOMERY - 0911350,1.000000000000,vtd20_identity
091,001360,091,0911360,MONTGOMERY - 0911360,1.000000000000,vtd20_identity
091,001370,091,0911370,MONTGOMERY - 0911370,1.000000000000,vtd20_identity
091,001380,091,0911380,MONTGOMERY - 0911380,1.000000000000,vtd20_identity
091,001390,091,0911390,MONTGOMERY - 0911390,1.000000000000,vtd20_identity
091,001400,091,0911400,MONTGOMERY - 0911400,1.000000000000,vtd20_identity
091,001420,091,0911420,MONTGOMERY - 0911420,1.000000000000,vtd20_identity
091,001430,091,0911430,MONTGOMERY - 0911430,1.000000000000,vtd20_identity
091,001440,091,0911440,MONTGOMERY - 0911440,1.000000000000,vtd20_identity
091,001450,091,0911450,MONTGOMERY - 0911450,1.000000000000,vtd20_identity
091,001460,091,0911460,MONTGOMERY - 0911460,1.000000000000,vtd20_identity
091,001470,091,0911470,MONTGOMERY - 0911470,1.000000000000,vtd20_identity
091,001480,091,0911480,MONTGOMERY - 0911480,1.000000000000,vtd20_identity
091,001485,091,0911485,MONTGOMERY - 0911485,1.000000000000,vtd20_identity
091,001490,091,0911490,MONTGOMERY - 0911490,1.000000000000,vtd20_identity
091,001500,091,0911500,MONTGOMERY - 0911500,1.000000000000,vtd20_identity
091,001510,091,0911510,MONTGOMERY - 0911510,1.000000000000,vtd20_identity
091,001520,091,0911520,MONTGOMERY - 0911520,1.000000000000,vtd20_identity
091,001530,091,0911530,MONTGOMERY - 0911530,1.000000000000,vtd20_identity
091,001540,091,0911540,MONTGOMERY - 0911540,1.000000000000,vtd20_identity
091,001550,091,0911550,MONTGOMERY - 0911550,1.000000000000,vtd20_identity
091,001560,091,0911560,MONTGOMERY - 0911560,1.000000000000,vtd20_identity
091,001570,091,0911570,MONTGOMERY - 0911570,1.000000000000,vtd20_identity
091,001580,091,0911580,MONTGOMERY - 0911580,1.000000000000,vtd20_identity
091,001590,091,0911590,MONTGOMERY - 0911590,1.000000000000,vtd20_identity
091,001600,091,0911600,MONTGOMERY - 0911600,1.000000000000,vtd20_identity
091,001610,091,0911610,MONTGOMERY - 0911610,1.000000000000,vtd20_identity
091,001620,091,0911620,MONTGOMERY - 0911620,1.000000000000,vtd20_identity
091,001630,091,0911630,MONTGOMERY - 0911630,1.000000000000,vtd20_identity
091,001640,091,0911640,MONTGOMERY - 0911640,1.000000000000,vtd20_identity
091,001650,091,0911650,MONTGOMERY - 0911650,1.000000000000,vtd20_identity
091,001660,091,0911660,MONTGOMERY - 0911660,1.000000000000,vtd20_identity
091,001670,091,0911670,MONTGOMERY - 0911670,1.000000000000,vtd20_identity
091,001680,091,0911680,MONTGOMERY - 0911680,1.000000000000,vtd20_identity
091,001690,091,0911690,MONTGOMERY - 0911690,1.000000000000,vtd20_identity
091,001699,091,0911700,MONTGOMERY - 0911700,1.000000000000,vtd20_identity
091,001710,091,0911710,MONTGOMERY - 0911710,1.000000000000,vtd20_identity
091,001720,091,0911720,MONTGOMERY - 0911720,1.000000000000,vtd20_identity
091,001725,091,0911725,MONTGOMERY - 0911725,1.000000000000,vtd20_identity
091,001731,091,0911730,MONTGOMERY - 0911730,1.000000000000,vtd20_identity
091,001732,091,0911730,MONTGOMERY - 0911730,1.000000000000,census_block_count
091,001741,091,0911740,MONTGOMERY - 0911740,1.000000000000,vtd20_identity
091,001742,091,0911720,MONTGOMERY - 0911720,1.000000000000,census_block_count
091,001750,091,0911750,MONTGOMERY - 0911750,1.000000000000,vtd20_identity
091,001760,091,0911760,MONTGOMERY - 0911760,1.000000000000,vtd20_identity
091,001770,091,0911770,MONTGOMERY - 0911770,1.000000000000,vtd20_identity
091,001780,091,0911780,MONTGOMERY - 0911780,1.000000000000,vtd20_identity
091,001785,091,0911785,MONTGOMERY - 0911785,1.000000000000,vtd20_identity
091,001790,091,0911790,MONTGOMERY - 0911790,1.000000000000,vtd20_identity
091,001795,091,0911795,MONTGOMERY - 0911795,1.000000000000,vtd20_identity
091,001800,091,0911800,MONTGOMERY - 0911800,1.000000000000,vtd20_identity
091,001810,091,0911810,MONTGOMERY - 0911810,1.000000000000,vtd20_identity
091,001815,091,0911815,MONTGOMERY - 0911815,1.000000000000,vtd20_identity
091,001820,091,0911820,MONTGOMERY - 0911820,1.000000000000,vtd20_identity
091,001822,091,0911822,MONTGOMERY - 0911822,1.000000000000,vtd20_identity
091,001829,091,0911829,MONTGOMERY - 0911829,1.000000000000,vtd20_identity
091,001836,091,0911836,MONTGOMERY - 0911836,1.000000000000,vtd20_identity
091,001840,091,0911840,MONTGOMERY - 0911840,1.000000000000,vtd20_identity
091,001845,091,0911845,MONTGOMERY - 0911845,1.000000000000,vtd20_identity
091,001850,091,0911850,MONTGOMERY - 0911850,1.000000000000,vtd20_identity
091,001875,091,0911875,MONTGOMERY - 0911875,1.000000000000,vtd20_identity
091,001880,091,0911880,MONTGOMERY - 0911880,1.000000000000,vtd20_identity
091,001890,091,0911890,MONTGOMERY - 0911890,1.000000000000,vtd20_identity
091,001900,091,0911900,MONTGOMERY - 0911900,1.000000000000,vtd20_identity
091,001905,091,0911905,MONTGOMERY - 0911905,1.000000000000,vtd20_identity
091,001910,091,0911910,MONTGOMERY - 0911910,1.000000000000,vtd20_identity
091,001911,091,0911911,MONTGOMERY - 0911911,1.000000000000,vtd20_identity
091,001917,091,0911917,MONTGOMERY - 0911917,1.000000000000,vtd20_identity
091,001923,091,0911923,MONTGOMERY - 0911923,1.000000000000,vtd20_identity
091,001929,091,0911929,MONTGOMERY - 0911929,1.000000000000,vtd20_identity
091,001935,091,0911935,MONTGOMERY - 0911935,1.000000000000,vtd20_identity
091,001938,091,0911920,MONTGOMERY - 0911920,1.000000000000,vtd20_identity
091,001944,091,0911930,MONTGOMERY - 0911930,1.000000000000,vtd20_identity
091,001950,091,0911940,MONTGOMERY - 0911940,1.000000000000,vtd20_identity
091,001956,091,0911920,MONTGOMERY - 0911920,1.000000000000,vtd20_identity
091,001965,091,0911965,MONTGOMERY - 0911965,1.000000000000,vtd20_identity
091,001981,091,0911981,MONTGOMERY - 0911981,1.000000000000,vtd20_identity
091,001983,091,0911983,MONTGOMERY - 0911983,1.000000000000,vtd20_identity
091,001985,091,0911985,MONTGOMERY - 0911985,1.000000000000,vtd20_identity
091,001987,091,0911987,MONTGOMERY - 0911987,1.000000000000,vtd20_identity
091,001989,091,0911989,MONTGOMERY - 0911989,1.000000000000,vtd20_identity
091,001997,091,0911990,MONTGOMERY - 0911990,1.000000000000,vtd20_identity
091,002000,091,0912000,MONTGOMERY - 0912000,1.000000000000,vtd20_identity
091,002020,091,0912020,MONTGOMERY - 0912020,1.000000000000,vtd20_identity
091,002025,091,0912025,MONTGOMERY - 0912025,1.000000000000,census_block_count
091,002035,091,0912035,MONTGOMERY - 0912035,1.000000000000,vtd20_identity
091,002040,091,0912040,MONTGOMERY - 0912040,1.000000000000,vtd20_identity
091,002050,091,0912050,MONTGOMERY - 0912050,1.000000000000,vtd20_identity
091,002060,091,0912060,MONTGOMERY - 0912060,1.000000000000,vtd20_identity
091,002070,091,0912070,MONTGOMERY - 0912070,0.662500000000,census_block_count
091,002070,091,0912025,MONTGOMERY - 0912025,0.337500000000,census_block_count
091,002090,091,0912090,MONTGOMERY - 0912090,1.000000000000,vtd20_identity
091,002100,091,0912100,MONTGOMERY - 0912100,1.000000000000,vtd20_identity
091,002110,091,0912110,MONTGOMERY - 0912110,1.000000000000,vtd20_identity
091,002120,091,0912120,MONTGOMERY - 0912120,1.000000000000,vtd20_identity
091,002130,091,0912130,MONTGOMERY - 0912130,1.000000000000,vtd20_identity
091,002140,091,0912140,MONTGOMERY - 0912140,1.000000000000,vtd20_identity
091,002160,091,0912160,MONTGOMERY - 0912160,1.000000000000,vtd20_identity
091,002170,091,0912170,MONTGOMERY - 0912170,1.000000000000,vtd20_identity
091,002190,091,0912190,MONTGOMERY - 0912190,1.000000000000,vtd20_identity
091,002195,091,0912195,MONTGOMERY - 0912195,1.000000000000,vtd20_identity
091,002200,091,0912200,MONTGOMERY - 0912200,1.000000000000,vtd20_identity
091,002205,091,0912205,MONTGOMERY - 0912205,1.000000000000,vtd20_identity
091,002210,091,0912210,MONTGOMERY - 0912210,1.000000000000,vtd20_identity
091,002220,091,0912220,MONTGOMERY - 0912220,1.000000000000,vtd20_identity
091,002400,091,0912400,MONTGOMERY - 0912400,1.000000000000,vtd20_identity
091,002410,091,0912410,MONTGOMERY - 0912410,1.000000000000,vtd20_identity
091,002420,091,0912420,MONTGOMERY - 0912420,1.000000000000,vtd20_identity
091,002430,091,0912430,MONTGOMERY - 0912430,1.000000000000,vtd20_identity
091,002450,091,0912450,MONTGOMERY - 0912450,1.000000000000,vtd20_identity
091,002460,091,0912460,MONTGOMERY - 0912460,1.000000000000,vtd20_identity
091,002470,091,0912470,MONTGOMERY - 0912470,1.000000000000,vtd20_identity
091,002480,091,0912480,MONTGOMERY - 0912480,1.000000000000,vtd20_identity
091,002488,091,0912490,MONTGOMERY - 0912490,1.000000000000,vtd20_identity
091,002500,091,0912500,MONTGOMERY - 0912500,1.000000000000,vtd20_identity
091,002510,091,0912510,MONTGOMERY - 0912510,1.000000000000,vtd20_identity
091,002515,091,0912540,MONTGOMERY - 0912540,1.000000000000,vtd20_identity
091,002520,091,0912520,MONTGOMERY - 0912520,1.000000000000,vtd20_identity
091,002530,091,0912530,MONTGOMERY - 0912530,1.000000000000,vtd20_identity
091,002560,091,0912560,MONTGOMERY - 0912560,1.000000000000,vtd20_identity
091,002570,091,0912570,MONTGOMERY - 0912570,1.000000000000,vtd20_identity
091,002580,091,0912580,MONTGOMERY - 0912580,0.575000000000,census_block_count
091,002580,091,0912590,MONTGOMERY - 0912590,0.425000000000,census_block_count
091,002590,091,0912610,MONTGOMERY - 0912610,1.000000000000,vtd20_identity
091,002605,091,0912600,MONTGOMERY - 0912600,1.000000000000,vtd20_identity
091,002620,091,0912620,MONTGOMERY - 0912620,1.000000000000,vtd20_identity
091,002630,091,0912630,MONTGOMERY - 0912630,1.000000000000,vtd20_identity
091,002640,091,0912640,MONTGOMERY - 0912640,1.000000000000,vtd20_identity
091,002648,091,0912650,MONTGOMERY - 0912650,0.433962264151,census_block_count
091,002648,091,0912630,MONTGOMERY - 0912630,0.415094339623,census_block_count
091,002648,091,0912570,MONTGOMERY - 0912570,0.150943396226,census_block_count
091,002652,091,0912650,MONTGOMERY - 0912650,1.000000000000,vtd20_identity
091,002660,091,0912660,MONTGOMERY - 0912660,1.000000000000,vtd20_identity
091,002670,091,0912670,MONTGOMERY - 0912670,1.000000000000,vtd20_identity
091,002680,091,0912680,MONTGOMERY - 0912680,1.000000000000,vtd20_identity
091,002690,091,0912690,MONTGOMERY - 0912690,1.000000000000,vtd20_identity
091,002730,091,0912730,MONTGOMERY - 0912730,1.000000000000,vtd20_identity
091,002740,091,0912740,MONTGOMERY - 0912740,1.000000000000,vtd20_identity
091,002748,091,0912750,MONTGOMERY - 0912750,1.000000000000,vtd20_identity
091,002755,091,0912760,MONTGOMERY - 0912760,1.000000000000,census_block_count
091,002762,091,0912760,MONTGOMERY - 0912760,1.000000000000,vtd20_identity
091,002770,091,0912770,MONTGOMERY - 0912770,1.000000000000,vtd20_identity
091,002775,091,0912775,MONTGOMERY - 0912775,1.000000000000,vtd20_identity
091,002780,091,0912780,MONTGOMERY - 0912780,1.000000000000,vtd20_identity
091,002790,091,0912790,MONTGOMERY - 0912790,1.000000000000,vtd20_identity
091,002795,091,0912795,MONTGOMERY - 0912795,1.000000000000,vtd20_identity
091,002800,091,0912800,MONTGOMERY - 0912800,0.950000000000,census_block_count
091,002800,091,0913800,MONTGOMERY - 0913800,0.050000000000,census_block_count
091,002810,091,0912810,MONTGOMERY - 0912810,1.000000000000,vtd20_identity
091,002820,091,0912820,MONTGOMERY - 0912820,1.000000000000,vtd20_identity
091,002830,091,0912830,MONTGOMERY - 0912830,1.000000000000,vtd20_identity
091,002835,091,0912835,MONTGOMERY - 0912835,1.000000000000,vtd20_identity
091,002840,091,0912840,MONTGOMERY - 0912840,1.000000000000,vtd20_identity
091,002850,091,0912850,MONTGOMERY - 0912850,1.000000000000,vtd20_identity
091,002860,091,0912860,MONTGOMERY - 0912860,1.000000000000,vtd20_identity
091,002870,091,0912870,MONTGOMERY - 0912870,1.000000000000,vtd20_identity
091,002880,091,0912880,MONTGOMERY - 0912880,1.000000000000,vtd20_identity
091,002890,091,0912890,MONTGOMERY - 0912890,1.000000000000,vtd20_identity
091,002895,091,0912895,MONTGOMERY - 0912895,1.000000000000,vtd20_identity
091,002900,091,0912900,MONTGOMERY - 0912900,1.000000000000,vtd20_identity
091,002910,091,0912910,MONTGOMERY - 0912910,1.000000000000,vtd20_identity
091,002920,091,0912920,MONTGOMERY - 0912920,1.000000000000,vtd20_identity
091,002930,091,0912930,MONTGOMERY - 0912930,1.000000000000,vtd20_identity
091,002940,091,0912940,MONTGOMERY - 0912940,1.000000000000,vtd20_identity
091,002950,091,0912950,MONTGOMERY - 0912950,1.000000000000,vtd20_identity
091,002953,091,0912953,MONTGOMERY - 0912953,0.916666666667,census_block_count
091,002953,091,0913223,MONTGOMERY - 0913223,0.083333333333,census_block_count
091,002956,091,0912956,MONTGOMERY - 0912956,1.000000000000,vtd20_identity
091,002960,091,0912960,MONTGOMERY - 0912960,1.000000000000,vtd20_identity
091,002970,091,0912970,MONTGOMERY - 0912970,1.000000000000,vtd20_identity
091,002973,091,0913020,MONTGOMERY - 0913020,1.000000000000,vtd20_identity
091,002980,091,0912980,MONTGOMERY - 0912980,1.000000000000,vtd20_identity
091,002990,091,0912990,MONTGOMERY - 0912990,1.000000000000,vtd20_identity
091,003001,091,0913000,MONTGOMERY - 0913000,1.000000000000,vtd20_identity
091,003011,091,0913010,MONTGOMERY - 0913010,1.000000000000,vtd20_identity
091,003020,091,0913020,MONTGOMERY - 0913020,1.000000000000,census_block_count
091,003025,091,0913010,MONTGOMERY - 0913010,1.000000000000,census_block_count
091,003030,091,0913030,MONTGOMERY - 0913030,1.000000000000,vtd20_identity
091,003040,091,0913040,MONTGOMERY - 0913040,1.000000000000,vtd20_identity
091,003050,091,0913050,MONTGOMERY - 0913050,1.000000000000,vtd20_identity
091,003060,091,0913060,MONTGOMERY - 0913060,1.000000000000,vtd20_identity
091,003070,091,0913070,MONTGOMERY - 0913070,1.000000000000,vtd20_identity
091,003077,091,0913140,MONTGOMERY - 0913140,0.230769230769,census_block_count
091,003077,091,0912815,MONTGOMERY - 0912815,0.769230769231,census_block_count
091,003090,091,0913080,MONTGOMERY - 0913080,0.307692307692,census_block_count
091,003090,091,0913090,MONTGOMERY - 0913090,0.653846153846,census_block_count
091,003090,091,0912815,MONTGOMERY - 0912815,0.038461538462,census_block_count
091,003100,091,0913100,MONTGOMERY - 0913100,1.000000000000,vtd20_identity
091,003110,091,0913110,MONTGOMERY - 0913110,1.000000000000,vtd20_identity
091,003121,091,0913120,MONTGOMERY - 0913120,1.000000000000,vtd20_identity
091,003131,091,0913100,MONTGOMERY - 0913100,0.200000000000,census_block_count
091,003131,091,0913130,MONTGOMERY - 0913130,0.450000000000,census_block_count
091,003131,091,0913120,MONTGOMERY - 0913120,0.350000000000,census_block_count
091,003136,091,0913080,MONTGOMERY - 0913080,0.482758620690,census_block_count
091,003136,091,0913130,MONTGOMERY - 0913130,0.448275862069,census_block_count
091,003136,091,091230,MONTGOMERY - 091230,0.034482758621,census_block_count
091,003136,091,0913120,MONTGOMERY - 0913120,0.034482758621,census_block_count
091,003141,091,0912875,MONTGOMERY - 0912875,1.000000000000,vtd20_identity
091,003150,091,0913150,MONTGOMERY - 0913150,1.000000000000,vtd20_identity
091,003160,091,0913160,MONTGOMERY - 0913160,1.000000000000,vtd20_identity
091,003170,091,0913170,MONTGOMERY - 0913170,1.000000000000,vtd20_identity
091,003180,091,0913180,MONTGOMERY - 0913180,1.000000000000,vtd20_identity
091,003193,091,0913193,MONTGOMERY - 0913193,1.000000000000,vtd20_identity
091,003200,091,0913200,MONTGOMERY - 0913200,1.000000000000,vtd20_identity
091,003210,091,0913210,MONTGOMERY - 0913210,1.000000000000,vtd20_identity
091,003223,091,0913223,MONTGOMERY - 0913223,1.000000000000,vtd20_identity
091,003233,091,0913233,MONTGOMERY - 0913233,1.000000000000,vtd20_identity
091,003240,091,0913240,MONTGOMERY - 0913240,1.000000000000,vtd20_identity
091,003250,091,0913250,MONTGOMERY - 0913250,1.000000000000,vtd20_identity
091,003260,091,0913260,MONTGOMERY - 0913260,1.000000000000,vtd20_identity
091,003270,091,0913270,MONTGOMERY - 0913270,1.000000000000,vtd20_identity
091,003280,091,0913280,MONTGOMERY - 0913280,1.000000000000,vtd20_identity
091,003290,091,0913290,MONTGOMERY - 0913290,1.000000000000,vtd20_identity
091,003300,091,0913300,MONTGOMERY - 0913300,1.000000000000,vtd20_identity
091,003310,091,0913310,MONTGOMERY - 0913310,1.000000000000,vtd20_identity
091,003320,091,0913320,MONTGOMERY - 0913320,1.000000000000,vtd20_identity
091,003330,091,0913330,MONTGOMERY - 0913330,1.000000000000,vtd20_identity
091,003340,091,0913340,MONTGOMERY - 0913340,1.000000000000,vtd20_identity
091,003350,091,0913350,MONTGOMERY - 0913350,1.000000000000,vtd20_identity
091,003360,091,0913360,MONTGOMERY - 0913360,1.000000000000,vtd20_identity
091,003370,091,0913370,MONTGOMERY - 0913370,1.000000000000,vtd20_identity
091,003382,091,0913380,MONTGOMERY - 0913380,1.000000000000,vtd20_identity
091,003384,091,0913330,MONTGOMERY - 0913330,0.037037037037,census_block_count
091,003384,091,0913380,MONTGOMERY - 0913380,0.962962962963,census_block_count
091,003390,091,0913390,MONTGOMERY - 0913390,1.000000000000,vtd20_identity
091,003400,091,0913400,MONTGOMERY - 0913400,1.000000000000,vtd20_identity
091,003410,091,0913410,MONTGOMERY - 0913410,1.000000000000,vtd20_identity
091,003420,091,0913420,MONTGOMERY - 0913420,1.000000000000,vtd20_identity
091,003430,091,0913430,MONTGOMERY - 0913430,1.000000000000,vtd20_identity
091,003440,091,0913440,MONTGOMERY - 0913440,1.000000000000,vtd20_identity
091,003450,091,0913450,MONTGOMERY - 0913450,1.000000000000,vtd20_identity
091,003460,091,0913460,MONTGOMERY - 0913460,1.000000000000,vtd20_identity
091,003470,091,0913470,MONTGOMERY - 0913470,1.000000000000,vtd20_identity
091,003480,091,0913480,MONTGOMERY - 0913480,1.000000000000,vtd20_identity
091,003490,091,0913490,MONTGOMERY - 0913490,1.000000000000,vtd20_identity
091,003500,091,0913500,MONTGOMERY - 0913500,1.000000000000,vtd20_identity
091,003510,091,0913510,MONTGOMERY - 0913510,1.000000000000,vtd20_identity
091,003520,091,0913520,MONTGOMERY - 0913520,1.000000000000,vtd20_identity
091,003530,091,0913530,MONTGOMERY - 0913530,1.000000000000,vtd20_identity
091,003540,091,0913540,MONTGOMERY - 0913540,1.000000000000,vtd20_identity
091,003550,091,0913550,MONTGOMERY - 0913550,1.000000000000,vtd20_identity
091,003561,091,0913561,MONTGOMERY - 0913561,1.000000000000,vtd20_identity
091,003565,091,0913565,MONTGOMERY - 0913565,1.000000000000,vtd20_identity
091,003570,091,0913570,MONTGOMERY - 0913570,1.000000000000,vtd20_identity
091,003580,091,0913580,MONTGOMERY - 0913580,1.000000000000,vtd20_identity
091,003590,091,0913590,MONTGOMERY - 0913590,1.000000000000,vtd20_identity
091,003600,091,0913600,MONTGOMERY - 0913600,1.000000000000,vtd20_identity
091,003610,091,0913610,MONTGOMERY - 0913610,1.000000000000,vtd20_identity
091,003620,091,0913620,MONTGOMERY - 0913620,1.000000000000,vtd20_identity
091,003630,091,0913630,MONTGOMERY - 0913630,1.000000000000,vtd20_identity
091,003640,091,0913640,MONTGOMERY - 0913640,1.000000000000,vtd20_identity
091,003646,091,0913646,MONTGOMERY - 0913646,1.000000000000,vtd20_identity
091,003650,091,0913650,MONTGOMERY - 0913650,1.000000000000,vtd20_identity
091,003652,091,0913652,MONTGOMERY - 0913652,1.000000000000,vtd20_identity
091,003658,091,0913658,MONTGOMERY - 0913658,1.000000000000,vtd20_identity
091,003660,091,0913660,MONTGOMERY - 0913660,1.000000000000,vtd20_identity
091,003665,091,0913665,MONTGOMERY - 0913665,1.000000000000,vtd20_identity
091,003670,091,0913670,MONTGOMERY - 0913670,1.000000000000,vtd20_identity
091,003680,091,0913680,MONTGOMERY - 0913680,1.000000000000,vtd20_identity
091,003690,091,0913690,MONTGOMERY - 0913690,1.000000000000,vtd20_identity
091,003700,091,0913700,MONTGOMERY - 0913700,1.000000000000,vtd20_identity
091,003710,091,0913710,MONTGOMERY - 0913710,1.000000000000,vtd20_identity
091,003720,091,0913720,MONTGOMERY - 0913720,1.000000000000,vtd20_identity
091,003730,091,0913730,MONTGOMERY - 0913730,1.000000000000,vtd20_identity
091,003740,091,0913740,MONTGOMERY - 0913740,1.000000000000,vtd20_identity
091,003750,091,0913750,MONTGOMERY - 0913750,1.000000000000,vtd20_identity
091,003760,091,0913760,MONTGOMERY - 0913760,1.000000000000,vtd20_identity
091,003770,091,0913770,MONTGOMERY - 0913770,1.000000000000,vtd20_identity
091,003780,091,0913780,MONTGOMERY - 0913780,1.000000000000,vtd20_identity
091,003790,091,0913790,MONTGOMERY - 0913790,1.000000000000,vtd20_identity
091,003800,091,0913800,MONTGOMERY - 0913800,1.000000000000,vtd20_identity
091,003810,091,0913810,MONTGOMERY - 0913810,1.000000000000,vtd20_identity
091,003812,091,0913811,MONTGOMERY - 0913811,1.000000000000,vtd20_identity
091,003821,091,0913821,MONTGOMERY - 0913821,1.000000000000,vtd20_identity
091,003825,091,0913825,MONTGOMERY - 0913825,1.000000000000,vtd20_identity
091,003831,091,0913831,MONTGOMERY - 0913831,1.000000000000,vtd20_identity
091,003835,091,0913835,MONTGOMERY - 0913835,1.000000000000,vtd20_identity
091,003841,091,0913841,MONTGOMERY - 0913841,1.000000000000,vtd20_identity
091,003845,091,0913845,MONTGOMERY - 0913845,1.000000000000,vtd20_identity
091,003855,091,0913855,MONTGOMERY - 0913855,1.000000000000,vtd20_identity
091,003860,091,0913860,MONTGOMERY - 0913860,1.000000000000,vtd20_identity
091,003861,091,0913861,MONTGOMERY - 0913861,1.000000000000,vtd20_identity
091,003865,091,0913811,MONTGOMERY - 0913811,1.000000000000,census_block_count
093,000010,093,093010,MONTOUR - 093010,1.000000000000,vtd20_identity
093,000020,093,093020,MONTOUR - 093020,1.000000000000,vtd20_identity
093,000030,093,093030,MONTOUR - 093030,1.000000000000,vtd20_identity
093,000040,093,093040,MONTOUR - 093040,1.000000000000,vtd20_identity
093,000050,093,093050,MONTOUR - 093050,1.000000000000,vtd20_identity
093,000060,093,093060,MONTOUR - 093060,1.000000000000,vtd20_identity
093,000070,093,093070,MONTOUR - 093070,1.000000000000,vtd20_identity
093,000080,093,093080,MONTOUR - 093080,1.000000000000,vtd20_identity
093,000090,093,093090,MONTOUR - 093090,1.000000000000,vtd20_identity
093,000105,093,093105,MONTOUR - 093105,1.000000000000,vtd20_identity
093,000115,093,093060,MONTOUR - 093060,0.019417475728,census_block_count
093,000115,093,093050,MONTOUR - 093050,0.009708737864,census_block_count
093,000115,093,093040,MONTOUR - 093040,0.009708737864,census_block_count
093,000115,093,093080,MONTOUR - 093080,0.019417475728,census_block_count
093,000115,093,093105,MONTOUR - 093105,0.126213592233,census_block_count
093,000115,093,093115,MONTOUR - 093115,0.815533980582,census_block_count
093,000120,093,093120,MONTOUR - 093120,1.000000000000,vtd20_identity
093,000130,093,093130,MONTOUR - 093130,1.000000000000,vtd20_identity
093,000140,093,093140,MONTOUR - 093140,1.000000000000,vtd20_identity
093,000150,093,093150,MONTOUR - 093150,1.000000000000,vtd20_identity
095,000008,095,095010,NORTHAMPTON - 095010,1.000000000000,vtd20_identity
095,000012,095,095010,NORTHAMPTON - 095010,0.764705882353,census_block_count
095,000012,095,095950,NORTHAMPTON - 095950,0.019607843137,census_block_count
095,000012,095,095960,NORTHAMPTON - 095960,0.078431372549,census_block_count
095,000012,095,095970,NORTHAMPTON - 095970,0.137254901961,census_block_count
095,000020,095,095020,NORTHAMPTON - 095020,1.000000000000,vtd20_identity
095,000030,095,095030,NORTHAMPTON - 095030,1.000000000000,vtd20_identity
095,000040,095,095040,NORTHAMPTON - 095040,1.000000000000,vtd20_identity
095,000050,095,095050,NORTHAMPTON - 095050,1.000000000000,vtd20_identity
095,000060,095,095060,NORTHAMPTON - 095060,1.000000000000,vtd20_identity
095,000065,095,095070,NORTHAMPTON - 095070,1.000000000000,vtd20_identity
095,000075,095,095080,NORTHAMPTON - 095080,1.000000000000,vtd20_identity
095,000090,095,095090,NORTHAMPTON - 095090,1.000000000000,vtd20_identity
095,000100,095,095100,NORTHAMPTON - 095100,1.000000000000,vtd20_identity
095,000115,095,095115,NORTHAMPTON - 095115,1.000000000000,vtd20_identity
095,000130,095,095130,NORTHAMPTON - 095130,1.000000000000,vtd20_identity
095,000140,095,095140,NORTHAMPTON - 095140,1.000000000000,vtd20_identity
095,000150,095,095150,NORTHAMPTON - 095150,1.000000000000,vtd20_identity
095,000160,095,095160,NORTHAMPTON - 095160,1.000000000000,vtd20_identity
095,000170,095,095170,NORTHAMPTON - 095170,1.000000000000,vtd20_identity
095,000180,095,095180,NORTHAMPTON - 095180,1.000000000000,vtd20_identity
095,000190,095,095190,NORTHAMPTON - 095190,1.000000000000,vtd20_identity
095,000200,095,095200,NORTHAMPTON - 095200,1.000000000000,vtd20_identity
095,000210,095,095210,NORTHAMPTON - 095210,1.000000000000,vtd20_identity
095,000220,095,095220,NORTHAMPTON - 095220,1.000000000000,vtd20_identity
095,000230,095,095230,NORTHAMPTON - 095230,1.000000000000,vtd20_identity
095,000240,095,095240,NORTHAMPTON - 095240,1.000000000000,vtd20_identity
095,000250,095,095250,NORTHAMPTON - 095250,1.000000000000,vtd20_identity
095,000255,095,095255,NORTHAMPTON - 095255,1.000000000000,vtd20_identity
095,000270,095,095270,NORTHAMPTON - 095270,1.000000000000,vtd20_identity
095,000280,095,095280,NORTHAMPTON - 095280,1.000000000000,vtd20_identity
095,000290,095,095290,NORTHAMPTON - 095290,1.000000000000,vtd20_identity
095,000300,095,095300,NORTHAMPTON - 095300,1.000000000000,vtd20_identity
095,000310,095,095310,NORTHAMPTON - 095310,1.000000000000,vtd20_identity
095,000320,095,095320,NORTHAMPTON - 095320,1.000000000000,vtd20_identity
095,000331,095,095330,NORTHAMPTON - 095330,1.000000000000,vtd20_identity
095,000332,095,095335,NORTHAMPTON - 095335,0.150000000000,census_block_count
095,000332,095,095330,NORTHAMPTON - 095330,0.550000000000,census_block_count
095,000332,095,095350,NORTHAMPTON - 095350,0.300000000000,census_block_count
095,000333,095,095370,NORTHAMPTON - 095370,0.173913043478,census_block_count
095,000333,095,095335,NORTHAMPTON - 095335,0.826086956522,census_block_count
095,000337,095,095335,NORTHAMPTON - 095335,1.000000000000,vtd20_identity
095,000339,095,095340,NORTHAMPTON - 095340,1.000000000000,vtd20_identity
095,000344,095,095360,NORTHAMPTON - 095360,0.634920634921,census_block_count
095,000344,095,095340,NORTHAMPTON - 095340,0.365079365079,census_block_count
095,000345,095,095340,NORTHAMPTON - 095340,0.978260869565,census_block_count
095,000345,095,095620,NORTHAMPTON - 095620,0.021739130435,census_block_count
095,000347,095,095361,NORTHAMPTON - 095361,1.000000000000,vtd20_identity
095,000349,095,095350,NORTHAMPTON - 095350,1.000000000000,census_block_count
095,000351,095,095350,NORTHAMPTON - 095350,1.000000000000,vtd20_identity
095,000352,095,095360,NORTHAMPTON - 095360,1.000000000000,vtd20_identity
095,000354,095,095360,NORTHAMPTON - 095360,0.052631578947,census_block_count
095,000354,095,095335,NORTHAMPTON - 095335,0.947368421053,census_block_count
095,000356,095,095370,NORTHAMPTON - 095370,0.318181818182,census_block_count
095,000356,095,095335,NORTHAMPTON - 095335,0.681818181818,census_block_count
095,000358,095,095370,NORTHAMPTON - 095370,1.000000000000,vtd20_identity
095,000364,095,095370,NORTHAMPTON - 095370,0.666666666667,census_block_count
095,000364,095,095375,NORTHAMPTON - 095375,0.333333333333,census_block_count
095,000368,095,095375,NORTHAMPTON - 095375,1.000000000000,vtd20_identity
095,000372,095,095375,NORTHAMPTON - 095375,1.000000000000,census_block_count
095,000380,095,095380,NORTHAMPTON - 095380,1.000000000000,vtd20_identity
095,000390,095,095390,NORTHAMPTON - 095390,1.000000000000,vtd20_identity
095,000400,095,095400,NORTHAMPTON - 095400,1.000000000000,vtd20_identity
095,000410,095,095410,NORTHAMPTON - 095410,1.000000000000,vtd20_identity
095,000420,095,095420,NORTHAMPTON - 095420,1.000000000000,vtd20_identity
095,000430,095,095430,NORTHAMPTON - 095430,1.000000000000,vtd20_identity
095,000440,095,095440,NORTHAMPTON - 095440,1.000000000000,vtd20_identity
095,000450,095,095450,NORTHAMPTON - 095450,1.000000000000,vtd20_identity
095,000460,095,095460,NORTHAMPTON - 095460,1.000000000000,vtd20_identity
095,000470,095,095470,NORTHAMPTON - 095470,1.000000000000,vtd20_identity
095,000480,095,095480,NORTHAMPTON - 095480,1.000000000000,vtd20_identity
095,000490,095,095490,NORTHAMPTON - 095490,1.000000000000,vtd20_identity
095,000500,095,095500,NORTHAMPTON - 095500,1.000000000000,vtd20_identity
095,000510,095,095510,NORTHAMPTON - 095510,1.000000000000,vtd20_identity
095,000520,095,095520,NORTHAMPTON - 095520,1.000000000000,vtd20_identity
095,000530,095,095530,NORTHAMPTON - 095530,1.000000000000,vtd20_identity
095,000540,095,095540,NORTHAMPTON - 095540,1.000000000000,vtd20_identity
095,000550,095,095550,NORTHAMPTON - 095550,1.000000000000,vtd20_identity
095,000560,095,095560,NORTHAMPTON - 095560,1.000000000000,vtd20_identity
095,000570,095,095570,NORTHAMPTON - 095570,1.000000000000,vtd20_identity
095,000580,095,095580,NORTHAMPTON - 095580,1.000000000000,vtd20_identity
095,000590,095,095590,NORTHAMPTON - 095590,1.000000000000,vtd20_identity
095,000594,095,095594,NORTHAMPTON - 095594,1.000000000000,vtd20_identity
095,000601,095,095601,NORTHAMPTON - 095601,1.000000000000,vtd20_identity
095,000608,095,095608,NORTHAMPTON - 095608,1.000000000000,vtd20_identity
095,000615,095,095615,NORTHAMPTON - 095615,1.000000000000,vtd20_identity
095,000620,095,095620,NORTHAMPTON - 095620,1.000000000000,vtd20_identity
095,000630,095,095630,NORTHAMPTON - 095630,1.000000000000,vtd20_identity
095,000640,095,095640,NORTHAMPTON - 095640,1.000000000000,vtd20_identity
095,000650,095,095650,NORTHAMPTON - 095650,1.000000000000,vtd20_identity
095,000660,095,095660,NORTHAMPTON - 095660,1.000000000000,vtd20_identity
095,000665,095,095665,NORTHAMPTON - 095665,0.870967741935,census_block_count
095,000665,095,095255,NORTHAMPTON - 095255,0.032258064516,census_block_count
095,000665,095,095650,NORTHAMPTON - 095650,0.096774193548,census_block_count
095,000667,095,095665,NORTHAMPTON - 095665,1.000000000000,vtd20_identity
095,000668,095,095665,NORTHAMPTON - 095665,1.000000000000,census_block_count
095,000670,095,095670,NORTHAMPTON - 095670,1.000000000000,vtd20_identity
095,000680,095,095680,NORTHAMPTON - 095680,1.000000000000,vtd20_identity
095,000690,095,095690,NORTHAMPTON - 095690,1.000000000000,vtd20_identity
095,000700,095,095700,NORTHAMPTON - 095700,1.000000000000,vtd20_identity
095,000710,095,095710,NORTHAMPTON - 095710,1.000000000000,vtd20_identity
095,000720,095,095720,NORTHAMPTON - 095720,1.000000000000,vtd20_identity
095,000730,095,095730,NORTHAMPTON - 095730,1.000000000000,vtd20_identity
095,000740,095,095740,NORTHAMPTON - 095740,1.000000000000,vtd20_identity
095,000750,095,095750,NORTHAMPTON - 095750,1.000000000000,vtd20_identity
095,000760,095,095760,NORTHAMPTON - 095760,1.000000000000,vtd20_identity
095,000770,095,095770,NORTHAMPTON - 095770,1.000000000000,vtd20_identity
095,000780,095,095780,NORTHAMPTON - 095780,1.000000000000,vtd20_identity
095,000790,095,095790,NORTHAMPTON - 095790,0.861111111111,census_block_count
095,000790,095,095690,NORTHAMPTON - 095690,0.027777777778,census_block_count
095,000790,095,095800,NORTHAMPTON - 095800,0.083333333333,census_block_count
095,000790,095,095840,NORTHAMPTON - 095840,0.027777777778,census_block_count
095,000800,095,095800,NORTHAMPTON - 095800,1.000000000000,vtd20_identity
095,000810,095,095810,NORTHAMPTON - 095810,1.000000000000,vtd20_identity
095,000820,095,095820,NORTHAMPTON - 095820,1.000000000000,vtd20_identity
095,000825,095,095820,NORTHAMPTON - 095820,0.933333333333,census_block_count
095,000825,095,095800,NORTHAMPTON - 095800,0.066666666667,census_block_count
095,000827,095,095820,NORTHAMPTON - 095820,1.000000000000,census_block_count
095,000830,095,095830,NORTHAMPTON - 095830,1.000000000000,vtd20_identity
095,000840,095,095840,NORTHAMPTON - 095840,1.000000000000,vtd20_identity
095,000850,095,095850,NORTHAMPTON - 095850,1.000000000000,vtd20_identity
095,000860,095,095860,NORTHAMPTON - 095860,1.000000000000,vtd20_identity
095,000870,095,095870,NORTHAMPTON - 095870,1.000000000000,vtd20_identity
095,000880,095,095880,NORTHAMPTON - 095880,1.000000000000,vtd20_identity
095,000890,095,095890,NORTHAMPTON - 095890,1.000000000000,vtd20_identity
095,000900,095,095900,NORTHAMPTON - 095900,1.000000000000,vtd20_identity
095,000910,095,095910,NORTHAMPTON - 095910,1.000000000000,vtd20_identity
095,000920,095,095920,NORTHAMPTON - 095920,1.000000000000,vtd20_identity
095,000930,095,095930,NORTHAMPTON - 095930,1.000000000000,vtd20_identity
095,000940,095,095940,NORTHAMPTON - 095940,1.000000000000,vtd20_identity
095,000950,095,095950,NORTHAMPTON - 095950,1.000000000000,vtd20_identity
095,000960,095,095960,NORTHAMPTON - 095960,0.841379310345,census_block_count
095,000960,095,095970,NORTHAMPTON - 095970,0.158620689655,census_block_count
095,000970,095,095950,NORTHAMPTON - 095950,0.333333333333,census_block_count
095,000970,095,095970,NORTHAMPTON - 095970,0.666666666667,census_block_count
095,000980,095,095980,NORTHAMPTON - 095980,1.000000000000,vtd20_identity
095,000990,095,095990,NORTHAMPTON - 095990,1.000000000000,vtd20_identity
095,001000,095,0951000,NORTHAMPTON - 0951000,1.000000000000,vtd20_identity
095,001010,095,0951010,NORTHAMPTON - 0951010,1.000000000000,vtd20_identity
095,001020,095,0951020,NORTHAMPTON - 0951020,0.833333333334,census_block_count
095,001020,095,0951150,NORTHAMPTON - 0951150,0.027777777778,census_block_count
095,001020,095,095615,NORTHAMPTON - 095615,0.018518518519,census_block_count
095,001020,095,0951010,NORTHAMPTON - 0951010,0.120370370370,census_block_count
095,001030,095,0951030,NORTHAMPTON - 0951030,1.000000000000,vtd20_identity
095,001040,095,0951040,NORTHAMPTON - 0951040,1.000000000000,vtd20_identity
095,001050,095,0951050,NORTHAMPTON - 0951050,1.000000000000,vtd20_identity
095,001060,095,0951060,NORTHAMPTON - 0951060,1.000000000000,vtd20_identity
095,001070,095,0951070,NORTHAMPTON - 0951070,1.000000000000,vtd20_identity
095,001080,095,0951080,NORTHAMPTON - 0951080,1.000000000000,vtd20_identity
095,001090,095,0951090,NORTHAMPTON - 0951090,1.000000000000,vtd20_identity
095,001100,095,0951100,NORTHAMPTON - 0951100,1.000000000000,vtd20_identity
095,001110,095,0951110,NORTHAMPTON - 0951110,1.000000000000,vtd20_identity
095,001120,095,0951120,NORTHAMPTON - 0951120,1.000000000000,vtd20_identity
095,001130,095,0951130,NORTHAMPTON - 0951130,1.000000000000,vtd20_identity
095,001140,095,0951140,NORTHAMPTON - 0951140,1.000000000000,vtd20_identity
095,001150,095,0951150,NORTHAMPTON - 0951150,1.000000000000,vtd20_identity
095,001160,095,0951160,NORTHAMPTON - 0951160,1.000000000000,vtd20_identity
095,001170,095,0951170,NORTHAMPTON - 0951170,1.000000000000,vtd20_identity
095,001180,095,0951180,NORTHAMPTON - 0951180,1.000000000000,vtd20_identity
095,001190,095,0951190,NORTHAMPTON - 0951190,1.000000000000,vtd20_identity
095,001200,095,0951200,NORTHAMPTON - 0951200,1.000000000000,vtd20_identity
095,001210,095,0951210,NORTHAMPTON - 0951210,1.000000000000,vtd20_identity
095,001220,095,0951220,NORTHAMPTON - 0951220,1.000000000000,vtd20_identity
095,001230,095,0951230,NORTHAMPTON - 0951230,1.000000000000,vtd20_identity
095,001240,095,0951240,NORTHAMPTON - 0951240,1.000000000000,vtd20_identity
095,001250,095,0951250,NORTHAMPTON - 0951250,1.000000000000,vtd20_identity
095,001260,095,0951260,NORTHAMPTON - 0951260,0.882352941177,census_block_count
095,001260,095,0951140,NORTHAMPTON - 0951140,0.019607843137,census_block_count
095,001260,095,0951250,NORTHAMPTON - 0951250,0.098039215686,census_block_count
095,001270,095,0951270,NORTHAMPTON - 0951270,1.000000000000,vtd20_identity
095,001280,095,0951280,NORTHAMPTON - 0951280,1.000000000000,vtd20_identity
095,001290,095,0951290,NORTHAMPTON - 0951290,1.000000000000,vtd20_identity
095,001300,095,0951300,NORTHAMPTON - 0951300,1.000000000000,vtd20_identity
095,001310,095,0951310,NORTHAMPTON - 0951310,1.000000000000,vtd20_identity
095,001320,095,0951320,NORTHAMPTON - 0951320,1.000000000000,vtd20_identity
095,001330,095,0951330,NORTHAMPTON - 0951330,1.000000000000,vtd20_identity
095,001340,095,0951340,NORTHAMPTON - 0951340,1.000000000000,vtd20_identity
095,001350,095,0951350,NORTHAMPTON - 0951350,1.000000000000,vtd20_identity
097,000010,097,097010,NORTHUMBERLAND - 097010,1.000000000000,vtd20_identity
097,000020,097,097100,NORTHUMBERLAND - 097100,0.127272727273,census_block_count
097,000020,097,097020,NORTHUMBERLAND - 097020,0.163636363636,census_block_count
097,000020,097,097060,NORTHUMBERLAND - 097060,0.418181818182,census_block_count
097,000020,097,097090,NORTHUMBERLAND - 097090,0.090909090909,census_block_count
097,000020,097,097080,NORTHUMBERLAND - 097080,0.200000000000,census_block_count
097,000030,097,097010,NORTHUMBERLAND - 097010,0.017543859649,census_block_count
097,000030,097,097030,NORTHUMBERLAND - 097030,0.596491228070,census_block_count
097,000030,097,097070,NORTHUMBERLAND - 097070,0.385964912281,census_block_count
097,000040,097,097040,NORTHUMBERLAND - 097040,1.000000000000,vtd20_identity
097,000050,097,097050,NORTHUMBERLAND - 097050,1.000000000000,vtd20_identity
097,000060,097,097100,NORTHUMBERLAND - 097100,0.017699115044,census_block_count
097,000060,097,097090,NORTHUMBERLAND - 097090,0.610619469027,census_block_count
097,000060,097,097640,NORTHUMBERLAND - 097640,0.008849557522,census_block_count
097,000060,097,097080,NORTHUMBERLAND - 097080,0.362831858407,census_block_count
097,000070,097,097100,NORTHUMBERLAND - 097100,1.000000000000,vtd20_identity
097,000110,097,097110,NORTHUMBERLAND - 097110,1.000000000000,vtd20_identity
097,000120,097,097120,NORTHUMBERLAND - 097120,1.000000000000,vtd20_identity
097,000130,097,097130,NORTHUMBERLAND - 097130,1.000000000000,vtd20_identity
097,000140,097,097140,NORTHUMBERLAND - 097140,1.000000000000,vtd20_identity
097,000150,097,097150,NORTHUMBERLAND - 097150,1.000000000000,vtd20_identity
097,000160,097,097160,NORTHUMBERLAND - 097160,1.000000000000,vtd20_identity
097,000170,097,097170,NORTHUMBERLAND - 097170,1.000000000000,vtd20_identity
097,000180,097,097180,NORTHUMBERLAND - 097180,1.000000000000,vtd20_identity
097,000190,097,097190,NORTHUMBERLAND - 097190,1.000000000000,vtd20_identity
097,000200,097,097200,NORTHUMBERLAND - 097200,1.000000000000,vtd20_identity
097,000210,097,097210,NORTHUMBERLAND - 097210,1.000000000000,vtd20_identity
097,000220,097,097220,NORTHUMBERLAND - 097220,1.000000000000,vtd20_identity
097,000230,097,097230,NORTHUMBERLAND - 097230,1.000000000000,vtd20_identity
097,000240,097,097240,NORTHUMBERLAND - 097240,1.000000000000,vtd20_identity
097,000255,097,097250,NORTHUMBERLAND - 097250,0.409836065574,census_block_count
097,000255,097,097180,NORTHUMBERLAND - 097180,0.016393442623,census_block_count
097,000255,097,097260,NORTHUMBERLAND - 097260,0.573770491803,census_block_count
097,000270,097,097270,NORTHUMBERLAND - 097270,1.000000000000,vtd20_identity
097,000280,097,097280,NORTHUMBERLAND - 097280,1.000000000000,vtd20_identity
097,000290,097,097290,NORTHUMBERLAND - 097290,1.000000000000,vtd20_identity
097,000300,097,097300,NORTHUMBERLAND - 097300,1.000000000000,vtd20_identity
097,000310,097,097310,NORTHUMBERLAND - 097310,1.000000000000,vtd20_identity
097,000320,097,097320,NORTHUMBERLAND - 097320,1.000000000000,vtd20_identity
097,000330,097,097330,NORTHUMBERLAND - 097330,1.000000000000,vtd20_identity
097,000355,097,097370,NORTHUMBERLAND - 097370,0.018181818182,census_block_count
097,000355,097,097340,NORTHUMBERLAND - 097340,0.490909090909,census_block_count
097,000355,097,097390,NORTHUMBERLAND - 097390,0.090909090909,census_block_count
097,000355,097,097380,NORTHUMBERLAND - 097380,0.018181818182,census_block_count
097,000355,097,097350,NORTHUMBERLAND - 097350,0.381818181818,census_block_count
097,000360,097,097360,NORTHUMBERLAND - 097360,1.000000000000,vtd20_identity
097,000375,097,097370,NORTHUMBERLAND - 097370,0.500000000000,census_block_count
097,000375,097,097340,NORTHUMBERLAND - 097340,0.027777777778,census_block_count
097,000375,097,097010,NORTHUMBERLAND - 097010,0.027777777778,census_block_count
097,000375,097,097390,NORTHUMBERLAND - 097390,0.027777777778,census_block_count
097,000375,097,097380,NORTHUMBERLAND - 097380,0.416666666667,census_block_count
097,000390,097,097390,NORTHUMBERLAND - 097390,1.000000000000,vtd20_identity
097,000405,097,097340,NORTHUMBERLAND - 097340,0.081081081081,census_block_count
097,000405,097,097390,NORTHUMBERLAND - 097390,0.027027027027,census_block_count
097,000405,097,097410,NORTHUMBERLAND - 097410,0.270270270270,census_block_count
097,000405,097,097400,NORTHUMBERLAND - 097400,0.621621621622,census_block_count
097,000425,097,097340,NORTHUMBERLAND - 097340,0.039215686275,census_block_count
097,000425,097,097430,NORTHUMBERLAND - 097430,0.470588235294,census_block_count
097,000425,097,097420,NORTHUMBERLAND - 097420,0.490196078431,census_block_count
097,000445,097,097390,NORTHUMBERLAND - 097390,0.030303030303,census_block_count
097,000445,097,097450,NORTHUMBERLAND - 097450,0.303030303030,census_block_count
097,000445,097,097460,NORTHUMBERLAND - 097460,0.212121212121,census_block_count
097,000445,097,097440,NORTHUMBERLAND - 097440,0.454545454545,census_block_count
097,000475,097,097470,NORTHUMBERLAND - 097470,0.500000000000,census_block_count
097,000475,097,097480,NORTHUMBERLAND - 097480,0.500000000000,census_block_count
097,000490,097,097490,NORTHUMBERLAND - 097490,1.000000000000,vtd20_identity
097,000500,097,097500,NORTHUMBERLAND - 097500,1.000000000000,vtd20_identity
097,000510,097,097510,NORTHUMBERLAND - 097510,1.000000000000,vtd20_identity
097,000520,097,097520,NORTHUMBERLAND - 097520,1.000000000000,vtd20_identity
097,000530,097,097530,NORTHUMBERLAND - 097530,1.000000000000,vtd20_identity
097,000540,097,097540,NORTHUMBERLAND - 097540,1.000000000000,vtd20_identity
097,000550,097,097550,NORTHUMBERLAND - 097550,1.000000000000,vtd20_identity
097,000560,097,097560,NORTHUMBERLAND - 097560,1.000000000000,vtd20_identity
097,000570,097,097570,NORTHUMBERLAND - 097570,1.000000000000,vtd20_identity
097,000580,097,097580,NORTHUMBERLAND - 097580,1.000000000000,vtd20_identity
097,000590,097,097590,NORTHUMBERLAND - 097590,0.433333333333,census_block_count
097,000590,097,097680,NORTHUMBERLAND - 097680,0.566666666667,census_block_count
097,000600,097,097600,NORTHUMBERLAND - 097600,0.666666666667,census_block_count
097,000600,097,097610,NORTHUMBERLAND - 097610,0.333333333333,census_block_count
097,000620,097,097620,NORTHUMBERLAND - 097620,1.000000000000,vtd20_identity
097,000630,097,097610,NORTHUMBERLAND - 097610,0.020000000000,census_block_count
097,000630,097,097630,NORTHUMBERLAND - 097630,0.420000000000,census_block_count
097,000630,097,097670,NORTHUMBERLAND - 097670,0.100000000000,census_block_count
097,000630,097,097640,NORTHUMBERLAND - 097640,0.440000000000,census_block_count
097,000630,097,097660,NORTHUMBERLAND - 097660,0.020000000000,census_block_count
097,000650,097,097650,NORTHUMBERLAND - 097650,0.441176470588,census_block_count
097,000650,097,097660,NORTHUMBERLAND - 097660,0.558823529412,census_block_count
097,000670,097,097670,NORTHUMBERLAND - 097670,1.000000000000,vtd20_identity
097,000680,097,097690,NORTHUMBERLAND - 097690,0.400000000000,census_block_count
097,000680,097,097700,NORTHUMBERLAND - 097700,0.550000000000,census_block_count
097,000680,097,097710,NORTHUMBERLAND - 097710,0.025000000000,census_block_count
097,000680,097,097620,NORTHUMBERLAND - 097620,0.025000000000,census_block_count
097,000690,097,097710,NORTHUMBERLAND - 097710,1.000000000000,vtd20_identity
097,000720,097,097720,NORTHUMBERLAND - 097720,1.000000000000,vtd20_identity
097,000730,097,097730,NORTHUMBERLAND - 097730,1.000000000000,vtd20_identity
097,000740,097,097740,NORTHUMBERLAND - 097740,0.402439024390,census_block_count
097,000740,097,097760,NORTHUMBERLAND - 097760,0.597560975610,census_block_count
097,000750,097,097790,NORTHUMBERLAND - 097790,0.054545454545,census_block_count
097,000750,097,097750,NORTHUMBERLAND - 097750,0.581818181818,census_block_count
097,000750,097,097770,NORTHUMBERLAND - 097770,0.345454545455,census_block_count
097,000750,097,097820,NORTHUMBERLAND - 097820,0.018181818182,census_block_count
097,000760,097,097800,NORTHUMBERLAND - 097800,0.016129032258,census_block_count
097,000760,097,097810,NORTHUMBERLAND - 097810,0.548387096774,census_block_count
097,000760,097,097770,NORTHUMBERLAND - 097770,0.080645161290,census_block_count
097,000760,097,097820,NORTHUMBERLAND - 097820,0.338709677419,census_block_count
097,000760,097,097850,NORTHUMBERLAND - 097850,0.016129032258,census_block_count
097,000770,097,097800,NORTHUMBERLAND - 097800,1.000000000000,vtd20_identity
097,000780,097,097780,NORTHUMBERLAND - 097780,1.000000000000,vtd20_identity
097,000790,097,097790,NORTHUMBERLAND - 097790,1.000000000000,vtd20_identity
097,000830,097,097830,NORTHUMBERLAND - 097830,0.991150442478,census_block_count
097,000830,097,097330,NORTHUMBERLAND - 097330,0.008849557522,census_block_count
097,000840,097,097840,NORTHUMBERLAND - 097840,1.000000000000,vtd20_identity
097,000850,097,097850,NORTHUMBERLAND - 097850,1.000000000000,vtd20_identity
097,000860,097,097860,NORTHUMBERLAND - 097860,1.000000000000,vtd20_identity
097,000871,097,097870,NORTHUMBERLAND - 097870,1.000000000000,census_block_count
097,000872,097,097870,NORTHUMBERLAND - 097870,1.000000000000,vtd20_identity
097,000880,097,097880,NORTHUMBERLAND - 097880,1.000000000000,vtd20_identity
097,000890,097,097890,NORTHUMBERLAND - 097890,1.000000000000,vtd20_identity
097,000900,097,097900,NORTHUMBERLAND - 097900,1.000000000000,vtd20_identity
097,000910,097,097910,NORTHUMBERLAND - 097910,1.000000000000,vtd20_identity
097,000920,097,097920,NORTHUMBERLAND - 097920,1.000000000000,vtd20_identity
097,000935,097,097930,NORTHUMBERLAND - 097930,0.512605042017,census_block_count
097,000935,097,097940,NORTHUMBERLAND - 097940,0.487394957983,census_block_count
099,000010,099,099010,PERRY - 099010,1.000000000000,vtd20_identity
099,000020,099,099020,PERRY - 099020,1.000000000000,vtd20_identity
099,000030,099,099030,PERRY - 099030,1.000000000000,vtd20_identity
099,000040,099,099040,PERRY - 099040,1.000000000000,vtd20_identity
099,000050,099,099050,PERRY - 099050,1.000000000000,vtd20_identity
099,000065,099,099230,PERRY - 099230,0.034482758621,census_block_count
099,000065,099,099060,PERRY - 099060,0.356321839080,census_block_count
099,000065,099,099070,PERRY - 099070,0.609195402299,census_block_count
099,000080,099,099080,PERRY - 099080,1.000000000000,vtd20_identity
099,000090,099,099090,PERRY - 099090,1.000000000000,vtd20_identity
099,000100,099,099100,PERRY - 099100,1.000000000000,vtd20_identity
099,000110,099,099110,PERRY - 099110,1.000000000000,vtd20_identity
099,000120,099,099120,PERRY - 099120,1.000000000000,vtd20_identity
099,000130,099,099130,PERRY - 099130,1.000000000000,vtd20_identity
099,000140,099,099140,PERRY - 099140,1.000000000000,vtd20_identity
099,000150,099,099150,PERRY - 099150,1.000000000000,vtd20_identity
099,000160,099,099160,PERRY - 099160,1.000000000000,vtd20_identity
099,000170,099,099170,PERRY - 099170,1.000000000000,vtd20_identity
099,000180,099,099180,PERRY - 099180,1.000000000000,vtd20_identity
099,000191,099,099200,PERRY - 099200,0.526315789474,census_block_count
099,000191,099,099220,PERRY - 099220,0.052631578947,census_block_count
099,000191,099,099190,PERRY - 099190,0.421052631579,census_block_count
099,000210,099,099210,PERRY - 099210,1.000000000000,vtd20_identity
099,000216,099,099220,PERRY - 099220,1.000000000000,vtd20_identity
099,000230,099,099230,PERRY - 099230,1.000000000000,vtd20_identity
099,000240,099,099240,PERRY - 099240,1.000000000000,vtd20_identity
099,000250,099,099250,PERRY - 099250,1.000000000000,vtd20_identity
099,000260,099,099260,PERRY - 099260,1.000000000000,vtd20_identity
099,000270,099,099270,PERRY - 099270,1.000000000000,vtd20_identity
099,000280,099,099280,PERRY - 099280,1.000000000000,vtd20_identity
099,000290,099,099290,PERRY - 099290,1.000000000000,vtd20_identity
099,000300,099,099300,PERRY - 099300,1.000000000000,vtd20_identity
099,000310,099,099310,PERRY - 099310,1.000000000000,vtd20_identity
099,000320,099,099320,PERRY - 099320,1.000000000000,vtd20_identity
099,000330,099,099330,PERRY - 099330,1.000000000000,vtd20_identity
101,000101,101,101101,PHILADELPHIA - 101101,1.000000000000,vtd20_identity
101,000102,101,101102,PHILADELPHIA - 101102,1.000000000000,vtd20_identity
101,000103,101,101103,PHILADELPHIA - 101103,1.000000000000,vtd20_identity
101,000104,101,101104,PHILADELPHIA - 101104,1.000000000000,vtd20_identity
101,000105,101,101105,PHILADELPHIA - 101105,1.000000000000,vtd20_identity
101,000106,101,101106,PHILADELPHIA - 101106,1.000000000000,vtd20_identity
101,000107,101,101107,PHILADELPHIA - 101107,1.000000000000,vtd20_identity
101,000108,101,101108,PHILADELPHIA - 101108,1.000000000000,vtd20_identity
101,000109,101,101109,PHILADELPHIA - 101109,1.000000000000,vtd20_identity
101,000110,101,101110,PHILADELPHIA - 101110,1.000000000000,vtd20_identity
101,000111,101,101111,PHILADELPHIA - 101111,1.000000000000,vtd20_identity
101,000112,101,101112,PHILADELPHIA - 101112,1.000000000000,vtd20_identity
101,000113,101,101113,PHILADELPHIA - 101113,1.000000000000,vtd20_identity
101,000114,101,101114,PHILADELPHIA - 101114,1.000000000000,vtd20_identity
101,000115,101,101115,PHILADELPHIA - 101115,1.000000000000,vtd20_identity
101,000116,101,101116,PHILADELPHIA - 101116,1.000000000000,vtd20_identity
101,000117,101,101117,PHILADELPHIA - 101117,1.000000000000,vtd20_identity
101,000118,101,101118,PHILADELPHIA - 101118,1.000000000000,vtd20_identity
101,000119,101,101119,PHILADELPHIA - 101119,1.000000000000,vtd20_identity
101,000120,101,101120,PHILADELPHIA - 101120,1.000000000000,vtd20_identity
101,000121,101,101121,PHILADELPHIA - 101121,1.000000000000,vtd20_identity
101,000201,101,101201,PHILADELPHIA - 101201,1.000000000000,vtd20_identity
101,000202,101,101202,PHILADELPHIA - 101202,1.000000000000,vtd20_identity
101,000203,101,101203,PHILADELPHIA - 101203,1.000000000000,vtd20_identity
101,000204,101,101204,PHILADELPHIA - 101204,1.000000000000,vtd20_identity
101,000205,101,101205,PHILADELPHIA - 101205,1.000000000000,vtd20_identity
101,000206,101,101206,PHILADELPHIA - 101206,1.000000000000,vtd20_identity
101,000207,101,101207,PHILADELPHIA - 101207,1.000000000000,vtd20_identity
101,000208,101,101208,PHILADELPHIA - 101208,1.000000000000,vtd20_identity
101,000209,101,101209,PHILADELPHIA - 101209,1.000000000000,vtd20_identity
101,000210,101,101210,PHILADELPHIA - 101210,1.000000000000,vtd20_identity
101,000211,101,101211,PHILADELPHIA - 101211,1.000000000000,vtd20_identity
101,000212,101,101212,PHILADELPHIA - 101212,1.000000000000,vtd20_identity
101,000213,101,101213,PHILADELPHIA - 101213,1.000000000000,vtd20_identity
101,000214,101,101214,PHILADELPHIA - 101214,1.000000000000,vtd20_identity
101,000217,101,101217,PHILADELPHIA - 101217,1.000000000000,vtd20_identity
101,000218,101,101218,PHILADELPHIA - 101218,1.000000000000,vtd20_identity
101,000219,101,101219,PHILADELPHIA - 101219,1.000000000000,vtd20_identity
101,000220,101,101220,PHILADELPHIA - 101220,1.000000000000,vtd20_identity
101,000221,101,101221,PHILADELPHIA - 101221,1.000000000000,vtd20_identity
101,000222,101,101222,PHILADELPHIA - 101222,1.000000000000,vtd20_identity
101,000223,101,101223,PHILADELPHIA - 101223,1.000000000000,vtd20_identity
101,000224,101,101224,PHILADELPHIA - 101224,1.000000000000,vtd20_identity
101,000228,101,101215,PHILADELPHIA - 101215,1.000000000000,vtd20_identity
101,000229,101,101216,PHILADELPHIA - 101216,1.000000000000,vtd20_identity
101,000230,101,101225,PHILADELPHIA - 101225,1.000000000000,vtd20_identity
101,000231,101,101226,PHILADELPHIA - 101226,1.000000000000,vtd20_identity
101,000232,101,101215,PHILADELPHIA - 101215,0.111111111111,census_block_count
101,000232,101,101226,PHILADELPHIA - 101226,0.222222222222,census_block_count
101,000232,101,101227,PHILADELPHIA - 101227,0.666666666667,census_block_count
101,000233,101,101227,PHILADELPHIA - 101227,1.000000000000,vtd20_identity
101,000234,101,101225,PHILADELPHIA - 101225,0.250000000000,census_block_count
101,000234,101,101226,PHILADELPHIA - 101226,0.500000000000,census_block_count
101,000234,101,101216,PHILADELPHIA - 101216,0.250000000000,census_block_count
101,000301,101,101301,PHILADELPHIA - 101301,1.000000000000,vtd20_identity
101,000302,101,101302,PHILADELPHIA - 101302,1.000000000000,vtd20_identity
101,000303,101,101303,PHILADELPHIA - 101303,1.000000000000,vtd20_identity
101,000304,101,101304,PHILADELPHIA - 101304,1.000000000000,vtd20_identity
101,000305,101,101305,PHILADELPHIA - 101305,1.000000000000,vtd20_identity
101,000306,101,101306,PHILADELPHIA - 101306,1.000000000000,vtd20_identity
101,000307,101,101307,PHILADELPHIA - 101307,1.000000000000,vtd20_identity
101,000308,101,101308,PHILADELPHIA - 101308,1.000000000000,vtd20_identity
101,000309,101,101309,PHILADELPHIA - 101309,1.000000000000,vtd20_identity
101,000310,101,101310,PHILADELPHIA - 101310,1.000000000000,vtd20_identity
101,000311,101,101311,PHILADELPHIA - 101311,1.000000000000,vtd20_identity
101,000312,101,101312,PHILADELPHIA - 101312,1.000000000000,vtd20_identity
101,000313,101,101313,PHILADELPHIA - 101313,1.000000000000,vtd20_identity
101,000314,101,101314,PHILADELPHIA - 101314,1.000000000000,vtd20_identity
101,000315,101,101315,PHILADELPHIA - 101315,1.000000000000,vtd20_identity
101,000316,101,101316,PHILADELPHIA - 101316,1.000000000000,vtd20_identity
101,000317,101,101317,PHILADELPHIA - 101317,1.000000000000,vtd20_identity
101,000318,101,101318,PHILADELPHIA - 101318,1.000000000000,vtd20_identity
101,000319,101,101319,PHILADELPHIA - 101319,1.000000000000,vtd20_identity
101,000320,101,101320,PHILADELPHIA - 101320,1.000000000000,vtd20_identity
101,000321,101,101321,PHILADELPHIA - 101321,1.000000000000,vtd20_identity
101,000322,101,101322,PHILADELPHIA - 101322,1.000000000000,vtd20_identity
101,000401,101,101401,PHILADELPHIA - 101401,1.000000000000,vtd20_identity
101,000402,101,101402,PHILADELPHIA - 101402,1.000000000000,vtd20_identity
101,000403,101,101403,PHILADELPHIA - 101403,1.000000000000,vtd20_identity
101,000404,101,101404,PHILADELPHIA - 101404,1.000000000000,vtd20_identity
101,000405,101,101405,PHILADELPHIA - 101405,1.000000000000,vtd20_identity
101,000406,101,101406,PHILADELPHIA - 101406,1.000000000000,vtd20_identity
101,000407,101,101407,PHILADELPHIA - 101407,1.000000000000,vtd20_identity
101,000408,101,101408,PHILADELPHIA - 101408,1.000000000000,vtd20_identity
101,000409,101,101409,PHILADELPHIA - 101409,1.000000000000,vtd20_identity
101,000410,101,101410,PHILADELPHIA - 101410,1.000000000000,vtd20_identity
101,000411,101,101411,PHILADELPHIA - 101411,1.000000000000,vtd20_identity
101,000412,101,101412,PHILADELPHIA - 101412,1.000000000000,vtd20_identity
101,000413,101,101413,PHILADELPHIA - 101413,1.000000000000,vtd20_identity
101,000414,101,101414,PHILADELPHIA - 101414,1.000000000000,vtd20_identity
101,000415,101,101415,PHILADELPHIA - 101415,1.000000000000,vtd20_identity
101,000416,101,101416,PHILADELPHIA - 101416,1.000000000000,vtd20_identity
101,000417,101,101417,PHILADELPHIA - 101417,1.000000000000,vtd20_identity
101,000418,101,101418,PHILADELPHIA - 101418,1.000000000000,vtd20_identity
101,000419,101,101419,PHILADELPHIA - 101419,1.000000000000,vtd20_identity
101,000420,101,101420,PHILADELPHIA - 101420,1.000000000000,vtd20_identity
101,000421,101,101421,PHILADELPHIA - 101421,1.000000000000,vtd20_identity
101,000502,101,101502,PHILADELPHIA - 101502,1.000000000000,vtd20_identity
101,000503,101,101503,PHILADELPHIA - 101503,1.000000000000,vtd20_identity
101,000504,101,101504,PHILADELPHIA - 101504,1.000000000000,vtd20_identity
101,000505,101,101505,PHILADELPHIA - 101505,1.000000000000,vtd20_identity
101,000506,101,101506,PHILADELPHIA - 101506,1.000000000000,vtd20_identity
101,000507,101,101507,PHILADELPHIA - 101507,1.000000000000,vtd20_identity
101,000508,101,101508,PHILADELPHIA - 101508,1.000000000000,vtd20_identity
101,000511,101,101511,PHILADELPHIA - 101511,1.000000000000,vtd20_identity
101,000514,101,101514,PHILADELPHIA - 101514,1.000000000000,vtd20_identity
101,000515,101,101515,PHILADELPHIA - 101515,1.000000000000,vtd20_identity
101,000518,101,101518,PHILADELPHIA - 101518,1.000000000000,vtd20_identity
101,000519,101,101519,PHILADELPHIA - 101519,1.000000000000,vtd20_identity
101,000520,101,101520,PHILADELPHIA - 101520,1.000000000000,vtd20_identity
101,000522,101,101522,PHILADELPHIA - 101522,1.000000000000,vtd20_identity
101,000523,101,101523,PHILADELPHIA - 101523,1.000000000000,vtd20_identity
101,000568,101,1011055,PHILADELPHIA - 1011055,1.000000000000,vtd20_identity
101,000570,101,1011055,PHILADELPHIA - 1011055,1.000000000000,census_block_count
101,000571,101,101501,PHILADELPHIA - 101501,1.000000000000,vtd20_identity
101,000572,101,101512,PHILADELPHIA - 101512,1.000000000000,census_block_count
101,000573,101,101825,PHILADELPHIA - 101825,0.029411764706,census_block_count
101,000573,101,101513,PHILADELPHIA - 101513,0.970588235294,census_block_count
101,000574,101,101513,PHILADELPHIA - 101513,1.000000000000,census_block_count
101,000575,101,101513,PHILADELPHIA - 101513,0.764705882353,census_block_count
101,000575,101,101512,PHILADELPHIA - 101512,0.235294117647,census_block_count
101,000576,101,101512,PHILADELPHIA - 101512,1.000000000000,vtd20_identity
101,000577,101,1011075,PHILADELPHIA - 1011075,0.062500000000,census_block_count
101,000577,101,101501,PHILADELPHIA - 101501,0.937500000000,census_block_count
101,000601,101,101601,PHILADELPHIA - 101601,1.000000000000,vtd20_identity
101,000602,101,101602,PHILADELPHIA - 101602,1.000000000000,vtd20_identity
101,000603,101,101603,PHILADELPHIA - 101603,1.000000000000,vtd20_identity
101,000604,101,101604,PHILADELPHIA - 101604,1.000000000000,vtd20_identity
101,000605,101,101605,PHILADELPHIA - 101605,1.000000000000,vtd20_identity
101,000606,101,101606,PHILADELPHIA - 101606,1.000000000000,vtd20_identity
101,000607,101,101607,PHILADELPHIA - 101607,1.000000000000,vtd20_identity
101,000608,101,101608,PHILADELPHIA - 101608,1.000000000000,vtd20_identity
101,000609,101,101609,PHILADELPHIA - 101609,1.000000000000,vtd20_identity
101,000610,101,101610,PHILADELPHIA - 101610,1.000000000000,vtd20_identity
101,000611,101,101611,PHILADELPHIA - 101611,1.000000000000,vtd20_identity
101,000612,101,101612,PHILADELPHIA - 101612,1.000000000000,vtd20_identity
101,000613,101,101613,PHILADELPHIA - 101613,1.000000000000,vtd20_identity
101,000614,101,101614,PHILADELPHIA - 101614,1.000000000000,vtd20_identity
101,000615,101,101615,PHILADELPHIA - 101615,1.000000000000,vtd20_identity
101,000616,101,101616,PHILADELPHIA - 101616,1.000000000000,vtd20_identity
101,000617,101,101617,PHILADELPHIA - 101617,1.000000000000,vtd20_identity
101,000618,101,101618,PHILADELPHIA - 101618,1.000000000000,vtd20_identity
101,000701,101,101701,PHILADELPHIA - 101701,1.000000000000,vtd20_identity
101,000702,101,101702,PHILADELPHIA - 101702,1.000000000000,vtd20_identity
101,000703,101,101703,PHILADELPHIA - 101703,1.000000000000,vtd20_identity
101,000704,101,101704,PHILADELPHIA - 101704,1.000000000000,vtd20_identity
101,000705,101,101705,PHILADELPHIA - 101705,1.000000000000,vtd20_identity
101,000706,101,101706,PHILADELPHIA - 101706,1.000000000000,vtd20_identity
101,000707,101,101707,PHILADELPHIA - 101707,1.000000000000,vtd20_identity
101,000708,101,101708,PHILADELPHIA - 101708,1.000000000000,vtd20_identity
101,000709,101,101709,PHILADELPHIA - 101709,1.000000000000,vtd20_identity
101,000710,101,101710,PHILADELPHIA - 101710,1.000000000000,vtd20_identity
101,000711,101,101711,PHILADELPHIA - 101711,1.000000000000,vtd20_identity
101,000712,101,101712,PHILADELPHIA - 101712,1.000000000000,vtd20_identity
101,000713,101,101713,PHILADELPHIA - 101713,1.000000000000,vtd20_identity
101,000714,101,101714,PHILADELPHIA - 101714,1.000000000000,vtd20_identity
101,000715,101,101715,PHILADELPHIA - 101715,1.000000000000,vtd20_identity
101,000716,101,101716,PHILADELPHIA - 101716,1.000000000000,vtd20_identity
101,000717,101,101717,PHILADELPHIA - 101717,1.000000000000,vtd20_identity
101,000718,101,101718,PHILADELPHIA - 101718,1.000000000000,vtd20_identity
101,000719,101,101719,PHILADELPHIA - 101719,1.000000000000,vtd20_identity
101,000720,101,101720,PHILADELPHIA - 101720,1.000000000000,vtd20_identity
101,000721,101,101721,PHILADELPHIA - 101721,1.000000000000,vtd20_identity
101,000722,101,101722,PHILADELPHIA - 101722,1.000000000000,vtd20_identity
101,000723,101,101723,PHILADELPHIA - 101723,1.000000000000,vtd20_identity
101,000801,101,101801,PHILADELPHIA - 101801,1.000000000000,vtd20_identity
101,000802,101,101802,PHILADELPHIA - 101802,1.000000000000,vtd20_identity
101,000803,101,101803,PHILADELPHIA - 101803,1.000000000000,vtd20_identity
101,000804,101,101804,PHILADELPHIA - 101804,1.000000000000,vtd20_identity
101,000806,101,101806,PHILADELPHIA - 101806,1.000000000000,vtd20_identity
101,000807,101,101807,PHILADELPHIA - 101807,1.000000000000,vtd20_identity
101,000808,101,101808,PHILADELPHIA - 101808,1.000000000000,vtd20_identity
101,000809,101,101809,PHILADELPHIA - 101809,1.000000000000,vtd20_identity
101,000810,101,101810,PHILADELPHIA - 101810,1.000000000000,vtd20_identity
101,000811,101,101811,PHILADELPHIA - 101811,1.000000000000,vtd20_identity
101,000812,101,101812,PHILADELPHIA - 101812,1.000000000000,vtd20_identity
101,000813,101,101813,PHILADELPHIA - 101813,1.000000000000,vtd20_identity
101,000816,101,101816,PHILADELPHIA - 101816,1.000000000000,vtd20_identity
101,000817,101,101817,PHILADELPHIA - 101817,1.000000000000,vtd20_identity
101,000818,101,101818,PHILADELPHIA - 101818,1.000000000000,vtd20_identity
101,000821,101,101805,PHILADELPHIA - 101805,0.500000000000,census_block_count
101,000821,101,101821,PHILADELPHIA - 101821,0.500000000000,census_block_count
101,000825,101,101825,PHILADELPHIA - 101825,1.000000000000,vtd20_identity
101,000827,101,101827,PHILADELPHIA - 101827,1.000000000000,vtd20_identity
101,000828,101,101828,PHILADELPHIA - 101828,1.000000000000,vtd20_identity
101,000829,101,101829,PHILADELPHIA - 101829,1.000000000000,vtd20_identity
101,000830,101,101830,PHILADELPHIA - 101830,1.000000000000,vtd20_identity
101,000831,101,101805,PHILADELPHIA - 101805,1.000000000000,vtd20_identity
101,000832,101,101814,PHILADELPHIA - 101814,1.000000000000,census_block_count
101,000833,101,101815,PHILADELPHIA - 101815,1.000000000000,vtd20_identity
101,000834,101,101820,PHILADELPHIA - 101820,1.000000000000,vtd20_identity
101,000835,101,1011517,PHILADELPHIA - 1011517,0.333333333333,census_block_count
101,000835,101,101824,PHILADELPHIA - 101824,0.666666666667,census_block_count
101,000836,101,101826,PHILADELPHIA - 101826,1.000000000000,census_block_count
101,000837,101,101824,PHILADELPHIA - 101824,1.000000000000,vtd20_identity
101,000838,101,101826,PHILADELPHIA - 101826,1.000000000000,vtd20_identity
101,000839,101,101815,PHILADELPHIA - 101815,1.000000000000,census_block_count
101,000840,101,101805,PHILADELPHIA - 101805,1.000000000000,census_block_count
101,000841,101,101821,PHILADELPHIA - 101821,0.200000000000,census_block_count
101,000841,101,101814,PHILADELPHIA - 101814,0.600000000000,census_block_count
101,000841,101,101805,PHILADELPHIA - 101805,0.200000000000,census_block_count
101,000849,101,101823,PHILADELPHIA - 101823,0.052631578947,census_block_count
101,000849,101,101819,PHILADELPHIA - 101819,0.947368421053,census_block_count
101,000852,101,101822,PHILADELPHIA - 101822,0.272727272727,census_block_count
101,000852,101,1012910,PHILADELPHIA - 1012910,0.272727272727,census_block_count
101,000852,101,101823,PHILADELPHIA - 101823,0.454545454545,census_block_count
101,000853,101,101819,PHILADELPHIA - 101819,1.000000000000,vtd20_identity
101,000901,101,101901,PHILADELPHIA - 101901,1.000000000000,vtd20_identity
101,000902,101,101902,PHILADELPHIA - 101902,1.000000000000,vtd20_identity
101,000903,101,101903,PHILADELPHIA - 101903,1.000000000000,vtd20_identity
101,000904,101,101904,PHILADELPHIA - 101904,1.000000000000,vtd20_identity
101,000905,101,101905,PHILADELPHIA - 101905,1.000000000000,vtd20_identity
101,000906,101,101906,PHILADELPHIA - 101906,1.000000000000,vtd20_identity
101,000907,101,101907,PHILADELPHIA - 101907,1.000000000000,vtd20_identity
101,000908,101,101908,PHILADELPHIA - 101908,1.000000000000,vtd20_identity
101,000909,101,101909,PHILADELPHIA - 101909,1.000000000000,vtd20_identity
101,000910,101,101910,PHILADELPHIA - 101910,1.000000000000,vtd20_identity
101,000911,101,101911,PHILADELPHIA - 101911,1.000000000000,vtd20_identity
101,000912,101,101912,PHILADELPHIA - 101912,1.000000000000,vtd20_identity
101,000913,101,101913,PHILADELPHIA - 101913,1.000000000000,vtd20_identity
101,000914,101,101914,PHILADELPHIA - 101914,1.000000000000,vtd20_identity
101,000915,101,101915,PHILADELPHIA - 101915,1.000000000000,vtd20_identity
101,000916,101,101916,PHILADELPHIA - 101916,1.000000000000,vtd20_identity
101,000917,101,101917,PHILADELPHIA - 101917,1.000000000000,vtd20_identity
101,001001,101,1011001,PHILADELPHIA - 1011001,1.000000000000,vtd20_identity
101,001002,101,1011002,PHILADELPHIA - 1011002,1.000000000000,vtd20_identity
101,001003,101,1011003,PHILADELPHIA - 1011003,1.000000000000,vtd20_identity
101,001004,101,1011004,PHILADELPHIA - 1011004,1.000000000000,vtd20_identity
101,001005,101,1011005,PHILADELPHIA - 1011005,1.000000000000,vtd20_identity
101,001006,101,1011006,PHILADELPHIA - 1011006,1.000000000000,vtd20_identity
101,001007,101,1011007,PHILADELPHIA - 1011007,1.000000000000,vtd20_identity
101,001008,101,1011008,PHILADELPHIA - 1011008,1.000000000000,vtd20_identity
101,001009,101,1011009,PHILADELPHIA - 1011009,1.000000000000,vtd20_identity
101,001010,101,1011010,PHILADELPHIA - 1011010,1.000000000000,vtd20_identity
101,001011,101,1011011,PHILADELPHIA - 1011011,1.000000000000,vtd20_identity
101,001012,101,1011012,PHILADELPHIA - 1011012,1.000000000000,vtd20_identity
101,001013,101,1011013,PHILADELPHIA - 1011013,1.000000000000,vtd20_identity
101,001014,101,1011014,PHILADELPHIA - 1011014,1.000000000000,vtd20_identity
101,001015,101,1011015,PHILADELPHIA - 1011015,1.000000000000,vtd20_identity
101,001016,101,1011016,PHILADELPHIA - 1011016,1.000000000000,vtd20_identity
101,001017,101,1011017,PHILADELPHIA - 1011017,1.000000000000,vtd20_identity
101,001018,101,1011018,PHILADELPHIA - 1011018,1.000000000000,vtd20_identity
101,001019,101,1011019,PHILADELPHIA - 1011019,1.000000000000,vtd20_identity
101,001020,101,1011020,PHILADELPHIA - 1011020,1.000000000000,vtd20_identity
101,001021,101,1011021,PHILADELPHIA - 1011021,1.000000000000,vtd20_identity
101,001022,101,1011022,PHILADELPHIA - 1011022,1.000000000000,vtd20_identity
101,001023,101,1011023,PHILADELPHIA - 1011023,1.000000000000,vtd20_identity
101,001024,101,1011024,PHILADELPHIA - 1011024,1.000000000000,vtd20_identity
101,001025,101,1011025,PHILADELPHIA - 1011025,1.000000000000,vtd20_identity
101,001026,101,1011026,PHILADELPHIA - 1011026,1.000000000000,vtd20_identity
101,001027,101,1011027,PHILADELPHIA - 1011027,1.000000000000,vtd20_identity
101,001028,101,1011028,PHILADELPHIA - 1011028,1.000000000000,vtd20_identity
101,001029,101,1011029,PHILADELPHIA - 1011029,1.000000000000,vtd20_identity
101,001057,101,1011055,PHILADELPHIA - 1011055,1.000000000000,census_block_count
101,001068,101,1011075,PHILADELPHIA - 1011075,0.666666666667,census_block_count
101,001068,101,1011065,PHILADELPHIA - 1011065,0.333333333333,census_block_count
101,001069,101,1011075,PHILADELPHIA - 1011075,1.000000000000,census_block_count
101,001080,101,101517,PHILADELPHIA - 101517,0.733333333333,census_block_count
101,001080,101,101523,PHILADELPHIA - 101523,0.200000000000,census_block_count
101,001080,101,101515,PHILADELPHIA - 101515,0.066666666667,census_block_count
101,001081,101,101517,PHILADELPHIA - 101517,0.210526315789,census_block_count
101,001081,101,101521,PHILADELPHIA - 101521,0.789473684211,census_block_count
101,001082,101,1011065,PHILADELPHIA - 1011065,1.000000000000,vtd20_identity
101,001083,101,101513,PHILADELPHIA - 101513,1.000000000000,vtd20_identity
101,001084,101,101517,PHILADELPHIA - 101517,1.000000000000,vtd20_identity
101,001085,101,101521,PHILADELPHIA - 101521,1.000000000000,census_block_count
101,001086,101,101521,PHILADELPHIA - 101521,1.000000000000,vtd20_identity
101,001087,101,101513,PHILADELPHIA - 101513,1.000000000000,census_block_count
101,001088,101,1011075,PHILADELPHIA - 1011075,1.000000000000,census_block_count
101,001089,101,1011075,PHILADELPHIA - 1011075,1.000000000000,vtd20_identity
101,001101,101,1011101,PHILADELPHIA - 1011101,1.000000000000,vtd20_identity
101,001102,101,1011102,PHILADELPHIA - 1011102,1.000000000000,vtd20_identity
101,001103,101,1011103,PHILADELPHIA - 1011103,1.000000000000,vtd20_identity
101,001104,101,1011104,PHILADELPHIA - 1011104,1.000000000000,vtd20_identity
101,001105,101,1011105,PHILADELPHIA - 1011105,1.000000000000,vtd20_identity
101,001106,101,1011106,PHILADELPHIA - 1011106,1.000000000000,vtd20_identity
101,001107,101,1011107,PHILADELPHIA - 1011107,1.000000000000,vtd20_identity
101,001108,101,1011108,PHILADELPHIA - 1011108,1.000000000000,vtd20_identity
101,001109,101,1011109,PHILADELPHIA - 1011109,1.000000000000,vtd20_identity
101,001110,101,1011110,PHILADELPHIA - 1011110,1.000000000000,vtd20_identity
101,001111,101,1011111,PHILADELPHIA - 1011111,1.000000000000,vtd20_identity
101,001112,101,1011112,PHILADELPHIA - 1011112,1.000000000000,vtd20_identity
101,001113,101,1011113,PHILADELPHIA - 1011113,1.000000000000,vtd20_identity
101,001114,101,1011114,PHILADELPHIA - 1011114,1.000000000000,vtd20_identity
101,001115,101,1011115,PHILADELPHIA - 1011115,1.000000000000,vtd20_identity
101,001116,101,1011116,PHILADELPHIA - 1011116,1.000000000000,vtd20_identity
101,001117,101,1011117,PHILADELPHIA - 1011117,1.000000000000,vtd20_identity
101,001118,101,1011118,PHILADELPHIA - 1011118,1.000000000000,vtd20_identity
101,001119,101,1011119,PHILADELPHIA - 1011119,1.000000000000,vtd20_identity
101,001120,101,1011120,PHILADELPHIA - 1011120,1.000000000000,vtd20_identity
101,001201,101,1011201,PHILADELPHIA - 1011201,1.000000000000,vtd20_identity
101,001202,101,1011202,PHILADELPHIA - 1011202,1.000000000000,vtd20_identity
101,001203,101,1011203,PHILADELPHIA - 1011203,1.000000000000,vtd20_identity
101,001204,101,1011204,PHILADELPHIA - 1011204,1.000000000000,vtd20_identity
101,001205,101,1011205,PHILADELPHIA - 1011205,1.000000000000,vtd20_identity
101,001206,101,1011206,PHILADELPHIA - 1011206,1.000000000000,vtd20_identity
101,001207,101,1011207,PHILADELPHIA - 1011207,1.000000000000,vtd20_identity
101,001208,101,1011208,PHILADELPHIA - 1011208,1.000000000000,vtd20_identity
101,001209,101,1011209,PHILADELPHIA - 1011209,1.000000000000,vtd20_identity
101,001210,101,1011210,PHILADELPHIA - 1011210,1.000000000000,vtd20_identity
101,001211,101,1011211,PHILADELPHIA - 1011211,1.000000000000,vtd20_identity
101,001212,101,1011212,PHILADELPHIA - 1011212,1.000000000000,vtd20_identity
101,001213,101,1011213,PHILADELPHIA - 1011213,1.000000000000,vtd20_identity
101,001214,101,1011214,PHILADELPHIA - 1011214,1.000000000000,vtd20_identity
101,001215,101,1011215,PHILADELPHIA - 1011215,1.000000000000,vtd20_identity
101,001216,101,1011216,PHILADELPHIA - 1011216,1.000000000000,vtd20_identity
101,001217,101,1011217,PHILADELPHIA - 1011217,1.000000000000,vtd20_identity
101,001218,101,1011218,PHILADELPHIA - 1011218,1.000000000000,vtd20_identity
101,001219,101,1011219,PHILADELPHIA - 1011219,1.000000000000,vtd20_identity
101,001220,101,1011220,PHILADELPHIA - 1011220,1.000000000000,vtd20_identity
101,001221,101,1011221,PHILADELPHIA - 1011221,1.000000000000,vtd20_identity
101,001222,101,1011222,PHILADELPHIA - 1011222,1.000000000000,vtd20_identity
101,001223,101,1011223,PHILADELPHIA - 1011223,1.000000000000,vtd20_identity
101,001224,101,1011224,PHILADELPHIA - 1011224,1.000000000000,vtd20_identity
101,001301,101,1011301,PHILADELPHIA - 1011301,1.000000000000,vtd20_identity
101,001302,101,1011302,PHILADELPHIA - 1011302,1.000000000000,vtd20_identity
101,001303,101,1011303,PHILADELPHIA - 1011303,1.000000000000,vtd20_identity
101,001304,101,1011304,PHILADELPHIA - 1011304,1.000000000000,vtd20_identity
101,001305,101,1011305,PHILADELPHIA - 1011305,1.000000000000,vtd20_identity
101,001306,101,1011306,PHILADELPHIA - 1011306,1.000000000000,vtd20_identity
101,001307,101,1011307,PHILADELPHIA - 1011307,1.000000000000,vtd20_identity
101,001308,101,1011308,PHILADELPHIA - 1011308,1.000000000000,vtd20_identity
101,001309,101,1011309,PHILADELPHIA - 1011309,1.000000000000,vtd20_identity
101,001310,101,1011310,PHILADELPHIA - 1011310,1.000000000000,vtd20_identity
101,001311,101,1011311,PHILADELPHIA - 1011311,1.000000000000,vtd20_identity
101,001312,101,1011312,PHILADELPHIA - 1011312,1.000000000000,vtd20_identity
101,001313,101,1011313,PHILADELPHIA - 1011313,1.000000000000,vtd20_identity
101,001314,101,1011314,PHILADELPHIA - 1011314,1.000000000000,vtd20_identity
101,001315,101,1011315,PHILADELPHIA - 1011315,1.000000000000,vtd20_identity
101,001316,101,1011316,PHILADELPHIA - 1011316,1.000000000000,vtd20_identity
101,001317,101,1011317,PHILADELPHIA - 1011317,1.000000000000,vtd20_identity
101,001318,101,1011318,PHILADELPHIA - 1011318,1.000000000000,vtd20_identity
101,001319,101,1011319,PHILADELPHIA - 1011319,1.000000000000,vtd20_identity
101,001320,101,1011320,PHILADELPHIA - 1011320,1.000000000000,vtd20_identity
101,001321,101,1011321,PHILADELPHIA - 1011321,1.000000000000,vtd20_identity
101,001322,101,1011322,PHILADELPHIA - 1011322,1.000000000000,vtd20_identity
101,001323,101,1011323,PHILADELPHIA - 1011323,1.000000000000,vtd20_identity
101,001324,101,1011324,PHILADELPHIA - 1011324,1.000000000000,vtd20_identity
101,001325,101,1011325,PHILADELPHIA - 1011325,1.000000000000,vtd20_identity
101,001401,101,1011401,PHILADELPHIA - 1011401,1.000000000000,vtd20_identity
101,001402,101,1011402,PHILADELPHIA - 1011402,1.000000000000,vtd20_identity
101,001403,101,1011403,PHILADELPHIA - 1011403,1.000000000000,vtd20_identity
101,001404,101,1011404,PHILADELPHIA - 1011404,1.000000000000,vtd20_identity
101,001405,101,1011405,PHILADELPHIA - 1011405,1.000000000000,vtd20_identity
101,001406,101,1011406,PHILADELPHIA - 1011406,1.000000000000,vtd20_identity
101,001407,101,1011407,PHILADELPHIA - 1011407,1.000000000000,vtd20_identity
101,001408,101,1011408,PHILADELPHIA - 1011408,1.000000000000,vtd20_identity
101,001409,101,1011409,PHILADELPHIA - 1011409,1.000000000000,vtd20_identity
101,001410,101,1011410,PHILADELPHIA - 1011410,1.000000000000,vtd20_identity
101,001411,101,1011411,PHILADELPHIA - 1011411,1.000000000000,vtd20_identity
101,001501,101,1011501,PHILADELPHIA - 1011501,1.000000000000,vtd20_identity
101,001502,101,1011502,PHILADELPHIA - 1011502,1.000000000000,vtd20_identity
101,001503,101,1011503,PHILADELPHIA - 1011503,1.000000000000,vtd20_identity
101,001504,101,1011504,PHILADELPHIA - 1011504,1.000000000000,vtd20_identity
101,001505,101,1011505,PHILADELPHIA - 1011505,1.000000000000,vtd20_identity
101,001506,101,1011506,PHILADELPHIA - 1011506,1.000000000000,vtd20_identity
101,001507,101,1011507,PHILADELPHIA - 1011507,1.000000000000,vtd20_identity
101,001508,101,1011508,PHILADELPHIA - 1011508,1.000000000000,vtd20_identity
101,001509,101,1011509,PHILADELPHIA - 1011509,1.000000000000,vtd20_identity
101,001510,101,1011510,PHILADELPHIA - 1011510,1.000000000000,vtd20_identity
101,001511,101,1011511,PHILADELPHIA - 1011511,1.000000000000,vtd20_identity
101,001512,101,1011512,PHILADELPHIA - 1011512,1.000000000000,vtd20_identity
101,001513,101,1011513,PHILADELPHIA - 1011513,1.000000000000,vtd20_identity
101,001514,101,1011514,PHILADELPHIA - 1011514,1.000000000000,vtd20_identity
101,001515,101,1011515,PHILADELPHIA - 1011515,1.000000000000,vtd20_identity
101,001516,101,1011516,PHILADELPHIA - 1011516,1.000000000000,vtd20_identity
101,001517,101,1011517,PHILADELPHIA - 1011517,1.000000000000,vtd20_identity
101,001518,101,1011518,PHILADELPHIA - 1011518,1.000000000000,vtd20_identity
101,001519,101,1011519,PHILADELPHIA - 1011519,1.000000000000,vtd20_identity
101,001601,101,1011601,PHILADELPHIA - 1011601,1.000000000000,vtd20_identity
101,001602,101,1011602,PHILADELPHIA - 1011602,1.000000000000,vtd20_identity
101,001603,101,1011603,PHILADELPHIA - 1011603,1.000000000000,vtd20_identity
101,001604,101,1011604,PHILADELPHIA - 1011604,1.000000000000,vtd20_identity
101,001605,101,1011605,PHILADELPHIA - 1011605,1.000000000000,vtd20_identity
101,001606,101,1011606,PHILADELPHIA - 1011606,1.000000000000,vtd20_identity
101,001607,101,1011607,PHILADELPHIA - 1011607,1.000000000000,vtd20_identity
101,001608,101,1011608,PHILADELPHIA - 1011608,1.000000000000,vtd20_identity
101,001609,101,1011609,PHILADELPHIA - 1011609,1.000000000000,vtd20_identity
101,001610,101,1011610,PHILADELPHIA - 1011610,1.000000000000,vtd20_identity
101,001611,101,1011611,PHILADELPHIA - 1011611,1.000000000000,vtd20_identity
101,001612,101,1011612,PHILADELPHIA - 1011612,1.000000000000,vtd20_identity
101,001613,101,1011613,PHILADELPHIA - 1011613,1.000000000000,vtd20_identity
101,001614,101,1011614,PHILADELPHIA - 1011614,1.000000000000,vtd20_identity
101,001615,101,1011615,PHILADELPHIA - 1011615,1.000000000000,vtd20_identity
101,001616,101,1011616,PHILADELPHIA - 1011616,1.000000000000,vtd20_identity
101,001617,101,1011617,PHILADELPHIA - 1011617,1.000000000000,vtd20_identity
101,001618,101,1011618,PHILADELPHIA - 1011618,1.000000000000,vtd20_identity
101,001701,101,1011701,PHILADELPHIA - 1011701,1.000000000000,vtd20_identity
101,001702,101,1011702,PHILADELPHIA - 1011702,1.000000000000,vtd20_identity
101,001703,101,1011703,PHILADELPHIA - 1011703,1.000000000000,vtd20_identity
101,001704,101,1011704,PHILADELPHIA - 1011704,1.000000000000,vtd20_identity
101,001705,101,1011705,PHILADELPHIA - 1011705,1.000000000000,vtd20_identity
101,001706,101,1011706,PHILADELPHIA - 1011706,1.000000000000,vtd20_identity
101,001707,101,1011707,PHILADELPHIA - 1011707,1.000000000000,vtd20_identity
101,001708,101,1011708,PHILADELPHIA - 1011708,1.000000000000,vtd20_identity
101,001709,101,1011709,PHILADELPHIA - 1011709,1.000000000000,vtd20_identity
101,001710,101,1011710,PHILADELPHIA - 1011710,1.000000000000,vtd20_identity
101,001711,101,1011711,PHILADELPHIA - 1011711,1.000000000000,vtd20_identity
101,001712,101,1011712,PHILADELPHIA - 1011712,1.000000000000,vtd20_identity
101,001713,101,1011713,PHILADELPHIA - 1011713,1.000000000000,vtd20_identity
101,001714,101,1011714,PHILADELPHIA - 1011714,1.000000000000,vtd20_identity
101,001715,101,1011715,PHILADELPHIA - 1011715,1.000000000000,vtd20_identity
101,001716,101,1011716,PHILADELPHIA - 1011716,1.000000000000,vtd20_identity
101,001717,101,1011717,PHILADELPHIA - 1011717,1.000000000000,vtd20_identity
101,001718,101,1011718,PHILADELPHIA - 1011718,1.000000000000,vtd20_identity
101,001719,101,1011719,PHILADELPHIA - 1011719,1.000000000000,vtd20_identity
101,001720,101,1011720,PHILADELPHIA - 1011720,1.000000000000,vtd20_identity
101,001721,101,1011721,PHILADELPHIA - 1011721,1.000000000000,vtd20_identity
101,001722,101,1011722,PHILADELPHIA - 1011722,1.000000000000,vtd20_identity
101,001723,101,1011723,PHILADELPHIA - 1011723,1.000000000000,vtd20_identity
101,001724,101,1011724,PHILADELPHIA - 1011724,1.000000000000,vtd20_identity
101,001725,101,1011725,PHILADELPHIA - 1011725,1.000000000000,vtd20_identity
101,001726,101,1011726,PHILADELPHIA - 1011726,1.000000000000,vtd20_identity
101,001727,101,1011727,PHILADELPHIA - 1011727,1.000000000000,vtd20_identity
101,001728,101,1011728,PHILADELPHIA - 1011728,1.000000000000,vtd20_identity
101,001729,101,1011729,PHILADELPHIA - 1011729,1.000000000000,vtd20_identity
101,001799,101,1011801,PHILADELPHIA - 1011801,1.000000000000,vtd20_identity
101,001803,101,1011803,PHILADELPHIA - 1011803,1.000000000000,vtd20_identity
101,001805,101,1011805,PHILADELPHIA - 1011805,1.000000000000,vtd20_identity
101,001806,101,1011806,PHILADELPHIA - 1011806,1.000000000000,vtd20_identity
101,001807,101,1011807,PHILADELPHIA - 1011807,1.000000000000,vtd20_identity
101,001808,101,1011808,PHILADELPHIA - 1011808,1.000000000000,vtd20_identity
101,001810,101,1011810,PHILADELPHIA - 1011810,1.000000000000,vtd20_identity
101,001811,101,1011811,PHILADELPHIA - 1011811,1.000000000000,vtd20_identity
101,001812,101,1011812,PHILADELPHIA - 1011812,1.000000000000,vtd20_identity
101,001813,101,1011813,PHILADELPHIA - 1011813,1.000000000000,vtd20_identity
101,001814,101,1011814,PHILADELPHIA - 1011814,1.000000000000,vtd20_identity
101,001815,101,1011815,PHILADELPHIA - 1011815,1.000000000000,vtd20_identity
101,001816,101,1011816,PHILADELPHIA - 1011816,1.000000000000,vtd20_identity
101,001817,101,1011817,PHILADELPHIA - 1011817,1.000000000000,vtd20_identity
101,001818,101,1011801,PHILADELPHIA - 1011801,0.640000000000,census_block_count
101,001818,101,1011814,PHILADELPHIA - 1011814,0.080000000000,census_block_count
101,001818,101,1011809,PHILADELPHIA - 1011809,0.280000000000,census_block_count
101,001819,101,1011809,PHILADELPHIA - 1011809,1.000000000000,vtd20_identity
101,001820,101,1011801,PHILADELPHIA - 1011801,0.375000000000,census_block_count
101,001820,101,1011802,PHILADELPHIA - 1011802,0.625000000000,census_block_count
101,001821,101,1011804,PHILADELPHIA - 1011804,1.000000000000,vtd20_identity
101,001822,101,1011802,PHILADELPHIA - 1011802,1.000000000000,vtd20_identity
101,001901,101,1011901,PHILADELPHIA - 1011901,1.000000000000,vtd20_identity
101,001902,101,1011902,PHILADELPHIA - 1011902,1.000000000000,vtd20_identity
101,001903,101,1011903,PHILADELPHIA - 1011903,1.000000000000,vtd20_identity
101,001904,101,1011904,PHILADELPHIA - 1011904,1.000000000000,vtd20_identity
101,001905,101,1011905,PHILADELPHIA - 1011905,1.000000000000,vtd20_identity
101,001906,101,1011906,PHILADELPHIA - 1011906,1.000000000000,vtd20_identity
101,001907,101,1011907,PHILADELPHIA - 1011907,1.000000000000,vtd20_identity
101,001908,101,1011908,PHILADELPHIA - 1011908,1.000000000000,vtd20_identity
101,001909,101,1011909,PHILADELPHIA - 1011909,1.000000000000,vtd20_identity
101,001910,101,1011910,PHILADELPHIA - 1011910,1.000000000000,vtd20_identity
101,001911,101,1011911,PHILADELPHIA - 1011911,1.000000000000,vtd20_identity
101,001912,101,1011912,PHILADELPHIA - 1011912,1.000000000000,vtd20_identity
101,001913,101,1011913,PHILADELPHIA - 1011913,1.000000000000,vtd20_identity
101,001914,101,1011914,PHILADELPHIA - 1011914,1.000000000000,vtd20_identity
101,001915,101,1011915,PHILADELPHIA - 1011915,1.000000000000,vtd20_identity
101,001916,101,1011916,PHILADELPHIA - 1011916,1.000000000000,vtd20_identity
101,001917,101,1011917,PHILADELPHIA - 1011917,1.000000000000,vtd20_identity
101,001918,101,1011918,PHILADELPHIA - 1011918,1.000000000000,vtd20_identity
101,001919,101,1011919,PHILADELPHIA - 1011919,1.000000000000,vtd20_identity
101,002001,101,1012001,PHILADELPHIA - 1012001,1.000000000000,vtd20_identity
101,002002,101,1012002,PHILADELPHIA - 1012002,1.000000000000,vtd20_identity
101,002004,101,1012004,PHILADELPHIA - 1012004,1.000000000000,vtd20_identity
101,002005,101,1012005,PHILADELPHIA - 1012005,1.000000000000,vtd20_identity
101,002006,101,1012006,PHILADELPHIA - 1012006,1.000000000000,vtd20_identity
101,002007,101,1012007,PHILADELPHIA - 1012007,1.000000000000,vtd20_identity
101,002008,101,1012008,PHILADELPHIA - 1012008,1.000000000000,vtd20_identity
101,002009,101,1012009,PHILADELPHIA - 1012009,1.000000000000,vtd20_identity
101,002010,101,1012010,PHILADELPHIA - 1012010,1.000000000000,vtd20_identity
101,002011,101,1012003,PHILADELPHIA - 1012003,1.000000000000,census_block_count
101,002023,101,1012003,PHILADELPHIA - 1012003,1.000000000000,vtd20_identity
101,002101,101,1012101,PHILADELPHIA - 1012101,1.000000000000,vtd20_identity
101,002102,101,1012102,PHILADELPHIA - 1012102,1.000000000000,vtd20_identity
101,002103,101,1012103,PHILADELPHIA - 1012103,1.000000000000,vtd20_identity
101,002104,101,1012104,PHILADELPHIA - 1012104,1.000000000000,vtd20_identity
101,002105,101,1012105,PHILADELPHIA - 1012105,1.000000000000,vtd20_identity
101,002106,101,1012106,PHILADELPHIA - 1012106,1.000000000000,vtd20_identity
101,002107,101,1012107,PHILADELPHIA - 1012107,1.000000000000,vtd20_identity
101,002108,101,1012108,PHILADELPHIA - 1012108,1.000000000000,vtd20_identity
101,002109,101,1012109,PHILADELPHIA - 1012109,1.000000000000,vtd20_identity
101,002110,101,1012110,PHILADELPHIA - 1012110,1.000000000000,vtd20_identity
101,002111,101,1012111,PHILADELPHIA - 1012111,1.000000000000,vtd20_identity
101,002112,101,1012112,PHILADELPHIA - 1012112,1.000000000000,vtd20_identity
101,002113,101,1012113,PHILADELPHIA - 1012113,1.000000000000,vtd20_identity
101,002114,101,1012114,PHILADELPHIA - 1012114,1.000000000000,vtd20_identity
101,002115,101,1012115,PHILADELPHIA - 1012115,1.000000000000,vtd20_identity
101,002116,101,1012116,PHILADELPHIA - 1012116,1.000000000000,vtd20_identity
101,002117,101,1012117,PHILADELPHIA - 1012117,1.000000000000,vtd20_identity
101,002118,101,1012118,PHILADELPHIA - 1012118,1.000000000000,vtd20_identity
101,002119,101,1012119,PHILADELPHIA - 1012119,1.000000000000,vtd20_identity
101,002120,101,1012120,PHILADELPHIA - 1012120,1.000000000000,vtd20_identity
101,002121,101,1012121,PHILADELPHIA - 1012121,1.000000000000,vtd20_identity
101,002122,101,1012122,PHILADELPHIA - 1012122,1.000000000000,vtd20_identity
101,002123,101,1012123,PHILADELPHIA - 1012123,1.000000000000,vtd20_identity
101,002124,101,1012124,PHILADELPHIA - 1012124,1.000000000000,vtd20_identity
101,002125,101,1012125,PHILADELPHIA - 1012125,1.000000000000,vtd20_identity
101,002126,101,1012126,PHILADELPHIA - 1012126,1.000000000000,vtd20_identity
101,002127,101,1012127,PHILADELPHIA - 1012127,1.000000000000,vtd20_identity
101,002128,101,1012128,PHILADELPHIA - 1012128,1.000000000000,vtd20_identity
101,002129,101,1012129,PHILADELPHIA - 1012129,1.000000000000,vtd20_identity
101,002130,101,1012130,PHILADELPHIA - 1012130,1.000000000000,vtd20_identity
101,002131,101,1012131,PHILADELPHIA - 1012131,1.000000000000,vtd20_identity
101,002132,101,1012132,PHILADELPHIA - 1012132,1.000000000000,vtd20_identity
101,002133,101,1012133,PHILADELPHIA - 1012133,1.000000000000,vtd20_identity
101,002134,101,1012134,PHILADELPHIA - 1012134,1.000000000000,vtd20_identity
101,002135,101,1012135,PHILADELPHIA - 1012135,1.000000000000,vtd20_identity
101,002136,101,1012136,PHILADELPHIA - 1012136,1.000000000000,vtd20_identity
101,002137,101,1012137,PHILADELPHIA - 1012137,1.000000000000,vtd20_identity
101,002138,101,1012138,PHILADELPHIA - 1012138,1.000000000000,vtd20_identity
101,002139,101,1012139,PHILADELPHIA - 1012139,1.000000000000,vtd20_identity
101,002140,101,1012140,PHILADELPHIA - 1012140,1.000000000000,vtd20_identity
101,002141,101,1012141,PHILADELPHIA - 1012141,1.000000000000,vtd20_identity
101,002142,101,1012142,PHILADELPHIA - 1012142,1.000000000000,vtd20_identity
101,002143,101,1012143,PHILADELPHIA - 1012143,1.000000000000,vtd20_identity
101,002144,101,1012144,PHILADELPHIA - 1012144,1.000000000000,vtd20_identity
101,002145,101,1012145,PHILADELPHIA - 1012145,1.000000000000,vtd20_identity
101,002201,101,1012201,PHILADELPHIA - 1012201,1.000000000000,vtd20_identity
101,002202,101,1012202,PHILADELPHIA - 1012202,1.000000000000,vtd20_identity
101,002203,101,1012203,PHILADELPHIA - 1012203,1.000000000000,vtd20_identity
101,002204,101,1012204,PHILADELPHIA - 1012204,1.000000000000,vtd20_identity
101,002205,101,1012205,PHILADELPHIA - 1012205,1.000000000000,vtd20_identity
101,002206,101,1012206,PHILADELPHIA - 1012206,1.000000000000,vtd20_identity
101,002207,101,1012207,PHILADELPHIA - 1012207,1.000000000000,vtd20_identity
101,002208,101,1012208,PHILADELPHIA - 1012208,1.000000000000,vtd20_identity
101,002209,101,1012209,PHILADELPHIA - 1012209,1.000000000000,vtd20_identity
101,002210,101,1012210,PHILADELPHIA - 1012210,1.000000000000,vtd20_identity
101,002211,101,1012211,PHILADELPHIA - 1012211,1.000000000000,vtd20_identity
101,002212,101,1012212,PHILADELPHIA - 1012212,1.000000000000,vtd20_identity
101,002213,101,1012213,PHILADELPHIA - 1012213,1.000000000000,vtd20_identity
101,002214,101,1012214,PHILADELPHIA - 1012214,1.000000000000,vtd20_identity
101,002215,101,1012215,PHILADELPHIA - 1012215,1.000000000000,vtd20_identity
101,002216,101,1012216,PHILADELPHIA - 1012216,1.000000000000,vtd20_identity
101,002217,101,1012217,PHILADELPHIA - 1012217,1.000000000000,vtd20_identity
101,002218,101,1012218,PHILADELPHIA - 1012218,1.000000000000,vtd20_identity
101,002219,101,1012219,PHILADELPHIA - 1012219,1.000000000000,vtd20_identity
101,002220,101,1012220,PHILADELPHIA - 1012220,1.000000000000,vtd20_identity
101,002221,101,1012221,PHILADELPHIA - 1012221,1.000000000000,vtd20_identity
101,002222,101,1012222,PHILADELPHIA - 1012222,1.000000000000,vtd20_identity
101,002223,101,1012223,PHILADELPHIA - 1012223,1.000000000000,vtd20_identity
101,002224,101,1012224,PHILADELPHIA - 1012224,1.000000000000,vtd20_identity
101,002225,101,1012225,PHILADELPHIA - 1012225,1.000000000000,vtd20_identity
101,002226,101,1012226,PHILADELPHIA - 1012226,1.000000000000,vtd20_identity
101,002227,101,1012227,PHILADELPHIA - 1012227,1.000000000000,vtd20_identity
101,002228,101,1012228,PHILADELPHIA - 1012228,1.000000000000,vtd20_identity
101,002229,101,1012229,PHILADELPHIA - 1012229,1.000000000000,vtd20_identity
101,002301,101,1012301,PHILADELPHIA - 1012301,1.000000000000,vtd20_identity
101,002302,101,1012302,PHILADELPHIA - 1012302,1.000000000000,vtd20_identity
101,002303,101,1012303,PHILADELPHIA - 1012303,1.000000000000,vtd20_identity
101,002304,101,1012304,PHILADELPHIA - 1012304,1.000000000000,vtd20_identity
101,002305,101,1012305,PHILADELPHIA - 1012305,1.000000000000,vtd20_identity
101,002306,101,1012306,PHILADELPHIA - 1012306,1.000000000000,vtd20_identity
101,002307,101,1012307,PHILADELPHIA - 1012307,1.000000000000,vtd20_identity
101,002308,101,1012308,PHILADELPHIA - 1012308,1.000000000000,vtd20_identity
101,002309,101,1012309,PHILADELPHIA - 1012309,1.000000000000,vtd20_identity
101,002310,101,1012310,PHILADELPHIA - 1012310,1.000000000000,vtd20_identity
101,002311,101,1012311,PHILADELPHIA - 1012311,1.000000000000,vtd20_identity
101,002312,101,1012312,PHILADELPHIA - 1012312,1.000000000000,vtd20_identity
101,002313,101,1012313,PHILADELPHIA - 1012313,1.000000000000,vtd20_identity
101,002314,101,1012314,PHILADELPHIA - 1012314,1.000000000000,vtd20_identity
101,002315,101,1012315,PHILADELPHIA - 1012315,1.000000000000,vtd20_identity
101,002316,101,1012316,PHILADELPHIA - 1012316,1.000000000000,vtd20_identity
101,002317,101,1012317,PHILADELPHIA - 1012317,1.000000000000,vtd20_identity
101,002318,101,1012318,PHILADELPHIA - 1012318,1.000000000000,vtd20_identity
101,002319,101,1012319,PHILADELPHIA - 1012319,1.000000000000,vtd20_identity
101,002320,101,1012320,PHILADELPHIA - 1012320,1.000000000000,vtd20_identity
101,002321,101,1012321,PHILADELPHIA - 1012321,1.000000000000,vtd20_identity
101,002322,101,1012322,PHILADELPHIA - 1012322,1.000000000000,vtd20_identity
101,002323,101,1012323,PHILADELPHIA - 1012323,1.000000000000,vtd20_identity
101,002401,101,1012401,PHILADELPHIA - 1012401,1.000000000000,vtd20_identity
101,002402,101,1012402,PHILADELPHIA - 1012402,1.000000000000,vtd20_identity
101,002403,101,1012403,PHILADELPHIA - 1012403,1.000000000000,vtd20_identity
101,002404,101,1012404,PHILADELPHIA - 1012404,1.000000000000,vtd20_identity
101,002405,101,1012405,PHILADELPHIA - 1012405,1.000000000000,vtd20_identity
101,002406,101,1012406,PHILADELPHIA - 1012406,1.000000000000,vtd20_identity
101,002407,101,1012407,PHILADELPHIA - 1012407,1.000000000000,vtd20_identity
101,002408,101,1012408,PHILADELPHIA - 1012408,1.000000000000,vtd20_identity
101,002409,101,1012409,PHILADELPHIA - 1012409,1.000000000000,vtd20_identity
101,002411,101,1012411,PHILADELPHIA - 1012411,1.000000000000,vtd20_identity
101,002412,101,1012412,PHILADELPHIA - 1012412,1.000000000000,vtd20_identity
101,002413,101,1012413,PHILADELPHIA - 1012413,1.000000000000,vtd20_identity
101,002414,101,1012414,PHILADELPHIA - 1012414,1.000000000000,vtd20_identity
101,002415,101,1012415,PHILADELPHIA - 1012415,1.000000000000,vtd20_identity
101,002416,101,1012416,PHILADELPHIA - 1012416,1.000000000000,vtd20_identity
101,002417,101,1012417,PHILADELPHIA - 1012417,1.000000000000,vtd20_identity
101,002418,101,1012410,PHILADELPHIA - 1012410,1.000000000000,census_block_count
101,002419,101,1012410,PHILADELPHIA - 1012410,1.000000000000,vtd20_identity
101,002440,101,1012410,PHILADELPHIA - 1012410,1.000000000000,census_block_count
101,002501,101,1012501,PHILADELPHIA - 1012501,1.000000000000,census_block_count
101,002502,101,1012502,PHILADELPHIA - 1012502,1.000000000000,vtd20_identity
101,002503,101,1012503,PHILADELPHIA - 1012503,1.000000000000,vtd20_identity
101,002504,101,1012505,PHILADELPHIA - 1012505,0.117647058824,census_block_count
101,002504,101,1012501,PHILADELPHIA - 1012501,0.176470588235,census_block_count
101,002504,101,1012504,PHILADELPHIA - 1012504,0.705882352941,census_block_count
101,002505,101,1012505,PHILADELPHIA - 1012505,1.000000000000,vtd20_identity
101,002506,101,1012506,PHILADELPHIA - 1012506,1.000000000000,vtd20_identity
101,002507,101,1012507,PHILADELPHIA - 1012507,1.000000000000,vtd20_identity
101,002508,101,1012508,PHILADELPHIA - 1012508,1.000000000000,vtd20_identity
101,002509,101,1012509,PHILADELPHIA - 1012509,1.000000000000,vtd20_identity
101,002510,101,1012510,PHILADELPHIA - 1012510,1.000000000000,vtd20_identity
101,002511,101,1012511,PHILADELPHIA - 1012511,1.000000000000,vtd20_identity
101,002512,101,1012512,PHILADELPHIA - 1012512,1.000000000000,vtd20_identity
101,002513,101,1012513,PHILADELPHIA - 1012513,1.000000000000,vtd20_identity
101,002514,101,1012514,PHILADELPHIA - 1012514,1.000000000000,vtd20_identity
101,002515,101,1012515,PHILADELPHIA - 1012515,1.000000000000,vtd20_identity
101,002516,101,1012516,PHILADELPHIA - 1012516,1.000000000000,vtd20_identity
101,002517,101,1012517,PHILADELPHIA - 1012517,1.000000000000,vtd20_identity
101,002518,101,1012518,PHILADELPHIA - 1012518,1.000000000000,vtd20_identity
101,002519,101,1012519,PHILADELPHIA - 1012519,1.000000000000,vtd20_identity
101,002520,101,1012520,PHILADELPHIA - 1012520,1.000000000000,vtd20_identity
101,002521,101,1012521,PHILADELPHIA - 1012521,1.000000000000,vtd20_identity
101,002522,101,1012522,PHILADELPHIA - 1012522,1.000000000000,vtd20_identity
101,002523,101,1012523,PHILADELPHIA - 1012523,1.000000000000,vtd20_identity
101,002524,101,1012524,PHILADELPHIA - 1012524,1.000000000000,vtd20_identity
101,002601,101,1012601,PHILADELPHIA - 1012601,1.000000000000,vtd20_identity
101,002602,101,1012602,PHILADELPHIA - 1012602,1.000000000000,vtd20_identity
101,002603,101,1012603,PHILADELPHIA - 1012603,1.000000000000,vtd20_identity
101,002604,101,1012604,PHILADELPHIA - 1012604,1.000000000000,vtd20_identity
101,002605,101,1012605,PHILADELPHIA - 1012605,1.000000000000,vtd20_identity
101,002606,101,1012606,PHILADELPHIA - 1012606,1.000000000000,vtd20_identity
101,002607,101,1012607,PHILADELPHIA - 1012607,1.000000000000,vtd20_identity
101,002608,101,1012608,PHILADELPHIA - 1012608,1.000000000000,vtd20_identity
101,002609,101,1012609,PHILADELPHIA - 1012609,1.000000000000,vtd20_identity
101,002610,101,1012610,PHILADELPHIA - 1012610,1.000000000000,vtd20_identity
101,002611,101,1012611,PHILADELPHIA - 1012611,1.000000000000,vtd20_identity
101,002612,101,1012612,PHILADELPHIA - 1012612,1.000000000000,vtd20_identity
101,002613,101,1012613,PHILADELPHIA - 1012613,1.000000000000,vtd20_identity
101,002614,101,1012614,PHILADELPHIA - 1012614,1.000000000000,vtd20_identity
101,002615,101,1012615,PHILADELPHIA - 1012615,1.000000000000,vtd20_identity
101,002616,101,1012616,PHILADELPHIA - 1012616,1.000000000000,vtd20_identity
101,002617,101,1012617,PHILADELPHIA - 1012617,1.000000000000,vtd20_identity
101,002618,101,1012618,PHILADELPHIA - 1012618,1.000000000000,vtd20_identity
101,002619,101,1012619,PHILADELPHIA - 1012619,1.000000000000,vtd20_identity
101,002620,101,1012620,PHILADELPHIA - 1012620,0.666666666667,census_block_count
101,002620,101,1012624,PHILADELPHIA - 1012624,0.266666666667,census_block_count
101,002620,101,1014030,PHILADELPHIA - 1014030,0.066666666667,census_block_count
101,002621,101,1012621,PHILADELPHIA - 1012621,1.000000000000,vtd20_identity
101,002622,101,1012622,PHILADELPHIA - 1012622,1.000000000000,vtd20_identity
101,002623,101,1012623,PHILADELPHIA - 1012623,1.000000000000,vtd20_identity
101,002701,101,1012701,PHILADELPHIA - 1012701,1.000000000000,vtd20_identity
101,002702,101,1012702,PHILADELPHIA - 1012702,1.000000000000,vtd20_identity
101,002703,101,1012703,PHILADELPHIA - 1012703,1.000000000000,vtd20_identity
101,002704,101,1012704,PHILADELPHIA - 1012704,1.000000000000,vtd20_identity
101,002705,101,1012705,PHILADELPHIA - 1012705,1.000000000000,vtd20_identity
101,002706,101,1012706,PHILADELPHIA - 1012706,1.000000000000,vtd20_identity
101,002707,101,1012707,PHILADELPHIA - 1012707,1.000000000000,vtd20_identity
101,002708,101,1012708,PHILADELPHIA - 1012708,1.000000000000,vtd20_identity
101,002709,101,1012709,PHILADELPHIA - 1012709,1.000000000000,vtd20_identity
101,002710,101,1012710,PHILADELPHIA - 1012710,1.000000000000,vtd20_identity
101,002711,101,1012711,PHILADELPHIA - 1012711,1.000000000000,vtd20_identity
101,002712,101,1012712,PHILADELPHIA - 1012712,1.000000000000,vtd20_identity
101,002713,101,1012713,PHILADELPHIA - 1012713,1.000000000000,vtd20_identity
101,002714,101,1012714,PHILADELPHIA - 1012714,1.000000000000,vtd20_identity
101,002715,101,1012715,PHILADELPHIA - 1012715,1.000000000000,vtd20_identity
101,002716,101,1012716,PHILADELPHIA - 1012716,1.000000000000,vtd20_identity
101,002717,101,1012717,PHILADELPHIA - 1012717,1.000000000000,vtd20_identity
101,002718,101,1012720,PHILADELPHIA - 1012720,0.142857142857,census_block_count
101,002718,101,1012721,PHILADELPHIA - 1012721,0.142857142857,census_block_count
101,002718,101,1012718,PHILADELPHIA - 1012718,0.714285714286,census_block_count
101,002719,101,1012719,PHILADELPHIA - 1012719,1.000000000000,vtd20_identity
101,002720,101,1012720,PHILADELPHIA - 1012720,1.000000000000,vtd20_identity
101,002721,101,1012721,PHILADELPHIA - 1012721,1.000000000000,census_block_count
101,002722,101,1012722,PHILADELPHIA - 1012722,1.000000000000,vtd20_identity
101,002723,101,1012723,PHILADELPHIA - 1012723,1.000000000000,vtd20_identity
101,002801,101,1012801,PHILADELPHIA - 1012801,1.000000000000,vtd20_identity
101,002802,101,1012802,PHILADELPHIA - 1012802,1.000000000000,vtd20_identity
101,002803,101,1012803,PHILADELPHIA - 1012803,1.000000000000,vtd20_identity
101,002804,101,1012804,PHILADELPHIA - 1012804,1.000000000000,vtd20_identity
101,002805,101,1012805,PHILADELPHIA - 1012805,1.000000000000,vtd20_identity
101,002806,101,1012806,PHILADELPHIA - 1012806,1.000000000000,vtd20_identity
101,002807,101,1012807,PHILADELPHIA - 1012807,1.000000000000,vtd20_identity
101,002808,101,1012808,PHILADELPHIA - 1012808,1.000000000000,vtd20_identity
101,002809,101,1012809,PHILADELPHIA - 1012809,1.000000000000,vtd20_identity
101,002810,101,1012810,PHILADELPHIA - 1012810,1.000000000000,vtd20_identity
101,002811,101,1012811,PHILADELPHIA - 1012811,1.000000000000,vtd20_identity
101,002812,101,1012812,PHILADELPHIA - 1012812,1.000000000000,vtd20_identity
101,002813,101,1012813,PHILADELPHIA - 1012813,1.000000000000,vtd20_identity
101,002814,101,1012814,PHILADELPHIA - 1012814,1.000000000000,vtd20_identity
101,002815,101,1012815,PHILADELPHIA - 1012815,1.000000000000,vtd20_identity
101,002816,101,1012816,PHILADELPHIA - 1012816,1.000000000000,vtd20_identity
101,002817,101,1012817,PHILADELPHIA - 1012817,1.000000000000,vtd20_identity
101,002818,101,1012818,PHILADELPHIA - 1012818,1.000000000000,vtd20_identity
101,002901,101,1012901,PHILADELPHIA - 1012901,1.000000000000,vtd20_identity
101,002902,101,1012902,PHILADELPHIA - 1012902,1.000000000000,vtd20_identity
101,002903,101,1012903,PHILADELPHIA - 1012903,1.000000000000,vtd20_identity
101,002904,101,1012904,PHILADELPHIA - 1012904,1.000000000000,vtd20_identity
101,002905,101,1012905,PHILADELPHIA - 1012905,1.000000000000,vtd20_identity
101,002906,101,1012906,PHILADELPHIA - 1012906,1.000000000000,vtd20_identity
101,002907,101,1012907,PHILADELPHIA - 1012907,1.000000000000,vtd20_identity
101,002908,101,1012908,PHILADELPHIA - 1012908,1.000000000000,vtd20_identity
101,002909,101,1012909,PHILADELPHIA - 1012909,1.000000000000,vtd20_identity
101,002910,101,1012910,PHILADELPHIA - 1012910,1.000000000000,vtd20_identity
101,002911,101,1012911,PHILADELPHIA - 1012911,1.000000000000,vtd20_identity
101,002912,101,1012912,PHILADELPHIA - 1012912,1.000000000000,vtd20_identity
101,002913,101,1012913,PHILADELPHIA - 1012913,1.000000000000,vtd20_identity
101,002914,101,1012914,PHILADELPHIA - 1012914,1.000000000000,vtd20_identity
101,002915,101,1012915,PHILADELPHIA - 1012915,1.000000000000,vtd20_identity
101,002916,101,1012916,PHILADELPHIA - 1012916,1.000000000000,vtd20_identity
101,002917,101,1012917,PHILADELPHIA - 1012917,1.000000000000,vtd20_identity
101,002918,101,1012918,PHILADELPHIA - 1012918,1.000000000000,vtd20_identity
101,003001,101,1013001,PHILADELPHIA - 1013001,1.000000000000,vtd20_identity
101,003002,101,1013002,PHILADELPHIA - 1013002,1.000000000000,vtd20_identity
101,003003,101,1013003,PHILADELPHIA - 1013003,1.000000000000,vtd20_identity
101,003004,101,1013004,PHILADELPHIA - 1013004,1.000000000000,vtd20_identity
101,003005,101,1013005,PHILADELPHIA - 1013005,1.000000000000,vtd20_identity
101,003006,101,1013006,PHILADELPHIA - 1013006,1.000000000000,vtd20_identity
101,003007,101,1013007,PHILADELPHIA - 1013007,1.000000000000,vtd20_identity
101,003008,101,1013008,PHILADELPHIA - 1013008,1.000000000000,vtd20_identity
101,003009,101,1013009,PHILADELPHIA - 1013009,1.000000000000,vtd20_identity
101,003010,101,1013010,PHILADELPHIA - 1013010,1.000000000000,vtd20_identity
101,003011,101,1013011,PHILADELPHIA - 1013011,1.000000000000,vtd20_identity
101,003012,101,1013012,PHILADELPHIA - 1013012,1.000000000000,vtd20_identity
101,003013,101,1013013,PHILADELPHIA - 1013013,1.000000000000,vtd20_identity
101,003014,101,1013014,PHILADELPHIA - 1013014,1.000000000000,vtd20_identity
101,003015,101,1013015,PHILADELPHIA - 1013015,1.000000000000,vtd20_identity
101,003016,101,1013016,PHILADELPHIA - 1013016,1.000000000000,vtd20_identity
101,003017,101,1013017,PHILADELPHIA - 1013017,1.000000000000,vtd20_identity
101,003101,101,1013101,PHILADELPHIA - 1013101,1.000000000000,vtd20_identity
101,003102,101,1013102,PHILADELPHIA - 1013102,1.000000000000,vtd20_identity
101,003103,101,1013103,PHILADELPHIA - 1013103,1.000000000000,vtd20_identity
101,003104,101,1013104,PHILADELPHIA - 1013104,1.000000000000,vtd20_identity
101,003105,101,1013105,PHILADELPHIA - 1013105,1.000000000000,vtd20_identity
101,003106,101,1013106,PHILADELPHIA - 1013106,1.000000000000,vtd20_identity
101,003107,101,1013107,PHILADELPHIA - 1013107,1.000000000000,vtd20_identity
101,003108,101,1013108,PHILADELPHIA - 1013108,1.000000000000,vtd20_identity
101,003109,101,1013109,PHILADELPHIA - 1013109,1.000000000000,vtd20_identity
101,003110,101,1013110,PHILADELPHIA - 1013110,1.000000000000,vtd20_identity
101,003111,101,1013111,PHILADELPHIA - 1013111,1.000000000000,vtd20_identity
101,003112,101,1013112,PHILADELPHIA - 1013112,1.000000000000,vtd20_identity
101,003113,101,1013113,PHILADELPHIA - 1013113,1.000000000000,vtd20_identity
101,003114,101,1013114,PHILADELPHIA - 1013114,1.000000000000,vtd20_identity
101,003115,101,1013115,PHILADELPHIA - 1013115,1.000000000000,vtd20_identity
101,003116,101,1013116,PHILADELPHIA - 1013116,1.000000000000,vtd20_identity
101,003117,101,1013117,PHILADELPHIA - 1013117,1.000000000000,vtd20_identity
101,003118,101,1013118,PHILADELPHIA - 1013118,1.000000000000,vtd20_identity
101,003119,101,1013119,PHILADELPHIA - 1013119,1.000000000000,vtd20_identity
101,003201,101,1013201,PHILADELPHIA - 1013201,1.000000000000,vtd20_identity
101,003202,101,1013202,PHILADELPHIA - 1013202,1.000000000000,vtd20_identity
101,003203,101,1013203,PHILADELPHIA - 1013203,1.000000000000,vtd20_identity
101,003204,101,1013204,PHILADELPHIA - 1013204,1.000000000000,vtd20_identity
101,003205,101,1013205,PHILADELPHIA - 1013205,1.000000000000,vtd20_identity
101,003206,101,1013206,PHILADELPHIA - 1013206,1.000000000000,vtd20_identity
101,003207,101,1013207,PHILADELPHIA - 1013207,1.000000000000,vtd20_identity
101,003208,101,1013208,PHILADELPHIA - 1013208,1.000000000000,vtd20_identity
101,003209,101,1013209,PHILADELPHIA - 1013209,1.000000000000,vtd20_identity
101,003210,101,1013210,PHILADELPHIA - 1013210,1.000000000000,vtd20_identity
101,003211,101,1013211,PHILADELPHIA - 1013211,1.000000000000,vtd20_identity
101,003212,101,1013212,PHILADELPHIA - 1013212,1.000000000000,vtd20_identity
101,003213,101,1013213,PHILADELPHIA - 1013213,1.000000000000,vtd20_identity
101,003214,101,1013214,PHILADELPHIA - 1013214,1.000000000000,vtd20_identity
101,003215,101,1013215,PHILADELPHIA - 1013215,1.000000000000,vtd20_identity
101,003216,101,1013216,PHILADELPHIA - 1013216,1.000000000000,vtd20_identity
101,003217,101,1013217,PHILADELPHIA - 1013217,1.000000000000,vtd20_identity
101,003218,101,1013218,PHILADELPHIA - 1013218,1.000000000000,vtd20_identity
101,003219,101,1013219,PHILADELPHIA - 1013219,1.000000000000,vtd20_identity
101,003220,101,1013220,PHILADELPHIA - 1013220,1.000000000000,vtd20_identity
101,003221,101,1013221,PHILADELPHIA - 1013221,1.000000000000,vtd20_identity
101,003222,101,1013222,PHILADELPHIA - 1013222,1.000000000000,vtd20_identity
101,003223,101,1013223,PHILADELPHIA - 1013223,1.000000000000,vtd20_identity
101,003224,101,1013224,PHILADELPHIA - 1013224,1.000000000000,vtd20_identity
101,003225,101,1013225,PHILADELPHIA - 1013225,1.000000000000,vtd20_identity
101,003226,101,1013226,PHILADELPHIA - 1013226,1.000000000000,vtd20_identity
101,003227,101,1013227,PHILADELPHIA - 1013227,1.000000000000,vtd20_identity
101,003228,101,1013228,PHILADELPHIA - 1013228,1.000000000000,vtd20_identity
101,003229,101,1013229,PHILADELPHIA - 1013229,1.000000000000,vtd20_identity
101,003230,101,1013230,PHILADELPHIA - 1013230,1.000000000000,vtd20_identity
101,003231,101,1013231,PHILADELPHIA - 1013231,1.000000000000,vtd20_identity
101,003301,101,1013301,PHILADELPHIA - 1013301,1.000000000000,vtd20_identity
101,003302,101,1013302,PHILADELPHIA - 1013302,1.000000000000,vtd20_identity
101,003303,101,1013303,PHILADELPHIA - 1013303,1.000000000000,vtd20_identity
101,003304,101,1013304,PHILADELPHIA - 1013304,1.000000000000,vtd20_identity
101,003305,101,1013305,PHILADELPHIA - 1013305,1.000000000000,vtd20_identity
101,003306,101,1013306,PHILADELPHIA - 1013306,1.000000000000,vtd20_identity
101,003307,101,1013307,PHILADELPHIA - 1013307,1.000000000000,vtd20_identity
101,003308,101,1013308,PHILADELPHIA - 1013308,1.000000000000,vtd20_identity
101,003309,101,1013309,PHILADELPHIA - 1013309,1.000000000000,vtd20_identity
101,003310,101,1013310,PHILADELPHIA - 1013310,1.000000000000,vtd20_identity
101,003311,101,1013311,PHILADELPHIA - 1013311,1.000000000000,vtd20_identity
101,003312,101,1013312,PHILADELPHIA - 1013312,1.000000000000,vtd20_identity
101,003313,101,1013313,PHILADELPHIA - 1013313,1.000000000000,vtd20_identity
101,003314,101,1013314,PHILADELPHIA - 1013314,1.000000000000,vtd20_identity
101,003315,101,1013315,PHILADELPHIA - 1013315,1.000000000000,vtd20_identity
101,003316,101,1013316,PHILADELPHIA - 1013316,1.000000000000,vtd20_identity
101,003317,101,1013317,PHILADELPHIA - 1013317,1.000000000000,vtd20_identity
101,003318,101,1013318,PHILADELPHIA - 1013318,1.000000000000,vtd20_identity
101,003319,101,1013319,PHILADELPHIA - 1013319,1.000000000000,vtd20_identity
101,003320,101,1013320,PHILADELPHIA - 1013320,1.000000000000,vtd20_identity
101,003321,101,1013321,PHILADELPHIA - 1013321,1.000000000000,vtd20_identity
101,003322,101,1013322,PHILADELPHIA - 1013322,1.000000000000,vtd20_identity
101,003323,101,1013323,PHILADELPHIA - 1013323,1.000000000000,vtd20_identity
101,003324,101,1013324,PHILADELPHIA - 1013324,1.000000000000,vtd20_identity
101,003401,101,1013401,PHILADELPHIA - 1013401,1.000000000000,vtd20_identity
101,003402,101,1013402,PHILADELPHIA - 1013402,1.000000000000,vtd20_identity
101,003403,101,1013403,PHILADELPHIA - 1013403,1.000000000000,vtd20_identity
101,003404,101,1013404,PHILADELPHIA - 1013404,1.000000000000,vtd20_identity
101,003405,101,1013405,PHILADELPHIA - 1013405,1.000000000000,vtd20_identity
101,003406,101,1013406,PHILADELPHIA - 1013406,1.000000000000,vtd20_identity
101,003407,101,1013407,PHILADELPHIA - 1013407,1.000000000000,vtd20_identity
101,003408,101,1013408,PHILADELPHIA - 1013408,1.000000000000,vtd20_identity
101,003409,101,1013409,PHILADELPHIA - 1013409,1.000000000000,vtd20_identity
101,003410,101,1013410,PHILADELPHIA - 1013410,1.000000000000,vtd20_identity
101,003411,101,1013411,PHILADELPHIA - 1013411,1.000000000000,vtd20_identity
101,003412,101,1013412,PHILADELPHIA - 1013412,1.000000000000,vtd20_identity
101,003413,101,1013413,PHILADELPHIA - 1013413,1.000000000000,vtd20_identity
101,003414,101,1013414,PHILADELPHIA - 1013414,1.000000000000,vtd20_identity
101,003415,101,1013415,PHILADELPHIA - 1013415,1.000000000000,vtd20_identity
101,003416,101,1013416,PHILADELPHIA - 1013416,1.000000000000,vtd20_identity
101,003417,101,1013417,PHILADELPHIA - 1013417,1.000000000000,vtd20_identity
101,003418,101,1013418,PHILADELPHIA - 1013418,1.000000000000,vtd20_identity
101,003419,101,1013419,PHILADELPHIA - 1013419,1.000000000000,vtd20_identity
101,003420,101,1013420,PHILADELPHIA - 1013420,1.000000000000,vtd20_identity
101,003421,101,1013421,PHILADELPHIA - 1013421,1.000000000000,vtd20_identity
101,003422,101,1013422,PHILADELPHIA - 1013422,1.000000000000,vtd20_identity
101,003423,101,1013423,PHILADELPHIA - 1013423,1.000000000000,vtd20_identity
101,003424,101,1013424,PHILADELPHIA - 1013424,1.000000000000,vtd20_identity
101,003425,101,1013425,PHILADELPHIA - 1013425,1.000000000000,vtd20_identity
101,003426,101,1013426,PHILADELPHIA - 1013426,1.000000000000,vtd20_identity
101,003427,101,1013427,PHILADELPHIA - 1013427,1.000000000000,vtd20_identity
101,003428,101,1013428,PHILADELPHIA - 1013428,1.000000000000,vtd20_identity
101,003429,101,1013429,PHILADELPHIA - 1013429,1.000000000000,vtd20_identity
101,003430,101,1013430,PHILADELPHIA - 1013430,1.000000000000,vtd20_identity
101,003431,101,1013431,PHILADELPHIA - 1013431,1.000000000000,vtd20_identity
101,003432,101,1013432,PHILADELPHIA - 1013432,1.000000000000,vtd20_identity
101,003433,101,1013433,PHILADELPHIA - 1013433,1.000000000000,vtd20_identity
101,003434,101,1013434,PHILADELPHIA - 1013434,1.000000000000,vtd20_identity
101,003435,101,1013435,PHILADELPHIA - 1013435,1.000000000000,vtd20_identity
101,003436,101,1013436,PHILADELPHIA - 1013436,1.000000000000,vtd20_identity
101,003437,101,1013437,PHILADELPHIA - 1013437,1.000000000000,vtd20_identity
101,003438,101,1013438,PHILADELPHIA - 1013438,1.000000000000,vtd20_identity
101,003439,101,1013439,PHILADELPHIA - 1013439,1.000000000000,vtd20_identity
101,003440,101,1013440,PHILADELPHIA - 1013440,1.000000000000,vtd20_identity
101,003441,101,1013441,PHILADELPHIA - 1013441,1.000000000000,vtd20_identity
101,003442,101,1013442,PHILADELPHIA - 1013442,1.000000000000,vtd20_identity
101,003501,101,1013501,PHILADELPHIA - 1013501,1.000000000000,vtd20_identity
101,003502,101,1013502,PHILADELPHIA - 1013502,1.000000000000,vtd20_identity
101,003503,101,1013503,PHILADELPHIA - 1013503,1.000000000000,vtd20_identity
101,003504,101,1013504,PHILADELPHIA - 1013504,1.000000000000,vtd20_identity
101,003505,101,1013505,PHILADELPHIA - 1013505,1.000000000000,vtd20_identity
101,003506,101,1013506,PHILADELPHIA - 1013506,1.000000000000,vtd20_identity
101,003507,101,1013507,PHILADELPHIA - 1013507,1.000000000000,vtd20_identity
101,003508,101,1013508,PHILADELPHIA - 1013508,1.000000000000,vtd20_identity
101,003509,101,1013509,PHILADELPHIA - 1013509,1.000000000000,vtd20_identity
101,003510,101,1013510,PHILADELPHIA - 1013510,1.000000000000,vtd20_identity
101,003511,101,1013511,PHILADELPHIA - 1013511,1.000000000000,vtd20_identity
101,003512,101,1013512,PHILADELPHIA - 1013512,1.000000000000,vtd20_identity
101,003513,101,1013513,PHILADELPHIA - 1013513,1.000000000000,vtd20_identity
101,003514,101,1013514,PHILADELPHIA - 1013514,1.000000000000,vtd20_identity
101,003515,101,1013515,PHILADELPHIA - 1013515,1.000000000000,vtd20_identity
101,003516,101,1013516,PHILADELPHIA - 1013516,1.000000000000,vtd20_identity
101,003517,101,1013517,PHILADELPHIA - 1013517,1.000000000000,vtd20_identity
101,003518,101,1013518,PHILADELPHIA - 1013518,1.000000000000,vtd20_identity
101,003519,101,1013519,PHILADELPHIA - 1013519,1.000000000000,vtd20_identity
101,003520,101,1013520,PHILADELPHIA - 1013520,1.000000000000,vtd20_identity
101,003521,101,1013521,PHILADELPHIA - 1013521,1.000000000000,vtd20_identity
101,003522,101,1013522,PHILADELPHIA - 1013522,1.000000000000,vtd20_identity
101,003523,101,1013523,PHILADELPHIA - 1013523,1.000000000000,vtd20_identity
101,003524,101,1013524,PHILADELPHIA - 1013524,1.000000000000,vtd20_identity
101,003525,101,1013525,PHILADELPHIA - 1013525,1.000000000000,vtd20_identity
101,003526,101,1013526,PHILADELPHIA - 1013526,1.000000000000,vtd20_identity
101,003527,101,1013527,PHILADELPHIA - 1013527,1.000000000000,vtd20_identity
101,003528,101,1013528,PHILADELPHIA - 1013528,1.000000000000,vtd20_identity
101,003529,101,1013529,PHILADELPHIA - 1013529,1.000000000000,vtd20_identity
101,003530,101,1013530,PHILADELPHIA - 1013530,1.000000000000,vtd20_identity
101,003531,101,1013531,PHILADELPHIA - 1013531,1.000000000000,vtd20_identity
101,003532,101,1013532,PHILADELPHIA - 1013532,1.000000000000,vtd20_identity
101,003601,101,1013601,PHILADELPHIA - 1013601,1.000000000000,vtd20_identity
101,003602,101,1013602,PHILADELPHIA - 1013602,1.000000000000,vtd20_identity
101,003603,101,1013603,PHILADELPHIA - 1013603,1.000000000000,vtd20_identity
101,003604,101,1013604,PHILADELPHIA - 1013604,1.000000000000,vtd20_identity
101,003605,101,1013605,PHILADELPHIA - 1013605,1.000000000000,vtd20_identity
101,003606,101,1013606,PHILADELPHIA - 1013606,1.000000000000,vtd20_identity
101,003607,101,1013607,PHILADELPHIA - 1013607,1.000000000000,vtd20_identity
101,003608,101,1013608,PHILADELPHIA - 1013608,1.000000000000,vtd20_identity
101,003609,101,1013609,PHILADELPHIA - 1013609,1.000000000000,vtd20_identity
101,003610,101,1013610,PHILADELPHIA - 1013610,1.000000000000,vtd20_identity
101,003611,101,1013611,PHILADELPHIA - 1013611,1.000000000000,vtd20_identity
101,003612,101,1013612,PHILADELPHIA - 1013612,1.000000000000,vtd20_identity
101,003613,101,1013613,PHILADELPHIA - 1013613,1.000000000000,vtd20_identity
101,003614,101,1013614,PHILADELPHIA - 1013614,1.000000000000,vtd20_identity
101,003615,101,1013615,PHILADELPHIA - 1013615,1.000000000000,vtd20_identity
101,003616,101,1013616,PHILADELPHIA - 1013616,1.000000000000,vtd20_identity
101,003617,101,1013617,PHILADELPHIA - 1013617,1.000000000000,vtd20_identity
101,003618,101,1013618,PHILADELPHIA - 1013618,1.000000000000,vtd20_identity
101,003619,101,1013619,PHILADELPHIA - 1013619,1.000000000000,vtd20_identity
101,003620,101,1013620,PHILADELPHIA - 1013620,1.000000000000,vtd20_identity
101,003621,101,1013621,PHILADELPHIA - 1013621,1.000000000000,vtd20_identity
101,003622,101,1013622,PHILADELPHIA - 1013622,1.000000000000,vtd20_identity
101,003623,101,1013623,PHILADELPHIA - 1013623,1.000000000000,vtd20_identity
101,003624,101,1013624,PHILADELPHIA - 1013624,1.000000000000,vtd20_identity
101,003625,101,1013625,PHILADELPHIA - 1013625,1.000000000000,vtd20_identity
101,003626,101,1013626,PHILADELPHIA - 1013626,1.000000000000,vtd20_identity
101,003627,101,1013627,PHILADELPHIA - 1013627,1.000000000000,vtd20_identity
101,003628,101,1013628,PHILADELPHIA - 1013628,1.000000000000,vtd20_identity
101,003629,101,1013629,PHILADELPHIA - 1013629,1.000000000000,vtd20_identity
101,003630,101,1013630,PHILADELPHIA - 1013630,1.000000000000,vtd20_identity
101,003631,101,1013631,PHILADELPHIA - 1013631,1.000000000000,vtd20_identity
101,003632,101,1013632,PHILADELPHIA - 1013632,1.000000000000,vtd20_identity
101,003633,101,1013633,PHILADELPHIA - 1013633,1.000000000000,vtd20_identity
101,003634,101,1013634,PHILADELPHIA - 1013634,1.000000000000,vtd20_identity
101,003635,101,1013635,PHILADELPHIA - 1013635,1.000000000000,vtd20_identity
101,003636,101,1013636,PHILADELPHIA - 1013636,1.000000000000,vtd20_identity
101,003637,101,1013637,PHILADELPHIA - 1013637,1.000000000000,vtd20_identity
101,003638,101,1013638,PHILADELPHIA - 1013638,1.000000000000,vtd20_identity
101,003639,101,1013639,PHILADELPHIA - 1013639,1.000000000000,vtd20_identity
101,003640,101,1013640,PHILADELPHIA - 1013640,1.000000000000,vtd20_identity
101,003641,101,1013641,PHILADELPHIA - 1013641,1.000000000000,vtd20_identity
101,003701,101,1013701,PHILADELPHIA - 1013701,1.000000000000,vtd20_identity
101,003702,101,1013702,PHILADELPHIA - 1013702,1.000000000000,vtd20_identity
101,003703,101,1013703,PHILADELPHIA - 1013703,1.000000000000,vtd20_identity
101,003704,101,1013704,PHILADELPHIA - 1013704,1.000000000000,vtd20_identity
101,003705,101,1013705,PHILADELPHIA - 1013705,1.000000000000,vtd20_identity
101,003706,101,1013706,PHILADELPHIA - 1013706,1.000000000000,vtd20_identity
101,003707,101,1013707,PHILADELPHIA - 1013707,1.000000000000,vtd20_identity
101,003708,101,1013708,PHILADELPHIA - 1013708,1.000000000000,vtd20_identity
101,003709,101,1013709,PHILADELPHIA - 1013709,1.000000000000,vtd20_identity
101,003710,101,1013710,PHILADELPHIA - 1013710,1.000000000000,vtd20_identity
101,003711,101,1013711,PHILADELPHIA - 1013711,1.000000000000,vtd20_identity
101,003712,101,1013712,PHILADELPHIA - 1013712,1.000000000000,vtd20_identity
101,003713,101,1013713,PHILADELPHIA - 1013713,1.000000000000,vtd20_identity
101,003714,101,1013714,PHILADELPHIA - 1013714,1.000000000000,vtd20_identity
101,003715,101,1013715,PHILADELPHIA - 1013715,1.000000000000,vtd20_identity
101,003716,101,1013716,PHILADELPHIA - 1013716,1.000000000000,vtd20_identity
101,003717,101,1013717,PHILADELPHIA - 1013717,1.000000000000,vtd20_identity
101,003718,101,1013718,PHILADELPHIA - 1013718,1.000000000000,vtd20_identity
101,003719,101,1013719,PHILADELPHIA - 1013719,1.000000000000,vtd20_identity
101,003720,101,1013720,PHILADELPHIA - 1013720,1.000000000000,vtd20_identity
101,003721,101,1013721,PHILADELPHIA - 1013721,1.000000000000,vtd20_identity
101,003801,101,1013801,PHILADELPHIA - 1013801,1.000000000000,vtd20_identity
101,003802,101,1013802,PHILADELPHIA - 1013802,1.000000000000,vtd20_identity
101,003803,101,1013803,PHILADELPHIA - 1013803,1.000000000000,vtd20_identity
101,003804,101,1013804,PHILADELPHIA - 1013804,1.000000000000,vtd20_identity
101,003805,101,1013805,PHILADELPHIA - 1013805,1.000000000000,vtd20_identity
101,003806,101,1013806,PHILADELPHIA - 1013806,1.000000000000,vtd20_identity
101,003807,101,1013807,PHILADELPHIA - 1013807,1.000000000000,vtd20_identity
101,003808,101,1013808,PHILADELPHIA - 1013808,1.000000000000,vtd20_identity
101,003809,101,1013809,PHILADELPHIA - 1013809,1.000000000000,vtd20_identity
101,003810,101,1013810,PHILADELPHIA - 1013810,1.000000000000,vtd20_identity
101,003811,101,1013811,PHILADELPHIA - 1013811,1.000000000000,vtd20_identity
101,003812,101,1013812,PHILADELPHIA - 1013812,1.000000000000,vtd20_identity
101,003813,101,1013813,PHILADELPHIA - 1013813,1.000000000000,vtd20_identity
101,003814,101,1013814,PHILADELPHIA - 1013814,1.000000000000,vtd20_identity
101,003815,101,1013815,PHILADELPHIA - 1013815,1.000000000000,vtd20_identity
101,003816,101,1013816,PHILADELPHIA - 1013816,1.000000000000,vtd20_identity
101,003817,101,1013817,PHILADELPHIA - 1013817,1.000000000000,vtd20_identity
101,003818,101,1013818,PHILADELPHIA - 1013818,1.000000000000,vtd20_identity
101,003819,101,1013819,PHILADELPHIA - 1013819,1.000000000000,vtd20_identity
101,003820,101,1013820,PHILADELPHIA - 1013820,1.000000000000,vtd20_identity
101,003821,101,1013821,PHILADELPHIA - 1013821,1.000000000000,vtd20_identity
101,003901,101,1013901,PHILADELPHIA - 1013901,1.000000000000,vtd20_identity
101,003902,101,1013902,PHILADELPHIA - 1013902,1.000000000000,vtd20_identity
101,003903,101,1013903,PHILADELPHIA - 1013903,1.000000000000,vtd20_identity
101,003904,101,1013904,PHILADELPHIA - 1013904,1.000000000000,vtd20_identity
101,003905,101,1013905,PHILADELPHIA - 1013905,1.000000000000,vtd20_identity
101,003906,101,1013906,PHILADELPHIA - 1013906,1.000000000000,vtd20_identity
101,003907,101,1013907,PHILADELPHIA - 1013907,1.000000000000,vtd20_identity
101,003908,101,1013908,PHILADELPHIA - 1013908,1.000000000000,vtd20_identity
101,003909,101,1013909,PHILADELPHIA - 1013909,1.000000000000,vtd20_identity
101,003910,101,1013910,PHILADELPHIA - 1013910,1.000000000000,vtd20_identity
101,003911,101,1013911,PHILADELPHIA - 1013911,1.000000000000,vtd20_identity
101,003912,101,1013912,PHILADELPHIA - 1013912,1.000000000000,vtd20_identity
101,003913,101,1013913,PHILADELPHIA - 1013913,1.000000000000,vtd20_identity
101,003914,101,1013914,PHILADELPHIA - 1013914,1.000000000000,vtd20_identity
101,003915,101,1013915,PHILADELPHIA - 1013915,1.000000000000,vtd20_identity
101,003916,101,1013916,PHILADELPHIA - 1013916,1.000000000000,vtd20_identity
101,003917,101,1013917,PHILADELPHIA - 1013917,1.000000000000,vtd20_identity
101,003918,101,1013918,PHILADELPHIA - 1013918,1.000000000000,vtd20_identity
101,003919,101,1013919,PHILADELPHIA - 1013919,1.000000000000,vtd20_identity
101,003920,101,1013920,PHILADELPHIA - 1013920,1.000000000000,vtd20_identity
101,003921,101,1013921,PHILADELPHIA - 1013921,1.000000000000,vtd20_identity
101,003922,101,1013922,PHILADELPHIA - 1013922,1.000000000000,vtd20_identity
101,003923,101,1013923,PHILADELPHIA - 1013923,1.000000000000,vtd20_identity
101,003924,101,1013924,PHILADELPHIA - 1013924,1.000000000000,vtd20_identity
101,003925,101,1013925,PHILADELPHIA - 1013925,1.000000000000,vtd20_identity
101,003926,101,1013926,PHILADELPHIA - 1013926,1.000000000000,vtd20_identity
101,003927,101,1013927,PHILADELPHIA - 1013927,1.000000000000,vtd20_identity
101,003928,101,1013928,PHILADELPHIA - 1013928,1.000000000000,vtd20_identity
101,003929,101,1013929,PHILADELPHIA - 1013929,1.000000000000,vtd20_identity
101,003930,101,1013930,PHILADELPHIA - 1013930,1.000000000000,vtd20_identity
101,003931,101,1013931,PHILADELPHIA - 1013931,1.000000000000,vtd20_identity
101,003932,101,1013932,PHILADELPHIA - 1013932,1.000000000000,vtd20_identity
101,003933,101,1013933,PHILADELPHIA - 1013933,1.000000000000,vtd20_identity
101,003934,101,1013934,PHILADELPHIA - 1013934,1.000000000000,vtd20_identity
101,003935,101,1013935,PHILADELPHIA - 1013935,1.000000000000,vtd20_identity
101,003936,101,1013936,PHILADELPHIA - 1013936,1.000000000000,vtd20_identity
101,003937,101,1013937,PHILADELPHIA - 1013937,1.000000000000,vtd20_identity
101,003938,101,1013938,PHILADELPHIA - 1013938,1.000000000000,vtd20_identity
101,003939,101,1013939,PHILADELPHIA - 1013939,1.000000000000,vtd20_identity
101,003940,101,1013940,PHILADELPHIA - 1013940,1.000000000000,vtd20_identity
101,003941,101,1013941,PHILADELPHIA - 1013941,1.000000000000,vtd20_identity
101,003942,101,1013942,PHILADELPHIA - 1013942,1.000000000000,vtd20_identity
101,003943,101,1013943,PHILADELPHIA - 1013943,1.000000000000,vtd20_identity
101,003944,101,1013944,PHILADELPHIA - 1013944,1.000000000000,vtd20_identity
101,003945,101,1013945,PHILADELPHIA - 1013945,1.000000000000,vtd20_identity
101,003946,101,1013946,PHILADELPHIA - 1013946,1.000000000000,vtd20_identity
101,004001,101,1014001,PHILADELPHIA - 1014001,1.000000000000,vtd20_identity
101,004002,101,1014002,PHILADELPHIA - 1014002,1.000000000000,vtd20_identity
101,004003,101,1014003,PHILADELPHIA - 1014003,1.000000000000,vtd20_identity
101,004004,101,1014004,PHILADELPHIA - 1014004,1.000000000000,vtd20_identity
101,004005,101,1014005,PHILADELPHIA - 1014005,1.000000000000,vtd20_identity
101,004006,101,1014006,PHILADELPHIA - 1014006,1.000000000000,vtd20_identity
101,004007,101,1014007,PHILADELPHIA - 1014007,1.000000000000,vtd20_identity
101,004008,101,1014008,PHILADELPHIA - 1014008,1.000000000000,vtd20_identity
101,004009,101,1014009,PHILADELPHIA - 1014009,1.000000000000,vtd20_identity
101,004010,101,1014010,PHILADELPHIA - 1014010,1.000000000000,vtd20_identity
101,004011,101,1014011,PHILADELPHIA - 1014011,1.000000000000,vtd20_identity
101,004012,101,1014012,PHILADELPHIA - 1014012,1.000000000000,vtd20_identity
101,004013,101,1014013,PHILADELPHIA - 1014013,1.000000000000,vtd20_identity
101,004014,101,1014014,PHILADELPHIA - 1014014,1.000000000000,vtd20_identity
101,004015,101,1014015,PHILADELPHIA - 1014015,1.000000000000,vtd20_identity
101,004016,101,1014016,PHILADELPHIA - 1014016,1.000000000000,vtd20_identity
101,004017,101,1014017,PHILADELPHIA - 1014017,1.000000000000,vtd20_identity
101,004018,101,1014018,PHILADELPHIA - 1014018,1.000000000000,vtd20_identity
101,004019,101,1014019,PHILADELPHIA - 1014019,1.000000000000,vtd20_identity
101,004020,101,1014020,PHILADELPHIA - 1014020,1.000000000000,vtd20_identity
101,004021,101,1014021,PHILADELPHIA - 1014021,1.000000000000,vtd20_identity
101,004022,101,1014022,PHILADELPHIA - 1014022,1.000000000000,vtd20_identity
101,004023,101,1014023,PHILADELPHIA - 1014023,1.000000000000,vtd20_identity
101,004024,101,1014024,PHILADELPHIA - 1014024,1.000000000000,vtd20_identity
101,004025,101,1014025,PHILADELPHIA - 1014025,1.000000000000,vtd20_identity
101,004026,101,1014026,PHILADELPHIA - 1014026,1.000000000000,vtd20_identity
101,004027,101,1014027,PHILADELPHIA - 1014027,1.000000000000,vtd20_identity
101,004028,101,1014028,PHILADELPHIA - 1014028,1.000000000000,vtd20_identity
101,004029,101,1014029,PHILADELPHIA - 1014029,1.000000000000,vtd20_identity
101,004030,101,1014030,PHILADELPHIA - 1014030,1.000000000000,vtd20_identity
101,004031,101,1014031,PHILADELPHIA - 1014031,1.000000000000,vtd20_identity
101,004032,101,1014032,PHILADELPHIA - 1014032,1.000000000000,vtd20_identity
101,004033,101,1014033,PHILADELPHIA - 1014033,1.000000000000,vtd20_identity
101,004034,101,1014034,PHILADELPHIA - 1014034,1.000000000000,vtd20_identity
101,004035,101,1014035,PHILADELPHIA - 1014035,1.000000000000,vtd20_identity
101,004036,101,1014036,PHILADELPHIA - 1014036,1.000000000000,vtd20_identity
101,004037,101,1014037,PHILADELPHIA - 1014037,1.000000000000,vtd20_identity
101,004038,101,1014038,PHILADELPHIA - 1014038,1.000000000000,vtd20_identity
101,004039,101,1014039,PHILADELPHIA - 1014039,1.000000000000,vtd20_identity
101,004040,101,1014040,PHILADELPHIA - 1014040,1.000000000000,vtd20_identity
101,004041,101,1014041,PHILADELPHIA - 1014041,1.000000000000,vtd20_identity
101,004042,101,1014042,PHILADELPHIA - 1014042,1.000000000000,vtd20_identity
101,004043,101,1014043,PHILADELPHIA - 1014043,1.000000000000,vtd20_identity
101,004044,101,1014044,PHILADELPHIA - 1014044,1.000000000000,vtd20_identity
101,004045,101,1014045,PHILADELPHIA - 1014045,1.000000000000,vtd20_identity
101,004046,101,1014046,PHILADELPHIA - 1014046,1.000000000000,vtd20_identity
101,004047,101,1014047,PHILADELPHIA - 1014047,1.000000000000,vtd20_identity
101,004048,101,1014048,PHILADELPHIA - 1014048,1.000000000000,vtd20_identity
101,004049,101,1014049,PHILADELPHIA - 1014049,1.000000000000,vtd20_identity
101,004050,101,1014050,PHILADELPHIA - 1014050,1.000000000000,vtd20_identity
101,004051,101,1014051,PHILADELPHIA - 1014051,1.000000000000,vtd20_identity
101,004101,101,1014101,PHILADELPHIA - 1014101,1.000000000000,vtd20_identity
101,004102,101,1014102,PHILADELPHIA - 1014102,1.000000000000,vtd20_identity
101,004103,101,1014103,PHILADELPHIA - 1014103,1.000000000000,vtd20_identity
101,004104,101,1014104,PHILADELPHIA - 1014104,1.000000000000,vtd20_identity
101,004105,101,1014105,PHILADELPHIA - 1014105,1.000000000000,vtd20_identity
101,004106,101,1014106,PHILADELPHIA - 1014106,1.000000000000,vtd20_identity
101,004107,101,1014107,PHILADELPHIA - 1014107,1.000000000000,vtd20_identity
101,004108,101,1014108,PHILADELPHIA - 1014108,1.000000000000,vtd20_identity
101,004109,101,1014109,PHILADELPHIA - 1014109,1.000000000000,vtd20_identity
101,004110,101,1014110,PHILADELPHIA - 1014110,1.000000000000,vtd20_identity
101,004111,101,1014111,PHILADELPHIA - 1014111,1.000000000000,vtd20_identity
101,004112,101,1014112,PHILADELPHIA - 1014112,1.000000000000,vtd20_identity
101,004113,101,1014113,PHILADELPHIA - 1014113,1.000000000000,vtd20_identity
101,004114,101,1014114,PHILADELPHIA - 1014114,1.000000000000,vtd20_identity
101,004115,101,1014115,PHILADELPHIA - 1014115,1.000000000000,vtd20_identity
101,004116,101,1014116,PHILADELPHIA - 1014116,1.000000000000,vtd20_identity
101,004117,101,1014117,PHILADELPHIA - 1014117,1.000000000000,vtd20_identity
101,004118,101,1014118,PHILADELPHIA - 1014118,1.000000000000,vtd20_identity
101,004119,101,1014119,PHILADELPHIA - 1014119,1.000000000000,vtd20_identity
101,004120,101,1014120,PHILADELPHIA - 1014120,1.000000000000,vtd20_identity
101,004121,101,1014121,PHILADELPHIA - 1014121,1.000000000000,vtd20_identity
101,004122,101,1014122,PHILADELPHIA - 1014122,1.000000000000,vtd20_identity
101,004123,101,1014123,PHILADELPHIA - 1014123,1.000000000000,vtd20_identity
101,004124,101,1014124,PHILADELPHIA - 1014124,1.000000000000,vtd20_identity
101,004125,101,1014125,PHILADELPHIA - 1014125,1.000000000000,vtd20_identity
101,004126,101,1014126,PHILADELPHIA - 1014126,1.000000000000,vtd20_identity
101,004201,101,1014201,PHILADELPHIA - 1014201,1.000000000000,vtd20_identity
101,004202,101,1014202,PHILADELPHIA - 1014202,1.000000000000,vtd20_identity
101,004203,101,1014203,PHILADELPHIA - 1014203,1.000000000000,vtd20_identity
101,004204,101,1014204,PHILADELPHIA - 1014204,1.000000000000,vtd20_identity
101,004205,101,1014205,PHILADELPHIA - 1014205,1.000000000000,vtd20_identity
101,004206,101,1014206,PHILADELPHIA - 1014206,1.000000000000,vtd20_identity
101,004207,101,1014207,PHILADELPHIA - 1014207,1.000000000000,vtd20_identity
101,004208,101,1014208,PHILADELPHIA - 1014208,1.000000000000,vtd20_identity
101,004209,101,1014209,PHILADELPHIA - 1014209,1.000000000000,vtd20_identity
101,004210,101,1014210,PHILADELPHIA - 1014210,1.000000000000,vtd20_identity
101,004211,101,1014211,PHILADELPHIA - 1014211,1.000000000000,vtd20_identity
101,004212,101,1014212,PHILADELPHIA - 1014212,1.000000000000,vtd20_identity
101,004213,101,1014213,PHILADELPHIA - 1014213,1.000000000000,vtd20_identity
101,004214,101,1014214,PHILADELPHIA - 1014214,1.000000000000,vtd20_identity
101,004215,101,1014215,PHILADELPHIA - 1014215,1.000000000000,vtd20_identity
101,004216,101,1014216,PHILADELPHIA - 1014216,1.000000000000,vtd20_identity
101,004217,101,1014217,PHILADELPHIA - 1014217,1.000000000000,vtd20_identity
101,004218,101,1014218,PHILADELPHIA - 1014218,1.000000000000,vtd20_identity
101,004219,101,1014219,PHILADELPHIA - 1014219,1.000000000000,vtd20_identity
101,004220,101,1014220,PHILADELPHIA - 1014220,1.000000000000,vtd20_identity
101,004221,101,1014221,PHILADELPHIA - 1014221,1.000000000000,vtd20_identity
101,004222,101,1014222,PHILADELPHIA - 1014222,1.000000000000,vtd20_identity
101,004223,101,1014223,PHILADELPHIA - 1014223,1.000000000000,vtd20_identity
101,004224,101,1014224,PHILADELPHIA - 1014224,1.000000000000,vtd20_identity
101,004225,101,1014225,PHILADELPHIA - 1014225,1.000000000000,vtd20_identity
101,004301,101,1014301,PHILADELPHIA - 1014301,1.000000000000,vtd20_identity
101,004302,101,1014302,PHILADELPHIA - 1014302,1.000000000000,vtd20_identity
101,004303,101,1014303,PHILADELPHIA - 1014303,1.000000000000,vtd20_identity
101,004304,101,1014304,PHILADELPHIA - 1014304,1.000000000000,vtd20_identity
101,004305,101,1014305,PHILADELPHIA - 1014305,1.000000000000,vtd20_identity
101,004306,101,1014306,PHILADELPHIA - 1014306,1.000000000000,vtd20_identity
101,004307,101,1014307,PHILADELPHIA - 1014307,1.000000000000,vtd20_identity
101,004308,101,1014308,PHILADELPHIA - 1014308,1.000000000000,vtd20_identity
101,004309,101,1014309,PHILADELPHIA - 1014309,1.000000000000,vtd20_identity
101,004310,101,1014310,PHILADELPHIA - 1014310,1.000000000000,vtd20_identity
101,004311,101,1014311,PHILADELPHIA - 1014311,1.000000000000,vtd20_identity
101,004312,101,1014312,PHILADELPHIA - 1014312,1.000000000000,vtd20_identity
101,004313,101,1014313,PHILADELPHIA - 1014313,1.000000000000,vtd20_identity
101,004314,101,1014314,PHILADELPHIA - 1014314,1.000000000000,vtd20_identity
101,004315,101,1014315,PHILADELPHIA - 1014315,1.000000000000,vtd20_identity
101,004316,101,1014316,PHILADELPHIA - 1014316,1.000000000000,vtd20_identity
101,004317,101,1014317,PHILADELPHIA - 1014317,1.000000000000,vtd20_identity
101,004318,101,1014318,PHILADELPHIA - 1014318,1.000000000000,vtd20_identity
101,004319,101,1014319,PHILADELPHIA - 1014319,1.000000000000,vtd20_identity
101,004320,101,1014320,PHILADELPHIA - 1014320,1.000000000000,vtd20_identity
101,004321,101,1014321,PHILADELPHIA - 1014321,1.000000000000,vtd20_identity
101,004322,101,1014322,PHILADELPHIA - 1014322,1.000000000000,vtd20_identity
101,004323,101,1014323,PHILADELPHIA - 1014323,1.000000000000,vtd20_identity
101,004324,101,1014324,PHILADELPHIA - 1014324,1.000000000000,vtd20_identity
101,004325,101,1014325,PHILADELPHIA - 1014325,1.000000000000,vtd20_identity
101,004401,101,1014401,PHILADELPHIA - 1014401,1.000000000000,vtd20_identity
101,004402,101,1014402,PHILADELPHIA - 1014402,1.000000000000,vtd20_identity
101,004403,101,1014403,PHILADELPHIA - 1014403,1.000000000000,vtd20_identity
101,004404,101,1014404,PHILADELPHIA - 1014404,1.000000000000,vtd20_identity
101,004405,101,1014405,PHILADELPHIA - 1014405,1.000000000000,vtd20_identity
101,004406,101,1014406,PHILADELPHIA - 1014406,1.000000000000,vtd20_identity
101,004407,101,1014407,PHILADELPHIA - 1014407,1.000000000000,vtd20_identity
101,004408,101,1014408,PHILADELPHIA - 1014408,1.000000000000,vtd20_identity
101,004409,101,1014409,PHILADELPHIA - 1014409,1.000000000000,vtd20_identity
101,004410,101,1014410,PHILADELPHIA - 1014410,1.000000000000,vtd20_identity
101,004411,101,1014411,PHILADELPHIA - 1014411,1.000000000000,vtd20_identity
101,004412,101,1014412,PHILADELPHIA - 1014412,1.000000000000,vtd20_identity
101,004413,101,1014413,PHILADELPHIA - 1014413,1.000000000000,vtd20_identity
101,004414,101,1014414,PHILADELPHIA - 1014414,1.000000000000,vtd20_identity
101,004415,101,1014415,PHILADELPHIA - 1014415,1.000000000000,vtd20_identity
101,004416,101,1014416,PHILADELPHIA - 1014416,1.000000000000,vtd20_identity
101,004417,101,1014417,PHILADELPHIA - 1014417,1.000000000000,vtd20_identity
101,004418,101,1014418,PHILADELPHIA - 1014418,1.000000000000,vtd20_identity
101,004419,101,1014419,PHILADELPHIA - 1014419,1.000000000000,vtd20_identity
101,004501,101,1014501,PHILADELPHIA - 1014501,1.000000000000,vtd20_identity
101,004502,101,1014502,PHILADELPHIA - 1014502,1.000000000000,vtd20_identity
101,004503,101,1014503,PHILADELPHIA - 1014503,1.000000000000,vtd20_identity
101,004504,101,1014504,PHILADELPHIA - 1014504,1.000000000000,vtd20_identity
101,004505,101,1014505,PHILADELPHIA - 1014505,1.000000000000,vtd20_identity
101,004506,101,1014506,PHILADELPHIA - 1014506,1.000000000000,vtd20_identity
101,004507,101,1014507,PHILADELPHIA - 1014507,1.000000000000,vtd20_identity
101,004508,101,1014508,PHILADELPHIA - 1014508,1.000000000000,vtd20_identity
101,004509,101,1014509,PHILADELPHIA - 1014509,1.000000000000,vtd20_identity
101,004510,101,1014510,PHILADELPHIA - 1014510,1.000000000000,vtd20_identity
101,004511,101,1014511,PHILADELPHIA - 1014511,1.000000000000,vtd20_identity
101,004512,101,1014512,PHILADELPHIA - 1014512,1.000000000000,vtd20_identity
101,004513,101,1014513,PHILADELPHIA - 1014513,1.000000000000,vtd20_identity
101,004514,101,1014514,PHILADELPHIA - 1014514,1.000000000000,vtd20_identity
101,004515,101,1014515,PHILADELPHIA - 1014515,1.000000000000,vtd20_identity
101,004516,101,1014516,PHILADELPHIA - 1014516,1.000000000000,vtd20_identity
101,004517,101,1014517,PHILADELPHIA - 1014517,1.000000000000,vtd20_identity
101,004518,101,1014518,PHILADELPHIA - 1014518,1.000000000000,vtd20_identity
101,004519,101,1014519,PHILADELPHIA - 1014519,1.000000000000,vtd20_identity
101,004520,101,1014520,PHILADELPHIA - 1014520,1.000000000000,vtd20_identity
101,004521,101,1014521,PHILADELPHIA - 1014521,1.000000000000,vtd20_identity
101,004522,101,1014522,PHILADELPHIA - 1014522,1.000000000000,vtd20_identity
101,004523,101,1014523,PHILADELPHIA - 1014523,1.000000000000,vtd20_identity
101,004524,101,1014524,PHILADELPHIA - 1014524,1.000000000000,vtd20_identity
101,004525,101,1014525,PHILADELPHIA - 1014525,1.000000000000,vtd20_identity
101,004601,101,1014601,PHILADELPHIA - 1014601,1.000000000000,vtd20_identity
101,004602,101,1014602,PHILADELPHIA - 1014602,1.000000000000,vtd20_identity
101,004603,101,1014603,PHILADELPHIA - 1014603,1.000000000000,vtd20_identity
101,004604,101,1014604,PHILADELPHIA - 1014604,1.000000000000,vtd20_identity
101,004605,101,1014605,PHILADELPHIA - 1014605,1.000000000000,vtd20_identity
101,004606,101,1014606,PHILADELPHIA - 1014606,1.000000000000,vtd20_identity
101,004607,101,1014607,PHILADELPHIA - 1014607,1.000000000000,vtd20_identity
101,004608,101,1014608,PHILADELPHIA - 1014608,1.000000000000,vtd20_identity
101,004609,101,1014609,PHILADELPHIA - 1014609,1.000000000000,vtd20_identity
101,004610,101,1014610,PHILADELPHIA - 1014610,1.000000000000,vtd20_identity
101,004611,101,1014611,PHILADELPHIA - 1014611,1.000000000000,vtd20_identity
101,004612,101,1014612,PHILADELPHIA - 1014612,1.000000000000,vtd20_identity
101,004613,101,1014613,PHILADELPHIA - 1014613,1.000000000000,vtd20_identity
101,004614,101,1014614,PHILADELPHIA - 1014614,1.000000000000,vtd20_identity
101,004615,101,1014615,PHILADELPHIA - 1014615,1.000000000000,vtd20_identity
101,004616,101,1014616,PHILADELPHIA - 1014616,1.000000000000,vtd20_identity
101,004617,101,1014617,PHILADELPHIA - 1014617,1.000000000000,vtd20_identity
101,004618,101,1014618,PHILADELPHIA - 1014618,1.000000000000,vtd20_identity
101,004619,101,1014619,PHILADELPHIA - 1014619,1.000000000000,vtd20_identity
101,004620,101,1014620,PHILADELPHIA - 1014620,1.000000000000,vtd20_identity
101,004621,101,1014621,PHILADELPHIA - 1014621,1.000000000000,vtd20_identity
101,004622,101,1014622,PHILADELPHIA - 1014622,1.000000000000,vtd20_identity
101,004623,101,1014623,PHILADELPHIA - 1014623,1.000000000000,vtd20_identity
101,004701,101,1014701,PHILADELPHIA - 1014701,1.000000000000,vtd20_identity
101,004702,101,1014702,PHILADELPHIA - 1014702,1.000000000000,vtd20_identity
101,004703,101,1014703,PHILADELPHIA - 1014703,1.000000000000,vtd20_identity
101,004704,101,1014704,PHILADELPHIA - 1014704,1.000000000000,vtd20_identity
101,004705,101,1014705,PHILADELPHIA - 1014705,1.000000000000,vtd20_identity
101,004706,101,1014706,PHILADELPHIA - 1014706,1.000000000000,vtd20_identity
101,004707,101,1014707,PHILADELPHIA - 1014707,1.000000000000,vtd20_identity
101,004708,101,1014708,PHILADELPHIA - 1014708,1.000000000000,vtd20_identity
101,004709,101,1014709,PHILADELPHIA - 1014709,1.000000000000,vtd20_identity
101,004710,101,1014710,PHILADELPHIA - 1014710,1.000000000000,vtd20_identity
101,004711,101,1014711,PHILADELPHIA - 1014711,1.000000000000,vtd20_identity
101,004712,101,1014712,PHILADELPHIA - 1014712,1.000000000000,vtd20_identity
101,004713,101,1014713,PHILADELPHIA - 1014713,1.000000000000,vtd20_identity
101,004714,101,1014714,PHILADELPHIA - 1014714,1.000000000000,vtd20_identity
101,004801,101,1014801,PHILADELPHIA - 1014801,1.000000000000,vtd20_identity
101,004802,101,1014802,PHILADELPHIA - 1014802,1.000000000000,vtd20_identity
101,004803,101,1014803,PHILADELPHIA - 1014803,1.000000000000,vtd20_identity
101,004804,101,1014804,PHILADELPHIA - 1014804,1.000000000000,vtd20_identity
101,004805,101,1014805,PHILADELPHIA - 1014805,1.000000000000,vtd20_identity
101,004806,101,1014806,PHILADELPHIA - 1014806,1.000000000000,vtd20_identity
101,004807,101,1014807,PHILADELPHIA - 1014807,1.000000000000,vtd20_identity
101,004808,101,1014808,PHILADELPHIA - 1014808,1.000000000000,vtd20_identity
101,004809,101,1014809,PHILADELPHIA - 1014809,1.000000000000,vtd20_identity
101,004810,101,1014810,PHILADELPHIA - 1014810,1.000000000000,vtd20_identity
101,004811,101,1014811,PHILADELPHIA - 1014811,1.000000000000,vtd20_identity
101,004812,101,1014812,PHILADELPHIA - 1014812,1.000000000000,vtd20_identity
101,004813,101,1014813,PHILADELPHIA - 1014813,1.000000000000,vtd20_identity
101,004814,101,1014814,PHILADELPHIA - 1014814,1.000000000000,vtd20_identity
101,004815,101,1014815,PHILADELPHIA - 1014815,1.000000000000,vtd20_identity
101,004816,101,1014816,PHILADELPHIA - 1014816,1.000000000000,vtd20_identity
101,004817,101,1014817,PHILADELPHIA - 1014817,1.000000000000,vtd20_identity
101,004818,101,1014818,PHILADELPHIA - 1014818,1.000000000000,vtd20_identity
101,004819,101,1014819,PHILADELPHIA - 1014819,1.000000000000,vtd20_identity
101,004820,101,1014820,PHILADELPHIA - 1014820,1.000000000000,vtd20_identity
101,004821,101,1014821,PHILADELPHIA - 1014821,1.000000000000,vtd20_identity
101,004822,101,1014822,PHILADELPHIA - 1014822,1.000000000000,vtd20_identity
101,004823,101,1014823,PHILADELPHIA - 1014823,1.000000000000,vtd20_identity
101,004870,101,1014923,PHILADELPHIA - 1014923,1.000000000000,vtd20_identity
101,004875,101,1014924,PHILADELPHIA - 1014924,1.000000000000,vtd20_identity
101,004885,101,1014925,PHILADELPHIA - 1014925,1.000000000000,vtd20_identity
101,004890,101,1014902,PHILADELPHIA - 1014902,0.240000000000,census_block_count
101,004890,101,1014913,PHILADELPHIA - 1014913,0.480000000000,census_block_count
101,004890,101,1014906,PHILADELPHIA - 1014906,0.040000000000,census_block_count
101,004890,101,1014903,PHILADELPHIA - 1014903,0.240000000000,census_block_count
101,004895,101,1014906,PHILADELPHIA - 1014906,0.400000000000,census_block_count
101,004895,101,1014915,PHILADELPHIA - 1014915,0.600000000000,census_block_count
101,004901,101,1014901,PHILADELPHIA - 1014901,1.000000000000,vtd20_identity
101,004904,101,1014904,PHILADELPHIA - 1014904,1.000000000000,vtd20_identity
101,004905,101,1014905,PHILADELPHIA - 1014905,1.000000000000,vtd20_identity
101,004907,101,1014907,PHILADELPHIA - 1014907,1.000000000000,vtd20_identity
101,004908,101,1014908,PHILADELPHIA - 1014908,1.000000000000,vtd20_identity
101,004909,101,1014909,PHILADELPHIA - 1014909,1.000000000000,vtd20_identity
101,004910,101,1014910,PHILADELPHIA - 1014910,1.000000000000,vtd20_identity
101,004911,101,1014911,PHILADELPHIA - 1014911,1.000000000000,vtd20_identity
101,004912,101,1014912,PHILADELPHIA - 1014912,1.000000000000,vtd20_identity
101,004914,101,1014914,PHILADELPHIA - 1014914,1.000000000000,vtd20_identity
101,004916,101,1014916,PHILADELPHIA - 1014916,1.000000000000,vtd20_identity
101,004917,101,1014917,PHILADELPHIA - 1014917,1.000000000000,vtd20_identity
101,004918,101,1014918,PHILADELPHIA - 1014918,1.000000000000,vtd20_identity
101,004919,101,1014919,PHILADELPHIA - 1014919,1.000000000000,vtd20_identity
101,004920,101,1014920,PHILADELPHIA - 1014920,1.000000000000,vtd20_identity
101,004921,101,1014921,PHILADELPHIA - 1014921,1.000000000000,vtd20_identity
101,004922,101,1014922,PHILADELPHIA - 1014922,1.000000000000,vtd20_identity
101,005001,101,1015001,PHILADELPHIA - 1015001,1.000000000000,vtd20_identity
101,005002,101,1015002,PHILADELPHIA - 1015002,1.000000000000,vtd20_identity
101,005003,101,1015003,PHILADELPHIA - 1015003,1.000000000000,vtd20_identity
101,005004,101,1015004,PHILADELPHIA - 1015004,1.000000000000,vtd20_identity
101,005005,101,1015005,PHILADELPHIA - 1015005,1.000000000000,vtd20_identity
101,005006,101,1015006,PHILADELPHIA - 1015006,1.000000000000,vtd20_identity
101,005007,101,1015007,PHILADELPHIA - 1015007,1.000000000000,vtd20_identity
101,005008,101,1015008,PHILADELPHIA - 1015008,1.000000000000,vtd20_identity
101,005009,101,1015009,PHILADELPHIA - 1015009,1.000000000000,vtd20_identity
101,005010,101,1015010,PHILADELPHIA - 1015010,1.000000000000,vtd20_identity
101,005011,101,1015011,PHILADELPHIA - 1015011,1.000000000000,vtd20_identity
101,005012,101,1015012,PHILADELPHIA - 1015012,1.000000000000,vtd20_identity
101,005013,101,1015013,PHILADELPHIA - 1015013,1.000000000000,vtd20_identity
101,005014,101,1015014,PHILADELPHIA - 1015014,1.000000000000,vtd20_identity
101,005015,101,1015015,PHILADELPHIA - 1015015,1.000000000000,vtd20_identity
101,005016,101,1015016,PHILADELPHIA - 1015016,1.000000000000,vtd20_identity
101,005017,101,1015017,PHILADELPHIA - 1015017,1.000000000000,vtd20_identity
101,005018,101,1015018,PHILADELPHIA - 1015018,1.000000000000,vtd20_identity
101,005019,101,1015019,PHILADELPHIA - 1015019,1.000000000000,vtd20_identity
101,005020,101,1015020,PHILADELPHIA - 1015020,1.000000000000,vtd20_identity
101,005021,101,1015021,PHILADELPHIA - 1015021,1.000000000000,vtd20_identity
101,005022,101,1015022,PHILADELPHIA - 1015022,1.000000000000,vtd20_identity
101,005023,101,1015023,PHILADELPHIA - 1015023,1.000000000000,vtd20_identity
101,005024,101,1015024,PHILADELPHIA - 1015024,1.000000000000,vtd20_identity
101,005025,101,1015025,PHILADELPHIA - 1015025,1.000000000000,vtd20_identity
101,005026,101,1015026,PHILADELPHIA - 1015026,1.000000000000,vtd20_identity
101,005027,101,1015027,PHILADELPHIA - 1015027,1.000000000000,vtd20_identity
101,005028,101,1015028,PHILADELPHIA - 1015028,1.000000000000,vtd20_identity
101,005029,101,1015029,PHILADELPHIA - 1015029,1.000000000000,vtd20_identity
101,005030,101,1015030,PHILADELPHIA - 1015030,1.000000000000,vtd20_identity
101,005081,101,1015103,PHILADELPHIA - 1015103,1.000000000000,vtd20_identity
101,005082,101,1015104,PHILADELPHIA - 1015104,1.000000000000,vtd20_identity
101,005090,101,1015108,PHILADELPHIA - 1015108,1.000000000000,vtd20_identity
101,005095,101,1015120,PHILADELPHIA - 1015120,1.000000000000,vtd20_identity
101,005101,101,1015101,PHILADELPHIA - 1015101,1.000000000000,vtd20_identity
101,005102,101,1015102,PHILADELPHIA - 1015102,1.000000000000,vtd20_identity
101,005105,101,1015105,PHILADELPHIA - 1015105,1.000000000000,vtd20_identity
101,005106,101,1015106,PHILADELPHIA - 1015106,1.000000000000,vtd20_identity
101,005107,101,1015107,PHILADELPHIA - 1015107,1.000000000000,vtd20_identity
101,005109,101,1015109,PHILADELPHIA - 1015109,1.000000000000,vtd20_identity
101,005110,101,1015110,PHILADELPHIA - 1015110,1.000000000000,vtd20_identity
101,005111,101,1015111,PHILADELPHIA - 1015111,1.000000000000,vtd20_identity
101,005112,101,1015112,PHILADELPHIA - 1015112,1.000000000000,vtd20_identity
101,005113,101,1015113,PHILADELPHIA - 1015113,1.000000000000,vtd20_identity
101,005114,101,1015114,PHILADELPHIA - 1015114,1.000000000000,vtd20_identity
101,005115,101,1015115,PHILADELPHIA - 1015115,1.000000000000,vtd20_identity
101,005116,101,1015116,PHILADELPHIA - 1015116,1.000000000000,vtd20_identity
101,005117,101,1015117,PHILADELPHIA - 1015117,1.000000000000,vtd20_identity
101,005118,101,1015118,PHILADELPHIA - 1015118,1.000000000000,vtd20_identity
101,005119,101,1015119,PHILADELPHIA - 1015119,1.000000000000,vtd20_identity
101,005121,101,1015121,PHILADELPHIA - 1015121,1.000000000000,vtd20_identity
101,005122,101,1015122,PHILADELPHIA - 1015122,1.000000000000,vtd20_identity
101,005123,101,1015123,PHILADELPHIA - 1015123,1.000000000000,vtd20_identity
101,005124,101,1015124,PHILADELPHIA - 1015124,1.000000000000,vtd20_identity
101,005125,101,1015125,PHILADELPHIA - 1015125,1.000000000000,vtd20_identity
101,005126,101,1015126,PHILADELPHIA - 1015126,1.000000000000,vtd20_identity
101,005127,101,1015127,PHILADELPHIA - 1015127,1.000000000000,vtd20_identity
101,005128,101,1015128,PHILADELPHIA - 1015128,1.000000000000,vtd20_identity
101,005201,101,1015201,PHILADELPHIA - 1015201,1.000000000000,vtd20_identity
101,005202,101,1015202,PHILADELPHIA - 1015202,1.000000000000,vtd20_identity
101,005203,101,1015203,PHILADELPHIA - 1015203,1.000000000000,vtd20_identity
101,005204,101,1015204,PHILADELPHIA - 1015204,1.000000000000,vtd20_identity
101,005205,101,1015205,PHILADELPHIA - 1015205,1.000000000000,vtd20_identity
101,005206,101,1015207,PHILADELPHIA - 1015207,0.062500000000,census_block_count
101,005206,101,1015206,PHILADELPHIA - 1015206,0.937500000000,census_block_count
101,005207,101,1015207,PHILADELPHIA - 1015207,1.000000000000,vtd20_identity
101,005208,101,1015208,PHILADELPHIA - 1015208,1.000000000000,vtd20_identity
101,005209,101,1015209,PHILADELPHIA - 1015209,1.000000000000,vtd20_identity
101,005210,101,1015210,PHILADELPHIA - 1015210,1.000000000000,vtd20_identity
101,005211,101,1015211,PHILADELPHIA - 1015211,1.000000000000,vtd20_identity
101,005212,101,1015212,PHILADELPHIA - 1015212,1.000000000000,vtd20_identity
101,005213,101,1015213,PHILADELPHIA - 1015213,1.000000000000,vtd20_identity
101,005214,101,1015214,PHILADELPHIA - 1015214,1.000000000000,vtd20_identity
101,005215,101,1015215,PHILADELPHIA - 1015215,1.000000000000,vtd20_identity
101,005216,101,1015216,PHILADELPHIA - 1015216,1.000000000000,vtd20_identity
101,005217,101,1015217,PHILADELPHIA - 1015217,1.000000000000,vtd20_identity
101,005218,101,1015218,PHILADELPHIA - 1015218,1.000000000000,vtd20_identity
101,005219,101,1015219,PHILADELPHIA - 1015219,1.000000000000,vtd20_identity
101,005220,101,1015220,PHILADELPHIA - 1015220,1.000000000000,vtd20_identity
101,005221,101,1015221,PHILADELPHIA - 1015221,1.000000000000,vtd20_identity
101,005222,101,1015222,PHILADELPHIA - 1015222,1.000000000000,vtd20_identity
101,005223,101,1015223,PHILADELPHIA - 1015223,1.000000000000,vtd20_identity
101,005224,101,1015224,PHILADELPHIA - 1015224,1.000000000000,vtd20_identity
101,005225,101,1015225,PHILADELPHIA - 1015225,1.000000000000,vtd20_identity
101,005226,101,1015226,PHILADELPHIA - 1015226,1.000000000000,vtd20_identity
101,005227,101,1015227,PHILADELPHIA - 1015227,1.000000000000,vtd20_identity
101,005228,101,1015228,PHILADELPHIA - 1015228,1.000000000000,vtd20_identity
101,005301,101,1015301,PHILADELPHIA - 1015301,1.000000000000,vtd20_identity
101,005302,101,1015302,PHILADELPHIA - 1015302,1.000000000000,vtd20_identity
101,005303,101,1015303,PHILADELPHIA - 1015303,1.000000000000,vtd20_identity
101,005304,101,1015304,PHILADELPHIA - 1015304,1.000000000000,vtd20_identity
101,005305,101,1015305,PHILADELPHIA - 1015305,1.000000000000,vtd20_identity
101,005306,101,1015306,PHILADELPHIA - 1015306,1.000000000000,vtd20_identity
101,005307,101,1015307,PHILADELPHIA - 1015307,1.000000000000,vtd20_identity
101,005308,101,1015308,PHILADELPHIA - 1015308,1.000000000000,vtd20_identity
101,005309,101,1015309,PHILADELPHIA - 1015309,1.000000000000,vtd20_identity
101,005310,101,1015310,PHILADELPHIA - 1015310,1.000000000000,vtd20_identity
101,005311,101,1015311,PHILADELPHIA - 1015311,1.000000000000,vtd20_identity
101,005312,101,1015312,PHILADELPHIA - 1015312,1.000000000000,vtd20_identity
101,005313,101,1015313,PHILADELPHIA - 1015313,1.000000000000,vtd20_identity
101,005314,101,1015314,PHILADELPHIA - 1015314,1.000000000000,vtd20_identity
101,005315,101,1015315,PHILADELPHIA - 1015315,1.000000000000,vtd20_identity
101,005316,101,1015316,PHILADELPHIA - 1015316,1.000000000000,vtd20_identity
101,005317,101,1015317,PHILADELPHIA - 1015317,1.000000000000,vtd20_identity
101,005318,101,1015318,PHILADELPHIA - 1015318,1.000000000000,vtd20_identity
101,005319,101,1015319,PHILADELPHIA - 1015319,1.000000000000,vtd20_identity
101,005320,101,1015320,PHILADELPHIA - 1015320,1.000000000000,vtd20_identity
101,005321,101,1015321,PHILADELPHIA - 1015321,1.000000000000,vtd20_identity
101,005322,101,1015322,PHILADELPHIA - 1015322,1.000000000000,vtd20_identity
101,005323,101,1015323,PHILADELPHIA - 1015323,1.000000000000,vtd20_identity
101,005401,101,1015401,PHILADELPHIA - 1015401,1.000000000000,vtd20_identity
101,005402,101,1015402,PHILADELPHIA - 1015402,1.000000000000,vtd20_identity
101,005403,101,1015403,PHILADELPHIA - 1015403,1.000000000000,vtd20_identity
101,005404,101,1015404,PHILADELPHIA - 1015404,1.000000000000,vtd20_identity
101,005405,101,1015405,PHILADELPHIA - 1015405,1.000000000000,vtd20_identity
101,005406,101,1015406,PHILADELPHIA - 1015406,1.000000000000,vtd20_identity
101,005407,101,1015407,PHILADELPHIA - 1015407,1.000000000000,vtd20_identity
101,005408,101,1015408,PHILADELPHIA - 1015408,1.000000000000,vtd20_identity
101,005409,101,1015409,PHILADELPHIA - 1015409,1.000000000000,vtd20_identity
101,005410,101,1015410,PHILADELPHIA - 1015410,1.000000000000,vtd20_identity
101,005411,101,1015411,PHILADELPHIA - 1015411,1.000000000000,vtd20_identity
101,005412,101,1015412,PHILADELPHIA - 1015412,1.000000000000,vtd20_identity
101,005413,101,1015413,PHILADELPHIA - 1015413,1.000000000000,vtd20_identity
101,005414,101,1015414,PHILADELPHIA - 1015414,1.000000000000,vtd20_identity
101,005415,101,1015415,PHILADELPHIA - 1015415,1.000000000000,vtd20_identity
101,005416,101,1015416,PHILADELPHIA - 1015416,1.000000000000,vtd20_identity
101,005417,101,1015417,PHILADELPHIA - 1015417,1.000000000000,vtd20_identity
101,005418,101,1015418,PHILADELPHIA - 1015418,1.000000000000,vtd20_identity
101,005419,101,1015419,PHILADELPHIA - 1015419,1.000000000000,vtd20_identity
101,005420,101,1015420,PHILADELPHIA - 1015420,1.000000000000,vtd20_identity
101,005421,101,1015421,PHILADELPHIA - 1015421,1.000000000000,vtd20_identity
101,005422,101,1015422,PHILADELPHIA - 1015422,1.000000000000,vtd20_identity
101,005501,101,1015501,PHILADELPHIA - 1015501,1.000000000000,vtd20_identity
101,005502,101,1015502,PHILADELPHIA - 1015502,1.000000000000,vtd20_identity
101,005503,101,1015503,PHILADELPHIA - 1015503,1.000000000000,vtd20_identity
101,005504,101,1015504,PHILADELPHIA - 1015504,1.000000000000,vtd20_identity
101,005505,101,1015505,PHILADELPHIA - 1015505,1.000000000000,vtd20_identity
101,005506,101,1015506,PHILADELPHIA - 1015506,1.000000000000,vtd20_identity
101,005507,101,1015507,PHILADELPHIA - 1015507,1.000000000000,vtd20_identity
101,005508,101,1015508,PHILADELPHIA - 1015508,1.000000000000,vtd20_identity
101,005509,101,1015509,PHILADELPHIA - 1015509,1.000000000000,vtd20_identity
101,005510,101,1015510,PHILADELPHIA - 1015510,1.000000000000,vtd20_identity
101,005511,101,1015511,PHILADELPHIA - 1015511,1.000000000000,vtd20_identity
101,005512,101,1015512,PHILADELPHIA - 1015512,1.000000000000,vtd20_identity
101,005513,101,1015513,PHILADELPHIA - 1015513,1.000000000000,vtd20_identity
101,005514,101,1015514,PHILADELPHIA - 1015514,1.000000000000,vtd20_identity
101,005515,101,1015515,PHILADELPHIA - 1015515,1.000000000000,vtd20_identity
101,005516,101,1015516,PHILADELPHIA - 1015516,1.000000000000,vtd20_identity
101,005517,101,1015517,PHILADELPHIA - 1015517,1.000000000000,vtd20_identity
101,005518,101,1015518,PHILADELPHIA - 1015518,1.000000000000,vtd20_identity
101,005519,101,1015519,PHILADELPHIA - 1015519,1.000000000000,vtd20_identity
101,005520,101,1015520,PHILADELPHIA - 1015520,1.000000000000,vtd20_identity
101,005521,101,1015521,PHILADELPHIA - 1015521,1.000000000000,vtd20_identity
101,005522,101,1015522,PHILADELPHIA - 1015522,1.000000000000,vtd20_identity
101,005523,101,1015523,PHILADELPHIA - 1015523,1.000000000000,vtd20_identity
101,005524,101,1015524,PHILADELPHIA - 1015524,1.000000000000,vtd20_identity
101,005525,101,1015525,PHILADELPHIA - 1015525,1.000000000000,vtd20_identity
101,005526,101,1015526,PHILADELPHIA - 1015526,1.000000000000,vtd20_identity
101,005527,101,1015527,PHILADELPHIA - 1015527,1.000000000000,vtd20_identity
101,005528,101,1015528,PHILADELPHIA - 1015528,1.000000000000,vtd20_identity
101,005529,101,1015529,PHILADELPHIA - 1015529,1.000000000000,vtd20_identity
101,005601,101,1015601,PHILADELPHIA - 1015601,1.000000000000,vtd20_identity
101,005602,101,1015602,PHILADELPHIA - 1015602,1.000000000000,vtd20_identity
101,005603,101,1015603,PHILADELPHIA - 1015603,1.000000000000,vtd20_identity
101,005604,101,1015604,PHILADELPHIA - 1015604,1.000000000000,vtd20_identity
101,005605,101,1015605,PHILADELPHIA - 1015605,1.000000000000,vtd20_identity
101,005606,101,1015606,PHILADELPHIA - 1015606,1.000000000000,vtd20_identity
101,005607,101,1015607,PHILADELPHIA - 1015607,1.000000000000,vtd20_identity
101,005608,101,1015608,PHILADELPHIA - 1015608,1.000000000000,vtd20_identity
101,005609,101,1015609,PHILADELPHIA - 1015609,1.000000000000,vtd20_identity
101,005610,101,1015610,PHILADELPHIA - 1015610,1.000000000000,vtd20_identity
101,005611,101,1015611,PHILADELPHIA - 1015611,1.000000000000,vtd20_identity
101,005612,101,1015612,PHILADELPHIA - 1015612,1.000000000000,vtd20_identity
101,005613,101,1015613,PHILADELPHIA - 1015613,1.000000000000,vtd20_identity
101,005614,101,1015614,PHILADELPHIA - 1015614,1.000000000000,vtd20_identity
101,005615,101,1015615,PHILADELPHIA - 1015615,1.000000000000,vtd20_identity
101,005616,101,1015616,PHILADELPHIA - 1015616,1.000000000000,vtd20_identity
101,005617,101,1015617,PHILADELPHIA - 1015617,1.000000000000,vtd20_identity
101,005618,101,1015618,PHILADELPHIA - 1015618,1.000000000000,vtd20_identity
101,005619,101,1015619,PHILADELPHIA - 1015619,1.000000000000,vtd20_identity
101,005620,101,1015620,PHILADELPHIA - 1015620,1.000000000000,vtd20_identity
101,005621,101,1015621,PHILADELPHIA - 1015621,1.000000000000,vtd20_identity
101,005622,101,1015622,PHILADELPHIA - 1015622,1.000000000000,vtd20_identity
101,005623,101,1015623,PHILADELPHIA - 1015623,1.000000000000,vtd20_identity
101,005624,101,1015624,PHILADELPHIA - 1015624,1.000000000000,vtd20_identity
101,005625,101,1015625,PHILADELPHIA - 1015625,1.000000000000,vtd20_identity
101,005626,101,1015626,PHILADELPHIA - 1015626,1.000000000000,vtd20_identity
101,005627,101,1015627,PHILADELPHIA - 1015627,1.000000000000,vtd20_identity
101,005628,101,1015628,PHILADELPHIA - 1015628,1.000000000000,vtd20_identity
101,005629,101,1015629,PHILADELPHIA - 1015629,1.000000000000,vtd20_identity
101,005630,101,1015630,PHILADELPHIA - 1015630,1.000000000000,vtd20_identity
101,005631,101,1015631,PHILADELPHIA - 1015631,1.000000000000,vtd20_identity
101,005632,101,1015632,PHILADELPHIA - 1015632,1.000000000000,vtd20_identity
101,005633,101,1015633,PHILADELPHIA - 1015633,1.000000000000,vtd20_identity
101,005634,101,1015634,PHILADELPHIA - 1015634,1.000000000000,vtd20_identity
101,005635,101,1015635,PHILADELPHIA - 1015635,1.000000000000,vtd20_identity
101,005636,101,1015636,PHILADELPHIA - 1015636,1.000000000000,vtd20_identity
101,005637,101,1015637,PHILADELPHIA - 1015637,1.000000000000,vtd20_identity
101,005638,101,1015638,PHILADELPHIA - 1015638,1.000000000000,vtd20_identity
101,005639,101,1015639,PHILADELPHIA - 1015639,1.000000000000,vtd20_identity
101,005640,101,1015640,PHILADELPHIA - 1015640,1.000000000000,vtd20_identity
101,005641,101,1015641,PHILADELPHIA - 1015641,1.000000000000,vtd20_identity
101,005701,101,1015701,PHILADELPHIA - 1015701,1.000000000000,vtd20_identity
101,005702,101,1015702,PHILADELPHIA - 1015702,1.000000000000,vtd20_identity
101,005703,101,1015703,PHILADELPHIA - 1015703,1.000000000000,vtd20_identity
101,005704,101,1015704,PHILADELPHIA - 1015704,1.000000000000,vtd20_identity
101,005705,101,1015705,PHILADELPHIA - 1015705,1.000000000000,vtd20_identity
101,005706,101,1015706,PHILADELPHIA - 1015706,1.000000000000,vtd20_identity
101,005707,101,1015707,PHILADELPHIA - 1015707,1.000000000000,vtd20_identity
101,005708,101,1015708,PHILADELPHIA - 1015708,1.000000000000,vtd20_identity
101,005709,101,1015709,PHILADELPHIA - 1015709,1.000000000000,vtd20_identity
101,005710,101,1015710,PHILADELPHIA - 1015710,1.000000000000,vtd20_identity
101,005711,101,1015711,PHILADELPHIA - 1015711,1.000000000000,vtd20_identity
101,005712,101,1015712,PHILADELPHIA - 1015712,1.000000000000,vtd20_identity
101,005713,101,1015713,PHILADELPHIA - 1015713,1.000000000000,vtd20_identity
101,005714,101,1015714,PHILADELPHIA - 1015714,1.000000000000,vtd20_identity
101,005715,101,1015715,PHILADELPHIA - 1015715,1.000000000000,vtd20_identity
101,005716,101,1015716,PHILADELPHIA - 1015716,1.000000000000,vtd20_identity
101,005717,101,1015717,PHILADELPHIA - 1015717,1.000000000000,vtd20_identity
101,005718,101,1015718,PHILADELPHIA - 1015718,1.000000000000,vtd20_identity
101,005719,101,1015719,PHILADELPHIA - 1015719,1.000000000000,vtd20_identity
101,005720,101,1015720,PHILADELPHIA - 1015720,1.000000000000,vtd20_identity
101,005721,101,1015721,PHILADELPHIA - 1015721,1.000000000000,vtd20_identity
101,005722,101,1015722,PHILADELPHIA - 1015722,1.000000000000,vtd20_identity
101,005723,101,1015723,PHILADELPHIA - 1015723,1.000000000000,vtd20_identity
101,005724,101,1015724,PHILADELPHIA - 1015724,1.000000000000,vtd20_identity
101,005725,101,1015725,PHILADELPHIA - 1015725,1.000000000000,vtd20_identity
101,005726,101,1015726,PHILADELPHIA - 1015726,1.000000000000,vtd20_identity
101,005727,101,1015727,PHILADELPHIA - 1015727,1.000000000000,vtd20_identity
101,005728,101,1015728,PHILADELPHIA - 1015728,1.000000000000,vtd20_identity
101,005801,101,1015801,PHILADELPHIA - 1015801,1.000000000000,vtd20_identity
101,005802,101,1015802,PHILADELPHIA - 1015802,1.000000000000,vtd20_identity
101,005803,101,1015803,PHILADELPHIA - 1015803,1.000000000000,vtd20_identity
101,005804,101,1015804,PHILADELPHIA - 1015804,1.000000000000,vtd20_identity
101,005805,101,1015805,PHILADELPHIA - 1015805,1.000000000000,vtd20_identity
101,005806,101,1015806,PHILADELPHIA - 1015806,1.000000000000,vtd20_identity
101,005807,101,1015807,PHILADELPHIA - 1015807,1.000000000000,vtd20_identity
101,005808,101,1015808,PHILADELPHIA - 1015808,1.000000000000,vtd20_identity
101,005809,101,1015809,PHILADELPHIA - 1015809,1.000000000000,vtd20_identity
101,005810,101,1015810,PHILADELPHIA - 1015810,1.000000000000,vtd20_identity
101,005811,101,1015811,PHILADELPHIA - 1015811,1.000000000000,vtd20_identity
101,005812,101,1015812,PHILADELPHIA - 1015812,1.000000000000,vtd20_identity
101,005813,101,1015813,PHILADELPHIA - 1015813,1.000000000000,vtd20_identity
101,005814,101,1015814,PHILADELPHIA - 1015814,1.000000000000,vtd20_identity
101,005815,101,1015815,PHILADELPHIA - 1015815,1.000000000000,vtd20_identity
101,005816,101,1015816,PHILADELPHIA - 1015816,1.000000000000,vtd20_identity
101,005817,101,1015817,PHILADELPHIA - 1015817,1.000000000000,vtd20_identity
101,005818,101,1015833,PHILADELPHIA - 1015833,0.062500000000,census_block_count
101,005818,101,1015818,PHILADELPHIA - 1015818,0.812500000000,census_block_count
101,005818,101,1015809,PHILADELPHIA - 1015809,0.125000000000,census_block_count
101,005819,101,1015819,PHILADELPHIA - 1015819,1.000000000000,vtd20_identity
101,005820,101,1015820,PHILADELPHIA - 1015820,1.000000000000,vtd20_identity
101,005821,101,1015821,PHILADELPHIA - 1015821,1.000000000000,vtd20_identity
101,005822,101,1015822,PHILADELPHIA - 1015822,1.000000000000,census_block_count
101,005823,101,1015823,PHILADELPHIA - 1015823,1.000000000000,vtd20_identity
101,005824,101,1015824,PHILADELPHIA - 1015824,1.000000000000,vtd20_identity
101,005825,101,1015825,PHILADELPHIA - 1015825,1.000000000000,vtd20_identity
101,005826,101,1015826,PHILADELPHIA - 1015826,1.000000000000,vtd20_identity
101,005827,101,1015827,PHILADELPHIA - 1015827,1.000000000000,vtd20_identity
101,005828,101,1015828,PHILADELPHIA - 1015828,1.000000000000,vtd20_identity
101,005829,101,1015829,PHILADELPHIA - 1015829,1.000000000000,vtd20_identity
101,005830,101,1015830,PHILADELPHIA - 1015830,1.000000000000,vtd20_identity
101,005831,101,1015831,PHILADELPHIA - 1015831,1.000000000000,vtd20_identity
101,005832,101,1015832,PHILADELPHIA - 1015832,1.000000000000,vtd20_identity
101,005833,101,1015838,PHILADELPHIA - 1015838,0.333333333333,census_block_count
101,005833,101,1015833,PHILADELPHIA - 1015833,0.666666666667,census_block_count
101,005834,101,1015834,PHILADELPHIA - 1015834,1.000000000000,vtd20_identity
101,005835,101,1015835,PHILADELPHIA - 1015835,1.000000000000,vtd20_identity
101,005836,101,1015836,PHILADELPHIA - 1015836,1.000000000000,census_block_count
101,005837,101,1015837,PHILADELPHIA - 1015837,1.000000000000,vtd20_identity
101,005838,101,1015838,PHILADELPHIA - 1015838,1.000000000000,vtd20_identity
101,005839,101,1015839,PHILADELPHIA - 1015839,1.000000000000,vtd20_identity
101,005840,101,1015840,PHILADELPHIA - 1015840,1.000000000000,vtd20_identity
101,005841,101,1015841,PHILADELPHIA - 1015841,1.000000000000,vtd20_identity
101,005842,101,1015842,PHILADELPHIA - 1015842,1.000000000000,vtd20_identity
101,005843,101,1015843,PHILADELPHIA - 1015843,1.000000000000,vtd20_identity
101,005844,101,1015844,PHILADELPHIA - 1015844,1.000000000000,vtd20_identity
101,005901,101,1015901,PHILADELPHIA - 1015901,1.000000000000,vtd20_identity
101,005902,101,1015902,PHILADELPHIA - 1015902,1.000000000000,vtd20_identity
101,005903,101,1015903,PHILADELPHIA - 1015903,1.000000000000,vtd20_identity
101,005904,101,1015904,PHILADELPHIA - 1015904,1.000000000000,vtd20_identity
101,005905,101,1015905,PHILADELPHIA - 1015905,1.000000000000,vtd20_identity
101,005906,101,1015906,PHILADELPHIA - 1015906,1.000000000000,vtd20_identity
101,005907,101,1015907,PHILADELPHIA - 1015907,1.000000000000,vtd20_identity
101,005908,101,1015908,PHILADELPHIA - 1015908,1.000000000000,vtd20_identity
101,005909,101,1015909,PHILADELPHIA - 1015909,1.000000000000,vtd20_identity
101,005910,101,1015910,PHILADELPHIA - 1015910,1.000000000000,vtd20_identity
101,005911,101,1015911,PHILADELPHIA - 1015911,1.000000000000,vtd20_identity
101,005912,101,1015912,PHILADELPHIA - 1015912,1.000000000000,vtd20_identity
101,005913,101,1015913,PHILADELPHIA - 1015913,1.000000000000,vtd20_identity
101,005914,101,1015914,PHILADELPHIA - 1015914,1.000000000000,vtd20_identity
101,005915,101,1015915,PHILADELPHIA - 1015915,1.000000000000,vtd20_identity
101,005916,101,1015916,PHILADELPHIA - 1015916,1.000000000000,vtd20_identity
101,005917,101,1015917,PHILADELPHIA - 1015917,1.000000000000,vtd20_identity
101,005918,101,1015918,PHILADELPHIA - 1015918,1.000000000000,vtd20_identity
101,005919,101,1015919,PHILADELPHIA - 1015919,1.000000000000,vtd20_identity
101,005920,101,1015920,PHILADELPHIA - 1015920,1.000000000000,vtd20_identity
101,005921,101,1015921,PHILADELPHIA - 1015921,1.000000000000,vtd20_identity
101,005922,101,1015922,PHILADELPHIA - 1015922,1.000000000000,vtd20_identity
101,005923,101,1015923,PHILADELPHIA - 1015923,1.000000000000,vtd20_identity
101,005924,101,1015924,PHILADELPHIA - 1015924,1.000000000000,vtd20_identity
101,005925,101,1015925,PHILADELPHIA - 1015925,1.000000000000,vtd20_identity
101,006001,101,1016001,PHILADELPHIA - 1016001,1.000000000000,vtd20_identity
101,006002,101,1016002,PHILADELPHIA - 1016002,1.000000000000,vtd20_identity
101,006003,101,1016003,PHILADELPHIA - 1016003,1.000000000000,vtd20_identity
101,006004,101,1016004,PHILADELPHIA - 1016004,1.000000000000,vtd20_identity
101,006005,101,1016005,PHILADELPHIA - 1016005,1.000000000000,vtd20_identity
101,006006,101,1016006,PHILADELPHIA - 1016006,1.000000000000,vtd20_identity
101,006007,101,1016007,PHILADELPHIA - 1016007,1.000000000000,vtd20_identity
101,006008,101,1016008,PHILADELPHIA - 1016008,1.000000000000,vtd20_identity
101,006009,101,1016009,PHILADELPHIA - 1016009,1.000000000000,vtd20_identity
101,006010,101,1016010,PHILADELPHIA - 1016010,1.000000000000,vtd20_identity
101,006011,101,1016011,PHILADELPHIA - 1016011,1.000000000000,vtd20_identity
101,006012,101,1016012,PHILADELPHIA - 1016012,1.000000000000,vtd20_identity
101,006013,101,1016013,PHILADELPHIA - 1016013,1.000000000000,vtd20_identity
101,006014,101,1016014,PHILADELPHIA - 1016014,1.000000000000,vtd20_identity
101,006015,101,1016015,PHILADELPHIA - 1016015,1.000000000000,vtd20_identity
101,006016,101,1016016,PHILADELPHIA - 1016016,1.000000000000,vtd20_identity
101,006017,101,1016017,PHILADELPHIA - 1016017,1.000000000000,vtd20_identity
101,006018,101,1016018,PHILADELPHIA - 1016018,1.000000000000,vtd20_identity
101,006019,101,1016019,PHILADELPHIA - 1016019,1.000000000000,vtd20_identity
101,006020,101,1016020,PHILADELPHIA - 1016020,1.000000000000,vtd20_identity
101,006021,101,1016021,PHILADELPHIA - 1016021,1.000000000000,vtd20_identity
101,006022,101,1016022,PHILADELPHIA - 1016022,1.000000000000,vtd20_identity
101,006023,101,1016023,PHILADELPHIA - 1016023,1.000000000000,vtd20_identity
101,006101,101,1016101,PHILADELPHIA - 1016101,1.000000000000,vtd20_identity
101,006102,101,1016102,PHILADELPHIA - 1016102,1.000000000000,vtd20_identity
101,006103,101,1016103,PHILADELPHIA - 1016103,1.000000000000,vtd20_identity
101,006104,101,1016104,PHILADELPHIA - 1016104,1.000000000000,vtd20_identity
101,006105,101,1016105,PHILADELPHIA - 1016105,1.000000000000,vtd20_identity
101,006106,101,1016106,PHILADELPHIA - 1016106,1.000000000000,vtd20_identity
101,006107,101,1016107,PHILADELPHIA - 1016107,1.000000000000,vtd20_identity
101,006108,101,1016108,PHILADELPHIA - 1016108,1.000000000000,vtd20_identity
101,006109,101,1016109,PHILADELPHIA - 1016109,1.000000000000,vtd20_identity
101,006110,101,1016110,PHILADELPHIA - 1016110,1.000000000000,vtd20_identity
101,006111,101,1016111,PHILADELPHIA - 1016111,1.000000000000,vtd20_identity
101,006112,101,1016112,PHILADELPHIA - 1016112,1.000000000000,vtd20_identity
101,006113,101,1016113,PHILADELPHIA - 1016113,1.000000000000,vtd20_identity
101,006114,101,1016114,PHILADELPHIA - 1016114,1.000000000000,vtd20_identity
101,006115,101,1016115,PHILADELPHIA - 1016115,1.000000000000,vtd20_identity
101,006116,101,1016116,PHILADELPHIA - 1016116,1.000000000000,vtd20_identity
101,006117,101,1016117,PHILADELPHIA - 1016117,1.000000000000,vtd20_identity
101,006118,101,1016118,PHILADELPHIA - 1016118,1.000000000000,vtd20_identity
101,006119,101,1016119,PHILADELPHIA - 1016119,1.000000000000,vtd20_identity
101,006120,101,1016120,PHILADELPHIA - 1016120,1.000000000000,vtd20_identity
101,006121,101,1016121,PHILADELPHIA - 1016121,1.000000000000,vtd20_identity
101,006122,101,1016122,PHILADELPHIA - 1016122,1.000000000000,vtd20_identity
101,006123,101,1016123,PHILADELPHIA - 1016123,1.000000000000,vtd20_identity
101,006124,101,1016124,PHILADELPHIA - 1016124,1.000000000000,vtd20_identity
101,006125,101,1016125,PHILADELPHIA - 1016125,1.000000000000,vtd20_identity
101,006126,101,1016126,PHILADELPHIA - 1016126,1.000000000000,vtd20_identity
101,006127,101,1016127,PHILADELPHIA - 1016127,1.000000000000,vtd20_identity
101,006128,101,1016128,PHILADELPHIA - 1016128,1.000000000000,vtd20_identity
101,006201,101,1016201,PHILADELPHIA - 1016201,1.000000000000,vtd20_identity
101,006202,101,1016202,PHILADELPHIA - 1016202,1.000000000000,vtd20_identity
101,006203,101,1016203,PHILADELPHIA - 1016203,1.000000000000,vtd20_identity
101,006204,101,1016204,PHILADELPHIA - 1016204,1.000000000000,vtd20_identity
101,006205,101,1016205,PHILADELPHIA - 1016205,1.000000000000,vtd20_identity
101,006206,101,1016206,PHILADELPHIA - 1016206,1.000000000000,vtd20_identity
101,006207,101,1016207,PHILADELPHIA - 1016207,1.000000000000,vtd20_identity
101,006208,101,1016208,PHILADELPHIA - 1016208,1.000000000000,vtd20_identity
101,006209,101,1016209,PHILADELPHIA - 1016209,1.000000000000,vtd20_identity
101,006210,101,1016210,PHILADELPHIA - 1016210,1.000000000000,vtd20_identity
101,006211,101,1016211,PHILADELPHIA - 1016211,1.000000000000,vtd20_identity
101,006212,101,1016212,PHILADELPHIA - 1016212,1.000000000000,vtd20_identity
101,006213,101,1016213,PHILADELPHIA - 1016213,1.000000000000,vtd20_identity
101,006214,101,1016214,PHILADELPHIA - 1016214,1.000000000000,vtd20_identity
101,006215,101,1016215,PHILADELPHIA - 1016215,1.000000000000,vtd20_identity
101,006216,101,1016216,PHILADELPHIA - 1016216,1.000000000000,vtd20_identity
101,006217,101,1016217,PHILADELPHIA - 1016217,1.000000000000,vtd20_identity
101,006218,101,1016218,PHILADELPHIA - 1016218,1.000000000000,vtd20_identity
101,006219,101,1016219,PHILADELPHIA - 1016219,1.000000000000,vtd20_identity
101,006220,101,1016220,PHILADELPHIA - 1016220,1.000000000000,vtd20_identity
101,006221,101,1016221,PHILADELPHIA - 1016221,1.000000000000,vtd20_identity
101,006222,101,1016222,PHILADELPHIA - 1016222,1.000000000000,vtd20_identity
101,006223,101,1016223,PHILADELPHIA - 1016223,1.000000000000,vtd20_identity
101,006224,101,1016224,PHILADELPHIA - 1016224,1.000000000000,vtd20_identity
101,006225,101,1016225,PHILADELPHIA - 1016225,1.000000000000,vtd20_identity
101,006226,101,1016226,PHILADELPHIA - 1016226,1.000000000000,vtd20_identity
101,006301,101,1016301,PHILADELPHIA - 1016301,1.000000000000,vtd20_identity
101,006302,101,1016302,PHILADELPHIA - 1016302,1.000000000000,vtd20_identity
101,006303,101,1016303,PHILADELPHIA - 1016303,1.000000000000,vtd20_identity
101,006304,101,1016304,PHILADELPHIA - 1016304,1.000000000000,vtd20_identity
101,006305,101,1016305,PHILADELPHIA - 1016305,1.000000000000,vtd20_identity
101,006306,101,1016306,PHILADELPHIA - 1016306,1.000000000000,vtd20_identity
101,006307,101,1016307,PHILADELPHIA - 1016307,1.000000000000,vtd20_identity
101,006308,101,1016308,PHILADELPHIA - 1016308,1.000000000000,vtd20_identity
101,006309,101,1016309,PHILADELPHIA - 1016309,1.000000000000,vtd20_identity
101,006310,101,1016310,PHILADELPHIA - 1016310,1.000000000000,vtd20_identity
101,006311,101,1016311,PHILADELPHIA - 1016311,1.000000000000,vtd20_identity
101,006312,101,1016315,PHILADELPHIA - 1016315,0.250000000000,census_block_count
101,006312,101,1016312,PHILADELPHIA - 1016312,0.687500000000,census_block_count
101,006312,101,1015619,PHILADELPHIA - 1015619,0.062500000000,census_block_count
101,006313,101,1016313,PHILADELPHIA - 1016313,1.000000000000,vtd20_identity
101,006314,101,1016314,PHILADELPHIA - 1016314,1.000000000000,vtd20_identity
101,006315,101,1016315,PHILADELPHIA - 1016315,0.900000000000,census_block_count
101,006315,101,1016322,PHILADELPHIA - 1016322,0.100000000000,census_block_count
101,006316,101,1016316,PHILADELPHIA - 1016316,1.000000000000,vtd20_identity
101,006317,101,1016317,PHILADELPHIA - 1016317,1.000000000000,vtd20_identity
101,006318,101,1016318,PHILADELPHIA - 1016318,1.000000000000,vtd20_identity
101,006319,101,1016319,PHILADELPHIA - 1016319,1.000000000000,vtd20_identity
101,006320,101,1016320,PHILADELPHIA - 1016320,1.000000000000,vtd20_identity
101,006321,101,1016321,PHILADELPHIA - 1016321,1.000000000000,vtd20_identity
101,006322,101,1016322,PHILADELPHIA - 1016322,1.000000000000,vtd20_identity
101,006323,101,1016323,PHILADELPHIA - 1016323,1.000000000000,vtd20_identity
101,006324,101,1016324,PHILADELPHIA - 1016324,1.000000000000,vtd20_identity
101,006325,101,1016325,PHILADELPHIA - 1016325,1.000000000000,vtd20_identity
101,006401,101,1016401,PHILADELPHIA - 1016401,1.000000000000,vtd20_identity
101,006402,101,1016402,PHILADELPHIA - 1016402,1.000000000000,vtd20_identity
101,006403,101,1016403,PHILADELPHIA - 1016403,1.000000000000,vtd20_identity
101,006404,101,1016404,PHILADELPHIA - 1016404,1.000000000000,vtd20_identity
101,006405,101,1016405,PHILADELPHIA - 1016405,1.000000000000,vtd20_identity
101,006406,101,1016406,PHILADELPHIA - 1016406,1.000000000000,vtd20_identity
101,006407,101,1016407,PHILADELPHIA - 1016407,1.000000000000,vtd20_identity
101,006408,101,1016408,PHILADELPHIA - 1016408,1.000000000000,vtd20_identity
101,006409,101,1016409,PHILADELPHIA - 1016409,1.000000000000,vtd20_identity
101,006410,101,1016410,PHILADELPHIA - 1016410,1.000000000000,vtd20_identity
101,006411,101,1016411,PHILADELPHIA - 1016411,1.000000000000,vtd20_identity
101,006412,101,1016412,PHILADELPHIA - 1016412,1.000000000000,vtd20_identity
101,006413,101,1016413,PHILADELPHIA - 1016413,1.000000000000,vtd20_identity
101,006414,101,1016414,PHILADELPHIA - 1016414,1.000000000000,vtd20_identity
101,006415,101,1016415,PHILADELPHIA - 1016415,1.000000000000,vtd20_identity
101,006416,101,1016416,PHILADELPHIA - 1016416,1.000000000000,vtd20_identity
101,006417,101,1016417,PHILADELPHIA - 1016417,1.000000000000,vtd20_identity
101,006418,101,1016418,PHILADELPHIA - 1016418,1.000000000000,vtd20_identity
101,006501,101,1016501,PHILADELPHIA - 1016501,1.000000000000,vtd20_identity
101,006502,101,1016502,PHILADELPHIA - 1016502,1.000000000000,vtd20_identity
101,006503,101,1016503,PHILADELPHIA - 1016503,1.000000000000,vtd20_identity
101,006504,101,1016504,PHILADELPHIA - 1016504,1.000000000000,vtd20_identity
101,006505,101,1016505,PHILADELPHIA - 1016505,1.000000000000,vtd20_identity
101,006506,101,1016506,PHILADELPHIA - 1016506,1.000000000000,vtd20_identity
101,006507,101,1016507,PHILADELPHIA - 1016507,1.000000000000,vtd20_identity
101,006508,101,1016508,PHILADELPHIA - 1016508,1.000000000000,vtd20_identity
101,006509,101,1016509,PHILADELPHIA - 1016509,1.000000000000,vtd20_identity
101,006510,101,1016510,PHILADELPHIA - 1016510,1.000000000000,vtd20_identity
101,006511,101,1016511,PHILADELPHIA - 1016511,1.000000000000,vtd20_identity
101,006512,101,1016512,PHILADELPHIA - 1016512,1.000000000000,vtd20_identity
101,006513,101,1016513,PHILADELPHIA - 1016513,1.000000000000,vtd20_identity
101,006514,101,1016514,PHILADELPHIA - 1016514,1.000000000000,vtd20_identity
101,006515,101,1016515,PHILADELPHIA - 1016515,1.000000000000,vtd20_identity
101,006516,101,1016516,PHILADELPHIA - 1016516,1.000000000000,vtd20_identity
101,006517,101,1016517,PHILADELPHIA - 1016517,1.000000000000,vtd20_identity
101,006518,101,1016518,PHILADELPHIA - 1016518,1.000000000000,vtd20_identity
101,006519,101,1016519,PHILADELPHIA - 1016519,1.000000000000,vtd20_identity
101,006520,101,1016520,PHILADELPHIA - 1016520,1.000000000000,vtd20_identity
101,006521,101,1016521,PHILADELPHIA - 1016521,1.000000000000,vtd20_identity
101,006522,101,1016522,PHILADELPHIA - 1016522,1.000000000000,vtd20_identity
101,006523,101,1016523,PHILADELPHIA - 1016523,1.000000000000,vtd20_identity
101,006601,101,1016601,PHILADELPHIA - 1016601,1.000000000000,vtd20_identity
101,006602,101,1016602,PHILADELPHIA - 1016602,1.000000000000,vtd20_identity
101,006603,101,1016603,PHILADELPHIA - 1016603,1.000000000000,vtd20_identity
101,006604,101,1016604,PHILADELPHIA - 1016604,1.000000000000,vtd20_identity
101,006605,101,1016605,PHILADELPHIA - 1016605,1.000000000000,vtd20_identity
101,006606,101,1016606,PHILADELPHIA - 1016606,1.000000000000,vtd20_identity
101,006607,101,1016607,PHILADELPHIA - 1016607,1.000000000000,vtd20_identity
101,006608,101,1016608,PHILADELPHIA - 1016608,1.000000000000,vtd20_identity
101,006609,101,1016609,PHILADELPHIA - 1016609,1.000000000000,vtd20_identity
101,006610,101,1016610,PHILADELPHIA - 1016610,1.000000000000,vtd20_identity
101,006611,101,1016611,PHILADELPHIA - 1016611,1.000000000000,vtd20_identity
101,006612,101,1016612,PHILADELPHIA - 1016612,1.000000000000,vtd20_identity
101,006613,101,1016613,PHILADELPHIA - 1016613,1.000000000000,vtd20_identity
101,006614,101,1016614,PHILADELPHIA - 1016614,1.000000000000,vtd20_identity
101,006615,101,1016615,PHILADELPHIA - 1016615,1.000000000000,vtd20_identity
101,006616,101,1016616,PHILADELPHIA - 1016616,1.000000000000,vtd20_identity
101,006617,101,1016617,PHILADELPHIA - 1016617,1.000000000000,vtd20_identity
101,006618,101,1016618,PHILADELPHIA - 1016618,1.000000000000,vtd20_identity
101,006619,101,1016627,PHILADELPHIA - 1016627,1.000000000000,vtd20_identity
101,006620,101,1016620,PHILADELPHIA - 1016620,1.000000000000,vtd20_identity
101,006621,101,1016621,PHILADELPHIA - 1016621,1.000000000000,vtd20_identity
101,006622,101,1016622,PHILADELPHIA - 1016622,1.000000000000,vtd20_identity
101,006623,101,1016623,PHILADELPHIA - 1016623,1.000000000000,vtd20_identity
101,006624,101,1016624,PHILADELPHIA - 1016624,1.000000000000,vtd20_identity
101,006625,101,1016625,PHILADELPHIA - 1016625,1.000000000000,vtd20_identity
101,006626,101,1016626,PHILADELPHIA - 1016626,1.000000000000,vtd20_identity
101,006627,101,1016619,PHILADELPHIA - 1016619,1.000000000000,vtd20_identity
101,006628,101,1016628,PHILADELPHIA - 1016628,1.000000000000,vtd20_identity
101,006629,101,1016629,PHILADELPHIA - 1016629,1.000000000000,vtd20_identity
101,006630,101,1016630,PHILADELPHIA - 1016630,1.000000000000,vtd20_identity
101,006631,101,1016631,PHILADELPHIA - 1016631,1.000000000000,vtd20_identity
101,006632,101,1016632,PHILADELPHIA - 1016632,1.000000000000,vtd20_identity
101,006633,101,1016633,PHILADELPHIA - 1016633,1.000000000000,vtd20_identity
101,006634,101,1016634,PHILADELPHIA - 1016634,1.000000000000,vtd20_identity
101,006635,101,1016635,PHILADELPHIA - 1016635,1.000000000000,vtd20_identity
101,006636,101,1016636,PHILADELPHIA - 1016636,1.000000000000,vtd20_identity
101,006637,101,1016637,PHILADELPHIA - 1016637,1.000000000000,vtd20_identity
101,006638,101,1016638,PHILADELPHIA - 1016638,1.000000000000,vtd20_identity
101,006639,101,1016639,PHILADELPHIA - 1016639,1.000000000000,vtd20_identity
101,006640,101,1016640,PHILADELPHIA - 1016640,1.000000000000,vtd20_identity
101,006641,101,1016641,PHILADELPHIA - 1016641,1.000000000000,vtd20_identity
101,006642,101,1016642,PHILADELPHIA - 1016642,1.000000000000,vtd20_identity
101,006643,101,1016643,PHILADELPHIA - 1016643,1.000000000000,vtd20_identity
101,006644,101,1016644,PHILADELPHIA - 1016644,1.000000000000,vtd20_identity
101,006645,101,1016645,PHILADELPHIA - 1016645,1.000000000000,vtd20_identity
101,006646,101,1016646,PHILADELPHIA - 1016646,1.000000000000,vtd20_identity
103,000010,103,103010,PIKE - 103010,1.000000000000,vtd20_identity
103,000015,103,103020,PIKE - 103020,1.000000000000,census_block_count
103,000022,103,103020,PIKE - 103020,1.000000000000,vtd20_identity
103,000025,103,103025,PIKE - 103025,1.000000000000,vtd20_identity
103,000035,103,103035,PIKE - 103035,1.000000000000,vtd20_identity
103,000040,103,103040,PIKE - 103040,1.000000000000,vtd20_identity
103,000045,103,103050,PIKE - 103050,1.000000000000,census_block_count
103,000052,103,103050,PIKE - 103050,1.000000000000,vtd20_identity
103,000055,103,103055,PIKE - 103055,1.000000000000,vtd20_identity
103,000065,103,103065,PIKE - 103065,1.000000000000,vtd20_identity
103,000070,103,103070,PIKE - 103070,1.000000000000,vtd20_identity
103,000080,103,103080,PIKE - 103080,1.000000000000,vtd20_identity
103,000090,103,103090,PIKE - 103090,1.000000000000,vtd20_identity
103,000100,103,103100,PIKE - 103100,1.000000000000,vtd20_identity
103,000110,103,103110,PIKE - 103110,1.000000000000,vtd20_identity
103,000120,103,103120,PIKE - 103120,1.000000000000,vtd20_identity
103,000130,103,103130,PIKE - 103130,1.000000000000,vtd20_identity
103,000140,103,103140,PIKE - 103140,1.000000000000,vtd20_identity
105,000010,105,105010,POTTER - 105010,1.000000000000,vtd20_identity
105,000020,105,105020,POTTER - 105020,1.000000000000,vtd20_identity
105,000030,105,105030,POTTER - 105030,1.000000000000,vtd20_identity
105,000040,105,105040,POTTER - 105040,1.000000000000,vtd20_identity
105,000050,105,105050,POTTER - 105050,1.000000000000,vtd20_identity
105,000060,105,105060,POTTER - 105060,1.000000000000,vtd20_identity
105,000070,105,105070,POTTER - 105070,1.000000000000,vtd20_identity
105,000090,105,105090,POTTER - 105090,1.000000000000,vtd20_identity
105,000100,105,105100,POTTER - 105100,1.000000000000,vtd20_identity
105,000110,105,105110,POTTER - 105110,1.000000000000,vtd20_identity
105,000120,105,105120,POTTER - 105120,1.000000000000,vtd20_identity
105,000130,105,105130,POTTER - 105130,1.000000000000,vtd20_identity
105,000140,105,105140,POTTER - 105140,1.000000000000,vtd20_identity
105,000150,105,105150,POTTER - 105150,1.000000000000,vtd20_identity
105,000160,105,105160,POTTER - 105160,1.000000000000,vtd20_identity
105,000170,105,105170,POTTER - 105170,1.000000000000,vtd20_identity
105,000180,105,105180,POTTER - 105180,1.000000000000,vtd20_identity
105,000190,105,105190,POTTER - 105190,1.000000000000,vtd20_identity
105,000200,105,105200,POTTER - 105200,1.000000000000,vtd20_identity
105,000210,105,105210,POTTER - 105210,1.000000000000,vtd20_identity
105,000220,105,105220,POTTER - 105220,1.000000000000,vtd20_identity
105,000230,105,105230,POTTER - 105230,1.000000000000,vtd20_identity
105,000245,105,105240,POTTER - 105240,0.781818181818,census_block_count
105,000245,105,105250,POTTER - 105250,0.218181818182,census_block_count
105,000260,105,105260,POTTER - 105260,1.000000000000,vtd20_identity
105,000270,105,105270,POTTER - 105270,1.000000000000,vtd20_identity
105,000280,105,105280,POTTER - 105280,1.000000000000,vtd20_identity
105,000290,105,105290,POTTER - 105290,1.000000000000,vtd20_identity
105,000300,105,105300,POTTER - 105300,1.000000000000,vtd20_identity
105,000310,105,105310,POTTER - 105310,1.000000000000,vtd20_identity
105,000320,105,105320,POTTER - 105320,1.000000000000,vtd20_identity
105,000330,105,105330,POTTER - 105330,1.000000000000,vtd20_identity
105,000340,105,105340,POTTER - 105340,0.714285714286,census_block_count
105,000340,105,105080,POTTER - 105080,0.285714285714,census_block_count
107,000015,107,107030,SCHUYLKILL - 107030,0.409090909091,census_block_count
107,000015,107,107160,SCHUYLKILL - 107160,0.009090909091,census_block_count
107,000015,107,107020,SCHUYLKILL - 107020,0.272727272727,census_block_count
107,000015,107,107010,SCHUYLKILL - 107010,0.309090909091,census_block_count
107,000025,107,107040,SCHUYLKILL - 107040,0.694444444444,census_block_count
107,000025,107,107050,SCHUYLKILL - 107050,0.305555555556,census_block_count
107,000060,107,107060,SCHUYLKILL - 107060,1.000000000000,vtd20_identity
107,000070,107,107070,SCHUYLKILL - 107070,1.000000000000,vtd20_identity
107,000085,107,107090,SCHUYLKILL - 107090,0.573770491803,census_block_count
107,000085,107,107080,SCHUYLKILL - 107080,0.426229508197,census_block_count
107,000105,107,107840,SCHUYLKILL - 107840,0.027777777778,census_block_count
107,000105,107,107100,SCHUYLKILL - 107100,0.583333333333,census_block_count
107,000105,107,107725,SCHUYLKILL - 107725,0.041666666667,census_block_count
107,000105,107,1071200,SCHUYLKILL - 1071200,0.013888888889,census_block_count
107,000105,107,107110,SCHUYLKILL - 107110,0.319444444444,census_block_count
107,000105,107,1071170,SCHUYLKILL - 1071170,0.013888888889,census_block_count
107,000120,107,107120,SCHUYLKILL - 107120,1.000000000000,vtd20_identity
107,000135,107,107135,SCHUYLKILL - 107135,1.000000000000,vtd20_identity
107,000155,107,107155,SCHUYLKILL - 107155,1.000000000000,vtd20_identity
107,000160,107,107160,SCHUYLKILL - 107160,1.000000000000,vtd20_identity
107,000175,107,107170,SCHUYLKILL - 107170,1.000000000000,vtd20_identity
107,000185,107,107170,SCHUYLKILL - 107170,0.041666666667,census_block_count
107,000185,107,107180,SCHUYLKILL - 107180,0.666666666667,census_block_count
107,000185,107,107340,SCHUYLKILL - 107340,0.041666666667,census_block_count
107,000185,107,107190,SCHUYLKILL - 107190,0.250000000000,census_block_count
107,000205,107,107200,SCHUYLKILL - 107200,1.000000000000,vtd20_identity
107,000225,107,107220,SCHUYLKILL - 107220,0.400000000000,census_block_count
107,000225,107,107210,SCHUYLKILL - 107210,0.600000000000,census_block_count
107,000235,107,1071320,SCHUYLKILL - 1071320,0.046153846154,census_block_count
107,000235,107,107240,SCHUYLKILL - 107240,0.476923076923,census_block_count
107,000235,107,107230,SCHUYLKILL - 107230,0.476923076923,census_block_count
107,000250,107,107250,SCHUYLKILL - 107250,1.000000000000,vtd20_identity
107,000260,107,107260,SCHUYLKILL - 107260,1.000000000000,vtd20_identity
107,000270,107,107270,SCHUYLKILL - 107270,1.000000000000,vtd20_identity
107,000285,107,107290,SCHUYLKILL - 107290,0.523809523810,census_block_count
107,000285,107,107280,SCHUYLKILL - 107280,0.428571428571,census_block_count
107,000285,107,107830,SCHUYLKILL - 107830,0.023809523810,census_block_count
107,000285,107,107080,SCHUYLKILL - 107080,0.023809523810,census_block_count
107,000305,107,107320,SCHUYLKILL - 107320,0.356321839080,census_block_count
107,000305,107,107300,SCHUYLKILL - 107300,0.264367816092,census_block_count
107,000305,107,107310,SCHUYLKILL - 107310,0.379310344828,census_block_count
107,000330,107,107330,SCHUYLKILL - 107330,1.000000000000,vtd20_identity
107,000340,107,107340,SCHUYLKILL - 107340,1.000000000000,vtd20_identity
107,000355,107,107355,SCHUYLKILL - 107355,1.000000000000,vtd20_identity
107,000375,107,107375,SCHUYLKILL - 107375,1.000000000000,vtd20_identity
107,000385,107,107380,SCHUYLKILL - 107380,0.492957746479,census_block_count
107,000385,107,107390,SCHUYLKILL - 107390,0.507042253521,census_block_count
107,000400,107,107400,SCHUYLKILL - 107400,1.000000000000,vtd20_identity
107,000415,107,107410,SCHUYLKILL - 107410,0.576923076923,census_block_count
107,000415,107,107420,SCHUYLKILL - 107420,0.423076923077,census_block_count
107,000435,107,107430,SCHUYLKILL - 107430,0.525423728814,census_block_count
107,000435,107,107440,SCHUYLKILL - 107440,0.288135593220,census_block_count
107,000435,107,107450,SCHUYLKILL - 107450,0.169491525424,census_block_count
107,000435,107,107160,SCHUYLKILL - 107160,0.016949152542,census_block_count
107,000460,107,107460,SCHUYLKILL - 107460,1.000000000000,vtd20_identity
107,000470,107,107470,SCHUYLKILL - 107470,1.000000000000,vtd20_identity
107,000480,107,107480,SCHUYLKILL - 107480,1.000000000000,vtd20_identity
107,000490,107,107490,SCHUYLKILL - 107490,1.000000000000,vtd20_identity
107,000505,107,107500,SCHUYLKILL - 107500,0.753424657534,census_block_count
107,000505,107,107645,SCHUYLKILL - 107645,0.013698630137,census_block_count
107,000505,107,107510,SCHUYLKILL - 107510,0.232876712329,census_block_count
107,000520,107,107520,SCHUYLKILL - 107520,1.000000000000,vtd20_identity
107,000535,107,107260,SCHUYLKILL - 107260,0.012500000000,census_block_count
107,000535,107,107530,SCHUYLKILL - 107530,0.312500000000,census_block_count
107,000535,107,1071260,SCHUYLKILL - 1071260,0.025000000000,census_block_count
107,000535,107,107540,SCHUYLKILL - 107540,0.650000000000,census_block_count
107,000550,107,107550,SCHUYLKILL - 107550,1.000000000000,vtd20_identity
107,000565,107,107560,SCHUYLKILL - 107560,0.361702127660,census_block_count
107,000565,107,107570,SCHUYLKILL - 107570,0.638297872340,census_block_count
107,000575,107,107580,SCHUYLKILL - 107580,0.500000000000,census_block_count
107,000575,107,107590,SCHUYLKILL - 107590,0.500000000000,census_block_count
107,000585,107,107540,SCHUYLKILL - 107540,0.021276595745,census_block_count
107,000585,107,107600,SCHUYLKILL - 107600,0.468085106383,census_block_count
107,000585,107,107610,SCHUYLKILL - 107610,0.510638297872,census_block_count
107,000625,107,107625,SCHUYLKILL - 107625,1.000000000000,vtd20_identity
107,000645,107,107645,SCHUYLKILL - 107645,1.000000000000,vtd20_identity
107,000660,107,107660,SCHUYLKILL - 107660,1.000000000000,vtd20_identity
107,000670,107,107670,SCHUYLKILL - 107670,1.000000000000,vtd20_identity
107,000695,107,107695,SCHUYLKILL - 107695,1.000000000000,vtd20_identity
107,000705,107,107705,SCHUYLKILL - 107705,1.000000000000,vtd20_identity
107,000715,107,107715,SCHUYLKILL - 107715,1.000000000000,vtd20_identity
107,000725,107,107725,SCHUYLKILL - 107725,1.000000000000,vtd20_identity
107,000740,107,107740,SCHUYLKILL - 107740,1.000000000000,vtd20_identity
107,000750,107,107750,SCHUYLKILL - 107750,1.000000000000,vtd20_identity
107,000765,107,107765,SCHUYLKILL - 107765,1.000000000000,vtd20_identity
107,000780,107,107780,SCHUYLKILL - 107780,1.000000000000,vtd20_identity
107,000792,107,107800,SCHUYLKILL - 107800,1.000000000000,vtd20_identity
107,000796,107,107790,SCHUYLKILL - 107790,0.404255319149,census_block_count
107,000796,107,107800,SCHUYLKILL - 107800,0.595744680851,census_block_count
107,000802,107,107790,SCHUYLKILL - 107790,1.000000000000,vtd20_identity
107,000815,107,107815,SCHUYLKILL - 107815,1.000000000000,vtd20_identity
107,000830,107,107830,SCHUYLKILL - 107830,0.925373134328,census_block_count
107,000830,107,107840,SCHUYLKILL - 107840,0.059701492537,census_block_count
107,000830,107,1071130,SCHUYLKILL - 1071130,0.014925373134,census_block_count
107,000840,107,107840,SCHUYLKILL - 107840,1.000000000000,vtd20_identity
107,000850,107,107850,SCHUYLKILL - 107850,1.000000000000,vtd20_identity
107,000860,107,107860,SCHUYLKILL - 107860,1.000000000000,vtd20_identity
107,000870,107,107870,SCHUYLKILL - 107870,1.000000000000,vtd20_identity
107,000880,107,107880,SCHUYLKILL - 107880,1.000000000000,vtd20_identity
107,000890,107,107890,SCHUYLKILL - 107890,1.000000000000,vtd20_identity
107,000900,107,107900,SCHUYLKILL - 107900,1.000000000000,vtd20_identity
107,000912,107,107915,SCHUYLKILL - 107915,1.000000000000,vtd20_identity
107,000922,107,107930,SCHUYLKILL - 107930,1.000000000000,vtd20_identity
107,000940,107,107940,SCHUYLKILL - 107940,1.000000000000,vtd20_identity
107,000950,107,107950,SCHUYLKILL - 107950,1.000000000000,vtd20_identity
107,000960,107,107960,SCHUYLKILL - 107960,1.000000000000,vtd20_identity
107,000970,107,107970,SCHUYLKILL - 107970,1.000000000000,vtd20_identity
107,000980,107,107980,SCHUYLKILL - 107980,1.000000000000,vtd20_identity
107,000995,107,1071150,SCHUYLKILL - 1071150,0.111111111111,census_block_count
107,000995,107,1071000,SCHUYLKILL - 1071000,0.166666666667,census_block_count
107,000995,107,107990,SCHUYLKILL - 107990,0.666666666667,census_block_count
107,000995,107,1071020,SCHUYLKILL - 1071020,0.055555555556,census_block_count
107,001015,107,107660,SCHUYLKILL - 107660,0.022727272727,census_block_count
107,001015,107,1071020,SCHUYLKILL - 1071020,0.568181818182,census_block_count
107,001015,107,1071010,SCHUYLKILL - 1071010,0.409090909091,census_block_count
107,001035,107,1071030,SCHUYLKILL - 1071030,0.452380952381,census_block_count
107,001035,107,1071050,SCHUYLKILL - 1071050,0.476190476190,census_block_count
107,001035,107,1071180,SCHUYLKILL - 1071180,0.071428571429,census_block_count
107,001040,107,1071040,SCHUYLKILL - 1071040,1.000000000000,vtd20_identity
107,001055,107,1071060,SCHUYLKILL - 1071060,1.000000000000,vtd20_identity
107,001075,107,1071080,SCHUYLKILL - 1071080,0.305555555556,census_block_count
107,001075,107,1071070,SCHUYLKILL - 1071070,0.500000000000,census_block_count
107,001075,107,1071090,SCHUYLKILL - 1071090,0.166666666667,census_block_count
107,001075,107,1071180,SCHUYLKILL - 1071180,0.027777777778,census_block_count
107,001105,107,1071140,SCHUYLKILL - 1071140,0.105263157895,census_block_count
107,001105,107,1071110,SCHUYLKILL - 1071110,0.552631578947,census_block_count
107,001105,107,1071100,SCHUYLKILL - 1071100,0.342105263158,census_block_count
107,001115,107,1071130,SCHUYLKILL - 1071130,0.500000000000,census_block_count
107,001115,107,1071120,SCHUYLKILL - 1071120,0.450000000000,census_block_count
107,001115,107,1071090,SCHUYLKILL - 1071090,0.050000000000,census_block_count
107,001145,107,107830,SCHUYLKILL - 107830,0.039215686275,census_block_count
107,001145,107,1071150,SCHUYLKILL - 1071150,0.549019607843,census_block_count
107,001145,107,1071140,SCHUYLKILL - 1071140,0.333333333333,census_block_count
107,001145,107,1071130,SCHUYLKILL - 1071130,0.019607843137,census_block_count
107,001145,107,107990,SCHUYLKILL - 107990,0.058823529412,census_block_count
107,001165,107,1071130,SCHUYLKILL - 1071130,0.027777777778,census_block_count
107,001165,107,1071160,SCHUYLKILL - 1071160,0.388888888889,census_block_count
107,001165,107,1071090,SCHUYLKILL - 1071090,0.027777777778,census_block_count
107,001165,107,1071170,SCHUYLKILL - 1071170,0.555555555556,census_block_count
107,001175,107,107100,SCHUYLKILL - 107100,0.034482758621,census_block_count
107,001175,107,1071170,SCHUYLKILL - 1071170,0.068965517241,census_block_count
107,001175,107,1071180,SCHUYLKILL - 1071180,0.206896551724,census_block_count
107,001175,107,1071190,SCHUYLKILL - 1071190,0.689655172414,census_block_count
107,001200,107,1071200,SCHUYLKILL - 1071200,1.000000000000,vtd20_identity
107,001210,107,1071210,SCHUYLKILL - 1071210,1.000000000000,vtd20_identity
107,001225,107,1071220,SCHUYLKILL - 1071220,1.000000000000,vtd20_identity
107,001235,107,1071260,SCHUYLKILL - 1071260,0.151515151515,census_block_count
107,001235,107,1071250,SCHUYLKILL - 1071250,0.848484848485,census_block_count
107,001255,107,107260,SCHUYLKILL - 107260,0.020408163265,census_block_count
107,001255,107,1071260,SCHUYLKILL - 1071260,0.010204081633,census_block_count
107,001255,107,1071230,SCHUYLKILL - 1071230,0.040816326531,census_block_count
107,001255,107,1071220,SCHUYLKILL - 1071220,0.500000000000,census_block_count
107,001255,107,1071240,SCHUYLKILL - 1071240,0.244897959184,census_block_count
107,001255,107,1071250,SCHUYLKILL - 1071250,0.183673469388,census_block_count
107,001260,107,1071260,SCHUYLKILL - 1071260,1.000000000000,vtd20_identity
107,001275,107,1071280,SCHUYLKILL - 1071280,0.596774193548,census_block_count
107,001275,107,1071640,SCHUYLKILL - 1071640,0.016129032258,census_block_count
107,001275,107,1071270,SCHUYLKILL - 1071270,0.370967741935,census_block_count
107,001275,107,1071540,SCHUYLKILL - 1071540,0.016129032258,census_block_count
107,001290,107,1071290,SCHUYLKILL - 1071290,1.000000000000,vtd20_identity
107,001300,107,1071300,SCHUYLKILL - 1071300,1.000000000000,vtd20_identity
107,001310,107,1071310,SCHUYLKILL - 1071310,1.000000000000,vtd20_identity
107,001320,107,1071320,SCHUYLKILL - 1071320,1.000000000000,vtd20_identity
107,001335,107,1071330,SCHUYLKILL - 1071330,1.000000000000,vtd20_identity
107,001345,107,1071330,SCHUYLKILL - 1071330,0.027027027027,census_block_count
107,001345,107,1071350,SCHUYLKILL - 1071350,0.567567567568,census_block_count
107,001345,107,1071340,SCHUYLKILL - 1071340,0.405405405405,census_block_count
107,001355,107,1071420,SCHUYLKILL - 1071420,0.023255813953,census_block_count
107,001355,107,1071360,SCHUYLKILL - 1071360,0.302325581395,census_block_count
107,001355,107,1071400,SCHUYLKILL - 1071400,0.325581395349,census_block_count
107,001355,107,1071380,SCHUYLKILL - 1071380,0.348837209302,census_block_count
107,001365,107,1071350,SCHUYLKILL - 1071350,0.071428571429,census_block_count
107,001365,107,1071370,SCHUYLKILL - 1071370,0.392857142857,census_block_count
107,001365,107,1071390,SCHUYLKILL - 1071390,0.535714285714,census_block_count
107,001375,107,1071410,SCHUYLKILL - 1071410,0.483870967742,census_block_count
107,001375,107,1071420,SCHUYLKILL - 1071420,0.483870967742,census_block_count
107,001375,107,1071740,SCHUYLKILL - 1071740,0.032258064516,census_block_count
107,001385,107,1071430,SCHUYLKILL - 1071430,1.000000000000,vtd20_identity
107,001440,107,107800,SCHUYLKILL - 107800,0.014084507042,census_block_count
107,001440,107,107060,SCHUYLKILL - 107060,0.042253521127,census_block_count
107,001440,107,1071440,SCHUYLKILL - 1071440,0.943661971831,census_block_count
107,001455,107,1071450,SCHUYLKILL - 1071450,1.000000000000,vtd20_identity
107,001465,107,107290,SCHUYLKILL - 107290,0.029411764706,census_block_count
107,001465,107,107280,SCHUYLKILL - 107280,0.058823529412,census_block_count
107,001465,107,1071470,SCHUYLKILL - 1071470,0.764705882353,census_block_count
107,001465,107,1071480,SCHUYLKILL - 1071480,0.147058823529,census_block_count
107,001475,107,1071460,SCHUYLKILL - 1071460,0.461538461538,census_block_count
107,001475,107,1071490,SCHUYLKILL - 1071490,0.538461538462,census_block_count
107,001505,107,1071540,SCHUYLKILL - 1071540,1.000000000000,vtd20_identity
107,001515,107,1071530,SCHUYLKILL - 1071530,0.413043478261,census_block_count
107,001515,107,1071520,SCHUYLKILL - 1071520,0.152173913043,census_block_count
107,001515,107,1071510,SCHUYLKILL - 1071510,0.173913043478,census_block_count
107,001515,107,1071540,SCHUYLKILL - 1071540,0.260869565217,census_block_count
107,001525,107,1071500,SCHUYLKILL - 1071500,1.000000000000,vtd20_identity
107,001535,107,1071550,SCHUYLKILL - 1071550,1.000000000000,vtd20_identity
107,001565,107,1071570,SCHUYLKILL - 1071570,0.365853658537,census_block_count
107,001565,107,107980,SCHUYLKILL - 107980,0.048780487805,census_block_count
107,001565,107,1071560,SCHUYLKILL - 1071560,0.585365853659,census_block_count
107,001580,107,1071580,SCHUYLKILL - 1071580,1.000000000000,vtd20_identity
107,001595,107,1071595,SCHUYLKILL - 1071595,1.000000000000,vtd20_identity
107,001610,107,1071610,SCHUYLKILL - 1071610,1.000000000000,vtd20_identity
107,001625,107,1071620,SCHUYLKILL - 1071620,0.693548387097,census_block_count
107,001625,107,1071630,SCHUYLKILL - 1071630,0.306451612903,census_block_count
107,001640,107,1071640,SCHUYLKILL - 1071640,1.000000000000,vtd20_identity
107,001650,107,1071650,SCHUYLKILL - 1071650,1.000000000000,vtd20_identity
107,001660,107,1071660,SCHUYLKILL - 1071660,1.000000000000,vtd20_identity
107,001672,107,1071670,SCHUYLKILL - 1071670,1.000000000000,vtd20_identity
107,001678,107,1071680,SCHUYLKILL - 1071680,1.000000000000,vtd20_identity
107,001682,107,1071680,SCHUYLKILL - 1071680,0.700000000000,census_block_count
107,001682,107,1071670,SCHUYLKILL - 1071670,0.300000000000,census_block_count
107,001690,107,1071690,SCHUYLKILL - 1071690,1.000000000000,vtd20_identity
107,001700,107,1071700,SCHUYLKILL - 1071700,1.000000000000,vtd20_identity
107,001710,107,1071710,SCHUYLKILL - 1071710,1.000000000000,vtd20_identity
107,001725,107,1071730,SCHUYLKILL - 1071730,0.500000000000,census_block_count
107,001725,107,1071750,SCHUYLKILL - 1071750,0.500000000000,census_block_count
107,001735,107,1071720,SCHUYLKILL - 1071720,0.583333333333,census_block_count
107,001735,107,1071730,SCHUYLKILL - 1071730,0.027777777778,census_block_count
107,001735,107,1071740,SCHUYLKILL - 1071740,0.388888888889,census_block_count
107,001762,107,1071770,SCHUYLKILL - 1071770,1.000000000000,vtd20_identity
107,001766,107,1071760,SCHUYLKILL - 1071760,1.000000000000,vtd20_identity
107,001772,107,1071760,SCHUYLKILL - 1071760,0.507042253521,census_block_count
107,001772,107,1071770,SCHUYLKILL - 1071770,0.492957746479,census_block_count
109,000010,109,109010,SNYDER - 109010,1.000000000000,vtd20_identity
109,000020,109,109020,SNYDER - 109020,1.000000000000,vtd20_identity
109,000030,109,109030,SNYDER - 109030,1.000000000000,vtd20_identity
109,000040,109,109040,SNYDER - 109040,1.000000000000,vtd20_identity
109,000050,109,109050,SNYDER - 109050,1.000000000000,vtd20_identity
109,000060,109,109060,SNYDER - 109060,1.000000000000,vtd20_identity
109,000080,109,109080,SNYDER - 109080,1.000000000000,vtd20_identity
109,000090,109,109090,SNYDER - 109090,1.000000000000,vtd20_identity
109,000100,109,109100,SNYDER - 109100,1.000000000000,vtd20_identity
109,000110,109,109110,SNYDER - 109110,1.000000000000,vtd20_identity
109,000130,109,109130,SNYDER - 109130,1.000000000000,vtd20_identity
109,000140,109,109140,SNYDER - 109140,1.000000000000,vtd20_identity
109,000150,109,109150,SNYDER - 109150,1.000000000000,vtd20_identity
109,000155,109,109160,SNYDER - 109160,0.953125000000,census_block_count
109,000155,109,109250,SNYDER - 109250,0.031250000000,census_block_count
109,000155,109,109240,SNYDER - 109240,0.015625000000,census_block_count
109,000165,109,109160,SNYDER - 109160,1.000000000000,vtd20_identity
109,000170,109,109170,SNYDER - 109170,1.000000000000,vtd20_identity
109,000180,109,109160,SNYDER - 109160,0.015384615385,census_block_count
109,000180,109,109190,SNYDER - 109190,0.584615384615,census_block_count
109,000180,109,109180,SNYDER - 109180,0.400000000000,census_block_count
109,000190,109,109200,SNYDER - 109200,1.000000000000,vtd20_identity
109,000200,109,109210,SNYDER - 109210,1.000000000000,vtd20_identity
109,000220,109,109220,SNYDER - 109220,1.000000000000,vtd20_identity
109,000230,109,109230,SNYDER - 109230,1.000000000000,vtd20_identity
109,000240,109,109240,SNYDER - 109240,1.000000000000,vtd20_identity
109,000250,109,109250,SNYDER - 109250,1.000000000000,vtd20_identity
109,000260,109,109260,SNYDER - 109260,1.000000000000,vtd20_identity
109,000270,109,109270,SNYDER - 109270,1.000000000000,vtd20_identity
111,000010,111,111010,SOMERSET - 111010,1.000000000000,vtd20_identity
111,000020,111,111020,SOMERSET - 111020,1.000000000000,vtd20_identity
111,000030,111,111030,SOMERSET - 111030,1.000000000000,vtd20_identity
111,000040,111,111040,SOMERSET - 111040,1.000000000000,vtd20_identity
111,000050,111,111050,SOMERSET - 111050,1.000000000000,vtd20_identity
111,000060,111,111060,SOMERSET - 111060,1.000000000000,vtd20_identity
111,000070,111,111070,SOMERSET - 111070,1.000000000000,vtd20_identity
111,000080,111,111080,SOMERSET - 111080,1.000000000000,vtd20_identity
111,000090,111,111090,SOMERSET - 111090,1.000000000000,vtd20_identity
111,000100,111,111100,SOMERSET - 111100,1.000000000000,vtd20_identity
111,000110,111,111110,SOMERSET - 111110,1.000000000000,vtd20_identity
111,000120,111,111120,SOMERSET - 111120,1.000000000000,vtd20_identity
111,000130,111,111130,SOMERSET - 111130,1.000000000000,vtd20_identity
111,000140,111,111140,SOMERSET - 111140,1.000000000000,vtd20_identity
111,000150,111,111150,SOMERSET - 111150,1.000000000000,vtd20_identity
111,000160,111,111160,SOMERSET - 111160,1.000000000000,vtd20_identity
111,000170,111,111170,SOMERSET - 111170,1.000000000000,vtd20_identity
111,000180,111,111180,SOMERSET - 111180,1.000000000000,vtd20_identity
111,000190,111,111190,SOMERSET - 111190,1.000000000000,vtd20_identity
111,000200,111,111200,SOMERSET - 111200,1.000000000000,vtd20_identity
111,000210,111,111210,SOMERSET - 111210,1.000000000000,vtd20_identity
111,000220,111,111220,SOMERSET - 111220,1.000000000000,vtd20_identity
111,000230,111,111230,SOMERSET - 111230,1.000000000000,vtd20_identity
111,000240,111,111240,SOMERSET - 111240,1.000000000000,vtd20_identity
111,000250,111,111250,SOMERSET - 111250,1.000000000000,vtd20_identity
111,000260,111,111260,SOMERSET - 111260,1.000000000000,vtd20_identity
111,000270,111,111270,SOMERSET - 111270,1.000000000000,vtd20_identity
111,000280,111,111280,SOMERSET - 111280,1.000000000000,vtd20_identity
111,000290,111,111290,SOMERSET - 111290,1.000000000000,vtd20_identity
111,000300,111,111300,SOMERSET - 111300,1.000000000000,vtd20_identity
111,000310,111,111310,SOMERSET - 111310,1.000000000000,vtd20_identity
111,000320,111,111320,SOMERSET - 111320,1.000000000000,vtd20_identity
111,000330,111,111460,SOMERSET - 111460,0.019607843137,census_block_count
111,000330,111,111330,SOMERSET - 111330,0.970588235294,census_block_count
111,000330,111,111340,SOMERSET - 111340,0.009803921569,census_block_count
111,000340,111,111330,SOMERSET - 111330,0.034482758621,census_block_count
111,000340,111,111340,SOMERSET - 111340,0.965517241379,census_block_count
111,000350,111,111350,SOMERSET - 111350,1.000000000000,vtd20_identity
111,000360,111,111360,SOMERSET - 111360,1.000000000000,census_block_count
111,000370,111,111370,SOMERSET - 111370,1.000000000000,vtd20_identity
111,000380,111,111380,SOMERSET - 111380,1.000000000000,vtd20_identity
111,000390,111,111390,SOMERSET - 111390,1.000000000000,vtd20_identity
111,000400,111,111400,SOMERSET - 111400,1.000000000000,vtd20_identity
111,000410,111,111410,SOMERSET - 111410,1.000000000000,vtd20_identity
111,000420,111,111420,SOMERSET - 111420,1.000000000000,vtd20_identity
111,000430,111,111430,SOMERSET - 111430,1.000000000000,vtd20_identity
111,000440,111,111440,SOMERSET - 111440,1.000000000000,vtd20_identity
111,000450,111,111450,SOMERSET - 111450,1.000000000000,vtd20_identity
111,000460,111,111460,SOMERSET - 111460,1.000000000000,vtd20_identity
111,000470,111,111470,SOMERSET - 111470,1.000000000000,vtd20_identity
111,000480,111,111480,SOMERSET - 111480,1.000000000000,vtd20_identity
111,000490,111,111490,SOMERSET - 111490,1.000000000000,vtd20_identity
111,000500,111,111500,SOMERSET - 111500,1.000000000000,vtd20_identity
111,000510,111,111510,SOMERSET - 111510,1.000000000000,vtd20_identity
111,000520,111,111520,SOMERSET - 111520,1.000000000000,vtd20_identity
111,000530,111,111530,SOMERSET - 111530,1.000000000000,vtd20_identity
111,000540,111,111540,SOMERSET - 111540,1.000000000000,vtd20_identity
111,000550,111,111550,SOMERSET - 111550,1.000000000000,vtd20_identity
111,000560,111,111560,SOMERSET - 111560,1.000000000000,vtd20_identity
111,000570,111,111570,SOMERSET - 111570,1.000000000000,vtd20_identity
111,000580,111,111580,SOMERSET - 111580,1.000000000000,vtd20_identity
111,000590,111,111590,SOMERSET - 111590,1.000000000000,vtd20_identity
111,000600,111,111600,SOMERSET - 111600,1.000000000000,vtd20_identity
111,000610,111,111610,SOMERSET - 111610,1.000000000000,vtd20_identity
111,000620,111,111620,SOMERSET - 111620,1.000000000000,vtd20_identity
111,000630,111,111630,SOMERSET - 111630,1.000000000000,vtd20_identity
111,000640,111,111640,SOMERSET - 111640,1.000000000000,vtd20_identity
111,000650,111,111650,SOMERSET - 111650,1.000000000000,vtd20_identity
111,000660,111,111660,SOMERSET - 111660,1.000000000000,vtd20_identity
111,000670,111,111670,SOMERSET - 111670,1.000000000000,vtd20_identity
111,000680,111,111680,SOMERSET - 111680,1.000000000000,vtd20_identity
113,000010,113,113010,SULLIVAN - 113010,1.000000000000,vtd20_identity
113,000020,113,113020,SULLIVAN - 113020,1.000000000000,vtd20_identity
113,000030,113,113030,SULLIVAN - 113030,1.000000000000,vtd20_identity
113,000040,113,113040,SULLIVAN - 113040,1.000000000000,vtd20_identity
113,000050,113,113050,SULLIVAN - 113050,1.000000000000,vtd20_identity
113,000060,113,113060,SULLIVAN - 113060,1.000000000000,vtd20_identity
113,000070,113,113070,SULLIVAN - 113070,1.000000000000,vtd20_identity
113,000080,113,113080,SULLIVAN - 113080,1.000000000000,vtd20_identity
113,000090,113,113090,SULLIVAN - 113090,1.000000000000,vtd20_identity
113,000100,113,113100,SULLIVAN - 113100,1.000000000000,vtd20_identity
113,000110,113,113110,SULLIVAN - 113110,1.000000000000,vtd20_identity
113,000120,113,113120,SULLIVAN - 113120,1.000000000000,vtd20_identity
113,000130,113,113130,SULLIVAN - 113130,1.000000000000,vtd20_identity
113,000140,113,113140,SULLIVAN - 113140,1.000000000000,vtd20_identity
113,000150,113,113150,SULLIVAN - 113150,1.000000000000,vtd20_identity
115,000010,115,115010,SUSQUEHANNA - 115010,1.000000000000,vtd20_identity
115,000020,115,115020,SUSQUEHANNA - 115020,1.000000000000,vtd20_identity
115,000030,115,115030,SUSQUEHANNA - 115030,1.000000000000,vtd20_identity
115,000040,115,115040,SUSQUEHANNA - 115040,1.000000000000,vtd20_identity
115,000050,115,115050,SUSQUEHANNA - 115050,1.000000000000,vtd20_identity
115,000060,115,115060,SUSQUEHANNA - 115060,1.000000000000,vtd20_identity
115,000070,115,115070,SUSQUEHANNA - 115070,1.000000000000,vtd20_identity
115,000080,115,115080,SUSQUEHANNA - 115080,1.000000000000,vtd20_identity
115,000092,115,115090,SUSQUEHANNA - 115090,0.491803278689,census_block_count
115,000092,115,115100,SUSQUEHANNA - 115100,0.508196721311,census_block_count
115,000110,115,115110,SUSQUEHANNA - 115110,1.000000000000,vtd20_identity
115,000120,115,115120,SUSQUEHANNA - 115120,1.000000000000,vtd20_identity
115,000130,115,115130,SUSQUEHANNA - 115130,1.000000000000,vtd20_identity
115,000140,115,115140,SUSQUEHANNA - 115140,1.000000000000,vtd20_identity
115,000150,115,115150,SUSQUEHANNA - 115150,1.000000000000,vtd20_identity
115,000160,115,115160,SUSQUEHANNA - 115160,1.000000000000,vtd20_identity
115,000170,115,115170,SUSQUEHANNA - 115170,1.000000000000,vtd20_identity
115,000180,115,115180,SUSQUEHANNA - 115180,1.000000000000,vtd20_identity
115,000190,115,115190,SUSQUEHANNA - 115190,1.000000000000,vtd20_identity
115,000200,115,115200,SUSQUEHANNA - 115200,1.000000000000,vtd20_identity
115,000210,115,115210,SUSQUEHANNA - 115210,1.000000000000,vtd20_identity
115,000220,115,115220,SUSQUEHANNA - 115220,1.000000000000,vtd20_identity
115,000230,115,115230,SUSQUEHANNA - 115230,1.000000000000,vtd20_identity
115,000240,115,115240,SUSQUEHANNA - 115240,1.000000000000,vtd20_identity
115,000250,115,115250,SUSQUEHANNA - 115250,1.000000000000,vtd20_identity
115,000260,115,115260,SUSQUEHANNA - 115260,1.000000000000,vtd20_identity
115,000270,115,115270,SUSQUEHANNA - 115270,1.000000000000,vtd20_identity
115,000280,115,115280,SUSQUEHANNA - 115280,1.000000000000,vtd20_identity
115,000290,115,115290,SUSQUEHANNA - 115290,1.000000000000,vtd20_identity
115,000300,115,115300,SUSQUEHANNA - 115300,1.000000000000,vtd20_identity
115,000310,115,115310,SUSQUEHANNA - 115310,1.000000000000,vtd20_identity
115,000320,115,115320,SUSQUEHANNA - 115320,1.000000000000,vtd20_identity
115,000330,115,115330,SUSQUEHANNA - 115330,1.000000000000,vtd20_identity
115,000340,115,115340,SUSQUEHANNA - 115340,1.000000000000,vtd20_identity
115,000350,115,115350,SUSQUEHANNA - 115350,1.000000000000,vtd20_identity
115,000360,115,115360,SUSQUEHANNA - 115360,1.000000000000,vtd20_identity
115,000370,115,115370,SUSQUEHANNA - 115370,1.000000000000,vtd20_identity
115,000380,115,115380,SUSQUEHANNA - 115380,1.000000000000,vtd20_identity
115,000392,115,115240,SUSQUEHANNA - 115240,0.020833333333,census_block_count
115,000392,115,115400,SUSQUEHANNA - 115400,0.500000000000,census_block_count
115,000392,115,115390,SUSQUEHANNA - 115390,0.416666666667,census_block_count
115,000392,115,115340,SUSQUEHANNA - 115340,0.062500000000,census_block_count
115,000410,115,115410,SUSQUEHANNA - 115410,1.000000000000,vtd20_identity
115,000420,115,115420,SUSQUEHANNA - 115420,1.000000000000,vtd20_identity
115,000430,115,115430,SUSQUEHANNA - 115430,1.000000000000,vtd20_identity
117,000010,117,117010,TIOGA - 117010,1.000000000000,vtd20_identity
117,000020,117,117020,TIOGA - 117020,1.000000000000,vtd20_identity
117,000030,117,117030,TIOGA - 117030,1.000000000000,vtd20_identity
117,000045,117,117040,TIOGA - 117040,0.682242990654,census_block_count
117,000045,117,117050,TIOGA - 117050,0.317757009346,census_block_count
117,000060,117,117060,TIOGA - 117060,1.000000000000,vtd20_identity
117,000070,117,117070,TIOGA - 117070,1.000000000000,vtd20_identity
117,000080,117,117080,TIOGA - 117080,1.000000000000,vtd20_identity
117,000090,117,117090,TIOGA - 117090,1.000000000000,vtd20_identity
117,000100,117,117100,TIOGA - 117100,1.000000000000,vtd20_identity
117,000110,117,117110,TIOGA - 117110,1.000000000000,vtd20_identity
117,000120,117,117120,TIOGA - 117120,1.000000000000,vtd20_identity
117,000130,117,117130,TIOGA - 117130,1.000000000000,vtd20_identity
117,000150,117,117150,TIOGA - 117150,1.000000000000,vtd20_identity
117,000160,117,117160,TIOGA - 117160,1.000000000000,vtd20_identity
117,000170,117,117170,TIOGA - 117170,1.000000000000,vtd20_identity
117,000180,117,117180,TIOGA - 117180,1.000000000000,vtd20_identity
117,000190,117,117190,TIOGA - 117190,1.000000000000,vtd20_identity
117,000200,117,117200,TIOGA - 117200,1.000000000000,vtd20_identity
117,000210,117,117210,TIOGA - 117210,1.000000000000,vtd20_identity
117,000220,117,117220,TIOGA - 117220,1.000000000000,vtd20_identity
117,000230,117,117230,TIOGA - 117230,1.000000000000,vtd20_identity
117,000240,117,117240,TIOGA - 117240,1.000000000000,vtd20_identity
117,000251,117,117251,TIOGA - 117251,1.000000000000,vtd20_identity
117,000270,117,117270,TIOGA - 117270,1.000000000000,vtd20_identity
117,000280,117,117280,TIOGA - 117280,1.000000000000,vtd20_identity
117,000291,117,117291,TIOGA - 117291,1.000000000000,vtd20_identity
117,000300,117,117300,TIOGA - 117300,1.000000000000,vtd20_identity
117,000310,117,117310,TIOGA - 117310,1.000000000000,vtd20_identity
117,000320,117,117320,TIOGA - 117320,1.000000000000,vtd20_identity
117,000330,117,117330,TIOGA - 117330,1.000000000000,vtd20_identity
117,000340,117,117340,TIOGA - 117340,1.000000000000,vtd20_identity
117,000350,117,117350,TIOGA - 117350,1.000000000000,vtd20_identity
117,000360,117,117360,TIOGA - 117360,1.000000000000,vtd20_identity
117,000370,117,117370,TIOGA - 117370,1.000000000000,vtd20_identity
117,000380,117,117380,TIOGA - 117380,1.000000000000,vtd20_identity
117,000392,117,117410,TIOGA - 117410,0.012345679012,census_block_count
117,000392,117,117390,TIOGA - 117390,0.382716049383,census_block_count
117,000392,117,117400,TIOGA - 117400,0.604938271605,census_block_count
117,000410,117,117410,TIOGA - 117410,1.000000000000,vtd20_identity
117,000420,117,117420,TIOGA - 117420,1.000000000000,vtd20_identity
117,000430,117,117430,TIOGA - 117430,1.000000000000,vtd20_identity
117,000445,117,117450,TIOGA - 117450,0.438596491228,census_block_count
117,000445,117,117440,TIOGA - 117440,0.561403508772,census_block_count
117,000460,117,117460,TIOGA - 117460,1.000000000000,vtd20_identity
119,000010,119,119010,UNION - 119010,1.000000000000,vtd20_identity
119,000020,119,119020,UNION - 119020,1.000000000000,vtd20_identity
119,000030,119,119030,UNION - 119030,1.000000000000,vtd20_identity
119,000040,119,119040,UNION - 119040,1.000000000000,vtd20_identity
119,000051,119,119051,UNION - 119051,1.000000000000,vtd20_identity
119,000055,119,119055,UNION - 119055,1.000000000000,vtd20_identity
119,000060,119,119060,UNION - 119060,1.000000000000,vtd20_identity
119,000070,119,119070,UNION - 119070,1.000000000000,vtd20_identity
119,000080,119,119080,UNION - 119080,1.000000000000,vtd20_identity
119,000090,119,119090,UNION - 119090,1.000000000000,vtd20_identity
119,000100,119,119100,UNION - 119100,1.000000000000,vtd20_identity
119,000110,119,119110,UNION - 119110,1.000000000000,vtd20_identity
119,000120,119,119120,UNION - 119120,1.000000000000,vtd20_identity
119,000130,119,119130,UNION - 119130,1.000000000000,vtd20_identity
119,000140,119,119140,UNION - 119140,1.000000000000,vtd20_identity
119,000150,119,119150,UNION - 119150,1.000000000000,vtd20_identity
119,000160,119,119160,UNION - 119160,1.000000000000,vtd20_identity
119,000170,119,119170,UNION - 119170,1.000000000000,vtd20_identity
119,000180,119,119180,UNION - 119180,1.000000000000,vtd20_identity
119,000190,119,119190,UNION - 119190,1.000000000000,vtd20_identity
119,000200,119,119200,UNION - 119200,1.000000000000,vtd20_identity
119,000205,119,119200,UNION - 119200,1.000000000000,census_block_count
119,000210,119,119210,UNION - 119210,1.000000000000,census_block_count
119,000220,119,119220,UNION - 119220,1.000000000000,vtd20_identity
119,000230,119,119230,UNION - 119230,1.000000000000,vtd20_identity
119,000240,119,119240,UNION - 119240,1.000000000000,vtd20_identity
119,000250,119,119250,UNION - 119250,1.000000000000,vtd20_identity
121,000010,121,121010,VENANGO - 121010,1.000000000000,vtd20_identity
121,000020,121,121020,VENANGO - 121020,1.000000000000,vtd20_identity
121,000030,121,121030,VENANGO - 121030,1.000000000000,vtd20_identity
121,000040,121,121040,VENANGO - 121040,1.000000000000,vtd20_identity
121,000050,121,121050,VENANGO - 121050,1.000000000000,vtd20_identity
121,000060,121,121060,VENANGO - 121060,1.000000000000,vtd20_identity
121,000070,121,121070,VENANGO - 121070,1.000000000000,vtd20_identity
121,000102,121,121105,VENANGO - 121105,0.714285714286,census_block_count
121,000102,121,121100,VENANGO - 121100,0.276785714286,census_block_count
121,000102,121,121040,VENANGO - 121040,0.008928571429,census_block_count
121,000116,121,121115,VENANGO - 121115,0.820895522388,census_block_count
121,000116,121,121140,VENANGO - 121140,0.179104477612,census_block_count
121,000126,121,121125,VENANGO - 121125,1.000000000000,vtd20_identity
121,000136,121,121135,VENANGO - 121135,1.000000000000,vtd20_identity
121,000170,121,121170,VENANGO - 121170,1.000000000000,vtd20_identity
121,000195,121,121195,VENANGO - 121195,1.000000000000,vtd20_identity
121,000225,121,121700,VENANGO - 121700,0.036144578313,census_block_count
121,000225,121,121225,VENANGO - 121225,0.602409638554,census_block_count
121,000225,121,121195,VENANGO - 121195,0.024096385542,census_block_count
121,000225,121,121250,VENANGO - 121250,0.337349397590,census_block_count
121,000265,121,121265,VENANGO - 121265,1.000000000000,vtd20_identity
121,000290,121,121290,VENANGO - 121290,1.000000000000,vtd20_identity
121,000300,121,121300,VENANGO - 121300,1.000000000000,vtd20_identity
121,000310,121,121310,VENANGO - 121310,1.000000000000,vtd20_identity
121,000320,121,121320,VENANGO - 121320,1.000000000000,vtd20_identity
121,000330,121,121330,VENANGO - 121330,1.000000000000,vtd20_identity
121,000355,121,121355,VENANGO - 121355,1.000000000000,vtd20_identity
121,000375,121,121375,VENANGO - 121375,1.000000000000,vtd20_identity
121,000395,121,121395,VENANGO - 121395,1.000000000000,vtd20_identity
121,000405,121,121405,VENANGO - 121405,1.000000000000,vtd20_identity
121,000425,121,121425,VENANGO - 121425,1.000000000000,vtd20_identity
121,000445,121,121445,VENANGO - 121445,1.000000000000,vtd20_identity
121,000465,121,121465,VENANGO - 121465,1.000000000000,vtd20_identity
121,000530,121,121530,VENANGO - 121530,1.000000000000,vtd20_identity
121,000540,121,121540,VENANGO - 121540,1.000000000000,vtd20_identity
121,000550,121,121550,VENANGO - 121550,1.000000000000,vtd20_identity
121,000560,121,121560,VENANGO - 121560,1.000000000000,vtd20_identity
121,000570,121,121570,VENANGO - 121570,1.000000000000,vtd20_identity
121,000575,121,121575,VENANGO - 121575,1.000000000000,vtd20_identity
121,000580,121,121580,VENANGO - 121580,1.000000000000,vtd20_identity
121,000596,121,121595,VENANGO - 121595,0.827160493827,census_block_count
121,000596,121,121620,VENANGO - 121620,0.160493827160,census_block_count
121,000596,121,121575,VENANGO - 121575,0.012345679012,census_block_count
121,000640,121,121640,VENANGO - 121640,1.000000000000,vtd20_identity
121,000650,121,121650,VENANGO - 121650,0.923076923077,census_block_count
121,000650,121,121250,VENANGO - 121250,0.076923076923,census_block_count
121,000660,121,121660,VENANGO - 121660,1.000000000000,vtd20_identity
121,000675,121,121670,VENANGO - 121670,0.520000000000,census_block_count
121,000675,121,121700,VENANGO - 121700,0.460000000000,census_block_count
121,000675,121,121225,VENANGO - 121225,0.020000000000,census_block_count
121,000680,121,121680,VENANGO - 121680,1.000000000000,vtd20_identity
121,000690,121,121690,VENANGO - 121690,1.000000000000,vtd20_identity
121,000695,121,121695,VENANGO - 121695,1.000000000000,vtd20_identity
121,000730,121,121730,VENANGO - 121730,1.000000000000,vtd20_identity
121,000740,121,121740,VENANGO - 121740,1.000000000000,vtd20_identity
123,000010,123,123010,WARREN - 123010,1.000000000000,vtd20_identity
123,000020,123,123020,WARREN - 123020,1.000000000000,vtd20_identity
123,000030,123,123030,WARREN - 123030,1.000000000000,vtd20_identity
123,000040,123,123040,WARREN - 123040,1.000000000000,vtd20_identity
123,000050,123,123050,WARREN - 123050,1.000000000000,vtd20_identity
123,000060,123,123060,WARREN - 123060,1.000000000000,vtd20_identity
123,000070,123,123070,WARREN - 123070,1.000000000000,vtd20_identity
123,000080,123,123080,WARREN - 123080,1.000000000000,vtd20_identity
123,000090,123,123090,WARREN - 123090,1.000000000000,vtd20_identity
123,000100,123,123100,WARREN - 123100,1.000000000000,vtd20_identity
123,000110,123,123110,WARREN - 123110,1.000000000000,vtd20_identity
123,000125,123,123125,WARREN - 123125,1.000000000000,vtd20_identity
123,000140,123,123140,WARREN - 123140,1.000000000000,vtd20_identity
123,000150,123,123150,WARREN - 123150,1.000000000000,vtd20_identity
123,000165,123,123165,WARREN - 123165,1.000000000000,vtd20_identity
123,000181,123,123181,WARREN - 123181,1.000000000000,vtd20_identity
123,000195,123,123195,WARREN - 123195,1.000000000000,vtd20_identity
123,000220,123,123220,WARREN - 123220,1.000000000000,vtd20_identity
123,000231,123,123231,WARREN - 123231,1.000000000000,vtd20_identity
123,000250,123,123250,WARREN - 123250,1.000000000000,vtd20_identity
123,000255,123,123255,WARREN - 123255,1.000000000000,vtd20_identity
123,000260,123,123260,WARREN - 123260,1.000000000000,vtd20_identity
123,000290,123,123290,WARREN - 123290,1.000000000000,vtd20_identity
123,000300,123,123300,WARREN - 123300,1.000000000000,vtd20_identity
123,000310,123,123310,WARREN - 123310,1.000000000000,vtd20_identity
123,000320,123,123320,WARREN - 123320,1.000000000000,vtd20_identity
123,000331,123,123331,WARREN - 123331,1.000000000000,vtd20_identity
123,000351,123,123351,WARREN - 123351,1.000000000000,vtd20_identity
123,000361,123,123361,WARREN - 123361,1.000000000000,vtd20_identity
123,000370,123,123370,WARREN - 123370,1.000000000000,vtd20_identity
123,000400,123,123400,WARREN - 123400,1.000000000000,vtd20_identity
123,000410,123,123410,WARREN - 123410,1.000000000000,vtd20_identity
123,000420,123,123420,WARREN - 123420,1.000000000000,vtd20_identity
125,000010,125,125010,WASHINGTON - 125010,1.000000000000,vtd20_identity
125,000020,125,125020,WASHINGTON - 125020,1.000000000000,vtd20_identity
125,000030,125,125030,WASHINGTON - 125030,1.000000000000,vtd20_identity
125,000040,125,125040,WASHINGTON - 125040,1.000000000000,vtd20_identity
125,000050,125,125050,WASHINGTON - 125050,0.587500000000,census_block_count
125,000050,125,125060,WASHINGTON - 125060,0.412500000000,census_block_count
125,000070,125,125070,WASHINGTON - 125070,1.000000000000,vtd20_identity
125,000080,125,125080,WASHINGTON - 125080,1.000000000000,vtd20_identity
125,000095,125,125095,WASHINGTON - 125095,1.000000000000,vtd20_identity
125,000110,125,125110,WASHINGTON - 125110,1.000000000000,vtd20_identity
125,000125,125,125125,WASHINGTON - 125125,1.000000000000,vtd20_identity
125,000130,125,125130,WASHINGTON - 125130,1.000000000000,vtd20_identity
125,000140,125,125140,WASHINGTON - 125140,1.000000000000,vtd20_identity
125,000160,125,125160,WASHINGTON - 125160,1.000000000000,vtd20_identity
125,000170,125,125170,WASHINGTON - 125170,1.000000000000,vtd20_identity
125,000185,125,125185,WASHINGTON - 125185,1.000000000000,vtd20_identity
125,000190,125,125190,WASHINGTON - 125190,1.000000000000,vtd20_identity
125,000215,125,125215,WASHINGTON - 125215,1.000000000000,vtd20_identity
125,000235,125,125235,WASHINGTON - 125235,1.000000000000,vtd20_identity
125,000260,125,125260,WASHINGTON - 125260,1.000000000000,vtd20_identity
125,000272,125,125280,WASHINGTON - 125280,0.010000000000,census_block_count
125,000272,125,125260,WASHINGTON - 125260,0.010000000000,census_block_count
125,000272,125,125250,WASHINGTON - 125250,0.290000000000,census_block_count
125,000272,125,125270,WASHINGTON - 125270,0.690000000000,census_block_count
125,000280,125,125280,WASHINGTON - 125280,1.000000000000,vtd20_identity
125,000290,125,125290,WASHINGTON - 125290,1.000000000000,vtd20_identity
125,000300,125,125300,WASHINGTON - 125300,1.000000000000,vtd20_identity
125,000310,125,125310,WASHINGTON - 125310,1.000000000000,vtd20_identity
125,000320,125,125320,WASHINGTON - 125320,1.000000000000,vtd20_identity
125,000330,125,125330,WASHINGTON - 125330,1.000000000000,vtd20_identity
125,000340,125,125340,WASHINGTON - 125340,1.000000000000,vtd20_identity
125,000352,125,125370,WASHINGTON - 125370,1.000000000000,vtd20_identity
125,000358,125,125360,WASHINGTON - 125360,1.000000000000,vtd20_identity
125,000364,125,125380,WASHINGTON - 125380,1.000000000000,vtd20_identity
125,000372,125,125350,WASHINGTON - 125350,0.133333333333,census_block_count
125,000372,125,125380,WASHINGTON - 125380,0.866666666667,census_block_count
125,000378,125,125390,WASHINGTON - 125390,1.000000000000,vtd20_identity
125,000384,125,125350,WASHINGTON - 125350,0.437500000000,census_block_count
125,000384,125,125390,WASHINGTON - 125390,0.500000000000,census_block_count
125,000384,125,125360,WASHINGTON - 125360,0.062500000000,census_block_count
125,000392,125,125350,WASHINGTON - 125350,0.783783783784,census_block_count
125,000392,125,125400,WASHINGTON - 125400,0.162162162162,census_block_count
125,000392,125,1251390,WASHINGTON - 1251390,0.027027027027,census_block_count
125,000392,125,1251370,WASHINGTON - 1251370,0.027027027027,census_block_count
125,000398,125,1251410,WASHINGTON - 1251410,0.060606060606,census_block_count
125,000398,125,125400,WASHINGTON - 125400,0.878787878788,census_block_count
125,000398,125,1251390,WASHINGTON - 1251390,0.060606060606,census_block_count
125,000410,125,125410,WASHINGTON - 125410,1.000000000000,vtd20_identity
125,000420,125,125420,WASHINGTON - 125420,1.000000000000,vtd20_identity
125,000430,125,125430,WASHINGTON - 125430,1.000000000000,vtd20_identity
125,000440,125,125440,WASHINGTON - 125440,1.000000000000,vtd20_identity
125,000450,125,125450,WASHINGTON - 125450,1.000000000000,vtd20_identity
125,000460,125,125460,WASHINGTON - 125460,1.000000000000,vtd20_identity
125,000485,125,125485,WASHINGTON - 125485,1.000000000000,vtd20_identity
125,000490,125,125490,WASHINGTON - 125490,1.000000000000,vtd20_identity
125,000500,125,125500,WASHINGTON - 125500,0.490909090909,census_block_count
125,000500,125,125485,WASHINGTON - 125485,0.036363636364,census_block_count
125,000500,125,125470,WASHINGTON - 125470,0.472727272727,census_block_count
125,000520,125,125520,WASHINGTON - 125520,1.000000000000,vtd20_identity
125,000530,125,125530,WASHINGTON - 125530,1.000000000000,vtd20_identity
125,000540,125,125540,WASHINGTON - 125540,0.692307692308,census_block_count
125,000540,125,125560,WASHINGTON - 125560,0.307692307692,census_block_count
125,000550,125,125550,WASHINGTON - 125550,1.000000000000,vtd20_identity
125,000570,125,125570,WASHINGTON - 125570,1.000000000000,vtd20_identity
125,000580,125,125580,WASHINGTON - 125580,1.000000000000,vtd20_identity
125,000590,125,125590,WASHINGTON - 125590,1.000000000000,vtd20_identity
125,000600,125,125600,WASHINGTON - 125600,1.000000000000,vtd20_identity
125,000610,125,125610,WASHINGTON - 125610,1.000000000000,vtd20_identity
125,000620,125,125620,WASHINGTON - 125620,1.000000000000,vtd20_identity
125,000630,125,125630,WASHINGTON - 125630,1.000000000000,vtd20_identity
125,000645,125,125645,WASHINGTON - 125645,1.000000000000,vtd20_identity
125,000650,125,125650,WASHINGTON - 125650,1.000000000000,vtd20_identity
125,000670,125,125670,WASHINGTON - 125670,1.000000000000,vtd20_identity
125,000682,125,125680,WASHINGTON - 125680,0.659090909091,census_block_count
125,000682,125,1251960,WASHINGTON - 1251960,0.136363636364,census_block_count
125,000682,125,125690,WASHINGTON - 125690,0.204545454545,census_block_count
125,000692,125,125690,WASHINGTON - 125690,1.000000000000,vtd20_identity
125,000700,125,125700,WASHINGTON - 125700,1.000000000000,vtd20_identity
125,000715,125,125715,WASHINGTON - 125715,1.000000000000,vtd20_identity
125,000735,125,125735,WASHINGTON - 125735,1.000000000000,vtd20_identity
125,000745,125,125745,WASHINGTON - 125745,1.000000000000,vtd20_identity
125,000765,125,125765,WASHINGTON - 125765,1.000000000000,vtd20_identity
125,000790,125,125790,WASHINGTON - 125790,1.000000000000,vtd20_identity
125,000800,125,125800,WASHINGTON - 125800,1.000000000000,vtd20_identity
125,000810,125,125810,WASHINGTON - 125810,1.000000000000,vtd20_identity
125,000820,125,125820,WASHINGTON - 125820,1.000000000000,vtd20_identity
125,000830,125,125830,WASHINGTON - 125830,1.000000000000,vtd20_identity
125,000840,125,125840,WASHINGTON - 125840,0.602409638554,census_block_count
125,000840,125,125850,WASHINGTON - 125850,0.397590361446,census_block_count
125,000860,125,125860,WASHINGTON - 125860,0.266666666667,census_block_count
125,000860,125,125870,WASHINGTON - 125870,0.733333333333,census_block_count
125,000880,125,125880,WASHINGTON - 125880,1.000000000000,vtd20_identity
125,000890,125,125890,WASHINGTON - 125890,1.000000000000,vtd20_identity
125,000900,125,125900,WASHINGTON - 125900,0.937500000000,census_block_count
125,000900,125,125910,WASHINGTON - 125910,0.062500000000,census_block_count
125,000910,125,125910,WASHINGTON - 125910,1.000000000000,vtd20_identity
125,000920,125,125920,WASHINGTON - 125920,1.000000000000,vtd20_identity
125,000930,125,125930,WASHINGTON - 125930,1.000000000000,vtd20_identity
125,000940,125,125940,WASHINGTON - 125940,1.000000000000,vtd20_identity
125,000950,125,125950,WASHINGTON - 125950,1.000000000000,vtd20_identity
125,000960,125,125960,WASHINGTON - 125960,1.000000000000,vtd20_identity
125,000970,125,125970,WASHINGTON - 125970,1.000000000000,vtd20_identity
125,000980,125,125980,WASHINGTON - 125980,1.000000000000,vtd20_identity
125,000995,125,125995,WASHINGTON - 125995,1.000000000000,vtd20_identity
125,001010,125,1251010,WASHINGTON - 1251010,1.000000000000,vtd20_identity
125,001020,125,1251020,WASHINGTON - 1251020,1.000000000000,vtd20_identity
125,001030,125,1251030,WASHINGTON - 1251030,1.000000000000,vtd20_identity
125,001040,125,1251040,WASHINGTON - 1251040,1.000000000000,vtd20_identity
125,001050,125,1251050,WASHINGTON - 1251050,1.000000000000,vtd20_identity
125,001075,125,1251075,WASHINGTON - 1251075,1.000000000000,vtd20_identity
125,001090,125,1251090,WASHINGTON - 1251090,1.000000000000,vtd20_identity
125,001105,125,1251105,WASHINGTON - 1251105,1.000000000000,vtd20_identity
125,001125,125,1251125,WASHINGTON - 1251125,1.000000000000,vtd20_identity
125,001140,125,1251140,WASHINGTON - 1251140,1.000000000000,vtd20_identity
125,001150,125,1251150,WASHINGTON - 1251150,1.000000000000,vtd20_identity
125,001165,125,1251165,WASHINGTON - 1251165,1.000000000000,vtd20_identity
125,001180,125,1251180,WASHINGTON - 1251180,1.000000000000,vtd20_identity
125,001190,125,1251190,WASHINGTON - 1251190,1.000000000000,vtd20_identity
125,001200,125,1251200,WASHINGTON - 1251200,1.000000000000,vtd20_identity
125,001210,125,1251210,WASHINGTON - 1251210,1.000000000000,vtd20_identity
125,001220,125,1251220,WASHINGTON - 1251220,1.000000000000,vtd20_identity
125,001230,125,1251230,WASHINGTON - 1251230,1.000000000000,vtd20_identity
125,001240,125,1251240,WASHINGTON - 1251240,1.000000000000,vtd20_identity
125,001250,125,1251260,WASHINGTON - 1251260,0.349206349206,census_block_count
125,001250,125,1251250,WASHINGTON - 1251250,0.587301587302,census_block_count
125,001250,125,1251670,WASHINGTON - 1251670,0.047619047619,census_block_count
125,001250,125,125620,WASHINGTON - 125620,0.015873015873,census_block_count
125,001270,125,1251270,WASHINGTON - 1251270,0.467741935484,census_block_count
125,001270,125,125920,WASHINGTON - 125920,0.016129032258,census_block_count
125,001270,125,1251280,WASHINGTON - 1251280,0.516129032258,census_block_count
125,001290,125,1251290,WASHINGTON - 1251290,1.000000000000,vtd20_identity
125,001300,125,1251300,WASHINGTON - 1251300,1.000000000000,vtd20_identity
125,001310,125,1251310,WASHINGTON - 1251310,1.000000000000,vtd20_identity
125,001318,125,1251320,WASHINGTON - 1251320,1.000000000000,vtd20_identity
125,001324,125,1251320,WASHINGTON - 1251320,1.000000000000,census_block_count
125,001328,125,1251330,WASHINGTON - 1251330,1.000000000000,vtd20_identity
125,001332,125,1251320,WASHINGTON - 1251320,0.370370370370,census_block_count
125,001332,125,1251330,WASHINGTON - 1251330,0.333333333333,census_block_count
125,001332,125,1251360,WASHINGTON - 1251360,0.296296296296,census_block_count
125,001336,125,1251360,WASHINGTON - 1251360,1.000000000000,vtd20_identity
125,001348,125,1251340,WASHINGTON - 1251340,1.000000000000,vtd20_identity
125,001356,125,1251350,WASHINGTON - 1251350,1.000000000000,vtd20_identity
125,001362,125,1251370,WASHINGTON - 1251370,1.000000000000,census_block_count
125,001368,125,1251370,WASHINGTON - 1251370,1.000000000000,vtd20_identity
125,001375,125,1251380,WASHINGTON - 1251380,1.000000000000,vtd20_identity
125,001385,125,1251320,WASHINGTON - 1251320,0.055555555556,census_block_count
125,001385,125,1251380,WASHINGTON - 1251380,0.944444444444,census_block_count
125,001390,125,125350,WASHINGTON - 125350,0.066666666667,census_block_count
125,001390,125,1251390,WASHINGTON - 1251390,0.866666666667,census_block_count
125,001390,125,1251370,WASHINGTON - 1251370,0.066666666667,census_block_count
125,001400,125,1251400,WASHINGTON - 1251400,1.000000000000,vtd20_identity
125,001410,125,1251410,WASHINGTON - 1251410,0.333333333333,census_block_count
125,001410,125,1251390,WASHINGTON - 1251390,0.595238095238,census_block_count
125,001410,125,1251460,WASHINGTON - 1251460,0.023809523810,census_block_count
125,001410,125,1251400,WASHINGTON - 1251400,0.047619047619,census_block_count
125,001420,125,1251480,WASHINGTON - 1251480,1.000000000000,vtd20_identity
125,001430,125,1251430,WASHINGTON - 1251430,0.333333333333,census_block_count
125,001430,125,1251440,WASHINGTON - 1251440,0.666666666667,census_block_count
125,001440,125,1251500,WASHINGTON - 1251500,0.095238095238,census_block_count
125,001440,125,1251380,WASHINGTON - 1251380,0.095238095238,census_block_count
125,001440,125,1251440,WASHINGTON - 1251440,0.809523809524,census_block_count
125,001450,125,1251420,WASHINGTON - 1251420,1.000000000000,vtd20_identity
125,001460,125,1251450,WASHINGTON - 1251450,1.000000000000,vtd20_identity
125,001470,125,1251450,WASHINGTON - 1251450,0.071428571429,census_block_count
125,001470,125,1251460,WASHINGTON - 1251460,0.357142857143,census_block_count
125,001470,125,1251470,WASHINGTON - 1251470,0.571428571429,census_block_count
125,001480,125,1251500,WASHINGTON - 1251500,1.000000000000,vtd20_identity
125,001490,125,1251490,WASHINGTON - 1251490,1.000000000000,vtd20_identity
125,001500,125,1251500,WASHINGTON - 1251500,0.800000000000,census_block_count
125,001500,125,1251470,WASHINGTON - 1251470,0.200000000000,census_block_count
125,001510,125,1251510,WASHINGTON - 1251510,1.000000000000,vtd20_identity
125,001520,125,1251520,WASHINGTON - 1251520,1.000000000000,vtd20_identity
125,001530,125,1251530,WASHINGTON - 1251530,1.000000000000,vtd20_identity
125,001540,125,1251540,WASHINGTON - 1251540,1.000000000000,vtd20_identity
125,001550,125,1251550,WASHINGTON - 1251550,1.000000000000,vtd20_identity
125,001560,125,1251560,WASHINGTON - 1251560,1.000000000000,vtd20_identity
125,001570,125,1251570,WASHINGTON - 1251570,1.000000000000,vtd20_identity
125,001580,125,1251580,WASHINGTON - 1251580,1.000000000000,vtd20_identity
125,001590,125,1251590,WASHINGTON - 1251590,1.000000000000,vtd20_identity
125,001600,125,1251600,WASHINGTON - 1251600,1.000000000000,vtd20_identity
125,001610,125,1251610,WASHINGTON - 1251610,1.000000000000,vtd20_identity
125,001620,125,1251620,WASHINGTON - 1251620,1.000000000000,vtd20_identity
125,001630,125,1251630,WASHINGTON - 1251630,1.000000000000,vtd20_identity
125,001635,125,1251635,WASHINGTON - 1251635,1.000000000000,census_block_count
125,001645,125,1251645,WASHINGTON - 1251645,1.000000000000,vtd20_identity
125,001652,125,1251690,WASHINGTON - 1251690,1.000000000000,vtd20_identity
125,001662,125,1251680,WASHINGTON - 1251680,1.000000000000,vtd20_identity
125,001672,125,1251660,WASHINGTON - 1251660,0.510204081633,census_block_count
125,001672,125,1251650,WASHINGTON - 1251650,0.387755102041,census_block_count
125,001672,125,1251360,WASHINGTON - 1251360,0.040816326531,census_block_count
125,001672,125,125550,WASHINGTON - 125550,0.020408163265,census_block_count
125,001672,125,1251670,WASHINGTON - 1251670,0.040816326531,census_block_count
125,001682,125,1251660,WASHINGTON - 1251660,0.750000000000,census_block_count
125,001682,125,1251650,WASHINGTON - 1251650,0.250000000000,census_block_count
125,001688,125,1251660,WASHINGTON - 1251660,0.388888888889,census_block_count
125,001688,125,1251650,WASHINGTON - 1251650,0.333333333333,census_block_count
125,001688,125,1251680,WASHINGTON - 1251680,0.222222222222,census_block_count
125,001688,125,1251670,WASHINGTON - 1251670,0.055555555556,census_block_count
125,001692,125,1251670,WASHINGTON - 1251670,1.000000000000,vtd20_identity
125,001700,125,1251700,WASHINGTON - 1251700,1.000000000000,vtd20_identity
125,001710,125,1251710,WASHINGTON - 1251710,1.000000000000,vtd20_identity
125,001720,125,1251720,WASHINGTON - 1251720,1.000000000000,vtd20_identity
125,001730,125,1251730,WASHINGTON - 1251730,1.000000000000,vtd20_identity
125,001745,125,1251750,WASHINGTON - 1251750,0.357142857143,census_block_count
125,001745,125,1251740,WASHINGTON - 1251740,0.642857142857,census_block_count
125,001760,125,1251760,WASHINGTON - 1251760,1.000000000000,vtd20_identity
125,001770,125,1251770,WASHINGTON - 1251770,1.000000000000,vtd20_identity
125,001780,125,1251780,WASHINGTON - 1251780,1.000000000000,vtd20_identity
125,001790,125,1251790,WASHINGTON - 1251790,1.000000000000,vtd20_identity
125,001815,125,1251815,WASHINGTON - 1251815,1.000000000000,vtd20_identity
125,001830,125,1251830,WASHINGTON - 1251830,1.000000000000,vtd20_identity
125,001845,125,1251845,WASHINGTON - 1251845,1.000000000000,vtd20_identity
125,001850,125,1251850,WASHINGTON - 1251850,1.000000000000,vtd20_identity
125,001860,125,1251860,WASHINGTON - 1251860,1.000000000000,vtd20_identity
125,001875,125,1251875,WASHINGTON - 1251875,1.000000000000,vtd20_identity
125,001890,125,1251890,WASHINGTON - 1251890,1.000000000000,vtd20_identity
125,001900,125,1251900,WASHINGTON - 1251900,1.000000000000,vtd20_identity
125,001910,125,1251910,WASHINGTON - 1251910,0.405797101449,census_block_count
125,001910,125,1251930,WASHINGTON - 1251930,0.594202898551,census_block_count
125,001920,125,1251920,WASHINGTON - 1251920,1.000000000000,vtd20_identity
125,001945,125,1251945,WASHINGTON - 1251945,1.000000000000,vtd20_identity
125,001970,125,1251970,WASHINGTON - 1251970,1.000000000000,vtd20_identity
125,001980,125,1251980,WASHINGTON - 1251980,1.000000000000,vtd20_identity
125,001990,125,1251990,WASHINGTON - 1251990,1.000000000000,vtd20_identity
125,002000,125,1252000,WASHINGTON - 1252000,1.000000000000,vtd20_identity
125,002010,125,1252010,WASHINGTON - 1252010,1.000000000000,vtd20_identity
125,002020,125,1252020,WASHINGTON - 1252020,1.000000000000,vtd20_identity
125,002030,125,1252030,WASHINGTON - 1252030,1.000000000000,vtd20_identity
125,002045,125,1252045,WASHINGTON - 1252045,1.000000000000,vtd20_identity
127,000010,127,127010,WAYNE - 127010,1.000000000000,vtd20_identity
127,000020,127,127020,WAYNE - 127020,1.000000000000,vtd20_identity
127,000030,127,127030,WAYNE - 127030,1.000000000000,vtd20_identity
127,000040,127,127040,WAYNE - 127040,1.000000000000,vtd20_identity
127,000050,127,127050,WAYNE - 127050,1.000000000000,vtd20_identity
127,000060,127,127060,WAYNE - 127060,1.000000000000,vtd20_identity
127,000070,127,127070,WAYNE - 127070,1.000000000000,vtd20_identity
127,000080,127,127080,WAYNE - 127080,1.000000000000,vtd20_identity
127,000090,127,127090,WAYNE - 127090,1.000000000000,vtd20_identity
127,000100,127,127100,WAYNE - 127100,1.000000000000,vtd20_identity
127,000110,127,127110,WAYNE - 127110,1.000000000000,vtd20_identity
127,000120,127,127120,WAYNE - 127120,1.000000000000,vtd20_identity
127,000130,127,127130,WAYNE - 127130,1.000000000000,vtd20_identity
127,000145,127,127160,WAYNE - 127160,0.069767441860,census_block_count
127,000145,127,127150,WAYNE - 127150,0.511627906977,census_block_count
127,000145,127,127180,WAYNE - 127180,0.395348837209,census_block_count
127,000145,127,127170,WAYNE - 127170,0.023255813953,census_block_count
127,000155,127,127160,WAYNE - 127160,0.481481481481,census_block_count
127,000155,127,127140,WAYNE - 127140,0.425925925926,census_block_count
127,000155,127,127170,WAYNE - 127170,0.092592592593,census_block_count
127,000165,127,127170,WAYNE - 127170,1.000000000000,vtd20_identity
127,000190,127,127190,WAYNE - 127190,1.000000000000,vtd20_identity
127,000200,127,127200,WAYNE - 127200,1.000000000000,vtd20_identity
127,000210,127,127210,WAYNE - 127210,1.000000000000,vtd20_identity
127,000220,127,127220,WAYNE - 127220,1.000000000000,vtd20_identity
127,000230,127,127230,WAYNE - 127230,1.000000000000,vtd20_identity
127,000240,127,127240,WAYNE - 127240,1.000000000000,vtd20_identity
127,000250,127,127250,WAYNE - 127250,1.000000000000,vtd20_identity
127,000260,127,127260,WAYNE - 127260,1.000000000000,vtd20_identity
127,000270,127,127270,WAYNE - 127270,1.000000000000,vtd20_identity
127,000280,127,127280,WAYNE - 127280,1.000000000000,vtd20_identity
127,000290,127,127290,WAYNE - 127290,1.000000000000,vtd20_identity
127,000300,127,127300,WAYNE - 127300,1.000000000000,vtd20_identity
127,000310,127,127310,WAYNE - 127310,1.000000000000,vtd20_identity
127,000320,127,127320,WAYNE - 127320,1.000000000000,vtd20_identity
127,000330,127,127330,WAYNE - 127330,1.000000000000,vtd20_identity
127,000340,127,127340,WAYNE - 127340,1.000000000000,vtd20_identity
127,000350,127,127350,WAYNE - 127350,1.000000000000,vtd20_identity
127,000360,127,127360,WAYNE - 127360,1.000000000000,vtd20_identity
127,000370,127,127370,WAYNE - 127370,1.000000000000,vtd20_identity
129,000010,129,129010,WESTMORELAND - 129010,1.000000000000,vtd20_identity
129,000020,129,129020,WESTMORELAND - 129020,1.000000000000,vtd20_identity
129,000030,129,129030,WESTMORELAND - 129030,1.000000000000,vtd20_identity
129,000040,129,129040,WESTMORELAND - 129040,1.000000000000,vtd20_identity
129,000050,129,129050,WESTMORELAND - 129050,1.000000000000,vtd20_identity
129,000060,129,129060,WESTMORELAND - 129060,1.000000000000,vtd20_identity
129,000070,129,129070,WESTMORELAND - 129070,1.000000000000,vtd20_identity
129,000080,129,129080,WESTMORELAND - 129080,1.000000000000,vtd20_identity
129,000090,129,129090,WESTMORELAND - 129090,1.000000000000,vtd20_identity
129,000100,129,129100,WESTMORELAND - 129100,1.000000000000,vtd20_identity
129,000110,129,129110,WESTMORELAND - 129110,1.000000000000,vtd20_identity
129,000120,129,129120,WESTMORELAND - 129120,1.000000000000,vtd20_identity
129,000130,129,129130,WESTMORELAND - 129130,1.000000000000,vtd20_identity
129,000140,129,129140,WESTMORELAND - 129140,1.000000000000,vtd20_identity
129,000150,129,129150,WESTMORELAND - 129150,1.000000000000,vtd20_identity
129,000160,129,129160,WESTMORELAND - 129160,1.000000000000,vtd20_identity
129,000170,129,129170,WESTMORELAND - 129170,1.000000000000,vtd20_identity
129,000180,129,129180,WESTMORELAND - 129180,1.000000000000,vtd20_identity
129,000190,129,129190,WESTMORELAND - 129190,1.000000000000,vtd20_identity
129,000200,129,129200,WESTMORELAND - 129200,1.000000000000,vtd20_identity
129,000210,129,129210,WESTMORELAND - 129210,1.000000000000,vtd20_identity
129,000220,129,129220,WESTMORELAND - 129220,1.000000000000,vtd20_identity
129,000230,129,129230,WESTMORELAND - 129230,1.000000000000,vtd20_identity
129,000240,129,129240,WESTMORELAND - 129240,1.000000000000,vtd20_identity
129,000250,129,129250,WESTMORELAND - 129250,1.000000000000,vtd20_identity
129,000260,129,129260,WESTMORELAND - 129260,1.000000000000,vtd20_identity
129,000270,129,129270,WESTMORELAND - 129270,1.000000000000,vtd20_identity
129,000280,129,129280,WESTMORELAND - 129280,1.000000000000,vtd20_identity
129,000290,129,129290,WESTMORELAND - 129290,1.000000000000,vtd20_identity
129,000300,129,129300,WESTMORELAND - 129300,1.000000000000,vtd20_identity
129,000310,129,129310,WESTMORELAND - 129310,1.000000000000,vtd20_identity
129,000320,129,129320,WESTMORELAND - 129320,1.000000000000,vtd20_identity
129,000330,129,129330,WESTMORELAND - 129330,1.000000000000,vtd20_identity
129,000340,129,129340,WESTMORELAND - 129340,1.000000000000,vtd20_identity
129,000350,129,129350,WESTMORELAND - 129350,1.000000000000,vtd20_identity
129,000360,129,129360,WESTMORELAND - 129360,1.000000000000,vtd20_identity
129,000370,129,129370,WESTMORELAND - 129370,1.000000000000,vtd20_identity
129,000380,129,129380,WESTMORELAND - 129380,1.000000000000,vtd20_identity
129,000390,129,129390,WESTMORELAND - 129390,1.000000000000,vtd20_identity
129,000400,129,129400,WESTMORELAND - 129400,1.000000000000,vtd20_identity
129,000410,129,129410,WESTMORELAND - 129410,1.000000000000,vtd20_identity
129,000420,129,129420,WESTMORELAND - 129420,1.000000000000,vtd20_identity
129,000430,129,129430,WESTMORELAND - 129430,1.000000000000,vtd20_identity
129,000440,129,129440,WESTMORELAND - 129440,1.000000000000,vtd20_identity
129,000450,129,129450,WESTMORELAND - 129450,1.000000000000,vtd20_identity
129,000460,129,129460,WESTMORELAND - 129460,1.000000000000,vtd20_identity
129,000470,129,129470,WESTMORELAND - 129470,1.000000000000,vtd20_identity
129,000480,129,129480,WESTMORELAND - 129480,1.000000000000,vtd20_identity
129,000490,129,129490,WESTMORELAND - 129490,1.000000000000,vtd20_identity
129,000500,129,129500,WESTMORELAND - 129500,1.000000000000,vtd20_identity
129,000510,129,129510,WESTMORELAND - 129510,1.000000000000,vtd20_identity
129,000520,129,129520,WESTMORELAND - 129520,1.000000000000,vtd20_identity
129,000530,129,129530,WESTMORELAND - 129530,1.000000000000,vtd20_identity
129,000540,129,129540,WESTMORELAND - 129540,1.000000000000,vtd20_identity
129,000550,129,129550,WESTMORELAND - 129550,1.000000000000,vtd20_identity
129,000560,129,129550,WESTMORELAND - 129550,0.074074074074,census_block_count
129,000560,129,129540,WESTMORELAND - 129540,0.185185185185,census_block_count
129,000560,129,129560,WESTMORELAND - 129560,0.740740740741,census_block_count
129,000570,129,129570,WESTMORELAND - 129570,1.000000000000,vtd20_identity
129,000580,129,129580,WESTMORELAND - 129580,1.000000000000,vtd20_identity
129,000590,129,129590,WESTMORELAND - 129590,1.000000000000,vtd20_identity
129,000600,129,129600,WESTMORELAND - 129600,1.000000000000,vtd20_identity
129,000610,129,129610,WESTMORELAND - 129610,1.000000000000,vtd20_identity
129,000620,129,129620,WESTMORELAND - 129620,1.000000000000,vtd20_identity
129,000630,129,129630,WESTMORELAND - 129630,1.000000000000,vtd20_identity
129,000640,129,129640,WESTMORELAND - 129640,1.000000000000,vtd20_identity
129,000650,129,129650,WESTMORELAND - 129650,1.000000000000,vtd20_identity
129,000660,129,129660,WESTMORELAND - 129660,1.000000000000,vtd20_identity
129,000670,129,129670,WESTMORELAND - 129670,1.000000000000,vtd20_identity
129,000680,129,129680,WESTMORELAND - 129680,1.000000000000,vtd20_identity
129,000690,129,129690,WESTMORELAND - 129690,1.000000000000,vtd20_identity
129,000700,129,129700,WESTMORELAND - 129700,1.000000000000,vtd20_identity
129,000710,129,129710,WESTMORELAND - 129710,1.000000000000,vtd20_identity
129,000720,129,129720,WESTMORELAND - 129720,1.000000000000,vtd20_identity
129,000730,129,129730,WESTMORELAND - 129730,0.769230769231,census_block_count
129,000730,129,129610,WESTMORELAND - 129610,0.038461538462,census_block_count
129,000730,129,129740,WESTMORELAND - 129740,0.038461538462,census_block_count
129,000730,129,129600,WESTMORELAND - 129600,0.153846153846,census_block_count
129,000740,129,129740,WESTMORELAND - 129740,1.000000000000,vtd20_identity
129,000750,129,129750,WESTMORELAND - 129750,1.000000000000,vtd20_identity
129,000760,129,129760,WESTMORELAND - 129760,1.000000000000,vtd20_identity
129,000770,129,129770,WESTMORELAND - 129770,1.000000000000,vtd20_identity
129,000780,129,129780,WESTMORELAND - 129780,1.000000000000,vtd20_identity
129,000790,129,129790,WESTMORELAND - 129790,1.000000000000,vtd20_identity
129,000800,129,129800,WESTMORELAND - 129800,1.000000000000,vtd20_identity
129,000810,129,129810,WESTMORELAND - 129810,1.000000000000,vtd20_identity
129,000820,129,129820,WESTMORELAND - 129820,1.000000000000,vtd20_identity
129,000830,129,129830,WESTMORELAND - 129830,1.000000000000,vtd20_identity
129,000840,129,129840,WESTMORELAND - 129840,1.000000000000,vtd20_identity
129,000850,129,129850,WESTMORELAND - 129850,1.000000000000,vtd20_identity
129,000860,129,129860,WESTMORELAND - 129860,1.000000000000,vtd20_identity
129,000870,129,129870,WESTMORELAND - 129870,1.000000000000,vtd20_identity
129,000880,129,129880,WESTMORELAND - 129880,1.000000000000,vtd20_identity
129,000890,129,129890,WESTMORELAND - 129890,1.000000000000,vtd20_identity
129,000900,129,129900,WESTMORELAND - 129900,1.000000000000,vtd20_identity
129,000910,129,129910,WESTMORELAND - 129910,1.000000000000,vtd20_identity
129,000920,129,129920,WESTMORELAND - 129920,1.000000000000,vtd20_identity
129,000930,129,129930,WESTMORELAND - 129930,1.000000000000,vtd20_identity
129,000940,129,129940,WESTMORELAND - 129940,1.000000000000,vtd20_identity
129,000950,129,129950,WESTMORELAND - 129950,1.000000000000,vtd20_identity
129,000960,129,129960,WESTMORELAND - 129960,0.657142857143,census_block_count
129,000960,129,129970,WESTMORELAND - 129970,0.342857142857,census_block_count
129,000970,129,129980,WESTMORELAND - 129980,1.000000000000,vtd20_identity
129,000980,129,1291000,WESTMORELAND - 1291000,0.428571428571,census_block_count
129,000980,129,129990,WESTMORELAND - 129990,0.285714285714,census_block_count
129,000980,129,1291010,WESTMORELAND - 1291010,0.285714285714,census_block_count
129,000990,129,129990,WESTMORELAND - 129990,1.000000000000,vtd20_identity
129,001000,129,1291000,WESTMORELAND - 1291000,0.818181818182,census_block_count
129,001000,129,129990,WESTMORELAND - 129990,0.181818181818,census_block_count
129,001010,129,1291000,WESTMORELAND - 1291000,1.000000000000,vtd20_identity
129,001020,129,1291020,WESTMORELAND - 1291020,0.458333333333,census_block_count
129,001020,129,1291010,WESTMORELAND - 1291010,0.541666666667,census_block_count
129,001030,129,1291030,WESTMORELAND - 1291030,1.000000000000,vtd20_identity
129,001040,129,1291040,WESTMORELAND - 1291040,1.000000000000,vtd20_identity
129,001050,129,1291050,WESTMORELAND - 1291050,1.000000000000,vtd20_identity
129,001060,129,1291060,WESTMORELAND - 1291060,1.000000000000,vtd20_identity
129,001070,129,1291070,WESTMORELAND - 1291070,1.000000000000,vtd20_identity
129,001080,129,1291080,WESTMORELAND - 1291080,1.000000000000,vtd20_identity
129,001090,129,1291090,WESTMORELAND - 1291090,1.000000000000,vtd20_identity
129,001100,129,1291100,WESTMORELAND - 1291100,1.000000000000,vtd20_identity
129,001110,129,1291110,WESTMORELAND - 1291110,1.000000000000,vtd20_identity
129,001120,129,1291120,WESTMORELAND - 1291120,1.000000000000,vtd20_identity
129,001130,129,1291130,WESTMORELAND - 1291130,1.000000000000,vtd20_identity
129,001140,129,1291140,WESTMORELAND - 1291140,1.000000000000,vtd20_identity
129,001150,129,1291150,WESTMORELAND - 1291150,1.000000000000,vtd20_identity
129,001160,129,1291160,WESTMORELAND - 1291160,1.000000000000,census_block_count
129,001170,129,1291170,WESTMORELAND - 1291170,1.000000000000,vtd20_identity
129,001180,129,1291180,WESTMORELAND - 1291180,1.000000000000,vtd20_identity
129,001190,129,1291190,WESTMORELAND - 1291190,1.000000000000,vtd20_identity
129,001200,129,1291200,WESTMORELAND - 1291200,1.000000000000,vtd20_identity
129,001210,129,1291210,WESTMORELAND - 1291210,1.000000000000,vtd20_identity
129,001220,129,1291220,WESTMORELAND - 1291220,1.000000000000,vtd20_identity
129,001230,129,1291230,WESTMORELAND - 1291230,1.000000000000,vtd20_identity
129,001245,129,1291200,WESTMORELAND - 1291200,0.027972027972,census_block_count
129,001245,129,1291210,WESTMORELAND - 1291210,0.006993006993,census_block_count
129,001245,129,1291240,WESTMORELAND - 1291240,0.559440559441,census_block_count
129,001245,129,1291250,WESTMORELAND - 1291250,0.405594405594,census_block_count
129,001260,129,1291260,WESTMORELAND - 1291260,1.000000000000,vtd20_identity
129,001270,129,1291270,WESTMORELAND - 1291270,1.000000000000,vtd20_identity
129,001280,129,1291280,WESTMORELAND - 1291280,1.000000000000,vtd20_identity
129,001290,129,1291290,WESTMORELAND - 1291290,1.000000000000,vtd20_identity
129,001300,129,1291300,WESTMORELAND - 1291300,1.000000000000,vtd20_identity
129,001310,129,1291310,WESTMORELAND - 1291310,1.000000000000,vtd20_identity
129,001320,129,1291320,WESTMORELAND - 1291320,1.000000000000,vtd20_identity
129,001330,129,1291340,WESTMORELAND - 1291340,0.026315789474,census_block_count
129,001330,129,1291860,WESTMORELAND - 1291860,0.026315789474,census_block_count
129,001330,129,1291270,WESTMORELAND - 1291270,0.026315789474,census_block_count
129,001330,129,1291330,WESTMORELAND - 1291330,0.921052631579,census_block_count
129,001340,129,1291340,WESTMORELAND - 1291340,1.000000000000,vtd20_identity
129,001350,129,1291350,WESTMORELAND - 1291350,1.000000000000,vtd20_identity
129,001360,129,1291360,WESTMORELAND - 1291360,1.000000000000,vtd20_identity
129,001370,129,1291370,WESTMORELAND - 1291370,1.000000000000,vtd20_identity
129,001380,129,1291380,WESTMORELAND - 1291380,1.000000000000,vtd20_identity
129,001390,129,1291390,WESTMORELAND - 1291390,1.000000000000,vtd20_identity
129,001400,129,1291400,WESTMORELAND - 1291400,1.000000000000,vtd20_identity
129,001410,129,1291410,WESTMORELAND - 1291410,1.000000000000,vtd20_identity
129,001420,129,1291420,WESTMORELAND - 1291420,1.000000000000,vtd20_identity
129,001430,129,1291430,WESTMORELAND - 1291430,1.000000000000,vtd20_identity
129,001440,129,1291440,WESTMORELAND - 1291440,1.000000000000,vtd20_identity
129,001450,129,1291450,WESTMORELAND - 1291450,1.000000000000,vtd20_identity
129,001460,129,1291460,WESTMORELAND - 1291460,1.000000000000,vtd20_identity
129,001470,129,1291470,WESTMORELAND - 1291470,1.000000000000,vtd20_identity
129,001480,129,1291480,WESTMORELAND - 1291480,1.000000000000,vtd20_identity
129,001490,129,1291490,WESTMORELAND - 1291490,1.000000000000,vtd20_identity
129,001500,129,1291500,WESTMORELAND - 1291500,1.000000000000,vtd20_identity
129,001510,129,1291510,WESTMORELAND - 1291510,1.000000000000,vtd20_identity
129,001520,129,1291520,WESTMORELAND - 1291520,1.000000000000,vtd20_identity
129,001530,129,1291530,WESTMORELAND - 1291530,1.000000000000,vtd20_identity
129,001540,129,1291540,WESTMORELAND - 1291540,1.000000000000,vtd20_identity
129,001550,129,1291550,WESTMORELAND - 1291550,1.000000000000,vtd20_identity
129,001560,129,1291560,WESTMORELAND - 1291560,1.000000000000,vtd20_identity
129,001570,129,1291570,WESTMORELAND - 1291570,1.000000000000,vtd20_identity
129,001580,129,1291580,WESTMORELAND - 1291580,1.000000000000,vtd20_identity
129,001590,129,1291590,WESTMORELAND - 1291590,1.000000000000,vtd20_identity
129,001600,129,1291600,WESTMORELAND - 1291600,1.000000000000,vtd20_identity
129,001610,129,1291610,WESTMORELAND - 1291610,1.000000000000,vtd20_identity
129,001620,129,1291620,WESTMORELAND - 1291620,1.000000000000,vtd20_identity
129,001630,129,1291630,WESTMORELAND - 1291630,1.000000000000,vtd20_identity
129,001640,129,1291640,WESTMORELAND - 1291640,1.000000000000,vtd20_identity
129,001650,129,1291650,WESTMORELAND - 1291650,1.000000000000,vtd20_identity
129,001660,129,1291660,WESTMORELAND - 1291660,1.000000000000,vtd20_identity
129,001670,129,1291670,WESTMORELAND - 1291670,1.000000000000,vtd20_identity
129,001682,129,1291670,WESTMORELAND - 1291670,0.130434782609,census_block_count
129,001682,129,1291680,WESTMORELAND - 1291680,0.869565217391,census_block_count
129,001684,129,1291680,WESTMORELAND - 1291680,1.000000000000,vtd20_identity
129,001692,129,1291690,WESTMORELAND - 1291690,1.000000000000,census_block_count
129,001694,129,1291690,WESTMORELAND - 1291690,1.000000000000,vtd20_identity
129,001700,129,1291700,WESTMORELAND - 1291700,1.000000000000,vtd20_identity
129,001710,129,1291710,WESTMORELAND - 1291710,1.000000000000,vtd20_identity
129,001720,129,1291720,WESTMORELAND - 1291720,1.000000000000,vtd20_identity
129,001730,129,1291730,WESTMORELAND - 1291730,1.000000000000,vtd20_identity
129,001740,129,1291740,WESTMORELAND - 1291740,1.000000000000,vtd20_identity
129,001750,129,1291750,WESTMORELAND - 1291750,1.000000000000,vtd20_identity
129,001760,129,1291750,WESTMORELAND - 1291750,0.030303030303,census_block_count
129,001760,129,1291760,WESTMORELAND - 1291760,0.757575757576,census_block_count
129,001760,129,1291770,WESTMORELAND - 1291770,0.212121212121,census_block_count
129,001770,129,1291770,WESTMORELAND - 1291770,1.000000000000,vtd20_identity
129,001780,129,1291780,WESTMORELAND - 1291780,1.000000000000,vtd20_identity
129,001790,129,1291790,WESTMORELAND - 1291790,1.000000000000,vtd20_identity
129,001800,129,1291800,WESTMORELAND - 1291800,1.000000000000,vtd20_identity
129,001810,129,1291820,WESTMORELAND - 1291820,0.052631578947,census_block_count
129,001810,129,129090,WESTMORELAND - 129090,0.026315789474,census_block_count
129,001810,129,1291810,WESTMORELAND - 1291810,0.921052631579,census_block_count
129,001820,129,1291820,WESTMORELAND - 1291820,1.000000000000,vtd20_identity
129,001830,129,1291830,WESTMORELAND - 1291830,1.000000000000,vtd20_identity
129,001840,129,1291840,WESTMORELAND - 1291840,1.000000000000,vtd20_identity
129,001850,129,1291850,WESTMORELAND - 1291850,1.000000000000,vtd20_identity
129,001860,129,1291860,WESTMORELAND - 1291860,1.000000000000,vtd20_identity
129,001870,129,1291870,WESTMORELAND - 1291870,1.000000000000,vtd20_identity
129,001880,129,1291880,WESTMORELAND - 1291880,1.000000000000,vtd20_identity
129,001890,129,1291890,WESTMORELAND - 1291890,1.000000000000,vtd20_identity
129,001900,129,1291900,WESTMORELAND - 1291900,1.000000000000,vtd20_identity
129,001910,129,1291910,WESTMORELAND - 1291910,1.000000000000,vtd20_identity
129,001920,129,1291920,WESTMORELAND - 1291920,1.000000000000,vtd20_identity
129,001930,129,1291930,WESTMORELAND - 1291930,1.000000000000,vtd20_identity
129,001935,129,1291935,WESTMORELAND - 1291935,1.000000000000,vtd20_identity
129,001955,129,1291955,WESTMORELAND - 1291955,1.000000000000,vtd20_identity
129,001960,129,1291960,WESTMORELAND - 1291960,1.000000000000,vtd20_identity
129,001965,129,1291965,WESTMORELAND - 1291965,1.000000000000,vtd20_identity
129,001995,129,1291995,WESTMORELAND - 1291995,1.000000000000,vtd20_identity
129,002005,129,1292005,WESTMORELAND - 1292005,1.000000000000,vtd20_identity
129,002010,129,1292010,WESTMORELAND - 1292010,1.000000000000,vtd20_identity
129,002020,129,1292020,WESTMORELAND - 1292020,1.000000000000,vtd20_identity
129,002030,129,1292030,WESTMORELAND - 1292030,1.000000000000,vtd20_identity
129,002035,129,1292035,WESTMORELAND - 1292035,1.000000000000,vtd20_identity
129,002040,129,1292040,WESTMORELAND - 1292040,1.000000000000,vtd20_identity
129,002050,129,1292050,WESTMORELAND - 1292050,1.000000000000,vtd20_identity
129,002060,129,1292060,WESTMORELAND - 1292060,1.000000000000,vtd20_identity
129,002075,129,1292075,WESTMORELAND - 1292075,1.000000000000,vtd20_identity
129,002080,129,1292080,WESTMORELAND - 1292080,1.000000000000,vtd20_identity
129,002095,129,1292095,WESTMORELAND - 1292095,1.000000000000,vtd20_identity
129,002100,129,1292100,WESTMORELAND - 1292100,1.000000000000,vtd20_identity
129,002110,129,1292110,WESTMORELAND - 1292110,1.000000000000,vtd20_identity
129,002125,129,1292125,WESTMORELAND - 1292125,1.000000000000,vtd20_identity
129,002140,129,1292140,WESTMORELAND - 1292140,1.000000000000,vtd20_identity
129,002150,129,1292150,WESTMORELAND - 1292150,1.000000000000,vtd20_identity
129,002160,129,1292160,WESTMORELAND - 1292160,1.000000000000,vtd20_identity
129,002170,129,1292170,WESTMORELAND - 1292170,1.000000000000,vtd20_identity
129,002180,129,1292180,WESTMORELAND - 1292180,1.000000000000,vtd20_identity
129,002190,129,1292190,WESTMORELAND - 1292190,1.000000000000,vtd20_identity
129,002200,129,1292200,WESTMORELAND - 1292200,1.000000000000,vtd20_identity
129,002210,129,1292210,WESTMORELAND - 1292210,1.000000000000,vtd20_identity
129,002220,129,1292220,WESTMORELAND - 1292220,1.000000000000,vtd20_identity
129,002230,129,1292230,WESTMORELAND - 1292230,1.000000000000,vtd20_identity
129,002240,129,1292240,WESTMORELAND - 1292240,1.000000000000,vtd20_identity
129,002250,129,1292250,WESTMORELAND - 1292250,1.000000000000,vtd20_identity
129,002260,129,1292260,WESTMORELAND - 1292260,1.000000000000,vtd20_identity
129,002280,129,1292280,WESTMORELAND - 1292280,1.000000000000,vtd20_identity
129,002290,129,1292290,WESTMORELAND - 1292290,1.000000000000,vtd20_identity
129,002295,129,1292270,WESTMORELAND - 1292270,1.000000000000,vtd20_identity
129,002300,129,1292300,WESTMORELAND - 1292300,1.000000000000,vtd20_identity
129,002310,129,1292310,WESTMORELAND - 1292310,1.000000000000,vtd20_identity
129,002320,129,1292320,WESTMORELAND - 1292320,1.000000000000,vtd20_identity
129,002330,129,1292330,WESTMORELAND - 1292330,1.000000000000,vtd20_identity
129,002340,129,1292340,WESTMORELAND - 1292340,1.000000000000,vtd20_identity
129,002350,129,1292350,WESTMORELAND - 1292350,1.000000000000,vtd20_identity
129,002360,129,1292360,WESTMORELAND - 1292360,1.000000000000,vtd20_identity
129,002370,129,1292370,WESTMORELAND - 1292370,1.000000000000,vtd20_identity
129,002380,129,1292380,WESTMORELAND - 1292380,1.000000000000,vtd20_identity
129,002390,129,1292390,WESTMORELAND - 1292390,1.000000000000,vtd20_identity
129,002400,129,1292400,WESTMORELAND - 1292400,1.000000000000,vtd20_identity
129,002410,129,1292410,WESTMORELAND - 1292410,1.000000000000,vtd20_identity
129,002420,129,1292420,WESTMORELAND - 1292420,1.000000000000,vtd20_identity
129,002430,129,1292430,WESTMORELAND - 1292430,1.000000000000,vtd20_identity
129,002440,129,1292440,WESTMORELAND - 1292440,1.000000000000,vtd20_identity
129,002450,129,1292450,WESTMORELAND - 1292450,1.000000000000,vtd20_identity
129,002460,129,1292460,WESTMORELAND - 1292460,1.000000000000,vtd20_identity
129,002470,129,1292470,WESTMORELAND - 1292470,1.000000000000,vtd20_identity
129,002480,129,1292480,WESTMORELAND - 1292480,1.000000000000,vtd20_identity
129,002490,129,1292490,WESTMORELAND - 1292490,1.000000000000,vtd20_identity
129,002500,129,1292500,WESTMORELAND - 1292500,1.000000000000,vtd20_identity
129,002510,129,1292510,WESTMORELAND - 1292510,1.000000000000,vtd20_identity
129,002520,129,1292520,WESTMORELAND - 1292520,1.000000000000,vtd20_identity
129,002530,129,1292530,WESTMORELAND - 1292530,1.000000000000,vtd20_identity
129,002540,129,1292540,WESTMORELAND - 1292540,1.000000000000,vtd20_identity
129,002550,129,1292550,WESTMORELAND - 1292550,1.000000000000,vtd20_identity
129,002560,129,1292560,WESTMORELAND - 1292560,1.000000000000,vtd20_identity
129,002570,129,1292570,WESTMORELAND - 1292570,1.000000000000,vtd20_identity
129,002580,129,1292580,WESTMORELAND - 1292580,1.000000000000,vtd20_identity
129,002590,129,1292590,WESTMORELAND - 1292590,1.000000000000,vtd20_identity
129,002600,129,1292600,WESTMORELAND - 1292600,1.000000000000,vtd20_identity
129,002610,129,1292610,WESTMORELAND - 1292610,1.000000000000,vtd20_identity
129,002620,129,1292620,WESTMORELAND - 1292620,1.000000000000,vtd20_identity
129,002630,129,1292630,WESTMORELAND - 1292630,1.000000000000,vtd20_identity
129,002640,129,1292640,WESTMORELAND - 1292640,1.000000000000,vtd20_identity
129,002650,129,1292650,WESTMORELAND - 1292650,1.000000000000,vtd20_identity
129,002660,129,1292660,WESTMORELAND - 1292660,1.000000000000,vtd20_identity
129,002670,129,1292670,WESTMORELAND - 1292670,1.000000000000,vtd20_identity
129,002680,129,1292680,WESTMORELAND - 1292680,1.000000000000,vtd20_identity
129,002690,129,1292690,WESTMORELAND - 1292690,1.000000000000,vtd20_identity
129,002700,129,1292700,WESTMORELAND - 1292700,1.000000000000,vtd20_identity
129,002710,129,1292710,WESTMORELAND - 1292710,1.000000000000,vtd20_identity
129,002720,129,1292720,WESTMORELAND - 1292720,1.000000000000,vtd20_identity
129,002730,129,1292730,WESTMORELAND - 1292730,1.000000000000,vtd20_identity
129,002740,129,1292740,WESTMORELAND - 1292740,1.000000000000,vtd20_identity
129,002750,129,1292750,WESTMORELAND - 1292750,1.000000000000,vtd20_identity
129,002760,129,1292760,WESTMORELAND - 1292760,1.000000000000,vtd20_identity
129,002770,129,1292770,WESTMORELAND - 1292770,1.000000000000,vtd20_identity
129,002780,129,1292780,WESTMORELAND - 1292780,1.000000000000,vtd20_identity
129,002790,129,1292790,WESTMORELAND - 1292790,1.000000000000,vtd20_identity
129,002800,129,1292800,WESTMORELAND - 1292800,1.000000000000,vtd20_identity
129,002810,129,1292810,WESTMORELAND - 1292810,1.000000000000,vtd20_identity
129,002820,129,1292820,WESTMORELAND - 1292820,1.000000000000,vtd20_identity
129,002830,129,1292830,WESTMORELAND - 1292830,1.000000000000,vtd20_identity
129,002840,129,1292840,WESTMORELAND - 1292840,1.000000000000,vtd20_identity
129,002851,129,1292850,WESTMORELAND - 1292850,1.000000000000,vtd20_identity
129,002852,129,1292850,WESTMORELAND - 1292850,0.823529411765,census_block_count
129,002852,129,1292840,WESTMORELAND - 1292840,0.176470588235,census_block_count
129,002860,129,1292860,WESTMORELAND - 1292860,1.000000000000,vtd20_identity
129,002870,129,1292870,WESTMORELAND - 1292870,1.000000000000,vtd20_identity
129,002880,129,1292880,WESTMORELAND - 1292880,1.000000000000,vtd20_identity
129,002890,129,1292890,WESTMORELAND - 1292890,1.000000000000,vtd20_identity
129,002900,129,1292900,WESTMORELAND - 1292900,1.000000000000,vtd20_identity
129,002910,129,1292910,WESTMORELAND - 1292910,1.000000000000,vtd20_identity
129,002920,129,1292920,WESTMORELAND - 1292920,1.000000000000,vtd20_identity
129,002930,129,1292930,WESTMORELAND - 1292930,1.000000000000,vtd20_identity
129,002940,129,1292940,WESTMORELAND - 1292940,1.000000000000,vtd20_identity
129,002950,129,1292950,WESTMORELAND - 1292950,1.000000000000,vtd20_identity
129,002960,129,1292960,WESTMORELAND - 1292960,1.000000000000,vtd20_identity
129,002970,129,1292970,WESTMORELAND - 1292970,1.000000000000,vtd20_identity
129,002980,129,1292980,WESTMORELAND - 1292980,1.000000000000,vtd20_identity
129,002990,129,1292990,WESTMORELAND - 1292990,1.000000000000,vtd20_identity
129,003000,129,1293000,WESTMORELAND - 1293000,1.000000000000,vtd20_identity
129,003010,129,1293010,WESTMORELAND - 1293010,1.000000000000,vtd20_identity
129,003020,129,1293020,WESTMORELAND - 1293020,1.000000000000,vtd20_identity
129,003030,129,1293030,WESTMORELAND - 1293030,1.000000000000,vtd20_identity
129,003040,129,1293040,WESTMORELAND - 1293040,1.000000000000,vtd20_identity
129,003050,129,1293050,WESTMORELAND - 1293050,1.000000000000,vtd20_identity
129,003060,129,1293060,WESTMORELAND - 1293060,1.000000000000,vtd20_identity
129,003070,129,1293070,WESTMORELAND - 1293070,1.000000000000,vtd20_identity
131,000010,131,131010,WYOMING - 131010,1.000000000000,vtd20_identity
131,000020,131,131020,WYOMING - 131020,1.000000000000,vtd20_identity
131,000030,131,131030,WYOMING - 131030,1.000000000000,vtd20_identity
131,000040,131,131040,WYOMING - 131040,1.000000000000,vtd20_identity
131,000050,131,131050,WYOMING - 131050,1.000000000000,vtd20_identity
131,000060,131,131060,WYOMING - 131060,1.000000000000,vtd20_identity
131,000075,131,131080,WYOMING - 131080,0.535211267606,census_block_count
131,000075,131,131070,WYOMING - 131070,0.464788732394,census_block_count
131,000090,131,131090,WYOMING - 131090,1.000000000000,vtd20_identity
131,000100,131,131100,WYOMING - 131100,1.000000000000,vtd20_identity
131,000110,131,131110,WYOMING - 131110,1.000000000000,vtd20_identity
131,000120,131,131120,WYOMING - 131120,1.000000000000,vtd20_identity
131,000130,131,131130,WYOMING - 131130,1.000000000000,vtd20_identity
131,000140,131,131140,WYOMING - 131140,1.000000000000,vtd20_identity
131,000150,131,131150,WYOMING - 131150,1.000000000000,vtd20_identity
131,000160,131,131160,WYOMING - 131160,1.000000000000,vtd20_identity
131,000175,131,131170,WYOMING - 131170,0.600000000000,census_block_count
131,000175,131,131180,WYOMING - 131180,0.400000000000,census_block_count
131,000190,131,131190,WYOMING - 131190,1.000000000000,vtd20_identity
131,000200,131,131200,WYOMING - 131200,1.000000000000,vtd20_identity
131,000210,131,131210,WYOMING - 131210,1.000000000000,vtd20_identity
131,000220,131,131220,WYOMING - 131220,1.000000000000,vtd20_identity
131,000230,131,131230,WYOMING - 131230,1.000000000000,vtd20_identity
131,000240,131,131240,WYOMING - 131240,1.000000000000,vtd20_identity
131,000250,131,131250,WYOMING - 131250,1.000000000000,vtd20_identity
131,000260,131,131260,WYOMING - 131260,1.000000000000,vtd20_identity
131,000270,131,131270,WYOMING - 131270,1.000000000000,vtd20_identity
131,000280,131,131280,WYOMING - 131280,1.000000000000,vtd20_identity
131,000290,131,131290,WYOMING - 131290,1.000000000000,vtd20_identity
131,000300,131,131300,WYOMING - 131300,1.000000000000,vtd20_identity
133,000010,133,133010,YORK - 133010,1.000000000000,vtd20_identity
133,000020,133,133020,YORK - 133020,1.000000000000,vtd20_identity
133,000030,133,133030,YORK - 133030,1.000000000000,vtd20_identity
133,000040,133,133040,YORK - 133040,1.000000000000,vtd20_identity
133,000050,133,133050,YORK - 133050,1.000000000000,vtd20_identity
133,000060,133,133060,YORK - 133060,1.000000000000,vtd20_identity
133,000070,133,133070,YORK - 133070,1.000000000000,vtd20_identity
133,000080,133,133080,YORK - 133080,1.000000000000,vtd20_identity
133,000090,133,133090,YORK - 133090,1.000000000000,vtd20_identity
133,000100,133,133100,YORK - 133100,1.000000000000,vtd20_identity
133,000110,133,133110,YORK - 133110,1.000000000000,vtd20_identity
133,000120,133,133120,YORK - 133120,1.000000000000,vtd20_identity
133,000130,133,133130,YORK - 133130,1.000000000000,vtd20_identity
133,000140,133,133140,YORK - 133140,1.000000000000,vtd20_identity
133,000155,133,133155,YORK - 133155,1.000000000000,vtd20_identity
133,000160,133,133160,YORK - 133160,1.000000000000,vtd20_identity
133,000170,133,133170,YORK - 133170,1.000000000000,vtd20_identity
133,000175,133,133175,YORK - 133175,1.000000000000,vtd20_identity
133,000180,133,133180,YORK - 133180,1.000000000000,vtd20_identity
133,000190,133,133190,YORK - 133190,1.000000000000,vtd20_identity
133,000200,133,133200,YORK - 133200,1.000000000000,vtd20_identity
133,000210,133,133210,YORK - 133210,1.000000000000,vtd20_identity
133,000220,133,133235,YORK - 133235,1.000000000000,vtd20_identity
133,000235,133,133240,YORK - 133240,1.000000000000,vtd20_identity
133,000240,133,133245,YORK - 133245,1.000000000000,vtd20_identity
133,000245,133,133220,YORK - 133220,1.000000000000,vtd20_identity
133,000250,133,133250,YORK - 133250,1.000000000000,vtd20_identity
133,000260,133,133260,YORK - 133260,1.000000000000,vtd20_identity
133,000270,133,133270,YORK - 133270,1.000000000000,vtd20_identity
133,000280,133,133280,YORK - 133280,1.000000000000,vtd20_identity
133,000290,133,133290,YORK - 133290,1.000000000000,vtd20_identity
133,000300,133,133300,YORK - 133300,1.000000000000,vtd20_identity
133,000310,133,133310,YORK - 133310,1.000000000000,vtd20_identity
133,000320,133,133320,YORK - 133320,1.000000000000,vtd20_identity
133,000330,133,133330,YORK - 133330,1.000000000000,vtd20_identity
133,000340,133,133340,YORK - 133340,1.000000000000,vtd20_identity
133,000350,133,133350,YORK - 133350,1.000000000000,vtd20_identity
133,000360,133,133360,YORK - 133360,1.000000000000,vtd20_identity
133,000370,133,133370,YORK - 133370,1.000000000000,vtd20_identity
133,000380,133,133380,YORK - 133380,1.000000000000,vtd20_identity
133,000390,133,133390,YORK - 133390,1.000000000000,vtd20_identity
133,000400,133,133400,YORK - 133400,1.000000000000,vtd20_identity
133,000410,133,133410,YORK - 133410,1.000000000000,vtd20_identity
133,000420,133,133420,YORK - 133420,1.000000000000,vtd20_identity
133,000430,133,133430,YORK - 133430,1.000000000000,vtd20_identity
133,000440,133,133440,YORK - 133440,1.000000000000,vtd20_identity
133,000450,133,133450,YORK - 133450,1.000000000000,vtd20_identity
133,000460,133,133460,YORK - 133460,1.000000000000,vtd20_identity
133,000470,133,133470,YORK - 133470,1.000000000000,vtd20_identity
133,000480,133,133480,YORK - 133480,1.000000000000,vtd20_identity
133,000490,133,133490,YORK - 133490,1.000000000000,vtd20_identity
133,000500,133,133500,YORK - 133500,1.000000000000,vtd20_identity
133,000510,133,133510,YORK - 133510,1.000000000000,vtd20_identity
133,000520,133,133520,YORK - 133520,1.000000000000,vtd20_identity
133,000531,133,133531,YORK - 133531,1.000000000000,vtd20_identity
133,000533,133,133533,YORK - 133533,1.000000000000,vtd20_identity
133,000536,133,133536,YORK - 133536,1.000000000000,vtd20_identity
133,000539,133,133539,YORK - 133539,1.000000000000,vtd20_identity
133,000541,133,133541,YORK - 133541,1.000000000000,vtd20_identity
133,000543,133,133543,YORK - 133543,1.000000000000,vtd20_identity
133,000546,133,133546,YORK - 133546,1.000000000000,vtd20_identity
133,000550,133,133550,YORK - 133550,1.000000000000,vtd20_identity
133,000560,133,133560,YORK - 133560,1.000000000000,vtd20_identity
133,000570,133,133570,YORK - 133570,1.000000000000,vtd20_identity
133,000580,133,133580,YORK - 133580,1.000000000000,vtd20_identity
133,000590,133,133590,YORK - 133590,1.000000000000,vtd20_identity
133,000600,133,133600,YORK - 133600,1.000000000000,vtd20_identity
133,000610,133,133610,YORK - 133610,1.000000000000,vtd20_identity
133,000620,133,133620,YORK - 133620,1.000000000000,vtd20_identity
133,000630,133,133630,YORK - 133630,1.000000000000,vtd20_identity
133,000640,133,133640,YORK - 133640,1.000000000000,vtd20_identity
133,000650,133,133650,YORK - 133650,1.000000000000,vtd20_identity
133,000660,133,133660,YORK - 133660,1.000000000000,vtd20_identity
133,000675,133,133675,YORK - 133675,0.928571428571,census_block_count
133,000675,133,133533,YORK - 133533,0.028571428571,census_block_count
133,000675,133,133546,YORK - 133546,0.014285714286,census_block_count
133,000675,133,1331330,YORK - 1331330,0.028571428571,census_block_count
133,000690,133,133690,YORK - 133690,1.000000000000,vtd20_identity
133,000700,133,133700,YORK - 133700,1.000000000000,vtd20_identity
133,000707,133,133707,YORK - 133707,1.000000000000,vtd20_identity
133,000714,133,133714,YORK - 133714,1.000000000000,vtd20_identity
133,000721,133,133721,YORK - 133721,1.000000000000,vtd20_identity
133,000728,133,133728,YORK - 133728,1.000000000000,vtd20_identity
133,000730,133,133730,YORK - 133730,1.000000000000,vtd20_identity
133,000740,133,133740,YORK - 133740,1.000000000000,vtd20_identity
133,000750,133,133740,YORK - 133740,0.150000000000,census_block_count
133,000750,133,133750,YORK - 133750,0.850000000000,census_block_count
133,000760,133,133740,YORK - 133740,0.027522935780,census_block_count
133,000760,133,1331399,YORK - 1331399,0.018348623853,census_block_count
133,000760,133,133760,YORK - 133760,0.688073394495,census_block_count
133,000760,133,133750,YORK - 133750,0.266055045872,census_block_count
133,000770,133,133770,YORK - 133770,1.000000000000,vtd20_identity
133,000780,133,133780,YORK - 133780,1.000000000000,vtd20_identity
133,000790,133,133790,YORK - 133790,1.000000000000,vtd20_identity
133,000800,133,133800,YORK - 133800,1.000000000000,vtd20_identity
133,000810,133,133810,YORK - 133810,1.000000000000,vtd20_identity
133,000820,133,133820,YORK - 133820,1.000000000000,vtd20_identity
133,000830,133,133830,YORK - 133830,1.000000000000,vtd20_identity
133,000840,133,133840,YORK - 133840,1.000000000000,vtd20_identity
133,000850,133,133850,YORK - 133850,1.000000000000,vtd20_identity
133,000860,133,133860,YORK - 133860,1.000000000000,vtd20_identity
133,000870,133,133870,YORK - 133870,1.000000000000,vtd20_identity
133,000880,133,133880,YORK - 133880,1.000000000000,vtd20_identity
133,000890,133,133890,YORK - 133890,1.000000000000,vtd20_identity
133,000900,133,133900,YORK - 133900,1.000000000000,vtd20_identity
133,000910,133,133910,YORK - 133910,1.000000000000,vtd20_identity
133,000920,133,133920,YORK - 133920,1.000000000000,vtd20_identity
133,000930,133,133930,YORK - 133930,1.000000000000,vtd20_identity
133,000940,133,133940,YORK - 133940,1.000000000000,vtd20_identity
133,000950,133,133950,YORK - 133950,1.000000000000,vtd20_identity
133,000960,133,133410,YORK - 133410,0.066666666666,census_block_count
133,000960,133,133960,YORK - 133960,0.933333333333,census_block_count
133,000970,133,133970,YORK - 133970,1.000000000000,vtd20_identity
133,000980,133,133980,YORK - 133980,1.000000000000,vtd20_identity
133,000990,133,133990,YORK - 133990,1.000000000000,vtd20_identity
133,001000,133,1331000,YORK - 1331000,1.000000000000,vtd20_identity
133,001010,133,1331010,YORK - 1331010,1.000000000000,vtd20_identity
133,001020,133,1331020,YORK - 1331020,1.000000000000,vtd20_identity
133,001030,133,1331030,YORK - 1331030,1.000000000000,vtd20_identity
133,001040,133,1331040,YORK - 1331040,1.000000000000,vtd20_identity
133,001054,133,1331050,YORK - 1331050,1.000000000000,census_block_count
133,001058,133,1331050,YORK - 1331050,1.000000000000,census_block_count
133,001062,133,1331050,YORK - 1331050,1.000000000000,vtd20_identity
133,001065,133,1331065,YORK - 1331065,1.000000000000,vtd20_identity
133,001075,133,1331075,YORK - 1331075,1.000000000000,vtd20_identity
133,001100,133,1331100,YORK - 1331100,1.000000000000,vtd20_identity
133,001110,133,1331110,YORK - 1331110,1.000000000000,vtd20_identity
133,001120,133,1331120,YORK - 1331120,1.000000000000,vtd20_identity
133,001130,133,1331130,YORK - 1331130,1.000000000000,vtd20_identity
133,001140,133,1331140,YORK - 1331140,1.000000000000,vtd20_identity
133,001150,133,1331150,YORK - 1331150,1.000000000000,vtd20_identity
133,001160,133,1331160,YORK - 1331160,1.000000000000,vtd20_identity
133,001170,133,1331170,YORK - 1331170,1.000000000000,vtd20_identity
133,001180,133,1331180,YORK - 1331180,1.000000000000,vtd20_identity
133,001190,133,1331190,YORK - 1331190,1.000000000000,vtd20_identity
133,001200,133,1331200,YORK - 1331200,1.000000000000,vtd20_identity
133,001210,133,1331210,YORK - 1331210,1.000000000000,vtd20_identity
133,001220,133,1331220,YORK - 1331220,1.000000000000,vtd20_identity
133,001230,133,1331230,YORK - 1331230,1.000000000000,vtd20_identity
133,001240,133,1331240,YORK - 1331240,1.000000000000,vtd20_identity
133,001250,133,1331250,YORK - 1331250,1.000000000000,vtd20_identity
133,001260,133,1331260,YORK - 1331260,1.000000000000,vtd20_identity
133,001275,133,1331275,YORK - 1331275,1.000000000000,vtd20_identity
133,001290,133,1331290,YORK - 1331290,1.000000000000,vtd20_identity
133,001300,133,1331300,YORK - 1331300,1.000000000000,vtd20_identity
133,001310,133,1331310,YORK - 1331310,1.000000000000,vtd20_identity
133,001320,133,1331320,YORK - 1331320,1.000000000000,vtd20_identity
133,001330,133,1331330,YORK - 1331330,1.000000000000,vtd20_identity
133,001340,133,1331340,YORK - 1331340,1.000000000000,vtd20_identity
133,001350,133,1331350,YORK - 1331350,1.000000000000,vtd20_identity
133,001360,133,1331360,YORK - 1331360,1.000000000000,vtd20_identity
133,001370,133,1331370,YORK - 1331370,1.000000000000,vtd20_identity
133,001383,133,1331383,YORK - 1331383,1.000000000000,vtd20_identity
133,001386,133,1331386,YORK - 1331386,1.000000000000,vtd20_identity
133,001389,133,1331389,YORK - 1331389,1.000000000000,vtd20_identity
133,001393,133,1331393,YORK - 1331393,1.000000000000,vtd20_identity
133,001396,133,1331396,YORK - 1331396,1.000000000000,vtd20_identity
133,001399,133,1331399,YORK - 1331399,1.000000000000,vtd20_identity
133,001403,133,1331403,YORK - 1331403,1.000000000000,vtd20_identity
133,001406,133,1331406,YORK - 1331406,1.000000000000,vtd20_identity
133,001409,133,1331409,YORK - 1331409,1.000000000000,vtd20_identity
133,001413,133,1331413,YORK - 1331413,1.000000000000,vtd20_identity
133,001416,133,1331416,YORK - 1331416,1.000000000000,vtd20_identity
133,001419,133,1331419,YORK - 1331419,1.000000000000,vtd20_identity
133,001423,133,1331423,YORK - 1331423,1.000000000000,vtd20_identity
133,001426,133,1331426,YORK - 1331426,1.000000000000,vtd20_identity
133,001427,133,1331429,YORK - 1331429,1.000000000000,vtd20_identity
133,001428,133,1331429,YORK - 1331429,1.000000000000,census_block_count
133,001430,133,1331430,YORK - 1331430,1.000000000000,vtd20_identity
133,001440,133,1331440,YORK - 1331440,1.000000000000,vtd20_identity
